baba,0.04698
co,0.02221
https,0.0191
said,0.01253
camera,0.00772
like,0.00648
group,0.00592
man,0.00587
detect,0.00565
chinese,0.00551
national,0.00545
rate,0.00481
game,0.00476
tv,0.00473
embarrassing,0.00444
blend,0.00444
get,0.00439
go,0.00408
people,0.00406
data,0.0039
ipo,0.00353
year,0.00348
fit,0.00341
electricity,0.00339
market,0.00336
use,0.00336
china,0.00334
even,0.00328
playing,0.00325
turn,0.0032
investors,0.00317
minister,0.00317
form,0.00306
make,0.00303
company,0.003
matter,0.00297
going,0.00295
index,0.00294
wear,0.00287
detective,0.00287
shares,0.00278
listing,0.00275
hold,0.00272
world,0.00264
companies,0.00258
last,0.00255
run,0.00247
time,0.00244
week,0.00242
unit,0.00241
went,0.00233
stock,0.0023
offering,0.0023
say,0.00228
handkerchief,0.00226
search,0.00217
buy,0.00216
baby,0.00216
end,0.00214
photo,0.00212
still,0.00211
document,0.00209
inside,0.00206
business,0.00206
first,0.00206
day,0.00205
amp,0.00205
whole,0.00203
base,0.00203
back,0.00201
giant,0.00201
see,0.00201
prints,0.002
shanghai,0.00198
prime,0.00194
file,0.00194
good,0.00191
commerce,0.00189
list,0.00187
credit,0.00186
reading,0.00183
media,0.00181
long,0.00181
years,0.0018
rope,0.00178
ant,0.00178
public,0.00178
invigilator,0.00177
mans,0.00177
tech,0.00175
direct,0.00173
firm,0.00173
help,0.00169
well,0.00167
jack,0.00166
government,0.00166
bank,0.00164
call,0.00159
know,0.00158
spot,0.00153
la,0.00153
real,0.00152
month,0.00152
country,0.00147
fund,0.00147
way,0.00147
chess,0.00147
fact,0.00145
share,0.00142
exchange,0.00141
pick,0.00139
sources,0.00139
banks,0.00139
technology,0.00134
follow,0.00134
placed,0.00133
president,0.00133
reported,0.00133
yuan,0.00133
head,0.00133
holding,0.00131
according,0.00131
payments,0.00131
comment,0.0013
administration,0.0013
thing,0.0013
state,0.0013
knew,0.00128
firms,0.00128
much,0.00127
today,0.00127
got,0.00125
growth,0.00125
currencies,0.00125
record,0.00122
trading,0.0012
order,0.00119
told,0.00119
someone,0.00116
period,0.00116
need,0.00114
guy,0.00114
maker,0.00112
dollar,0.00112
markets,0.00112
price,0.00112
take,0.00111
bond,0.00111
sa,0.00111
want,0.00111
god,0.00111
think,0.00109
premium,0.00109
stress,0.00109
capital,0.00109
businesses,0.00108
issues,0.00108
declined,0.00108
money,0.00108
raise,0.00108
news,0.00108
added,0.00106
mama,0.00106
backed,0.00105
old,0.00105
initial,0.00105
lao,0.00103
find,0.00103
plans,0.00103
affiliate,0.00103
link,0.00103
gc,0.00102
sales,0.00102
office,0.00102
concerns,0.00102
social,0.00102
months,0.00102
meth,0.00102
vi,0.00102
investment,0.001
york,0.001
top,0.00098
pandemic,0.00098
platform,0.00098
system,0.00098
life,0.00098
pay,0.00097
stocks,0.00097
let,0.00097
services,0.00095
payment,0.00095
facing,0.00095
including,0.00095
keep,0.00094
days,0.00094
wan,0.00094
says,0.00094
person,0.00092
come,0.00092
investor,0.00092
float,0.00092
founder,0.00092
united,0.00092
deal,0.00092
logo,0.00091
move,0.00091
na,0.00091
star,0.00091
support,0.00089
rose,0.00089
hang,0.00087
mobile,0.00087
showed,0.00087
quarter,0.00087
part,0.00087
start,0.00087
trump,0.00086
doyen,0.00086
third,0.00086
common,0.00086
rg,0.00084
poor,0.00084
international,0.00084
states,0.00084
taking,0.00084
sign,0.00084
poverty,0.00083
due,0.00081
looking,0.00081
tell,0.00081
sector,0.00081
trade,0.0008
hand,0.0008
shop,0.0008
love,0.00078
guys,0.00078
holdings,0.00078
economy,0.00078
drop,0.00077
valuation,0.00077
choices,0.00077
high,0.00077
management,0.00077
japan,0.00077
close,0.00077
best,0.00075
consumer,0.00075
funds,0.00075
city,0.00075
term,0.00075
fin,0.00075
private,0.00075
girlfriend,0.00075
worth,0.00075
small,0.00075
points,0.00075
history,0.00073
house,0.00073
evolve,0.00073
create,0.00072
election,0.00072
regulators,0.00072
sb,0.0007
information,0.0007
things,0.0007
securities,0.00069
home,0.00069
revenue,0.00069
chief,0.00069
words,0.00069
th,0.00067
open,0.00067
interest,0.00067
security,0.00067
put,0.00067
heat,0.00067
reports,0.00067
thanks,0.00066
statement,0.00066
video,0.00066
agent,0.00066
second,0.00066
google,0.00064
thursday,0.00064
demand,0.00064
corp,0.00064
socks,0.00064
carry,0.00064
quoted,0.00064
look,0.00062
future,0.00062
local,0.00062
health,0.00062
raised,0.00062
place,0.00062
monday,0.00062
fell,0.00061
oil,0.00061
cases,0.00061
coming,0.00061
industry,0.00061
staff,0.00061
power,0.00061
cash,0.00061
potential,0.00061
son,0.00061
outside,0.00059
report,0.00059
latest,0.00059
following,0.00059
respect,0.00059
approval,0.00059
weeks,0.00059
shit,0.00059
include,0.00059
work,0.00059
verse,0.00059
plan,0.00059
hope,0.00058
face,0.00058
using,0.00058
anti,0.00058
praises,0.00058
gave,0.00058
name,0.00058
made,0.00058
mi,0.00056
show,0.00056
times,0.00056
handshake,0.00056
knowledge,0.00056
stake,0.00056
indian,0.00056
gained,0.00056
adding,0.00056
worry,0.00056
number,0.00056
read,0.00055
free,0.00055
gains,0.00055
asked,0.00055
inc,0.00055
lead,0.00055
hit,0.00055
better,0.00055
tuesday,0.00055
tranche,0.00053
took,0.00053
set,0.00053
value,0.00053
play,0.00053
blue,0.00053
credits,0.00053
vibes,0.00053
speech,0.00053
seeking,0.00053
little,0.00052
watermark,0.00052
folks,0.00052
risk,0.00052
nigerians,0.00052
executive,0.00052
investments,0.00052
large,0.00052
selling,0.00052
restrictions,0.00052
generation,0.00052
white,0.0005
sir,0.0005
growing,0.0005
comes,0.0005
post,0.0005
re,0.0005
give,0.0005
equity,0.0005
officials,0.0005
came,0.00048
full,0.00048
reason,0.00048
stimulus,0.00048
pictured,0.00048
area,0.00048
european,0.00048
banking,0.00048
food,0.00048
asset,0.00048
yesterday,0.00048
morning,0.00048
rules,0.00048
story,0.00047
process,0.00047
committee,0.00047
major,0.00047
platforms,0.00047
working,0.00047
eyes,0.00047
policy,0.00047
energy,0.00047
right,0.00047
watch,0.00047
short,0.00045
despite,0.00045
change,0.00045
special,0.00045
domestic,0.00045
talk,0.00045
saying,0.00045
case,0.00045
prices,0.00045
nothing,0.00045
request,0.00045
picture,0.00045
listings,0.00044
measures,0.00044
sherlock,0.00044
making,0.00044
prospectus,0.00044
citizens,0.00044
party,0.00044
dropped,0.00044
night,0.00044
authorities,0.00044
sub,0.00044
asia,0.00044
smart,0.00044
view,0.00044
fear,0.00042
past,0.00042
recovery,0.00042
least,0.00042
account,0.00042
looks,0.00042
products,0.00042
focus,0.00042
leg,0.00042
users,0.00042
wants,0.00042
add,0.00042
considering,0.00042
young,0.00042
daily,0.00042
decision,0.00041
apple,0.00041
low,0.00041
issue,0.00041
break,0.00041
october,0.00041
board,0.00041
rights,0.00041
wealth,0.00041
sell,0.00041
reporting,0.00041
half,0.00041
getting,0.00041
joint,0.00041
key,0.00041
lending,0.00041
question,0.00041
shows,0.00041
up,0.00041
average,0.00041
assets,0.00041
region,0.00041
official,0.00041
saw,0.00041
marketing,0.00041
offer,0.00041
live,0.00041
unfortunate,0.00039
near,0.00039
box,0.00039
stand,0.00039
trying,0.00039
join,0.00039
internet,0.00039
disguise,0.00039
line,0.00039
province,0.00039
street,0.00039
earnings,0.00037
in,0.00037
accounts,0.00037
annual,0.00037
means,0.00037
sale,0.00037
tears,0.00037
problem,0.00037
composite,0.00037
venture,0.00037
analyst,0.00037
analysts,0.00037
lot,0.00037
become,0.00037
makes,0.00037
proceeds,0.00037
familiar,0.00037
hands,0.00037
phone,0.00037
eye,0.00037
loans,0.00037
birthday,0.00037
talks,0.00037
family,0.00037
authorised,0.00037
bad,0.00037
true,0.00036
saudi,0.00036
calling,0.00036
school,0.00036
disease,0.00036
fire,0.00036
knock,0.00036
style,0.00036
images,0.00036
senior,0.00036
editing,0.00036
pool,0.00036
wednesday,0.00036
final,0.00036
toll,0.00036
review,0.00036
former,0.00036
central,0.00036
bill,0.00036
package,0.00036
store,0.00036
conference,0.00036
member,0.00036
commission,0.00036
try,0.00036
blood,0.00036
total,0.00034
leave,0.00034
job,0.00034
beat,0.00034
asking,0.00034
cap,0.00034
launch,0.00034
mini,0.00034
wife,0.00034
department,0.00034
ones,0.00034
thought,0.00034
stop,0.00034
dancing,0.00034
cities,0.00034
empire,0.00034
fees,0.00034
secondary,0.00034
khan,0.00034
rise,0.00034
brother,0.00034
team,0.00034
reach,0.00034
movie,0.00033
trending,0.00033
broke,0.00033
return,0.00033
boom,0.00033
current,0.00033
nobody,0.00033
general,0.00033
point,0.00033
found,0.00033
complete,0.00033
south,0.00033
visitor,0.00033
debt,0.00033
gate,0.00033
road,0.00033
pull,0.00033
waiting,0.00033
december,0.00033
concoction,0.00033
lost,0.00033
stay,0.00033
book,0.00033
giving,0.00033
stir,0.00033
manager,0.00033
rest,0.00033
test,0.00033
regulator,0.00033
law,0.00033
books,0.00033
hello,0.00033
al,0.00033
profit,0.00031
nigerian,0.00031
beats,0.00031
response,0.00031
bankers,0.00031
closed,0.00031
futures,0.00031
service,0.00031
research,0.00031
pricing,0.00031
holiday,0.00031
outfit,0.00031
finance,0.00031
wins,0.00031
trend,0.00031
james,0.00031
death,0.00031
mean,0.00031
human,0.00031
doctors,0.00031
hour,0.0003
access,0.0003
led,0.0003
topped,0.0003
cost,0.0003
deals,0.0003
expected,0.0003
sheet,0.0003
item,0.0003
single,0.0003
problems,0.0003
date,0.0003
american,0.0003
left,0.0003
insurance,0.0003
expose,0.0003
alphabet,0.0003
target,0.0003
called,0.0003
great,0.0003
saturday,0.0003
aid,0.00028
buying,0.00028
scene,0.00028
arm,0.00028
www,0.00028
send,0.00028
parents,0.00028
healthcare,0.00028
nature,0.00028
believe,0.00028
possible,0.00028
ban,0.00028
lower,0.00028
chance,0.00028
agreed,0.00028
helped,0.00028
self,0.00028
source,0.00028
merchants,0.00028
used,0.00028
scrutiny,0.00028
ipos,0.00028
currency,0.00028
separate,0.00028
opportunity,0.00028
watching,0.00028
members,0.00028
speaking,0.00028
august,0.00028
announced,0.00028
mr,0.00028
started,0.00028
ambulance,0.00028
aims,0.00027
justice,0.00027
intelligence,0.00027
sense,0.00027
feel,0.00027
followed,0.00027
vision,0.00027
kind,0.00027
twitter,0.00027
showing,0.00027
seated,0.00027
seeing,0.00027
behind,0.00027
swaying,0.00027
yes,0.00027
mainland,0.00027
bid,0.00027
june,0.00027
estimates,0.00027
killed,0.00027
games,0.00027
hours,0.00027
protesters,0.00027
off,0.00027
control,0.00027
telling,0.00027
thinking,0.00027
politician,0.00027
missing,0.00027
evidence,0.00027
options,0.00027
minutes,0.00027
side,0.00027
shame,0.00027
option,0.00027
browsers,0.00027
police,0.00027
portfolio,0.00027
pace,0.00027
spy,0.00027
wow,0.00027
shed,0.00027
chip,0.00027
rising,0.00027
tweet,0.00027
external,0.00027
check,0.00025
inherit,0.00025
feb,0.00025
vote,0.00025
overall,0.00025
triggered,0.00025
clout,0.00025
transformation,0.00025
message,0.00025
drive,0.00025
ex,0.00025
ask,0.00025
amazon,0.00025
gorilla,0.00025
developers,0.00025
palm,0.00025
tracking,0.00025
knows,0.00025
midday,0.00025
vehicle,0.00025
wait,0.00025
truth,0.00025
michael,0.00025
please,0.00025
university,0.00025
meet,0.00025
transaction,0.00025
stars,0.00025
education,0.00025
clear,0.00025
suning,0.00025
soldiers,0.00025
bring,0.00025
rush,0.00025
loan,0.00025
property,0.00025
decided,0.00025
congress,0.00025
ended,0.00025
inspector,0.00025
oct,0.00025
losses,0.00025
auto,0.00023
meeting,0.00023
citing,0.00023
fanatics,0.00023
sectors,0.00023
goes,0.00023
ignorance,0.00023
allowing,0.00023
consumers,0.00023
gullibility,0.00023
care,0.00023
surged,0.00023
committed,0.00023
asian,0.00023
crime,0.00023
cause,0.00023
stores,0.00023
delivery,0.00023
jumped,0.00023
headquarters,0.00023
shippers,0.00023
tag,0.00023
march,0.00023
sentiment,0.00023
nakedness,0.00023
prisoners,0.00023
woman,0.00023
fall,0.00023
forget,0.00023
behave,0.00023
crude,0.00023
planning,0.00023
tomorrow,0.00023
sponsored,0.00023
consider,0.00023
forgetting,0.00023
impact,0.00023
focused,0.00023
doctor,0.00023
french,0.00023
lets,0.00023
protect,0.00023
protest,0.00023
governors,0.00023
agree,0.00022
jobs,0.00022
resulted,0.00022
fundraising,0.00022
blacklist,0.00022
respond,0.00022
football,0.00022
competition,0.00022
cruising,0.00022
voting,0.00022
partnership,0.00022
entertainment,0.00022
chairman,0.00022
campaign,0.00022
status,0.00022
letter,0.00022
remain,0.00022
includes,0.00022
body,0.00022
died,0.00022
employees,0.00022
opportunities,0.00022
doubled,0.00022
confidence,0.00022
hearing,0.00022
created,0.00022
investing,0.00022
requests,0.00022
decisions,0.00022
grew,0.00022
referring,0.00022
customers,0.00022
disappointed,0.00022
fourth,0.00022
development,0.00022
singer,0.00022
moment,0.00022
regular,0.00022
failed,0.00022
wrote,0.00022
balance,0.00022
chain,0.00022
so,0.00022
partner,0.00022
ba,0.00022
relatives,0.00022
clean,0.00022
regulations,0.00022
over,0.00022
claiming,0.00022
billionaire,0.00022
league,0.00022
buyers,0.00022
ceo,0.00022
events,0.00022
orders,0.00022
listen,0.00022
welcome,0.00022
forecast,0.0002
personal,0.0002
calls,0.0002
room,0.0002
action,0.0002
boss,0.0002
sensitive,0.0002
opening,0.0002
partners,0.0002
basis,0.0002
mark,0.0002
camcorder,0.0002
pia,0.0002
closing,0.0002
happened,0.0002
core,0.0002
leading,0.0002
weekend,0.0002
gold,0.0002
startups,0.0002
summit,0.0002
ready,0.0002
reaction,0.0002
sold,0.0002
automobile,0.0002
role,0.0002
targeting,0.0002
father,0.0002
transactions,0.0002
barrel,0.0002
ground,0.0002
latin,0.0002
ni,0.0002
giants,0.0002
position,0.0002
politicians,0.0002
shareholders,0.0002
operating,0.0002
replied,0.0002
crackdown,0.0002
rates,0.0002
lenders,0.0002
nation,0.0002
building,0.0002
passes,0.0002
chilling,0.0002
began,0.0002
visiting,0.0002
positive,0.0002
loss,0.0002
fast,0.0002
site,0.0002
performance,0.0002
red,0.0002
main,0.0002
fine,0.0002
lie,0.0002
green,0.0002
authority,0.0002
youth,0.0002
mother,0.0002
debut,0.0002
mouth,0.00019
brand,0.00019
investigations,0.00019
sees,0.00019
benefits,0.00019
numbers,0.00019
sanctions,0.00019
fuel,0.00019
black,0.00019
session,0.00019
kenyans,0.00019
protests,0.00019
comments,0.00019
hear,0.00019
men,0.00019
conservative,0.00019
size,0.00019
corruption,0.00019
age,0.00019
delay,0.00019
con,0.00019
transfer,0.00019
limited,0.00019
brief,0.00019
fortune,0.00019
republican,0.00019
friend,0.00019
couple,0.00019
september,0.00019
frame,0.00019
west,0.00019
graft,0.00019
operations,0.00019
hospital,0.00019
threat,0.00019
technologies,0.00019
holidays,0.00019
looting,0.00019
parties,0.00019
stomach,0.00019
music,0.00019
secretary,0.00019
leaves,0.00019
managers,0.00019
war,0.00019
race,0.00019
concentration,0.00019
swiss,0.00019
picked,0.00019
crisis,0.00019
web,0.00019
shift,0.00019
presence,0.00019
actors,0.00019
dominant,0.00019
wrong,0.00019
notes,0.00019
block,0.00019
hes,0.00019
yen,0.00019
employee,0.00019
center,0.00019
invest,0.00019
content,0.00019
locked,0.00019
dominance,0.00019
yield,0.00019
increase,0.00019
serve,0.00019
soared,0.00019
save,0.00019
relief,0.00019
front,0.00019
shock,0.00017
dm,0.00017
strategy,0.00017
goods,0.00017
risks,0.00017
prospects,0.00017
fight,0.00017
condition,0.00017
enterprises,0.00017
laugh,0.00017
heart,0.00017
hair,0.00017
july,0.00017
design,0.00017
tire,0.00017
interactions,0.00017
die,0.00017
worries,0.00017
wave,0.00017
dad,0.00017
women,0.00017
penguin,0.00017
needs,0.00017
cruise,0.00017
palliative,0.00017
commercial,0.00017
players,0.00017
politics,0.00017
purchases,0.00017
art,0.00017
spread,0.00017
rule,0.00017
urged,0.00017
updates,0.00017
institutions,0.00017
acquisition,0.00017
entrepreneurs,0.00017
sent,0.00017
travelers,0.00017
trust,0.00017
goals,0.00017
tensions,0.00017
titans,0.00017
behaviour,0.00017
listed,0.00017
thick,0.00017
living,0.00017
spending,0.00017
fizzled,0.00017
obtained,0.00017
round,0.00017
update,0.00017
ministry,0.00017
knot,0.00017
goal,0.00017
talking,0.00017
uncertainty,0.00017
musa,0.00017
kingdom,0.00017
shopping,0.00017
worlds,0.00017
release,0.00017
worried,0.00017
wanted,0.00017
continue,0.00017
military,0.00017
treasury,0.00017
owner,0.00017
script,0.00017
dear,0.00017
leaders,0.00017
accepting,0.00017
paragraph,0.00017
ensure,0.00017
francs,0.00017
relations,0.00017
facts,0.00017
sister,0.00017
bonds,0.00017
raising,0.00017
amazing,0.00017
okay,0.00017
army,0.00017
software,0.00017
adam,0.00016
ultimate,0.00016
items,0.00016
dna,0.00016
boycott,0.00016
pictures,0.00016
purchase,0.00016
movement,0.00016
launched,0.00016
publishing,0.00016
related,0.00016
exchanges,0.00016
reached,0.00016
stepped,0.00016
supporting,0.00016
areas,0.00016
yoga,0.00016
pack,0.00016
association,0.00016
parent,0.00016
chinas,0.00016
filing,0.00016
moved,0.00016
putting,0.00016
governments,0.00016
range,0.00016
mention,0.00016
changed,0.00016
remember,0.00016
boy,0.00016
corporation,0.00016
blank,0.00016
season,0.00016
palliatives,0.00016
easing,0.00016
ng,0.00016
submitted,0.00016
german,0.00016
closes,0.00016
li,0.00016
mind,0.00016
rock,0.00016
stakes,0.00016
forward,0.00016
poop,0.00016
paying,0.00016
comply,0.00016
wounded,0.00016
heavy,0.00016
rectification,0.00016
nepotism,0.00016
aiming,0.00016
happening,0.00016
hosted,0.00016
friday,0.00016
card,0.00016
blessings,0.00016
highs,0.00016
loved,0.00016
beginning,0.00016
step,0.00016
operation,0.00016
quality,0.00016
governor,0.00016
sharing,0.00016
lads,0.00016
warehouse,0.00016
gap,0.00016
act,0.00016
sitting,0.00016
promoting,0.00016
conduct,0.00016
offers,0.00016
enlarged,0.00016
profile,0.00016
proposal,0.00016
friends,0.00016
liquidity,0.00016
elections,0.00016
millions,0.00016
chart,0.00016
worst,0.00016
safety,0.00016
warned,0.00016
valuations,0.00016
streaming,0.00016
threaten,0.00016
leader,0.00016
earth,0.00016
level,0.00016
applications,0.00016
youths,0.00016
mistake,0.00016
investigation,0.00016
guidance,0.00016
practice,0.00016
portion,0.00016
salt,0.00014
fashion,0.00014
calm,0.00014
lows,0.00014
systems,0.00014
offerings,0.00014
carried,0.00014
win,0.00014
division,0.00014
tam,0.00014
sets,0.00014
expectations,0.00014
surge,0.00014
allies,0.00014
gather,0.00014
involved,0.00014
rally,0.00014
girls,0.00014
boys,0.00014
faced,0.00014
faces,0.00014
probe,0.00014
blow,0.00014
deposit,0.00014
measure,0.00014
details,0.00014
wallet,0.00014
runs,0.00014
opened,0.00014
followers,0.00014
dog,0.00014
wonder,0.00014
sought,0.00014
cross,0.00014
works,0.00014
cloud,0.00014
present,0.00014
skin,0.00014
note,0.00014
buses,0.00014
winner,0.00014
tools,0.00014
hub,0.00014
finished,0.00014
longer,0.00014
flirting,0.00014
blocking,0.00014
quoting,0.00014
running,0.00014
safe,0.00014
edged,0.00014
ordered,0.00014
charge,0.00014
virus,0.00014
became,0.00014
fears,0.00014
tall,0.00014
carrying,0.00014
acting,0.00014
invested,0.00014
brands,0.00014
experience,0.00014
wine,0.00014
biotech,0.00014
rich,0.00014
gets,0.00014
song,0.00014
monitor,0.00014
lack,0.00014
boost,0.00014
bought,0.00014
benchmark,0.00014
funding,0.00014
travel,0.00014
halting,0.00014
operates,0.00014
kill,0.00014
english,0.00014
sports,0.00014
breaking,0.00014
backing,0.00014
fair,0.00014
levels,0.00014
income,0.00014
straight,0.00014
approach,0.00014
presidency,0.00014
ok,0.00014
brokerages,0.00014
earning,0.00014
independent,0.00014
helping,0.00014
simple,0.00014
communist,0.00014
vaccine,0.00014
groups,0.00014
sars,0.00014
units,0.00014
stupid,0.00014
officer,0.00014
citron,0.00014
names,0.00014
banned,0.00014
indication,0.00014
standing,0.00014
supported,0.00014
denying,0.00014
increased,0.00012
md,0.00012
demanding,0.00012
cents,0.00012
guard,0.00012
split,0.00012
peter,0.00012
idea,0.00012
product,0.00012
engine,0.00012
hell,0.00012
legislation,0.00012
children,0.00012
court,0.00012
boosted,0.00012
signs,0.00012
bet,0.00012
cut,0.00012
babe,0.00012
respected,0.00012
vat,0.00012
percentage,0.00012
hi,0.00012
mom,0.00012
bar,0.00012
retailer,0.00012
visit,0.00012
amount,0.00012
signed,0.00012
shooting,0.00012
initiative,0.00012
ass,0.00012
surpassing,0.00012
trades,0.00012
pupa,0.00012
brokers,0.00012
individuals,0.00012
crack,0.00012
fly,0.00012
discussions,0.00012
taboos,0.00012
keen,0.00012
dollars,0.00012
agreements,0.00012
hedge,0.00012
result,0.00012
decide,0.00012
enough,0.00012
burnish,0.00012
chop,0.00012
town,0.00012
catch,0.00012
jump,0.00012
lock,0.00012
director,0.00012
newsroom,0.00012
emu,0.00012
volume,0.00012
understand,0.00012
voice,0.00012
looted,0.00012
volatility,0.00012
singles,0.00012
tyranny,0.00012
budget,0.00012
projects,0.00012
panel,0.00012
passed,0.00012
representatives,0.00012
fans,0.00012
adviser,0.00012
treatment,0.00012
senator,0.00012
net,0.00012
hate,0.00012
pain,0.00012
gdp,0.00012
hoodlums,0.00012
federal,0.00012
hindu,0.00012
collect,0.00012
bike,0.00012
profits,0.00012
takes,0.00012
john,0.00012
code,0.00012
remarks,0.00012
excluding,0.00012
model,0.00012
village,0.00012
light,0.00012
scientist,0.00012
approved,0.00012
spare,0.00012
clients,0.00012
tightened,0.00012
kept,0.00012
pm,0.00012
anticipation,0.00012
winners,0.00012
kills,0.00012
vs,0.00012
controlled,0.00012
practices,0.00012
moves,0.00012
clearing,0.00012
spitting,0.00012
champions,0.00012
disclosures,0.00012
lord,0.00012
track,0.00012
features,0.00012
headlines,0.00012
razorback,0.00012
accepted,0.00012
multiple,0.00012
cant,0.00012
hero,0.00012
funny,0.00011
girl,0.00011
spoke,0.00011
hoard,0.00011
resume,0.00011
fraud,0.00011
hoop,0.00011
operator,0.00011
independence,0.00011
tl,0.00011
november,0.00011
ride,0.00011
amd,0.00011
fun,0.00011
sterling,0.00011
preliminary,0.00011
criticism,0.00011
challenge,0.00011
thinks,0.00011
effect,0.00011
fuck,0.00011
played,0.00011
attack,0.00011
expect,0.00011
highlights,0.00011
steady,0.00011
americans,0.00011
edge,0.00011
miracle,0.00011
magic,0.00011
scared,0.00011
confidentiality,0.00011
begin,0.00011
gainer,0.00011
pressing,0.00011
graphic,0.00011
expanding,0.00011
channels,0.00011
driven,0.00011
stain,0.00011
piece,0.00011
nub,0.00011
fan,0.00011
managing,0.00011
waste,0.00011
walk,0.00011
likes,0.00011
exercised,0.00011
hail,0.00011
trailing,0.00011
japanese,0.00011
hidden,0.00011
entire,0.00011
paid,0.00011
filed,0.00011
traders,0.00011
population,0.00011
sides,0.00011
strategist,0.00011
normal,0.00011
buildings,0.00011
ordinary,0.00011
gain,0.00011
excited,0.00011
muslims,0.00011
cars,0.00011
tried,0.00011
meanwhile,0.00011
wiz,0.00011
bit,0.00011
examination,0.00011
ss,0.00011
peers,0.00011
ways,0.00011
cos,0.00011
suffer,0.00011
cheque,0.00011
water,0.00011
judge,0.00011
lose,0.00011
gives,0.00011
frenzy,0.00011
makers,0.00011
proposed,0.00011
soap,0.00011
match,0.00011
humble,0.00011
assists,0.00011
trial,0.00011
registration,0.00011
film,0.00011
se,0.00011
volunteers,0.00011
jan,0.00011
announcement,0.00011
forces,0.00011
wall,0.00011
discussion,0.00011
jail,0.00011
losing,0.00011
path,0.00011
improve,0.00011
puts,0.00011
operate,0.00011
offered,0.00011
regulation,0.00011
id,0.00011
reform,0.00011
starts,0.00011
bent,0.00011
somewhere,0.00011
decade,0.00011
dead,0.00011
relationship,0.00011
air,0.00011
train,0.00011
tie,0.00011
provided,0.00011
posted,0.00011
pounds,0.00011
necessary,0.00011
underscores,0.00011
sat,0.00011
moonstone,0.00011
club,0.00011
advantage,0.00011
ounce,0.00011
chicken,0.00011
user,0.00011
asks,0.00011
super,0.00011
empty,0.00011
register,0.00011
equities,0.00011
hopes,0.00011
surveillance,0.00011
ill,0.00011
kids,0.00011
momentum,0.00011
seeks,0.00011
handle,0.00011
born,0.00011
rupees,0.00011
perfect,0.00011
sentence,0.00011
community,0.00011
fed,0.00011
guess,0.00011
sketch,0.00011
ha,0.00011
cornerstone,0.00011
belonging,9e-05
brave,9e-05
revenues,9e-05
institute,9e-05
row,9e-05
discovery,9e-05
bb,9e-05
defense,9e-05
licensed,9e-05
allowed,9e-05
husband,9e-05
accounting,9e-05
particular,9e-05
double,9e-05
standards,9e-05
ai,9e-05
curbs,9e-05
example,9e-05
thugs,9e-05
reply,9e-05
fired,9e-05
learn,9e-05
arrest,9e-05
turned,9e-05
gross,9e-05
western,9e-05
evening,9e-05
probing,9e-05
offices,9e-05
documents,9e-05
milestone,9e-05
behemoth,9e-05
ko,9e-05
bounce,9e-05
benchmarks,9e-05
island,9e-05
stopping,9e-05
promise,9e-05
attention,9e-05
scam,9e-05
determined,9e-05
assessing,9e-05
era,9e-05
hurt,9e-05
church,9e-05
sharp,9e-05
rapid,9e-05
consultations,9e-05
dress,9e-05
illustrate,9e-05
brain,9e-05
event,9e-05
speakers,9e-05
tune,9e-05
tollgate,9e-05
spearheaded,9e-05
residents,9e-05
carrier,9e-05
ge,9e-05
table,9e-05
language,9e-05
tolerance,9e-05
prayers,9e-05
booming,9e-05
page,9e-05
force,9e-05
scheduled,9e-05
financing,9e-05
remove,9e-05
starting,9e-05
mentioned,9e-05
climbed,9e-05
sourcing,9e-05
east,9e-05
approve,9e-05
grace,9e-05
hardliners,9e-05
sustainability,9e-05
bribery,9e-05
resurgence,9e-05
infections,9e-05
willing,9e-05
freedom,9e-05
named,9e-05
channel,9e-05
updated,9e-05
subsiding,9e-05
pressure,9e-05
presented,9e-05
meaning,9e-05
finish,9e-05
child,9e-05
falcon,9e-05
islamophobia,9e-05
except,9e-05
setting,9e-05
attacking,9e-05
aides,9e-05
press,9e-05
union,9e-05
heading,9e-05
thirds,9e-05
capacity,9e-05
banker,9e-05
incidents,9e-05
footage,9e-05
project,9e-05
suspension,9e-05
managed,9e-05
delayed,9e-05
portfolios,9e-05
crores,9e-05
included,9e-05
uncertainties,9e-05
spirit,9e-05
sun,9e-05
blame,9e-05
kickbacks,9e-05
maturities,9e-05
views,9e-05
cinemas,9e-05
watched,9e-05
park,9e-05
space,9e-05
yang,9e-05
distributor,9e-05
push,9e-05
chosen,9e-05
challenges,9e-05
minimum,9e-05
shout,9e-05
elected,9e-05
pass,9e-05
anonymity,9e-05
gaining,9e-05
activity,9e-05
cow,9e-05
contracts,9e-05
countries,9e-05
developing,9e-05
creation,9e-05
poised,9e-05
struggle,9e-05
type,9e-05
becomes,9e-05
accept,9e-05
issuers,9e-05
insult,9e-05
outlets,9e-05
joined,9e-05
spokeswoman,9e-05
rating,9e-05
senate,9e-05
character,9e-05
broken,9e-05
nod,9e-05
actions,9e-05
mentions,9e-05
results,9e-05
claims,9e-05
stories,9e-05
declining,9e-05
gaming,9e-05
promote,9e-05
fools,9e-05
giveaway,9e-05
economies,9e-05
murder,9e-05
tough,9e-05
questions,9e-05
tax,9e-05
caps,9e-05
peace,9e-05
warning,9e-05
babas,9e-05
battle,9e-05
brokerage,9e-05
profiles,9e-05
pertaining,9e-05
narrative,9e-05
dat,9e-05
brent,9e-05
seek,9e-05
stopped,9e-05
xi,9e-05
pa,9e-05
holy,9e-05
circular,9e-05
stick,9e-05
agencies,9e-05
sells,9e-05
district,9e-05
signal,9e-05
addition,9e-05
received,9e-05
savers,9e-05
radio,9e-05
caught,9e-05
trash,9e-05
fake,9e-05
advice,8e-05
taxes,8e-05
absence,8e-05
curb,8e-05
constituency,8e-05
denied,8e-05
supervision,8e-05
violence,8e-05
ends,8e-05
met,8e-05
troubles,8e-05
abused,8e-05
cleaned,8e-05
founded,8e-05
discouraged,8e-05
traded,8e-05
conglomerate,8e-05
terms,8e-05
pop,8e-05
shots,8e-05
somebody,8e-05
planned,8e-05
headed,8e-05
plant,8e-05
lives,8e-05
cry,8e-05
fate,8e-05
dp,8e-05
hanging,8e-05
african,8e-05
disclose,8e-05
audit,8e-05
inquiry,8e-05
halt,8e-05
outlook,8e-05
blessing,8e-05
fallout,8e-05
outperformed,8e-05
feeling,8e-05
circumstances,8e-05
continued,8e-05
spend,8e-05
weighed,8e-05
lawyers,8e-05
generations,8e-05
expects,8e-05
supply,8e-05
rebounded,8e-05
teach,8e-05
russian,8e-05
wu,8e-05
starred,8e-05
rethink,8e-05
dispute,8e-05
powers,8e-05
priority,8e-05
ad,8e-05
dj,8e-05
score,8e-05
returns,8e-05
guru,8e-05
production,8e-05
ed,8e-05
yoruba,8e-05
conflict,8e-05
electric,8e-05
dream,8e-05
joke,8e-05
teacher,8e-05
word,8e-05
steal,8e-05
bread,8e-05
spin,8e-05
merger,8e-05
architecture,8e-05
underwriters,8e-05
sole,8e-05
spokesperson,8e-05
danger,8e-05
commander,8e-05
walked,8e-05
alliances,8e-05
reliance,8e-05
misplaced,8e-05
cautious,8e-05
missed,8e-05
shared,8e-05
reserve,8e-05
pt,8e-05
summer,8e-05
accounted,8e-05
universal,8e-05
merged,8e-05
detail,8e-05
becoming,8e-05
rupee,8e-05
genius,8e-05
ki,8e-05
bulk,8e-05
teams,8e-05
album,8e-05
pushing,8e-05
secret,8e-05
cricket,8e-05
council,8e-05
loose,8e-05
moving,8e-05
understanding,8e-05
specific,8e-05
privacy,8e-05
supposed,8e-05
pacts,8e-05
movies,8e-05
prosperity,8e-05
yarn,8e-05
restaurants,8e-05
temple,8e-05
chase,8e-05
route,8e-05
sight,8e-05
demoted,8e-05
tired,8e-05
squeeze,8e-05
safeguard,8e-05
fails,8e-05
damn,8e-05
falls,8e-05
inflation,8e-05
subject,8e-05
europe,8e-05
be,8e-05
approvals,8e-05
till,8e-05
congregation,8e-05
kicked,8e-05
thieves,8e-05
seem,8e-05
ms,8e-05
bids,8e-05
christian,8e-05
suffering,8e-05
map,8e-05
records,8e-05
defender,8e-05
finger,8e-05
aired,8e-05
airline,8e-05
interests,8e-05
sex,8e-05
negative,8e-05
pr,8e-05
machine,8e-05
identified,8e-05
brought,8e-05
consumption,8e-05
fee,8e-05
agency,8e-05
purpose,8e-05
abusing,8e-05
policies,8e-05
clue,8e-05
hoped,8e-05
concern,8e-05
dragged,8e-05
article,8e-05
consensus,8e-05
society,8e-05
lots,8e-05
desk,8e-05
receiving,8e-05
fundamental,8e-05
car,8e-05
quarterly,8e-05
deputy,8e-05
registered,8e-05
sisters,8e-05
extra,8e-05
original,8e-05
analysis,8e-05
conditions,8e-05
rivals,8e-05
north,8e-05
seems,8e-05
violation,8e-05
january,8e-05
destroying,8e-05
laws,8e-05
gift,8e-05
field,8e-05
yahoo,8e-05
held,8e-05
feedback,8e-05
models,8e-05
silence,8e-05
edition,8e-05
lover,8e-05
allocation,8e-05
bishop,8e-05
loving,8e-05
discuss,8e-05
purchasing,8e-05
wisdom,8e-05
laughing,8e-05
http,8e-05
settled,8e-05
emerging,8e-05
tension,8e-05
daddy,8e-05
manufacturing,8e-05
tickets,8e-05
muslim,8e-05
rival,8e-05
da,8e-05
rolling,8e-05
macron,8e-05
commitment,8e-05
pilot,8e-05
pushed,8e-05
hits,8e-05
extreme,8e-05
unarmed,8e-05
protection,8e-05
forensics,8e-05
cool,8e-05
armed,8e-05
interceptions,8e-05
slap,8e-05
designer,8e-05
monster,8e-05
defend,8e-05
wearing,8e-05
stands,8e-05
coordinator,8e-05
unity,8e-05
adds,8e-05
program,8e-05
soaring,6e-05
study,6e-05
happen,6e-05
receipts,6e-05
belongs,6e-05
gang,6e-05
lies,6e-05
soul,6e-05
speaker,6e-05
inspiration,6e-05
influence,6e-05
ram,6e-05
chanting,6e-05
rupiah,6e-05
yields,6e-05
illustration,6e-05
globe,6e-05
maiden,6e-05
developed,6e-05
battery,6e-05
assaulted,6e-05
shut,6e-05
posts,6e-05
explain,6e-05
deconstructing,6e-05
exposure,6e-05
bastard,6e-05
hall,6e-05
infrastructure,6e-05
beta,6e-05
dodge,6e-05
copy,6e-05
brigades,6e-05
falling,6e-05
indexes,6e-05
material,6e-05
lines,6e-05
tapping,6e-05
interesting,6e-05
rent,6e-05
contract,6e-05
reputation,6e-05
meant,6e-05
bin,6e-05
felt,6e-05
sites,6e-05
discount,6e-05
cards,6e-05
indicating,6e-05
develop,6e-05
treating,6e-05
patrol,6e-05
scripture,6e-05
sea,6e-05
icons,6e-05
censorship,6e-05
ne,6e-05
jacob,6e-05
spa,6e-05
drag,6e-05
provide,6e-05
appetite,6e-05
religion,6e-05
complex,6e-05
consolidation,6e-05
screener,6e-05
rattling,6e-05
skills,6e-05
acquire,6e-05
highway,6e-05
middle,6e-05
british,6e-05
bull,6e-05
bets,6e-05
behold,6e-05
loser,6e-05
experienced,6e-05
competitors,6e-05
factors,6e-05
ambitions,6e-05
congratulations,6e-05
outrage,6e-05
mess,6e-05
argentine,6e-05
pointed,6e-05
drink,6e-05
salon,6e-05
surgery,6e-05
bags,6e-05
protesting,6e-05
crazy,6e-05
subscribe,6e-05
estimate,6e-05
emerged,6e-05
flat,6e-05
shoes,6e-05
brazil,6e-05
fang,6e-05
legitimate,6e-05
proportion,6e-05
costs,6e-05
discovered,6e-05
grow,6e-05
novel,6e-05
tranches,6e-05
controls,6e-05
algorithms,6e-05
ties,6e-05
disappear,6e-05
greenback,6e-05
staples,6e-05
swipe,6e-05
luck,6e-05
weekly,6e-05
recover,6e-05
gmt,6e-05
basket,6e-05
fool,6e-05
founders,6e-05
mood,6e-05
scrutinise,6e-05
closer,6e-05
daughters,6e-05
persons,6e-05
quit,6e-05
consideration,6e-05
pot,6e-05
surpassed,6e-05
racket,6e-05
citizen,6e-05
brothers,6e-05
predictions,6e-05
lesson,6e-05
location,6e-05
quote,6e-05
avoid,6e-05
newspaper,6e-05
praising,6e-05
depression,6e-05
victims,6e-05
cyberspace,6e-05
situation,6e-05
entrepreneur,6e-05
airport,6e-05
fbi,6e-05
studio,6e-05
switch,6e-05
draw,6e-05
centre,6e-05
drawing,6e-05
lawyer,6e-05
address,6e-05
waited,6e-05
suit,6e-05
slumped,6e-05
episode,6e-05
roles,6e-05
gutter,6e-05
thug,6e-05
prayer,6e-05
stage,6e-05
strength,6e-05
developer,6e-05
why,6e-05
experts,6e-05
constitutional,6e-05
decline,6e-05
changes,6e-05
tend,6e-05
files,6e-05
interested,6e-05
retailers,6e-05
suppose,6e-05
thank,6e-05
sellers,6e-05
curve,6e-05
lei,6e-05
mask,6e-05
marked,6e-05
agreement,6e-05
billions,6e-05
peak,6e-05
australian,6e-05
autonomy,6e-05
cup,6e-05
workers,6e-05
crying,6e-05
course,6e-05
scanning,6e-05
focusing,6e-05
deadline,6e-05
acquired,6e-05
alerts,6e-05
sovereign,6e-05
player,6e-05
married,6e-05
shot,6e-05
embedding,6e-05
treasuries,6e-05
cypher,6e-05
narrowed,6e-05
factory,6e-05
advanced,6e-05
drug,6e-05
explains,6e-05
referendum,6e-05
shoot,6e-05
expressed,6e-05
established,6e-05
newspapers,6e-05
segment,6e-05
efforts,6e-05
prophet,6e-05
bouncing,6e-05
attacked,6e-05
gauge,6e-05
fucking,6e-05
mistakes,6e-05
spokesman,6e-05
ease,6e-05
allow,6e-05
warren,6e-05
miss,6e-05
milk,6e-05
appeal,6e-05
revealed,6e-05
environment,6e-05
medical,6e-05
april,6e-05
gds,6e-05
bringing,6e-05
smiling,6e-05
lifetime,6e-05
sanction,6e-05
presidents,6e-05
grade,6e-05
figure,6e-05
described,6e-05
bars,6e-05
berlin,6e-05
plug,6e-05
success,6e-05
merchandise,6e-05
vehicles,6e-05
debate,6e-05
videos,6e-05
phones,6e-05
bodies,6e-05
ham,6e-05
las,6e-05
majority,6e-05
requirements,6e-05
chances,6e-05
bag,6e-05
guidelines,6e-05
railway,6e-05
researchers,6e-05
funded,6e-05
van,6e-05
holocaust,6e-05
issuance,6e-05
author,6e-05
issued,6e-05
performances,6e-05
active,6e-05
luxury,6e-05
lee,6e-05
themes,6e-05
speed,6e-05
streets,6e-05
argentina,6e-05
atm,6e-05
structure,6e-05
reporters,6e-05
credentials,6e-05
initiatives,6e-05
alliance,6e-05
burn,6e-05
mas,6e-05
assignments,6e-05
goat,6e-05
motivation,6e-05
repeat,6e-05
introduced,6e-05
meetings,6e-05
loot,6e-05
understood,6e-05
resumes,6e-05
allocations,6e-05
searcher,6e-05
margins,6e-05
series,6e-05
remaining,6e-05
bed,6e-05
reaching,6e-05
outcome,6e-05
basic,6e-05
mission,6e-05
disclosure,6e-05
pulling,6e-05
rises,6e-05
intermediate,6e-05
minority,6e-05
opens,6e-05
hostel,6e-05
woes,6e-05
legacy,6e-05
class,6e-05
estate,6e-05
proof,6e-05
professional,6e-05
defence,6e-05
prepared,6e-05
weird,6e-05
begins,6e-05
fa,6e-05
passage,6e-05
camp,6e-05
slow,6e-05
powder,6e-05
advertisement,6e-05
suspect,6e-05
perennial,6e-05
traction,6e-05
retirement,6e-05
referred,6e-05
jumping,6e-05
contribution,6e-05
reminder,6e-05
html,6e-05
participants,6e-05
losers,6e-05
en,6e-05
refuse,6e-05
controlling,6e-05
sciences,6e-05
subscription,6e-05
sending,6e-05
culture,6e-05
hearts,6e-05
worked,5e-05
replace,5e-05
frustrating,5e-05
dal,5e-05
daughter,5e-05
worker,5e-05
advisers,5e-05
saint,5e-05
crash,5e-05
equivalent,5e-05
attends,5e-05
contributed,5e-05
mushrooms,5e-05
doe,5e-05
abuses,5e-05
contribute,5e-05
stance,5e-05
yr,5e-05
slowed,5e-05
blasted,5e-05
land,5e-05
superstar,5e-05
assumed,5e-05
appliance,5e-05
memory,5e-05
overwhelming,5e-05
iron,5e-05
pins,5e-05
rape,5e-05
solve,5e-05
luring,5e-05
weighs,5e-05
shouting,5e-05
dissemination,5e-05
recycling,5e-05
gods,5e-05
answer,5e-05
allows,5e-05
fail,5e-05
startup,5e-05
orchestrating,5e-05
closure,5e-05
sums,5e-05
arrangement,5e-05
professor,5e-05
bottle,5e-05
blocked,5e-05
roaming,5e-05
premier,5e-05
bills,5e-05
hind,5e-05
parts,5e-05
collector,5e-05
tho,5e-05
thrived,5e-05
hotel,5e-05
fragmented,5e-05
opinion,5e-05
presenter,5e-05
pension,5e-05
logistics,5e-05
auditing,5e-05
hurdle,5e-05
ranked,5e-05
murdered,5e-05
flotation,5e-05
pe,5e-05
select,5e-05
valuing,5e-05
barred,5e-05
educate,5e-05
serving,5e-05
email,5e-05
economist,5e-05
le,5e-05
tool,5e-05
network,5e-05
direction,5e-05
convertible,5e-05
inciting,5e-05
actress,5e-05
bullet,5e-05
economists,5e-05
duty,5e-05
polls,5e-05
stable,5e-05
minute,5e-05
glad,5e-05
mergers,5e-05
reception,5e-05
hoping,5e-05
tesla,5e-05
discontent,5e-05
operated,5e-05
dealt,5e-05
exit,5e-05
ratings,5e-05
tests,5e-05
exclusive,5e-05
joy,5e-05
comprehensive,5e-05
paddy,5e-05
odds,5e-05
earned,5e-05
reads,5e-05
indicated,5e-05
verses,5e-05
depend,5e-05
lender,5e-05
discord,5e-05
dynamic,5e-05
shareholder,5e-05
creates,5e-05
highlighting,5e-05
brushed,5e-05
wireless,5e-05
blind,5e-05
leagues,5e-05
speculation,5e-05
gas,5e-05
digitalisation,5e-05
ii,5e-05
lady,5e-05
appeared,5e-05
favour,5e-05
removed,5e-05
thief,5e-05
heard,5e-05
triple,5e-05
buoyed,5e-05
forge,5e-05
cares,5e-05
wei,5e-05
deaths,5e-05
contact,5e-05
filings,5e-05
screens,5e-05
finding,5e-05
capabilities,5e-05
estimated,5e-05
battalion,5e-05
acid,5e-05
brick,5e-05
ode,5e-05
reopened,5e-05
depending,5e-05
posting,5e-05
anticipated,5e-05
intellectual,5e-05
actor,5e-05
pic,5e-05
membership,5e-05
rh,5e-05
protecting,5e-05
exports,5e-05
hustlers,5e-05
slate,5e-05
wick,5e-05
governance,5e-05
shell,5e-05
cure,5e-05
apology,5e-05
rewarding,5e-05
alcohol,5e-05
leaving,5e-05
boo,5e-05
arrived,5e-05
participate,5e-05
bass,5e-05
periods,5e-05
cutting,5e-05
monthly,5e-05
veto,5e-05
uncle,5e-05
represent,5e-05
motor,5e-05
build,5e-05
defeat,5e-05
transistor,5e-05
marking,5e-05
stood,5e-05
kid,5e-05
cautioned,5e-05
punter,5e-05
approaching,5e-05
rap,5e-05
devices,5e-05
household,5e-05
oppresses,5e-05
cr,5e-05
difference,5e-05
analyzer,5e-05
checks,5e-05
dug,5e-05
officers,5e-05
mu,5e-05
speak,5e-05
prisoner,5e-05
postpone,5e-05
occupancy,5e-05
breaches,5e-05
housewife,5e-05
section,5e-05
warriors,5e-05
monopoly,5e-05
wise,5e-05
enterprise,5e-05
defer,5e-05
stunt,5e-05
reflects,5e-05
rain,5e-05
looming,5e-05
esteemed,5e-05
earmarked,5e-05
bothered,5e-05
thin,5e-05
poll,5e-05
polish,5e-05
require,5e-05
ooh,5e-05
owners,5e-05
gun,5e-05
complementary,5e-05
bidding,5e-05
expert,5e-05
matters,5e-05
amen,5e-05
square,5e-05
buyout,5e-05
processor,5e-05
religious,5e-05
mystery,5e-05
solving,5e-05
rumours,5e-05
banning,5e-05
billionaires,5e-05
sneak,5e-05
theft,5e-05
gats,5e-05
fighting,5e-05
drugs,5e-05
participating,5e-05
motorcyclists,5e-05
cloned,5e-05
merit,5e-05
wag,5e-05
stuff,5e-05
tackle,5e-05
slipped,5e-05
oppress,5e-05
unicorns,5e-05
winning,5e-05
scale,5e-05
kale,5e-05
glares,5e-05
apparel,5e-05
killers,5e-05
tap,5e-05
equipment,5e-05
annoying,5e-05
steps,5e-05
expectation,5e-05
comparison,5e-05
socialism,5e-05
covered,5e-05
doors,5e-05
needed,5e-05
cus,5e-05
tip,5e-05
aim,5e-05
audits,5e-05
reactions,5e-05
rejected,5e-05
pan,5e-05
lasting,5e-05
jury,5e-05
willingness,5e-05
arrested,5e-05
hindus,5e-05
shifting,5e-05
hazard,5e-05
expands,5e-05
betting,5e-05
blog,5e-05
meal,5e-05
exploiting,5e-05
grown,5e-05
deeds,5e-05
coward,5e-05
audience,5e-05
wont,5e-05
aspirant,5e-05
legend,5e-05
required,5e-05
letting,5e-05
islam,5e-05
passing,5e-05
vocal,5e-05
glasses,5e-05
playground,5e-05
master,5e-05
none,5e-05
solution,5e-05
plunged,5e-05
advocacy,5e-05
cooking,5e-05
masses,5e-05
sized,5e-05
shops,5e-05
expand,5e-05
forced,5e-05
click,5e-05
fought,5e-05
guarantees,5e-05
survey,5e-05
pulls,5e-05
parlour,5e-05
supporter,5e-05
smoke,5e-05
inspections,5e-05
massacre,5e-05
suggested,5e-05
petition,5e-05
hustle,5e-05
tier,5e-05
wings,5e-05
calender,5e-05
dining,5e-05
jet,5e-05
cover,5e-05
echoing,5e-05
spreading,5e-05
candidates,5e-05
ecosystem,5e-05
rocket,5e-05
symbolizing,5e-05
alert,5e-05
houses,5e-05
copper,5e-05
beaut,5e-05
lifted,5e-05
lawmakers,5e-05
stains,5e-05
mobility,5e-05
retail,5e-05
weakness,5e-05
broad,5e-05
prove,5e-05
emphasized,5e-05
consultant,5e-05
caused,5e-05
notice,5e-05
innovation,5e-05
loosing,5e-05
unveiled,5e-05
wipe,5e-05
standard,5e-05
apply,5e-05
friendly,5e-05
guests,5e-05
preparing,5e-05
indices,5e-05
goodness,5e-05
deter,5e-05
insults,5e-05
collective,5e-05
slated,5e-05
curbing,5e-05
sweet,5e-05
fault,5e-05
raises,5e-05
lottery,5e-05
mail,5e-05
amplifier,5e-05
shipping,5e-05
gadget,5e-05
chill,5e-05
uncovering,5e-05
wrongdoing,5e-05
reference,5e-05
regarding,5e-05
dominated,5e-05
scores,5e-05
hailing,5e-05
wishes,5e-05
ti,5e-05
inspect,5e-05
tables,5e-05
stations,5e-05
barriers,5e-05
em,5e-05
reflect,5e-05
science,5e-05
tanker,5e-05
transport,5e-05
cleared,5e-05
transparency,5e-05
snap,5e-05
served,5e-05
wood,5e-05
roads,5e-05
choose,5e-05
fir,5e-05
finalised,5e-05
floor,5e-05
combines,5e-05
enticing,5e-05
crippling,5e-05
produce,5e-05
seats,5e-05
slip,5e-05
democrat,5e-05
tightening,5e-05
hook,5e-05
yarns,5e-05
lash,5e-05
songs,5e-05
killings,5e-05
billing,5e-05
injunction,5e-05
training,5e-05
out,5e-05
motors,5e-05
economics,5e-05
debit,5e-05
mud,5e-05
happens,5e-05
gems,5e-05
eating,5e-05
oxygen,5e-05
euro,5e-05
enforcement,5e-05
conversation,5e-05
accused,5e-05
campaigns,5e-05
compass,5e-05
saved,5e-05
trophy,5e-05
determine,5e-05
extend,5e-05
defaults,5e-05
timeline,5e-05
strengthen,5e-05
cope,5e-05
consultancy,5e-05
snatch,5e-05
layers,5e-05
grab,5e-05
classic,5e-05
lists,5e-05
blessed,5e-05
values,5e-05
refused,5e-05
bottom,5e-05
collecting,5e-05
overreaction,5e-05
characters,5e-05
crowds,5e-05
territory,5e-05
trigger,5e-05
quick,5e-05
ladies,5e-05
merging,5e-05
maintaining,5e-05
enhanced,5e-05
imagine,5e-05
factor,5e-05
threatens,5e-05
mortar,5e-05
artists,5e-05
mike,5e-05
peoples,5e-05
comedy,5e-05
behalf,5e-05
eighth,5e-05
retaining,5e-05
client,5e-05
acc,5e-05
facilitated,5e-05
optimism,5e-05
doubt,5e-05
arise,5e-05
wire,5e-05
deep,5e-05
tickers,5e-05
intensity,5e-05
choice,5e-05
convenience,5e-05
threatened,5e-05
mine,5e-05
namesss,5e-05
purposes,5e-05
border,5e-05
cast,5e-05
cameras,5e-05
dipped,5e-05
cold,5e-05
disability,5e-05
disclosing,5e-05
crowd,5e-05
candidate,5e-05
confusion,5e-05
kwa,5e-05
serial,5e-05
rss,5e-05
troops,5e-05
suspended,5e-05
fo,5e-05
crosshairs,5e-05
executioner,5e-05
cabinet,5e-05
stone,5e-05
flagship,5e-05
breakthrough,5e-05
briefing,5e-05
deliberations,5e-05
fifth,5e-05
spooked,5e-05
interview,5e-05
hammered,5e-05
returned,5e-05
version,5e-05
mix,5e-05
imposed,5e-05
handled,5e-05
ticketing,5e-05
divested,5e-05
birth,5e-05
representative,5e-05
grounds,5e-05
individual,5e-05
application,5e-05
reopen,5e-05
immunotherapies,5e-05
paper,5e-05
consent,5e-05
writing,5e-05
increases,5e-05
rein,5e-05
excuse,5e-05
marketplace,5e-05
tasks,5e-05
swear,5e-05
reduction,5e-05
failure,5e-05
trends,5e-05
remained,5e-05
corrective,5e-05
whine,5e-05
represents,5e-05
garner,5e-05
accountants,3e-05
eclipsed,3e-05
feature,3e-05
skew,3e-05
lecturer,3e-05
reggae,3e-05
caretaker,3e-05
royal,3e-05
collaboration,3e-05
evolves,3e-05
taste,3e-05
tumbled,3e-05
suppliers,3e-05
behaving,3e-05
feels,3e-05
advocate,3e-05
yellow,3e-05
electronics,3e-05
charts,3e-05
occasion,3e-05
image,3e-05
thus,3e-05
sec,3e-05
para,3e-05
troubling,3e-05
hitting,3e-05
winter,3e-05
fueled,3e-05
attending,3e-05
creating,3e-05
resident,3e-05
strategists,3e-05
compounds,3e-05
multiples,3e-05
struggling,3e-05
maximum,3e-05
criticised,3e-05
divergence,3e-05
vendor,3e-05
threats,3e-05
decides,3e-05
witnessing,3e-05
ping,3e-05
pony,3e-05
calming,3e-05
reeled,3e-05
hanky,3e-05
clothing,3e-05
benefit,3e-05
recognise,3e-05
oldies,3e-05
coached,3e-05
dozens,3e-05
panic,3e-05
equal,3e-05
stream,3e-05
providing,3e-05
precautions,3e-05
steering,3e-05
heroes,3e-05
personnel,3e-05
banners,3e-05
devastating,3e-05
nowhere,3e-05
task,3e-05
disputes,3e-05
lining,3e-05
sour,3e-05
te,3e-05
jean,3e-05
ambulances,3e-05
shine,3e-05
cone,3e-05
at,3e-05
tank,3e-05
astrologer,3e-05
proposals,3e-05
reeling,3e-05
quarters,3e-05
karen,3e-05
praised,3e-05
relative,3e-05
oppressor,3e-05
offset,3e-05
ola,3e-05
mode,3e-05
mack,3e-05
trip,3e-05
shoe,3e-05
eased,3e-05
colony,3e-05
retire,3e-05
bitch,3e-05
doll,3e-05
advocating,3e-05
arizona,3e-05
embracing,3e-05
tiger,3e-05
responding,3e-05
resort,3e-05
cc,3e-05
interim,3e-05
havens,3e-05
goo,3e-05
annoyed,3e-05
spouse,3e-05
identifying,3e-05
retreated,3e-05
binding,3e-05
attempts,3e-05
freezing,3e-05
sophisticated,3e-05
tagged,3e-05
unlocking,3e-05
demon,3e-05
tenure,3e-05
forming,3e-05
curse,3e-05
student,3e-05
achieved,3e-05
neutral,3e-05
damage,3e-05
bird,3e-05
recorded,3e-05
organising,3e-05
entered,3e-05
calculations,3e-05
battling,3e-05
elbowing,3e-05
glory,3e-05
focuses,3e-05
republic,3e-05
admit,3e-05
beast,3e-05
donating,3e-05
delinquency,3e-05
bolster,3e-05
tied,3e-05
clock,3e-05
polled,3e-05
midst,3e-05
grave,3e-05
contender,3e-05
utilities,3e-05
forty,3e-05
weightings,3e-05
recap,3e-05
mommy,3e-05
bucks,3e-05
flowing,3e-05
bible,3e-05
bath,3e-05
constitution,3e-05
weighting,3e-05
drops,3e-05
nightmare,3e-05
hop,3e-05
clouds,3e-05
destroyed,3e-05
lend,3e-05
funk,3e-05
guest,3e-05
muster,3e-05
screen,3e-05
enthusiasm,3e-05
hurry,3e-05
thai,3e-05
digitalization,3e-05
quotes,3e-05
wheelbarrow,3e-05
coffee,3e-05
evaluating,3e-05
probability,3e-05
sharper,3e-05
consolidating,3e-05
stoked,3e-05
sacrifice,3e-05
activities,3e-05
revised,3e-05
jokes,3e-05
pink,3e-05
accident,3e-05
horses,3e-05
voices,3e-05
struggled,3e-05
mounting,3e-05
boosting,3e-05
console,3e-05
taboo,3e-05
farm,3e-05
taxis,3e-05
commands,3e-05
zs,3e-05
remembered,3e-05
gentleman,3e-05
scoring,3e-05
prepaid,3e-05
robber,3e-05
mentality,3e-05
valley,3e-05
macro,3e-05
identity,3e-05
tower,3e-05
niggas,3e-05
driver,3e-05
filling,3e-05
fortunes,3e-05
jazz,3e-05
mania,3e-05
slight,3e-05
negotiations,3e-05
pride,3e-05
handling,3e-05
pinky,3e-05
bruising,3e-05
extended,3e-05
avoided,3e-05
exceed,3e-05
reduce,3e-05
dying,3e-05
demonstrated,3e-05
eclipse,3e-05
intentions,3e-05
shake,3e-05
prompts,3e-05
ministers,3e-05
apartment,3e-05
overhaul,3e-05
memorandums,3e-05
drags,3e-05
supermarket,3e-05
appearance,3e-05
workload,3e-05
swim,3e-05
heels,3e-05
frog,3e-05
sowing,3e-05
farmer,3e-05
assessment,3e-05
panels,3e-05
herbs,3e-05
valuable,3e-05
thoughts,3e-05
skit,3e-05
sit,3e-05
pharmacy,3e-05
balcony,3e-05
lights,3e-05
catalyst,3e-05
reckoned,3e-05
pocket,3e-05
extending,3e-05
capitalist,3e-05
acquisitions,3e-05
animals,3e-05
es,3e-05
dividends,3e-05
homes,3e-05
nations,3e-05
advance,3e-05
advertisers,3e-05
earn,3e-05
compares,3e-05
souls,3e-05
pulled,3e-05
dated,3e-05
contrast,3e-05
producer,3e-05
hoist,3e-05
distancing,3e-05
appears,3e-05
sins,3e-05
incentives,3e-05
defensive,3e-05
quota,3e-05
companions,3e-05
reaches,3e-05
wondering,3e-05
das,3e-05
hunter,3e-05
providers,3e-05
steepening,3e-05
jimmy,3e-05
cooked,3e-05
dignity,3e-05
bases,3e-05
chiefs,3e-05
clouded,3e-05
supermarkets,3e-05
shadow,3e-05
booty,3e-05
smell,3e-05
meadows,3e-05
accelerating,3e-05
cult,3e-05
comics,3e-05
magma,3e-05
disc,3e-05
intro,3e-05
silver,3e-05
wasting,3e-05
recognize,3e-05
worsening,3e-05
inflows,3e-05
expenditure,3e-05
diagnosed,3e-05
theatres,3e-05
securing,3e-05
argument,3e-05
travelling,3e-05
whereabouts,3e-05
commoners,3e-05
surprise,3e-05
welcomed,3e-05
tycoon,3e-05
telecommunications,3e-05
elect,3e-05
pointing,3e-05
summarized,3e-05
rebound,3e-05
heaven,3e-05
sort,3e-05
shied,3e-05
concentrated,3e-05
generating,3e-05
lan,3e-05
rn,3e-05
imo,3e-05
generated,3e-05
mc,3e-05
barring,3e-05
tweets,3e-05
designers,3e-05
dash,3e-05
reality,3e-05
haven,3e-05
phenomenon,3e-05
stealing,3e-05
editor,3e-05
payroll,3e-05
scored,3e-05
wooing,3e-05
raj,3e-05
circus,3e-05
grand,3e-05
difficulties,3e-05
relying,3e-05
cheques,3e-05
witch,3e-05
composed,3e-05
attitude,3e-05
deluded,3e-05
wish,3e-05
continuing,3e-05
calamity,3e-05
spiral,3e-05
egyptian,3e-05
libra,3e-05
murders,3e-05
qualified,3e-05
compiled,3e-05
resignation,3e-05
plays,3e-05
pawnshop,3e-05
welcoming,3e-05
dare,3e-05
crashes,3e-05
expired,3e-05
prospect,3e-05
kings,3e-05
emotion,3e-05
released,3e-05
heads,3e-05
commented,3e-05
output,3e-05
queries,3e-05
stifles,3e-05
print,3e-05
organisation,3e-05
newsletter,3e-05
athletes,3e-05
notion,3e-05
kit,3e-05
acceleration,3e-05
hurts,3e-05
reversed,3e-05
skewed,3e-05
handles,3e-05
grant,3e-05
elder,3e-05
bush,3e-05
provincial,3e-05
claim,3e-05
corona,3e-05
aspirations,3e-05
metals,3e-05
expecting,3e-05
zoo,3e-05
mum,3e-05
pieces,3e-05
readying,3e-05
flow,3e-05
stinks,3e-05
receive,3e-05
expanded,3e-05
culprit,3e-05
bis,3e-05
organization,3e-05
partnerships,3e-05
stops,3e-05
facilitating,3e-05
counting,3e-05
uniforms,3e-05
yi,3e-05
risen,3e-05
leadership,3e-05
mandatory,3e-05
epic,3e-05
talked,3e-05
inventories,3e-05
banana,3e-05
ani,3e-05
links,3e-05
heartened,3e-05
recovering,3e-05
settlement,3e-05
chamber,3e-05
ratio,3e-05
organised,3e-05
flush,3e-05
alleging,3e-05
schedule,3e-05
executives,3e-05
touched,3e-05
expertise,3e-05
generate,3e-05
battered,3e-05
roots,3e-05
replicated,3e-05
outbreak,3e-05
explained,3e-05
figures,3e-05
ethos,3e-05
corporations,3e-05
outlining,3e-05
biasing,3e-05
primary,3e-05
deteriorating,3e-05
epileptic,3e-05
un,3e-05
laden,3e-05
revolution,3e-05
mocking,3e-05
arabic,3e-05
seasons,3e-05
tantalizing,3e-05
affiliated,3e-05
seller,3e-05
screamer,3e-05
tracks,3e-05
insurers,3e-05
remains,3e-05
dust,3e-05
syndicate,3e-05
trashed,3e-05
pantomime,3e-05
suspects,3e-05
publicity,3e-05
unemployment,3e-05
preference,3e-05
clash,3e-05
automaker,3e-05
anode,3e-05
cracked,3e-05
weight,3e-05
disbanding,3e-05
meantime,3e-05
follower,3e-05
broadside,3e-05
busy,3e-05
peacock,3e-05
zone,3e-05
towns,3e-05
walls,3e-05
cohort,3e-05
covert,3e-05
temples,3e-05
poking,3e-05
fooling,3e-05
earthquake,3e-05
schools,3e-05
cleaning,3e-05
forgotten,3e-05
pope,3e-05
hypermarket,3e-05
sessions,3e-05
faith,3e-05
holds,3e-05
bidens,3e-05
arena,3e-05
prefecture,3e-05
integrated,3e-05
breaks,3e-05
holes,3e-05
introduction,3e-05
tells,3e-05
pained,3e-05
viewing,3e-05
grocery,3e-05
swings,3e-05
caller,3e-05
possibility,3e-05
piled,3e-05
harm,3e-05
exaggerated,3e-05
refer,3e-05
trainer,3e-05
stuffs,3e-05
reservations,3e-05
chest,3e-05
explosion,3e-05
mb,3e-05
entering,3e-05
administrated,3e-05
color,3e-05
confrontation,3e-05
reviews,3e-05
awareness,3e-05
ending,3e-05
belt,3e-05
sheets,3e-05
petty,3e-05
transition,3e-05
heres,3e-05
identify,3e-05
shay,3e-05
winger,3e-05
collateral,3e-05
commit,3e-05
maintain,3e-05
trap,3e-05
fr,3e-05
shirt,3e-05
hadiths,3e-05
quickened,3e-05
hugged,3e-05
borrowing,3e-05
underlining,3e-05
complicated,3e-05
adults,3e-05
victory,3e-05
wage,3e-05
deemed,3e-05
deterioration,3e-05
wetlands,3e-05
gist,3e-05
prepares,3e-05
fragmentation,3e-05
transportation,3e-05
polarisation,3e-05
contraction,3e-05
forged,3e-05
aided,3e-05
complained,3e-05
rescue,3e-05
tokens,3e-05
dude,3e-05
button,3e-05
countrys,3e-05
climbs,3e-05
donated,3e-05
finds,3e-05
objective,3e-05
improved,3e-05
ta,3e-05
ticket,3e-05
cheering,3e-05
frontal,3e-05
meme,3e-05
solid,3e-05
accelerated,3e-05
scenario,3e-05
download,3e-05
towers,3e-05
chen,3e-05
daniel,3e-05
latter,3e-05
station,3e-05
wit,3e-05
downloaded,3e-05
inspired,3e-05
hs,3e-05
indicators,3e-05
ten,3e-05
dropping,3e-05
driving,3e-05
babes,3e-05
eagle,3e-05
placing,3e-05
places,3e-05
pale,3e-05
defeats,3e-05
draws,3e-05
humans,3e-05
essential,3e-05
listening,3e-05
confirmed,3e-05
diamonds,3e-05
ageing,3e-05
colours,3e-05
licensing,3e-05
secs,3e-05
transform,3e-05
derives,3e-05
advertising,3e-05
encourage,3e-05
contamination,3e-05
scaring,3e-05
dance,3e-05
celebrations,3e-05
pervert,3e-05
cinema,3e-05
tonight,3e-05
mouse,3e-05
reforms,3e-05
anger,3e-05
freight,3e-05
commentator,3e-05
increasing,3e-05
surrender,3e-05
underscored,3e-05
disappointing,3e-05
horse,3e-05
surging,3e-05
lodge,3e-05
targets,3e-05
rhea,3e-05
implications,3e-05
exaggerate,3e-05
singaporean,3e-05
idiots,3e-05
transfers,3e-05
champion,3e-05
scrutinised,3e-05
wed,3e-05
bump,3e-05
downtown,3e-05
gainers,3e-05
chair,3e-05
thousands,3e-05
nodding,3e-05
pity,3e-05
manhattan,3e-05
preserve,3e-05
advised,3e-05
favoured,3e-05
backbone,3e-05
industries,3e-05
dashed,3e-05
squirt,3e-05
farmers,3e-05
tactics,3e-05
budging,3e-05
madness,3e-05
garden,3e-05
rut,3e-05
sing,3e-05
laggards,3e-05
pursuing,3e-05
principles,3e-05
spurred,3e-05
enter,3e-05
michaels,3e-05
spent,3e-05
shocking,3e-05
fined,3e-05
unknown,3e-05
distributes,3e-05
wounds,3e-05
sleeping,3e-05
sponsors,3e-05
posed,3e-05
abuse,3e-05
prize,3e-05
teamed,3e-05
families,3e-05
avoiding,3e-05
appointment,3e-05
illness,3e-05
shoulders,3e-05
cataract,3e-05
parcel,3e-05
limits,3e-05
daylight,3e-05
magazine,3e-05
flooded,3e-05
overloading,3e-05
earmark,3e-05
looters,3e-05
frozen,3e-05
manage,3e-05
tang,3e-05
charging,3e-05
appointed,3e-05
fingerprint,3e-05
roubles,3e-05
capitalization,3e-05
plunge,3e-05
corners,3e-05
monsters,3e-05
humanitarian,3e-05
diversify,3e-05
spurring,3e-05
habit,3e-05
neighbours,3e-05
lends,3e-05
interpreter,3e-05
react,3e-05
connection,3e-05
virgin,3e-05
divided,3e-05
jam,3e-05
induced,3e-05
golf,3e-05
suffered,3e-05
blacklisting,3e-05
spring,3e-05
skidded,3e-05
beating,3e-05
dada,3e-05
processes,3e-05
introduce,3e-05
yam,3e-05
digits,3e-05
trumps,3e-05
greetings,3e-05
boyfriend,3e-05
math,3e-05
morgan,3e-05
arrangements,3e-05
strategies,3e-05
revving,3e-05
pound,3e-05
directive,3e-05
nominations,3e-05
progress,3e-05
keeping,3e-05
weakened,3e-05
parliament,3e-05
pullback,3e-05
restructuring,3e-05
hemlock,3e-05
career,3e-05
resign,3e-05
contain,3e-05
drains,3e-05
prefer,3e-05
instruments,3e-05
stole,3e-05
reserves,3e-05
restore,3e-05
sam,3e-05
compounded,3e-05
knocking,3e-05
drooped,3e-05
realization,3e-05
rough,3e-05
favorite,3e-05
deliveries,3e-05
recession,3e-05
sugar,3e-05
kobo,3e-05
counts,3e-05
occurred,3e-05
foolishness,3e-05
disgusting,3e-05
sleep,3e-05
obstacles,3e-05
appreciate,3e-05
conspiracy,3e-05
king,3e-05
forwards,3e-05
waves,3e-05
threw,3e-05
settle,3e-05
prompted,3e-05
burnt,3e-05
martin,3e-05
approaches,3e-05
mentioning,3e-05
bus,3e-05
arabian,3e-05
dependence,3e-05
packing,3e-05
wake,3e-05
capitalisation,3e-05
nerves,3e-05
clearance,3e-05
breakup,3e-05
trials,3e-05
scrap,3e-05
telecoms,3e-05
employment,3e-05
survived,3e-05
mount,3e-05
scammer,3e-05
hud,3e-05
coda,3e-05
claimed,3e-05
monopolies,3e-05
caution,3e-05
retired,3e-05
supports,3e-05
accumulating,3e-05
originates,3e-05
choosing,3e-05
ruling,3e-05
bitter,3e-05
stayed,3e-05
bend,3e-05
learning,3e-05
gathering,3e-05
fame,3e-05
mining,3e-05
caption,3e-05
macaroni,3e-05
spirituality,3e-05
departments,3e-05
database,3e-05
tm,3e-05
banked,3e-05
pared,3e-05
ho,3e-05
render,3e-05
lifestyles,3e-05
confused,3e-05
additions,3e-05
flagged,3e-05
surname,3e-05
recovered,3e-05
weighing,3e-05
vegetables,3e-05
blossoming,3e-05
watchdogs,3e-05
humanity,3e-05
malnourished,3e-05
upbeat,3e-05
ownership,3e-05
deliver,3e-05
earmarking,3e-05
divide,3e-05
dominate,3e-05
ceremony,3e-05
fixing,3e-05
pro,3e-05
babies,3e-05
cleaners,3e-05
studies,3e-05
feed,3e-05
tamper,3e-05
materials,3e-05
allocate,3e-05
spastic,3e-05
conflicts,3e-05
alternative,3e-05
traffic,3e-05
count,3e-05
drivers,3e-05
sorrow,3e-05
lacks,3e-05
allocated,3e-05
suspected,3e-05
comeback,3e-05
chairmen,3e-05
involves,3e-05
limiting,3e-05
convention,3e-05
medals,3e-05
marks,3e-05
dividing,3e-05
hustler,3e-05
hobble,3e-05
exposed,3e-05
staggering,3e-05
remind,3e-05
sabre,3e-05
elvis,3e-05
dating,3e-05
benefited,3e-05
directorate,3e-05
franklin,3e-05
yawning,3e-05
beloved,3e-05
gurus,3e-05
loves,3e-05
walks,3e-05
boxes,3e-05
signing,3e-05
spoil,3e-05
fuelled,3e-05
clashes,3e-05
businessman,3e-05
insulting,3e-05
properties,3e-05
cheer,3e-05
traumas,3e-05
pranks,3e-05
outsource,3e-05
welfare,3e-05
regime,3e-05
accusing,3e-05
feud,3e-05
promised,3e-05
hornets,3e-05
hospitality,3e-05
detained,3e-05
percent,3e-05
relate,2e-05
printed,2e-05
perverts,2e-05
adept,2e-05
dg,2e-05
bihari,2e-05
cubes,2e-05
rip,2e-05
messed,2e-05
kneeling,2e-05
conclusions,2e-05
patients,2e-05
glaze,2e-05
arose,2e-05
perspective,2e-05
valued,2e-05
officiated,2e-05
popularity,2e-05
flurry,2e-05
answers,2e-05
grappling,2e-05
repeated,2e-05
capped,2e-05
grandma,2e-05
kicks,2e-05
clips,2e-05
pat,2e-05
throw,2e-05
vanda,2e-05
apr,2e-05
doc,2e-05
template,2e-05
attracting,2e-05
rum,2e-05
boxer,2e-05
productions,2e-05
ghost,2e-05
howdy,2e-05
inspection,2e-05
mixed,2e-05
occupying,2e-05
possessive,2e-05
manufacturer,2e-05
cloth,2e-05
competitor,2e-05
searching,2e-05
zooming,2e-05
martyrdom,2e-05
disgracing,2e-05
hired,2e-05
newborn,2e-05
institution,2e-05
trusted,2e-05
headlock,2e-05
associate,2e-05
puppet,2e-05
algerians,2e-05
ore,2e-05
oozing,2e-05
insights,2e-05
footholds,2e-05
commissioner,2e-05
composing,2e-05
stretched,2e-05
aa,2e-05
replaced,2e-05
flap,2e-05
skip,2e-05
survives,2e-05
vulcanizer,2e-05
convinced,2e-05
clinics,2e-05
crown,2e-05
scuppered,2e-05
upsets,2e-05
darkness,2e-05
correct,2e-05
kick,2e-05
sharpened,2e-05
mus,2e-05
accessing,2e-05
publicizing,2e-05
nauseating,2e-05
cried,2e-05
journalism,2e-05
slew,2e-05
rust,2e-05
mourn,2e-05
adage,2e-05
prodded,2e-05
browser,2e-05
romantic,2e-05
despair,2e-05
coupon,2e-05
indians,2e-05
listers,2e-05
floats,2e-05
prophecy,2e-05
pun,2e-05
jersey,2e-05
commandos,2e-05
gauging,2e-05
bereavements,2e-05
graph,2e-05
forcing,2e-05
vendors,2e-05
housing,2e-05
complicate,2e-05
mass,2e-05
tribalism,2e-05
bm,2e-05
negotiators,2e-05
internationalization,2e-05
sue,2e-05
easings,2e-05
amateur,2e-05
taurus,2e-05
majors,2e-05
mirror,2e-05
deaf,2e-05
woe,2e-05
shiites,2e-05
lis,2e-05
spoken,2e-05
proliferation,2e-05
columnists,2e-05
nonsense,2e-05
climb,2e-05
dips,2e-05
impossible,2e-05
chit,2e-05
drafted,2e-05
contested,2e-05
fallen,2e-05
kidding,2e-05
hotness,2e-05
favourite,2e-05
penetrating,2e-05
dwarf,2e-05
translation,2e-05
needy,2e-05
granted,2e-05
eyeing,2e-05
perversion,2e-05
quarantine,2e-05
tod,2e-05
distract,2e-05
flawed,2e-05
concession,2e-05
appeals,2e-05
chasing,2e-05
parks,2e-05
convincing,2e-05
dope,2e-05
eyebrows,2e-05
chat,2e-05
frontiers,2e-05
deputies,2e-05
arrests,2e-05
tomatoes,2e-05
physician,2e-05
frost,2e-05
defining,2e-05
decades,2e-05
appearances,2e-05
considered,2e-05
commissioners,2e-05
hum,2e-05
height,2e-05
passenger,2e-05
drain,2e-05
nigger,2e-05
observers,2e-05
dances,2e-05
hotspur,2e-05
sbs,2e-05
debated,2e-05
perceived,2e-05
chomping,2e-05
mindset,2e-05
ballots,2e-05
er,2e-05
ev,2e-05
disguising,2e-05
candlesticks,2e-05
turkish,2e-05
arrive,2e-05
glanced,2e-05
poster,2e-05
cramming,2e-05
tractor,2e-05
engineer,2e-05
comedian,2e-05
assumes,2e-05
min,2e-05
rebel,2e-05
teeth,2e-05
helper,2e-05
procedures,2e-05
tricolour,2e-05
summary,2e-05
tree,2e-05
exceeds,2e-05
shrinking,2e-05
regards,2e-05
turnaround,2e-05
mason,2e-05
reddened,2e-05
modern,2e-05
seed,2e-05
plants,2e-05
vanished,2e-05
lag,2e-05
oversight,2e-05
prison,2e-05
staffing,2e-05
prefectures,2e-05
filaments,2e-05
sunshine,2e-05
infected,2e-05
squash,2e-05
hug,2e-05
restrict,2e-05
totality,2e-05
wiped,2e-05
eyed,2e-05
cell,2e-05
honey,2e-05
lyrics,2e-05
canal,2e-05
mute,2e-05
minting,2e-05
minster,2e-05
wishing,2e-05
merchant,2e-05
manipulate,2e-05
golfing,2e-05
circuit,2e-05
generosity,2e-05
embattled,2e-05
hiving,2e-05
symbolism,2e-05
crew,2e-05
bss,2e-05
mambo,2e-05
displace,2e-05
voted,2e-05
inventor,2e-05
nov,2e-05
notable,2e-05
preparation,2e-05
footfall,2e-05
drainage,2e-05
poke,2e-05
roasted,2e-05
involving,2e-05
nickname,2e-05
centuries,2e-05
kangaroo,2e-05
piles,2e-05
deadlines,2e-05
marrow,2e-05
median,2e-05
foods,2e-05
disagree,2e-05
reasoning,2e-05
compelled,2e-05
analyzed,2e-05
noble,2e-05
cups,2e-05
shelter,2e-05
tweeting,2e-05
enforced,2e-05
fish,2e-05
coach,2e-05
predicted,2e-05
forecasting,2e-05
extremists,2e-05
lawsuits,2e-05
survive,2e-05
lying,2e-05
advisor,2e-05
furthering,2e-05
rounding,2e-05
throwing,2e-05
oriented,2e-05
beans,2e-05
suggestions,2e-05
dares,2e-05
storyline,2e-05
bastards,2e-05
unseen,2e-05
limit,2e-05
pets,2e-05
mock,2e-05
massage,2e-05
raced,2e-05
manufacturers,2e-05
soundings,2e-05
po,2e-05
gatherings,2e-05
licenses,2e-05
allegro,2e-05
injuries,2e-05
dine,2e-05
constructed,2e-05
cruelty,2e-05
raven,2e-05
host,2e-05
assume,2e-05
custom,2e-05
intestines,2e-05
leech,2e-05
dss,2e-05
vigilance,2e-05
congressman,2e-05
inoculations,2e-05
overwhelmed,2e-05
chimney,2e-05
intensive,2e-05
screams,2e-05
fishing,2e-05
accuse,2e-05
hiking,2e-05
reacted,2e-05
broadening,2e-05
waxing,2e-05
healing,2e-05
arresting,2e-05
wen,2e-05
cache,2e-05
comptroller,2e-05
wonders,2e-05
tourists,2e-05
bearer,2e-05
dc,2e-05
zeal,2e-05
ford,2e-05
vice,2e-05
sodom,2e-05
destruction,2e-05
scurrility,2e-05
baht,2e-05
sherry,2e-05
mins,2e-05
booking,2e-05
bounced,2e-05
speeding,2e-05
ray,2e-05
essay,2e-05
jibes,2e-05
cuisine,2e-05
throws,2e-05
scanner,2e-05
firmed,2e-05
scrape,2e-05
madam,2e-05
comrades,2e-05
sensations,2e-05
resigning,2e-05
ma,2e-05
atrocities,2e-05
cancer,2e-05
downturn,2e-05
facials,2e-05
protested,2e-05
surges,2e-05
mover,2e-05
college,2e-05
facility,2e-05
bullying,2e-05
adventure,2e-05
desire,2e-05
shade,2e-05
totaled,2e-05
vegan,2e-05
refutes,2e-05
rocks,2e-05
indicate,2e-05
trips,2e-05
recipe,2e-05
haters,2e-05
subjected,2e-05
cooperation,2e-05
indicator,2e-05
boots,2e-05
longs,2e-05
bumper,2e-05
toys,2e-05
glimpse,2e-05
cat,2e-05
freestyles,2e-05
drama,2e-05
centres,2e-05
slavic,2e-05
moral,2e-05
rooted,2e-05
log,2e-05
clinic,2e-05
faults,2e-05
foes,2e-05
taka,2e-05
ice,2e-05
lu,2e-05
clawback,2e-05
interaction,2e-05
situations,2e-05
assistance,2e-05
heeded,2e-05
windows,2e-05
speeches,2e-05
artiste,2e-05
epistles,2e-05
envelopes,2e-05
runway,2e-05
elbow,2e-05
bananas,2e-05
tendency,2e-05
swing,2e-05
distance,2e-05
produces,2e-05
vacations,2e-05
errands,2e-05
imports,2e-05
develops,2e-05
medicine,2e-05
banknotes,2e-05
darlings,2e-05
nigga,2e-05
shower,2e-05
amendment,2e-05
vines,2e-05
zero,2e-05
landline,2e-05
smoking,2e-05
nap,2e-05
misbehave,2e-05
encroachment,2e-05
dates,2e-05
guava,2e-05
tracked,2e-05
monitoring,2e-05
instilling,2e-05
desperate,2e-05
disrespected,2e-05
masquerade,2e-05
collection,2e-05
deliverable,2e-05
obtain,2e-05
switched,2e-05
tales,2e-05
kilometers,2e-05
tweeted,2e-05
advancements,2e-05
theres,2e-05
households,2e-05
exploded,2e-05
lifeline,2e-05
hunger,2e-05
cargoes,2e-05
opposing,2e-05
spine,2e-05
wedding,2e-05
arrival,2e-05
spinning,2e-05
watches,2e-05
contributions,2e-05
wraps,2e-05
persecution,2e-05
mayor,2e-05
bun,2e-05
hijacking,2e-05
landscape,2e-05
tenth,2e-05
scoundrels,2e-05
lunchtime,2e-05
tragicomedy,2e-05
raft,2e-05
realisation,2e-05
coal,2e-05
plywood,2e-05
risotto,2e-05
mulls,2e-05
disappoint,2e-05
immunity,2e-05
permission,2e-05
tariff,2e-05
snacks,2e-05
opposite,2e-05
performed,2e-05
violated,2e-05
tested,2e-05
saturdays,2e-05
epitope,2e-05
stickers,2e-05
looked,2e-05
heathen,2e-05
existence,2e-05
vindicating,2e-05
morale,2e-05
robbery,2e-05
exchanging,2e-05
hernia,2e-05
rivers,2e-05
mothers,2e-05
testimonial,2e-05
monkeys,2e-05
machines,2e-05
door,2e-05
motion,2e-05
padding,2e-05
realizing,2e-05
vowed,2e-05
emerge,2e-05
duped,2e-05
feast,2e-05
century,2e-05
experiences,2e-05
minus,2e-05
absolute,2e-05
mere,2e-05
learners,2e-05
steer,2e-05
ancestors,2e-05
fabricated,2e-05
embassy,2e-05
filled,2e-05
lip,2e-05
gaur,2e-05
statistics,2e-05
soup,2e-05
tot,2e-05
ft,2e-05
delta,2e-05
forum,2e-05
permit,2e-05
cooperate,2e-05
pipeline,2e-05
mate,2e-05
rebuttal,2e-05
coaxing,2e-05
hardship,2e-05
paraded,2e-05
miracles,2e-05
candy,2e-05
boobies,2e-05
armenian,2e-05
teachers,2e-05
pickup,2e-05
impending,2e-05
repair,2e-05
auspices,2e-05
diverging,2e-05
drone,2e-05
fold,2e-05
flying,2e-05
torch,2e-05
rebounding,2e-05
applaud,2e-05
blade,2e-05
serves,2e-05
leap,2e-05
networks,2e-05
codes,2e-05
parisian,2e-05
poaching,2e-05
downbeat,2e-05
effort,2e-05
damaged,2e-05
toilets,2e-05
digitized,2e-05
kidney,2e-05
bands,2e-05
muted,2e-05
impacts,2e-05
propaganda,2e-05
distribution,2e-05
separates,2e-05
hurted,2e-05
buttress,2e-05
slumps,2e-05
agitators,2e-05
issuances,2e-05
mountains,2e-05
announces,2e-05
tops,2e-05
criminal,2e-05
intends,2e-05
weaving,2e-05
snack,2e-05
statues,2e-05
gigs,2e-05
is,2e-05
turning,2e-05
theme,2e-05
wash,2e-05
christ,2e-05
treasure,2e-05
literature,2e-05
gut,2e-05
specials,2e-05
cycle,2e-05
maar,2e-05
fairy,2e-05
crowding,2e-05
tachycardia,2e-05
consolidated,2e-05
dissecting,2e-05
happenings,2e-05
revert,2e-05
involvement,2e-05
revoke,2e-05
toy,2e-05
pressuring,2e-05
dies,2e-05
alp,2e-05
recipients,2e-05
raking,2e-05
punching,2e-05
mina,2e-05
pastry,2e-05
sock,2e-05
biased,2e-05
introvert,2e-05
sahib,2e-05
retiring,2e-05
drones,2e-05
contest,2e-05
wakes,2e-05
lended,2e-05
aiding,2e-05
guaranteed,2e-05
feet,2e-05
whitener,2e-05
reflation,2e-05
scatter,2e-05
headquartered,2e-05
criticising,2e-05
incase,2e-05
demons,2e-05
carts,2e-05
keys,2e-05
framing,2e-05
restaurant,2e-05
fared,2e-05
sidelines,2e-05
averaging,2e-05
teaching,2e-05
preaching,2e-05
spanning,2e-05
titles,2e-05
maze,2e-05
invented,2e-05
beauty,2e-05
hockey,2e-05
gage,2e-05
ang,2e-05
courtesy,2e-05
alleviation,2e-05
rectify,2e-05
generic,2e-05
adopting,2e-05
charms,2e-05
paste,2e-05
authored,2e-05
pleased,2e-05
lakh,2e-05
bourne,2e-05
outbreaks,2e-05
conversion,2e-05
dampened,2e-05
rains,2e-05
flavor,2e-05
plate,2e-05
tonnes,2e-05
disbelief,2e-05
preferred,2e-05
booing,2e-05
allegations,2e-05
raining,2e-05
weakening,2e-05
export,2e-05
brimstone,2e-05
restraints,2e-05
enjoy,2e-05
stances,2e-05
underdeveloped,2e-05
manual,2e-05
professionals,2e-05
dick,2e-05
pronounced,2e-05
motorcycle,2e-05
suited,2e-05
angle,2e-05
planner,2e-05
sack,2e-05
laughs,2e-05
intercede,2e-05
dialogue,2e-05
hotels,2e-05
mulla,2e-05
springs,2e-05
creep,2e-05
pork,2e-05
principal,2e-05
gene,2e-05
dishes,2e-05
supplements,2e-05
gathers,2e-05
foot,2e-05
sg,2e-05
potter,2e-05
turds,2e-05
blamed,2e-05
charity,2e-05
nec,2e-05
underlying,2e-05
abundance,2e-05
hiding,2e-05
appealing,2e-05
wig,2e-05
shipper,2e-05
tithe,2e-05
fathers,2e-05
coverage,2e-05
celibate,2e-05
questioning,2e-05
volley,2e-05
victim,2e-05
writer,2e-05
weed,2e-05
loaded,2e-05
complying,2e-05
podium,2e-05
presents,2e-05
suicide,2e-05
cvs,2e-05
ascendancy,2e-05
pact,2e-05
structures,2e-05
matching,2e-05
owed,2e-05
justify,2e-05
balls,2e-05
spanish,2e-05
investigating,2e-05
governorship,2e-05
champ,2e-05
admitted,2e-05
protestants,2e-05
maturity,2e-05
humanism,2e-05
phase,2e-05
spotlight,2e-05
bear,2e-05
extension,2e-05
represented,2e-05
supplies,2e-05
oppressing,2e-05
tea,2e-05
adjusting,2e-05
veteran,2e-05
strapped,2e-05
yearly,2e-05
airing,2e-05
supporters,2e-05
diplomacy,2e-05
hurting,2e-05
cylinder,2e-05
inroads,2e-05
marveled,2e-05
derivative,2e-05
congregations,2e-05
boycotted,2e-05
kashmiris,2e-05
subscribers,2e-05
menu,2e-05
associated,2e-05
accession,2e-05
manure,2e-05
load,2e-05
alexander,2e-05
hobbies,2e-05
laundering,2e-05
tail,2e-05
participated,2e-05
permanent,2e-05
revival,2e-05
symbols,2e-05
hustling,2e-05
taxi,2e-05
weds,2e-05
struggles,2e-05
binned,2e-05
cultist,2e-05
constituents,2e-05
overtake,2e-05
directors,2e-05
chorus,2e-05
fe,2e-05
dismantling,2e-05
blocks,2e-05
bren,2e-05
conscience,2e-05
kenyan,2e-05
pashtoons,2e-05
fabric,2e-05
holders,2e-05
collected,2e-05
keyboards,2e-05
snow,2e-05
invests,2e-05
weathered,2e-05
evil,2e-05
cracking,2e-05
forest,2e-05
licking,2e-05
liberation,2e-05
corrupted,2e-05
dependent,2e-05
sliced,2e-05
triumph,2e-05
warehouses,2e-05
patch,2e-05
aisle,2e-05
shunned,2e-05
floating,2e-05
opposes,2e-05
cooperative,2e-05
achieving,2e-05
browse,2e-05
shorts,2e-05
lad,2e-05
affected,2e-05
ostracism,2e-05
junior,2e-05
articulate,2e-05
excellence,2e-05
sends,2e-05
reviewing,2e-05
jurisprudence,2e-05
compare,2e-05
expressway,2e-05
kitty,2e-05
harms,2e-05
forgot,2e-05
scenes,2e-05
urging,2e-05
boat,2e-05
toughening,2e-05
proving,2e-05
hip,2e-05
agents,2e-05
badge,2e-05
compliments,2e-05
mufti,2e-05
samples,2e-05
muscle,2e-05
synergies,2e-05
messaging,2e-05
courage,2e-05
earphones,2e-05
gi,2e-05
cement,2e-05
automation,2e-05
scream,2e-05
repot,2e-05
hairline,2e-05
overcrowded,2e-05
muffins,2e-05
vocabulary,2e-05
mourning,2e-05
presenting,2e-05
bothering,2e-05
planted,2e-05
serum,2e-05
propelled,2e-05
walking,2e-05
selled,2e-05
rejoicing,2e-05
donations,2e-05
groceries,2e-05
communities,2e-05
aimed,2e-05
stroke,2e-05
linked,2e-05
jabs,2e-05
fifteen,2e-05
prompt,2e-05
delivered,2e-05
pose,2e-05
wellington,2e-05
ventures,2e-05
shying,2e-05
mob,2e-05
vaccines,2e-05
pharaoh,2e-05
afternoon,2e-05
referees,2e-05
borrowers,2e-05
utterances,2e-05
continues,2e-05
tent,2e-05
typed,2e-05
trace,2e-05
migration,2e-05
exhibition,2e-05
provider,2e-05
grandson,2e-05
mil,2e-05
wee,2e-05
frauds,2e-05
hollywood,2e-05
idols,2e-05
consumerism,2e-05
cooperating,2e-05
resorting,2e-05
habits,2e-05
villain,2e-05
beings,2e-05
bi,2e-05
fibre,2e-05
inquiries,2e-05
rs,2e-05
drifted,2e-05
resell,2e-05
tipping,2e-05
ruined,2e-05
spying,2e-05
articulation,2e-05
undermine,2e-05
staying,2e-05
sprite,2e-05
toilet,2e-05
scripted,2e-05
import,2e-05
shopped,2e-05
presage,2e-05
detention,2e-05
meat,2e-05
blues,2e-05
blanket,2e-05
motherfuckers,2e-05
miami,2e-05
aba,2e-05
responded,2e-05
copying,2e-05
xv,2e-05
triggering,2e-05
queues,2e-05
conspiracies,2e-05
succumbed,2e-05
fucked,2e-05
teaches,2e-05
captive,2e-05
funs,2e-05
underscoring,2e-05
stays,2e-05
duck,2e-05
tablets,2e-05
buys,2e-05
glider,2e-05
kitties,2e-05
churn,2e-05
euros,2e-05
escalating,2e-05
waddles,2e-05
replying,2e-05
erect,2e-05
sin,2e-05
uploaded,2e-05
modernized,2e-05
relaxed,2e-05
surveys,2e-05
skepticism,2e-05
auction,2e-05
praise,2e-05
piling,2e-05
raging,2e-05
demonstrating,2e-05
hurricanes,2e-05
bell,2e-05
enjoys,2e-05
preachings,2e-05
blogger,2e-05
clarity,2e-05
awake,2e-05
crusade,2e-05
dragon,2e-05
retrieval,2e-05
tearing,2e-05
nails,2e-05
opportunism,2e-05
patriot,2e-05
surprises,2e-05
hitmen,2e-05
spreads,2e-05
distinguished,2e-05
cheated,2e-05
pens,2e-05
ranging,2e-05
impromptu,2e-05
locations,2e-05
nineteen,2e-05
apologies,2e-05
smashed,2e-05
gallon,2e-05
clown,2e-05
dossiers,2e-05
bassist,2e-05
ranger,2e-05
criminals,2e-05
warn,2e-05
liquid,2e-05
gents,2e-05
companys,2e-05
complaint,2e-05
testing,2e-05
papers,2e-05
remembrance,2e-05
premiered,2e-05
illusions,2e-05
deconstruction,2e-05
exploit,2e-05
consequences,2e-05
mirrors,2e-05
chases,2e-05
leapfrogging,2e-05
stoped,2e-05
formal,2e-05
ab,2e-05
sooner,2e-05
cheat,2e-05
sunday,2e-05
senators,2e-05
icc,2e-05
architect,2e-05
showered,2e-05
spray,2e-05
braced,2e-05
bigots,2e-05
levying,2e-05
causes,2e-05
prohibited,2e-05
cam,2e-05
hairs,2e-05
scandal,2e-05
odyssey,2e-05
pas,2e-05
airlines,2e-05
incomes,2e-05
catching,2e-05
studying,2e-05
unemployed,2e-05
mei,2e-05
beheading,2e-05
sky,2e-05
inventory,2e-05
gymnasts,2e-05
hog,2e-05
ratchet,2e-05
lem,2e-05
worse,2e-05
chemical,2e-05
recommended,2e-05
supremacist,2e-05
robotics,2e-05
formula,2e-05
argues,2e-05
blockbuster,2e-05
rice,2e-05
sannyasis,2e-05
ion,2e-05
miners,2e-05
dependencies,2e-05
repenting,2e-05
killer,2e-05
shatter,2e-05
printing,2e-05
pragmatic,2e-05
reasons,2e-05
barbecue,2e-05
biss,2e-05
abided,2e-05
outperforming,2e-05
persuasions,2e-05
hoax,2e-05
smile,2e-05
learns,2e-05
elderly,2e-05
deserved,2e-05
pockets,2e-05
falsehood,2e-05
contented,2e-05
variants,2e-05
collects,2e-05
translate,2e-05
vending,2e-05
resumed,2e-05
ar,2e-05
opposed,2e-05
facilitates,2e-05
retained,2e-05
coalition,2e-05
creature,2e-05
stability,2e-05
envelope,2e-05
bundles,2e-05
fowl,2e-05
toddler,2e-05
forecasted,2e-05
rapist,2e-05
hyping,2e-05
gridlock,2e-05
cementing,2e-05
hypermarkets,2e-05
grail,2e-05
leads,2e-05
sport,2e-05
intersection,2e-05
hospitals,2e-05
probes,2e-05
pastor,2e-05
trauma,2e-05
customer,2e-05
disrupted,2e-05
lure,2e-05
kudos,2e-05
hoarding,2e-05
visited,2e-05
diamond,2e-05
eu,2e-05
fantasy,2e-05
rack,2e-05
paparazzi,2e-05
awakening,2e-05
subscriptions,2e-05
marketplaces,2e-05
stumbles,2e-05
turns,2e-05
featuring,2e-05
malawian,2e-05
disadvantage,2e-05
gasp,2e-05
detergent,2e-05
emphasised,2e-05
donation,2e-05
leverage,2e-05
intervening,2e-05
johnny,2e-05
cousin,2e-05
dong,2e-05
ball,2e-05
refusing,2e-05
tarot,2e-05
disappointment,2e-05
admiring,2e-05
walled,2e-05
reverse,2e-05
applies,2e-05
strike,2e-05
pickaxe,2e-05
strikes,2e-05
blacks,2e-05
yaws,2e-05
malfeasance,2e-05
lobe,2e-05
programme,2e-05
whores,2e-05
sweater,2e-05
slim,2e-05
casts,2e-05
raked,2e-05
tribes,2e-05
tags,2e-05
messages,2e-05
correcting,2e-05
shorting,2e-05
adversity,2e-05
tightness,2e-05
sink,2e-05
stirred,2e-05
topic,2e-05
encouraged,2e-05
dynasties,2e-05
wb,2e-05
wrecked,2e-05
consists,2e-05
celebrated,2e-05
utility,2e-05
sounds,2e-05
potatos,2e-05
towel,2e-05
entry,2e-05
spotting,2e-05
canon,2e-05
sunk,2e-05
mosques,2e-05
strutting,2e-05
cancelling,2e-05
swept,2e-05
arriving,2e-05
scorpions,2e-05
vaccinating,2e-05
onslaught,2e-05
sequestered,2e-05
pupils,2e-05
suitability,2e-05
alarming,2e-05
jealousy,2e-05
comfort,2e-05
implementation,2e-05
batch,2e-05
tom,2e-05
intervened,2e-05
suits,2e-05
swelled,2e-05
rejects,2e-05
disappeared,2e-05
collectors,2e-05
neighbour,2e-05
provides,2e-05
extortions,2e-05
directing,2e-05
transmission,2e-05
cons,2e-05
contacts,2e-05
looter,2e-05
learned,2e-05
grief,2e-05
visits,2e-05
minds,2e-05
condolence,2e-05
sang,2e-05
technical,2e-05
fucks,2e-05
outfits,2e-05
justification,2e-05
leopard,2e-05
pulse,2e-05
decreases,2e-05
prats,2e-05
practicing,2e-05
hires,2e-05
floatation,2e-05
sipping,2e-05
fancy,2e-05
violations,2e-05
nemesis,2e-05
tantra,2e-05
laptop,2e-05
bridges,2e-05
trouble,2e-05
cia,2e-05
impose,2e-05
wet,2e-05
inauguration,2e-05
plots,2e-05
sac,2e-05
vandalised,2e-05
hailed,2e-05
reject,2e-05
progressive,2e-05
grease,2e-05
scavengers,2e-05
rat,2e-05
shelled,2e-05
emblem,2e-05
heartbeat,2e-05
seniority,2e-05
purity,2e-05
acclaims,2e-05
reviewed,2e-05
scholarships,2e-05
density,2e-05
roll,2e-05
robs,2e-05
disaster,2e-05
contractors,2e-05
rhythm,2e-05
prediction,2e-05
prospectuses,2e-05
spade,2e-05
envisioned,2e-05
inspected,2e-05
extrovert,2e-05
palace,2e-05
upside,2e-05
elements,2e-05
heckling,2e-05
hovered,2e-05
cells,2e-05
presume,2e-05
symptoms,2e-05
fat,2e-05
comb,2e-05
smoked,2e-05
patience,2e-05
inspecting,2e-05
zhou,2e-05
bowl,2e-05
soak,2e-05
tamil,2e-05
butcher,2e-05
seeker,2e-05
mars,2e-05
students,2e-05
bw,2e-05
segments,2e-05
waking,2e-05
moon,2e-05
abdominal,2e-05
native,2e-05
distraction,2e-05
poetry,2e-05
quotation,2e-05
taxpayer,2e-05
mince,2e-05
reinventing,2e-05
blot,2e-05
allaying,2e-05
benjamin,2e-05
roster,2e-05
morgue,2e-05
sorting,2e-05
corrupt,2e-05
borders,2e-05
instruction,2e-05
sadhus,2e-05
degraded,2e-05
weathering,2e-05
breast,2e-05
corrections,2e-05
disturbing,2e-05
answering,2e-05
probity,2e-05
boil,2e-05
wives,2e-05
neighbors,2e-05
spiritual,2e-05
tampered,2e-05
reversal,2e-05
wallets,2e-05
wound,2e-05
sags,2e-05
orphaned,2e-05
bundle,2e-05
seat,2e-05
rubs,2e-05
hay,2e-05
website,2e-05
attest,2e-05
northerners,2e-05
interference,2e-05
tailor,2e-05
devotee,2e-05
returning,2e-05
incompetent,2e-05
bookmark,2e-05
flag,2e-05
velvet,2e-05
budged,2e-05
dry,2e-05
crashed,2e-05
presentation,2e-05
ski,2e-05
ottoman,2e-05
gat,2e-05
nuances,2e-05
rivalry,2e-05
guided,2e-05
bud,2e-05
solutions,2e-05
declaring,2e-05
liberals,2e-05
compromise,2e-05
remuneration,2e-05
fix,2e-05
linking,2e-05
oversees,2e-05
boring,2e-05
domains,2e-05
destiny,2e-05
echoes,2e-05
buyer,2e-05
exacerbate,2e-05
hut,2e-05
discussing,2e-05
singing,2e-05
collapse,2e-05
reminding,2e-05
observing,2e-05
karma,2e-05
processing,2e-05
entitled,2e-05
slang,2e-05
elaborate,2e-05
ratcheted,2e-05
talent,2e-05
accomplished,2e-05
integrity,2e-05
column,2e-05
elevated,2e-05
leveraged,2e-05
anna,2e-05
gossip,2e-05
powdered,2e-05
celebrate,2e-05
deleting,2e-05
retires,2e-05
stockpiles,2e-05
operatives,2e-05
measurement,2e-05
lungs,2e-05
maja,2e-05
charges,2e-05
throats,2e-05
irregular,2e-05
equivalents,2e-05
tad,2e-05
twelve,2e-05
telescope,2e-05
behavior,2e-05
vacillating,2e-05
transformations,2e-05
clamping,2e-05
chicago,2e-05
reserved,2e-05
steals,2e-05
reckoner,2e-05
par,2e-05
winding,2e-05
jay,2e-05
manners,2e-05
climes,2e-05
occur,2e-05
racist,2e-05
donor,2e-05
loyalty,2e-05
swat,2e-05
ship,2e-05
scans,2e-05
reflex,2e-05
resuming,2e-05
hopelessness,2e-05
jags,2e-05
injury,2e-05
designs,2e-05
eldest,2e-05
mfs,2e-05
trick,2e-05
cream,2e-05
yelp,2e-05
enacts,2e-05
compliance,2e-05
woke,2e-05
automakers,2e-05
television,2e-05
improvement,2e-05
hopeful,2e-05
handicap,2e-05
carries,2e-05
opposition,2e-05
inched,2e-05
consolidate,2e-05
yess,2e-05
foodstuffs,2e-05
spice,2e-05
fingers,2e-05
queens,2e-05
cancellation,2e-05
believer,2e-05
tyres,2e-05
plenty,2e-05
churning,2e-05
regulated,2e-05
parole,2e-05
recouped,2e-05
lagged,2e-05
deployed,2e-05
incarnation,2e-05
pretends,2e-05
absurd,2e-05
adopt,2e-05
weighted,2e-05
reverence,2e-05
messaged,2e-05
leaning,2e-05
pms,2e-05
bough,2e-05
scapegoat,2e-05
blasting,2e-05
bulls,2e-05
ripple,2e-05
coincided,2e-05
looses,2e-05
bowman,2e-05
pac,2e-05
tussles,2e-05
dwindling,2e-05
enigma,2e-05
lauded,2e-05
composition,2e-05
shrugging,2e-05
circulation,2e-05
rounds,2e-05
msg,2e-05
flash,2e-05
viewed,2e-05
aditya,2e-05
offend,2e-05
trees,2e-05
bat,2e-05
commercials,2e-05
norms,2e-05
forbidden,2e-05
editors,2e-05
dirty,2e-05
cartoons,2e-05
shoppers,2e-05
associations,2e-05
rig,2e-05
exceeded,2e-05
jokers,2e-05
impediments,2e-05
traveling,2e-05
sticking,2e-05
positions,2e-05
roam,2e-05
window,2e-05
affront,2e-05
stutter,2e-05
compromises,2e-05
gen,2e-05
takeover,2e-05
slides,2e-05
revelation,2e-05
sikhs,2e-05
ticker,2e-05
revamp,2e-05
ace,2e-05
grandstand,2e-05
petroleum,2e-05
foundry,2e-05
connecting,2e-05
wages,2e-05
buns,2e-05
blasphemy,2e-05
chi,2e-05
neighbouring,2e-05
nail,2e-05
burning,2e-05
tons,2e-05
creditors,2e-05
communism,2e-05
bridged,2e-05
responsibility,2e-05
overthrow,2e-05
localize,2e-05
colleague,2e-05
fingerprints,2e-05
slump,2e-05
regions,2e-05
morn,2e-05
ermine,2e-05
crossed,2e-05
commanded,2e-05
lighting,2e-05
stripe,2e-05
kinsmen,2e-05
sick,2e-05
tributes,2e-05
channeling,2e-05
pokes,2e-05
flourishes,2e-05
registrar,2e-05
blackberry,2e-05
balances,2e-05
theory,2e-05
mos,2e-05
tractors,2e-05
quakes,2e-05
tactician,2e-05
caramel,2e-05
grapple,2e-05
reward,2e-05
props,2e-05
harvester,2e-05
lion,2e-05
deliverer,2e-05
supernatural,2e-05
tended,2e-05
dairy,2e-05
spell,2e-05
masjids,2e-05
killing,2e-05
escape,2e-05
touted,2e-05
hospitalized,2e-05
nestled,2e-05
ruled,2e-05
install,2e-05
flora,2e-05
guyss,2e-05
christmas,2e-05
scrapped,2e-05
adjusts,2e-05
commune,2e-05
tens,2e-05
thread,2e-05
mew,2e-05
parking,2e-05
encryption,2e-05
centra,2e-05
raped,2e-05
hire,2e-05
envy,2e-05
wilderness,2e-05
swift,2e-05
embarrassment,2e-05
kirk,2e-05
embedded,2e-05
abdomen,2e-05
palestinians,2e-05
restarted,2e-05
clothes,2e-05
rhinestone,2e-05
background,2e-05
symbol,2e-05
guiding,2e-05
bossss,2e-05
resources,2e-05
baffling,2e-05
compelling,2e-05
forms,2e-05
breakdown,2e-05
pump,2e-05
gifts,2e-05
ticked,2e-05
films,2e-05
stammering,2e-05
sickle,2e-05
flood,2e-05
simile,2e-05
eloquence,2e-05
wars,2e-05
joker,2e-05
ripples,2e-05
pros,2e-05
dominating,2e-05
ability,2e-05
bold,2e-05
extent,2e-05
sweetening,2e-05
hinduism,2e-05
fuss,2e-05
theories,2e-05
forays,2e-05
token,2e-05
schemes,2e-05
ignore,2e-05
root,2e-05
bakery,2e-05
appointments,2e-05
denials,2e-05
partnering,2e-05
mingling,2e-05
activist,2e-05
charger,2e-05
sidelined,2e-05
signature,2e-05
prepare,2e-05
cops,2e-05
washing,2e-05
interface,2e-05
empathy,2e-05
alleyways,2e-05
hrs,2e-05
polythene,2e-05
components,2e-05
corresponding,2e-05
male,2e-05
lockdowns,2e-05
improvements,2e-05
recall,2e-05
spit,2e-05
shedding,2e-05
deserve,2e-05
ambition,2e-05
gnus,2e-05
delaying,2e-05
laboured,2e-05
hubbub,2e-05
faltered,2e-05
one,2e-05
chains,2e-05
am,2e-05
messenger,2e-05
crinkles,2e-05
justifying,2e-05
crescent,2e-05
galena,2e-05
comprehension,2e-05
built,2e-05
chewing,2e-05
voodoo,2e-05
borough,2e-05
trucks,2e-05
advancing,2e-05
experimenting,2e-05
ads,2e-05
proceed,2e-05
quiet,2e-05
constituent,2e-05
truck,2e-05
tails,2e-05
routine,2e-05
mantras,2e-05
banner,2e-05
bruised,2e-05
wale,2e-05
sadhu,2e-05
indaba,2e-05
hardware,2e-05
nameplate,2e-05
urge,2e-05
swayed,2e-05
comparing,2e-05
proprietary,2e-05
sikh,2e-05
soar,2e-05
ideas,2e-05
fitness,2e-05
anthem,2e-05
screaming,2e-05
danish,2e-05
cigar,2e-05
smooth,2e-05
hammers,2e-05
aged,2e-05
intention,2e-05
remainder,2e-05
twisted,2e-05
computers,2e-05
hiring,2e-05
exhibit,2e-05
lit,2e-05
irony,2e-05
manipulating,2e-05
hats,2e-05
belle,2e-05
prognosis,2e-05
worthy,2e-05
commend,2e-05
triplet,2e-05
footballer,2e-05
surprised,2e-05
rides,2e-05
packs,2e-05
handed,2e-05
forego,2e-05
toast,2e-05
zoom,2e-05
bunny,2e-05
demands,2e-05
activated,2e-05
announcing,2e-05
follows,2e-05
freezer,2e-05
severity,2e-05
debilitating,2e-05
niche,2e-05
manipulation,2e-05
collaborations,2e-05
venues,2e-05
democracy,2e-05
dubbed,2e-05
disrespecting,2e-05
fas,2e-05
elaborating,2e-05
helps,2e-05
incorporated,2e-05
excuses,2e-05
modules,2e-05
closet,2e-05
commodities,2e-05
degree,2e-05
mummy,2e-05
propelling,2e-05
thumbs,2e-05
vodka,2e-05
arguing,2e-05
concluded,2e-05
sura,2e-05
medicines,2e-05
vixen,2e-05
wasted,2e-05
scooter,2e-05
dutch,2e-05
deactivate,2e-05
packed,2e-05
stigmatising,2e-05
catering,2e-05
scarcity,2e-05
connect,2e-05
bribe,2e-05
achieve,2e-05
devotion,2e-05
pages,2e-05
frank,2e-05
ears,2e-05
thb,2e-05
possessed,2e-05
exporting,2e-05
displayed,2e-05
conversations,2e-05
boobs,2e-05
riot,2e-05
muffler,2e-05
rubbish,2e-05
korean,2e-05
analysing,2e-05
speaks,2e-05
silicon,2e-05
masks,2e-05
continuation,2e-05
godfather,2e-05
bs,2e-05
employers,2e-05
nationalism,2e-05
cabals,2e-05
israeli,2e-05
beer,2e-05
smiles,2e-05
rb,2e-05
invite,2e-05
daydreaming,2e-05
executing,2e-05
batteries,2e-05
evidenced,2e-05
communications,2e-05
medics,2e-05
contracting,2e-05
ranks,2e-05
prohibiting,2e-05
worrying,2e-05
paradigm,2e-05
cm,2e-05
curfew,2e-05
negotiating,2e-05
subsidies,2e-05
sera,2e-05
timer,2e-05
feelings,2e-05
bedroom,2e-05
cemented,2e-05
knack,2e-05
overextended,2e-05
distributors,2e-05
cab,2e-05
penetration,2e-05
racing,2e-05
bullets,2e-05
siding,2e-05
penalties,2e-05
breeze,2e-05
outcry,2e-05
pet,2e-05
courts,2e-05
capture,2e-05
breath,2e-05
retiree,2e-05
port,2e-05
frustrated,2e-05
stadium,2e-05
campaigning,2e-05
labor,2e-05
northern,2e-05
rant,2e-05
cakes,2e-05
leisure,2e-05
noted,2e-05
knife,2e-05
levies,2e-05
misses,2e-05
staged,2e-05
steelmakers,2e-05
covet,2e-05
hide,2e-05
rewarded,2e-05
poses,2e-05
civility,2e-05
celebrating,2e-05
consultants,2e-05
picker,2e-05
trembling,2e-05
affects,2e-05
attracts,2e-05
communitys,2e-05
spirits,2e-05
signage,2e-05
coss,2e-05
painting,2e-05
haste,2e-05
ana,2e-05
honeybees,2e-05
absent,2e-05
dawn,2e-05
bride,2e-05
subtracting,2e-05
ukrainian,2e-05
requesting,2e-05
busted,2e-05
correction,2e-05
nerd,2e-05
slashed,2e-05
bungalow,2e-05
spanner,2e-05
wheat,2e-05
mushroom,2e-05
qualms,2e-05
investigator,2e-05
saboteur,2e-05
retrospect,2e-05
pupil,2e-05
emergency,2e-05
conglomerates,2e-05
thanksgiving,2e-05
honor,2e-05
acted,2e-05
touch,2e-05
celebrities,2e-05
secular,2e-05
vigil,2e-05
prophecies,2e-05
mara,2e-05
shuts,2e-05
ruff,2e-05
displaying,2e-05
dy,2e-05
backdrop,2e-05
favored,2e-05
hecklers,2e-05
signals,2e-05
convicted,2e-05
foils,2e-05
alpha,2e-05
reduced,2e-05
authoritarian,2e-05
suggest,2e-05
lush,2e-05
setup,2e-05
stern,2e-05
fizzling,2e-05
ring,2e-05
bench,2e-05
ducked,2e-05
disrespect,2e-05
turbulence,2e-05
fixture,2e-05
magnet,2e-05
efficiency,2e-05
dominates,2e-05
mari,2e-05
cuisines,2e-05
blowing,2e-05
biology,2e-05
saucer,2e-05
logic,2e-05
pioneer,2e-05
knees,2e-05
rooster,2e-05
untying,2e-05
counter,2e-05
cracks,2e-05
desert,2e-05
progressed,2e-05
aus,2e-05
shale,2e-05
tumor,2e-05
canter,2e-05
heyday,2e-05
gambling,2e-05
anime,2e-05
eclipsing,2e-05
revitalise,2e-05
elite,2e-05
mall,2e-05
clicks,2e-05
mis,2e-05
raw,2e-05
repurchase,2e-05
whispering,2e-05
pep,2e-05
wagered,2e-05
branded,2e-05
chaos,2e-05
drinks,2e-05
gecko,2e-05
sizes,2e-05
demolishing,2e-05
rank,2e-05
statue,2e-05
jeering,2e-05
challenging,2e-05
minis,2e-05
fines,2e-05
doyens,2e-05
telecom,2e-05
chef,2e-05
thieve,2e-05
suite,2e-05
fruit,2e-05
ruin,2e-05
mastery,2e-05
sexism,2e-05
grows,2e-05
spits,2e-05
doubling,2e-05
finder,2e-05
flaws,2e-05
gifting,2e-05
pakistani,2e-05
steel,2e-05
treat,2e-05
clauses,2e-05
rift,2e-05
swirl,2e-05
musical,2e-05
cactus,2e-05
changing,2e-05
workforce,2e-05
priests,2e-05
thrashed,2e-05
purification,2e-05
fatigue,2e-05
cosmos,2e-05
lens,2e-05
issuing,2e-05
construction,2e-05
recording,2e-05
dark,2e-05
overcome,2e-05
arsenal,2e-05
loading,2e-05
band,2e-05
knowing,2e-05
biotechnology,2e-05
concept,2e-05
coca,2e-05
mulberry,2e-05
preparations,2e-05
scrambled,2e-05
analogies,2e-05
ink,2e-05
generates,2e-05
advantages,2e-05
discourse,2e-05
dyed,2e-05
appreciation,2e-05
powerhouse,2e-05
lifting,2e-05
oppressors,2e-05
victor,2e-05
greed,2e-05
peer,2e-05
mechanic,2e-05
prince,2e-05
deserves,2e-05
sewer,2e-05
momma,2e-05
racked,2e-05
caste,2e-05
yule,2e-05
shakes,2e-05
spectacular,2e-05
sticker,2e-05
overlooked,2e-05
restriction,2e-05
clarifying,2e-05
combination,2e-05
comrade,2e-05
doubles,2e-05
igbo,2e-05
gran,2e-05
branches,2e-05
freeze,2e-05
usage,2e-05
algerian,2e-05
peaks,2e-05
scientists,2e-05
embarrass,2e-05
messengers,2e-05
seize,2e-05
paychecks,2e-05
salaries,2e-05
disclosed,2e-05
patient,2e-05
captions,2e-05
computing,2e-05
uighurs,2e-05
mentor,2e-05
ag,2e-05
snub,2e-05
halted,2e-05
casket,2e-05
agar,2e-05
papa,2e-05
lords,2e-05
draft,2e-05
positives,2e-05
opec,2e-05
mahatma,2e-05
enlisting,2e-05
nonprofits,2e-05
upset,2e-05
expansion,2e-05
wailer,2e-05
replacing,2e-05
cdc,2e-05
steam,2e-05
ds,2e-05
ionic,2e-05
heightened,2e-05
dissipation,2e-05
gotten,2e-05
rebut,2e-05
overhead,2e-05
subsidiary,2e-05
stints,2e-05
overconfidence,2e-05
savvy,2e-05
depository,2e-05
seminar,2e-05
enemy,2e-05
offensive,2e-05
bug,2e-05
picks,2e-05
competence,2e-05
benefitted,2e-05
stalled,2e-05
injections,2e-05
partake,2e-05
complaining,2e-05
averaged,2e-05
issuer,2e-05
shape,2e-05
illusion,2e-05
throwers,2e-05
now,2e-05
findings,2e-05
functions,2e-05
biriani,2e-05
landlord,2e-05
maid,2e-05
amounts,2e-05
addiction,2e-05
kwanza,2e-05
lessons,2e-05
restricted,2e-05
recognized,2e-05
sworn,2e-05
bubbles,2e-05
grass,2e-05
revived,2e-05
herd,2e-05
framed,2e-05
uniform,2e-05
smeared,2e-05
suppressing,2e-05
did,2e-05
scope,2e-05
greats,2e-05
messiah,2e-05
improving,2e-05
spewing,2e-05
boniface,2e-05
realize,2e-05
zenith,2e-05
kitchen,2e-05
priorities,2e-05
commissions,2e-05
sagged,2e-05
searched,2e-05
cylinders,2e-05
din,2e-05
prayed,2e-05
localise,2e-05
admire,2e-05
nods,2e-05
chills,2e-05
borrow,2e-05
marrying,2e-05
midnight,2e-05
excess,2e-05
pawn,2e-05
mill,2e-05
timing,2e-05
leapt,2e-05
ton,2e-05
figuring,2e-05
tribute,2e-05
agriculture,2e-05
assembly,2e-05
boutique,2e-05
rocketed,2e-05
raged,2e-05
moviegoers,2e-05
satin,2e-05
amir,2e-05
swami,2e-05
strips,2e-05
clientele,2e-05
meanies,2e-05
seventh,2e-05
gp,2e-05
fella,2e-05
travelled,2e-05
depth,2e-05
saplings,2e-05
plateau,2e-05
innocent,2e-05
maintained,2e-05
pussy,2e-05
anniversary,2e-05
bloc,2e-05
belong,2e-05
abandon,2e-05
bail,2e-05
beliefs,2e-05
resistance,2e-05
neighbourhood,2e-05
runner,2e-05
haul,2e-05
pi,2e-05
bender,2e-05
reigns,2e-05
loaf,2e-05
duke,2e-05
smacks,2e-05
repayment,2e-05
