bank,0.03465
co,0.01679
said,0.01577
https,0.01426
year,0.00745
data,0.00666
banks,0.00658
diversity,0.00561
work,0.00542
market,0.00482
black,0.00451
disclose,0.00428
investors,0.00414
take,0.0041
pandemic,0.00397
office,0.00375
markets,0.00373
targets,0.00364
last,0.00333
senior,0.00331
group,0.00319
business,0.00315
information,0.00315
branch,0.00313
contact,0.00308
workforce,0.00308
minutes,0.00308
investment,0.0029
stocks,0.00286
people,0.00269
york,0.00269
company,0.00267
oil,0.00263
companies,0.00257
click,0.00255
time,0.00255
first,0.00253
stock,0.0025
report,0.00244
trading,0.0024
representation,0.0024
photo,0.0024
chief,0.00238
quarter,0.00238
like,0.00236
credit,0.00232
street,0.00226
week,0.00221
earnings,0.00221
shares,0.00221
increase,0.00221
top,0.00219
government,0.00219
employees,0.00219
file,0.00217
trump,0.00213
years,0.00209
growth,0.00201
president,0.00199
according,0.00197
months,0.00195
minority,0.00192
inc,0.0019
pay,0.00188
day,0.00188
bond,0.00186
account,0.00186
spokesman,0.00182
management,0.00182
level,0.0018
make,0.00176
dollar,0.00174
month,0.00174
get,0.00174
banking,0.00174
economy,0.0017
money,0.00168
look,0.00166
world,0.00166
led,0.00166
specific,0.00166
analysts,0.00164
end,0.00161
wells,0.00161
ethnic,0.00159
race,0.00159
united,0.00159
head,0.00157
part,0.00155
much,0.00155
revenue,0.00153
deal,0.00153
debt,0.00151
interest,0.00151
major,0.00151
large,0.00149
price,0.00147
rate,0.00147
still,0.00145
european,0.00145
working,0.00143
including,0.00143
capital,0.00143
sector,0.00141
points,0.00141
index,0.00141
number,0.00139
term,0.00139
need,0.00139
third,0.00139
see,0.00137
fell,0.00137
provided,0.00135
income,0.00135
states,0.00135
prices,0.00132
became,0.00132
country,0.00132
share,0.00132
say,0.0013
inflation,0.0013
corp,0.0013
well,0.0013
high,0.00128
made,0.00128
long,0.00126
energy,0.00126
ethnicity,0.00124
stimulus,0.00124
currencies,0.00124
back,0.00122
use,0.00122
state,0.00122
roles,0.00122
news,0.00122
executive,0.0012
former,0.0012
past,0.0012
comment,0.0012
october,0.0012
special,0.00118
low,0.00118
staff,0.00118
rose,0.00118
going,0.00116
help,0.00116
buy,0.00116
loans,0.00114
value,0.00114
profit,0.00112
sales,0.00112
rates,0.00112
technology,0.00112
fund,0.00112
equity,0.00112
record,0.00112
guy,0.0011
tax,0.0011
google,0.00108
target,0.00108
volatility,0.00108
groups,0.00108
currency,0.00108
home,0.00106
american,0.00106
looking,0.00106
chinese,0.00106
leadership,0.00106
levels,0.00103
sec,0.00103
overall,0.00103
even,0.00103
plans,0.00103
recovery,0.00103
building,0.00103
second,0.00103
election,0.00101
loan,0.00101
go,0.00101
provide,0.00101
least,0.00101
giants,0.00101
cash,0.00099
progress,0.00099
demand,0.00099
collects,0.00099
spokeswoman,0.00097
bonds,0.00097
plan,0.00097
fed,0.00097
central,0.00097
public,0.00097
march,0.00095
change,0.00095
crisis,0.00095
city,0.00095
lenders,0.00095
law,0.00095
federal,0.00095
gap,0.00095
case,0.00095
making,0.00093
total,0.00093
weeks,0.00093
industry,0.00093
services,0.00091
charter,0.00091
best,0.00091
small,0.00091
due,0.00091
added,0.00091
risk,0.00091
investments,0.00089
asian,0.00089
lower,0.00089
live,0.00089
hit,0.00089
jobs,0.00087
today,0.00087
yields,0.00087
headcount,0.00087
cut,0.00087
average,0.00087
vaccine,0.00087
socialist,0.00087
way,0.00085
support,0.00085
analyst,0.00085
says,0.00085
manager,0.00085
se,0.00083
businesses,0.00083
good,0.00081
potential,0.00081
gains,0.00081
card,0.00081
trade,0.00081
right,0.00081
private,0.00081
firm,0.00081
days,0.00081
finance,0.00081
bankers,0.00079
consumer,0.00079
following,0.00079
announced,0.00079
international,0.00079
september,0.00079
rising,0.00079
focused,0.00079
lead,0.00079
reporting,0.00077
declined,0.00077
season,0.00077
cities,0.00077
ceo,0.00077
think,0.00077
sources,0.00077
helped,0.00075
morgan,0.00075
amp,0.00075
output,0.00075
futures,0.00075
started,0.00075
clear,0.00075
enough,0.00075
latin,0.00075
exchange,0.00075
start,0.00072
graphic,0.00072
close,0.00072
unemployment,0.00072
losses,0.00072
china,0.0007
signed,0.0007
treasury,0.0007
near,0.0007
clients,0.0007
asset,0.0007
dollars,0.0007
net,0.0007
improve,0.0007
crude,0.0007
desperate,0.0007
taxes,0.00068
leaders,0.00068
told,0.00068
yield,0.00068
better,0.00068
house,0.00068
holding,0.00068
check,0.00066
decision,0.00066
research,0.00066
short,0.00066
concerns,0.00066
reported,0.00066
highs,0.00066
thanks,0.00066
population,0.00066
annual,0.00066
standard,0.00066
assets,0.00066
great,0.00066
estimates,0.00066
changes,0.00066
real,0.00064
reserve,0.00064
member,0.00064
policy,0.00064
continue,0.00064
place,0.00062
white,0.00062
doe,0.00062
positive,0.00062
workers,0.00062
customers,0.00062
expectations,0.00062
getting,0.00062
dropped,0.00062
secret,0.00062
wealth,0.0006
showed,0.0006
profits,0.0006
move,0.0006
results,0.0006
felt,0.0006
sign,0.0006
minister,0.0006
securities,0.0006
general,0.0006
officer,0.0006
hold,0.0006
british,0.0006
forecasts,0.0006
spending,0.0006
true,0.00058
problem,0.00058
constituent,0.00058
shows,0.00058
equality,0.00058
justice,0.00058
view,0.00058
collecting,0.00058
issues,0.00058
food,0.00058
full,0.00058
institutions,0.00058
want,0.00058
claim,0.00058
team,0.00058
monday,0.00058
bringing,0.00058
taking,0.00058
countries,0.00058
key,0.00058
future,0.00058
set,0.00058
tuesday,0.00056
cost,0.00056
job,0.00056
question,0.00056
coming,0.00056
outside,0.00056
calls,0.00056
expect,0.00056
wall,0.00056
adding,0.00056
raised,0.00056
created,0.00056
euros,0.00056
power,0.00056
thursday,0.00054
national,0.00054
balance,0.00054
forecast,0.00054
survey,0.00054
amazon,0.00054
projects,0.00054
fourth,0.00054
vice,0.00054
process,0.00054
colleagues,0.00054
times,0.00054
executives,0.00054
board,0.00054
forward,0.00054
quarterly,0.00054
sell,0.00052
initiative,0.00052
strategy,0.00052
expected,0.00052
man,0.00052
lost,0.00052
apple,0.00052
half,0.00052
open,0.00052
client,0.00052
local,0.00052
firms,0.00052
lack,0.00052
funds,0.00052
summer,0.00052
increasing,0.00052
advisory,0.00052
barrel,0.00052
investor,0.00052
chile,0.0005
euro,0.0005
strategists,0.0005
chase,0.0005
department,0.0005
self,0.0005
gold,0.0005
offering,0.0005
buying,0.0005
stadium,0.0005
boost,0.0005
focus,0.0005
outlook,0.0005
growing,0.0005
buyers,0.0005
gdp,0.0005
possible,0.0005
collect,0.0005
program,0.0005
death,0.00048
got,0.00048
benefit,0.00048
costs,0.00048
example,0.00048
action,0.00048
managers,0.00048
members,0.00048
rise,0.00048
performance,0.00048
package,0.00048
health,0.00048
line,0.00048
expects,0.00048
social,0.00048
watch,0.00048
matter,0.00046
wrote,0.00046
know,0.00046
active,0.00046
north,0.00046
person,0.00046
actions,0.00046
note,0.00046
cents,0.00046
talks,0.00046
picture,0.00046
current,0.00046
employment,0.00046
closed,0.00046
uncertainty,0.00046
memo,0.00046
order,0.00046
reports,0.00046
bad,0.00046
advance,0.00043
drop,0.00043
in,0.00043
deals,0.00043
experience,0.00043
lows,0.00043
recession,0.00043
benefits,0.00043
product,0.00043
fall,0.00043
cases,0.00043
strategist,0.00043
carbon,0.00043
communities,0.00043
main,0.00043
constitution,0.00043
mean,0.00043
daily,0.00043
trend,0.00043
june,0.00043
list,0.00043
regulators,0.00043
era,0.00043
community,0.00043
position,0.00041
rules,0.00041
ends,0.00041
inclusion,0.00041
post,0.00041
statement,0.00041
shareholders,0.00041
valuation,0.00041
force,0.00041
aid,0.00041
control,0.00041
call,0.00041
accounts,0.00041
holdings,0.00041
corporation,0.00041
workforces,0.00041
labor,0.00041
reason,0.00041
raise,0.00041
kept,0.00041
indexes,0.00041
emerging,0.00041
cuts,0.00041
worst,0.00041
bought,0.00041
hopes,0.00041
rallied,0.00041
publishing,0.00041
mortgage,0.00041
show,0.00041
moves,0.00041
hostage,0.00041
figures,0.00041
consumers,0.00041
images,0.00041
jumped,0.00041
remains,0.00041
fees,0.00041
posted,0.00039
production,0.00039
composite,0.00039
chartered,0.00039
fraud,0.00039
lot,0.00039
estimate,0.00039
face,0.00039
patent,0.00039
range,0.00039
bill,0.00039
course,0.00039
left,0.00039
victory,0.00039
win,0.00039
budget,0.00039
find,0.00039
talent,0.00039
spikes,0.00039
efforts,0.00039
august,0.00039
give,0.00039
gained,0.00039
gain,0.00039
committee,0.00039
transactions,0.00039
conclude,0.00039
address,0.00039
sharp,0.00039
worth,0.00039
priority,0.00039
effort,0.00037
story,0.00037
found,0.00037
returns,0.00037
employee,0.00037
tech,0.00037
john,0.00037
maker,0.00037
brown,0.00037
project,0.00037
double,0.00037
return,0.00037
reserves,0.00037
held,0.00037
review,0.00037
young,0.00037
exposure,0.00037
helping,0.00037
portfolio,0.00037
comes,0.00037
elections,0.00037
fact,0.00037
ready,0.00037
economist,0.00037
come,0.00037
rally,0.00037
logo,0.00037
took,0.00037
impact,0.00037
join,0.00037
ratio,0.00037
sharing,0.00037
initial,0.00037
offer,0.00037
session,0.00037
received,0.00037
measure,0.00037
point,0.00037
opportunity,0.00037
ignore,0.00035
virus,0.00035
pledges,0.00035
phone,0.00035
december,0.00035
hours,0.00035
wait,0.00035
identify,0.00035
age,0.00035
put,0.00035
period,0.00035
latest,0.00035
court,0.00035
cap,0.00035
jan,0.00035
family,0.00035
little,0.00035
school,0.00035
disease,0.00035
pressure,0.00035
april,0.00035
colour,0.00035
sheet,0.00035
french,0.00035
names,0.00035
areas,0.00035
russian,0.00035
gas,0.00035
base,0.00035
car,0.00035
products,0.00035
worked,0.00033
magazine,0.00033
leading,0.00033
pointed,0.00033
revenues,0.00033
stake,0.00033
free,0.00033
pounds,0.00033
peso,0.00033
recruitment,0.00033
brazil,0.00033
drive,0.00033
citing,0.00033
commission,0.00033
ministry,0.00033
asked,0.00033
relations,0.00033
disclosure,0.00033
source,0.00033
raising,0.00033
longer,0.00033
july,0.00033
believe,0.00033
ppp,0.00033
shores,0.00033
walker,0.00033
hr,0.00033
environment,0.00033
lawyers,0.00033
forgiveness,0.00033
safe,0.00033
supply,0.00033
track,0.00033
policies,0.00033
measures,0.00033
comments,0.00033
analysis,0.00031
owner,0.00031
rivals,0.00031
straight,0.00031
risks,0.00031
behind,0.00031
called,0.00031
response,0.00031
despite,0.00031
launches,0.00031
sensitive,0.00031
approved,0.00031
infrastructure,0.00031
surge,0.00031
using,0.00031
sudanese,0.00031
compliance,0.00031
issue,0.00031
challenges,0.00031
cards,0.00031
class,0.00031
trying,0.00031
break,0.00031
system,0.00031
chance,0.00031
agreed,0.00031
customer,0.00029
visa,0.00029
alphabet,0.00029
came,0.00029
common,0.00029
police,0.00029
sponsor,0.00029
life,0.00029
racism,0.00029
final,0.00029
rebound,0.00029
loss,0.00029
division,0.00029
savings,0.00029
fig,0.00029
hope,0.00029
payrolls,0.00029
keep,0.00029
socialists,0.00029
development,0.00029
aside,0.00029
construction,0.00029
result,0.00029
related,0.00029
role,0.00029
fuel,0.00029
activity,0.00029
emissions,0.00029
thousands,0.00029
women,0.00029
pushing,0.00029
scandal,0.00029
headquarters,0.00029
peers,0.00029
editing,0.00029
core,0.00027
equivalent,0.00027
author,0.00027
heavy,0.00027
sentiment,0.00027
volume,0.00027
increased,0.00027
unit,0.00027
january,0.00027
ending,0.00027
ipo,0.00027
date,0.00027
prime,0.00027
field,0.00027
changed,0.00027
task,0.00027
referring,0.00027
grow,0.00027
decades,0.00027
vote,0.00027
listing,0.00027
represented,0.00027
numbers,0.00027
run,0.00027
include,0.00027
respondents,0.00027
pace,0.00027
swiss,0.00027
resurgence,0.00027
saying,0.00027
americans,0.00027
saw,0.00027
reach,0.00027
travel,0.00027
programs,0.00027
chairman,0.00027
leader,0.00027
square,0.00027
familiar,0.00027
shareholder,0.00027
asia,0.00027
protests,0.00027
airlines,0.00027
giving,0.00027
leave,0.00027
relief,0.00027
japan,0.00027
event,0.00027
moving,0.00027
portion,0.00027
union,0.00027
fear,0.00025
problems,0.00025
debit,0.00025
remittances,0.00025
climate,0.00025
commercial,0.00025
director,0.00025
democrats,0.00025
cigarette,0.00025
become,0.00025
electric,0.00025
weekend,0.00025
secretary,0.00025
wednesday,0.00025
pound,0.00025
temporary,0.00025
includes,0.00025
personal,0.00025
security,0.00025
terms,0.00025
charlotte,0.00025
series,0.00025
europe,0.00025
cola,0.00025
transfer,0.00025
brazilian,0.00025
economies,0.00025
questions,0.00025
backed,0.00025
talking,0.00025
sectors,0.00025
makes,0.00025
movement,0.00025
property,0.00025
league,0.00025
shift,0.00025
coffee,0.00025
commitment,0.00025
playing,0.00025
service,0.00025
pushed,0.00025
partners,0.00025
settlement,0.00025
alternative,0.00025
protection,0.00025
planning,0.00025
sustained,0.00025
conference,0.00025
slump,0.00025
supporting,0.00025
whistleblower,0.00025
concern,0.00025
reduce,0.00025
remained,0.00025
closing,0.00025
decline,0.00025
decade,0.00025
partnering,0.00023
name,0.00023
out,0.00023
lockdowns,0.00023
hitting,0.00023
began,0.00023
access,0.00023
hiring,0.00023
platform,0.00023
cloud,0.00023
proposal,0.00023
ones,0.00023
housing,0.00023
off,0.00023
gs,0.00023
so,0.00023
inning,0.00023
friday,0.00023
offset,0.00023
students,0.00023
beat,0.00023
please,0.00023
idea,0.00023
express,0.00023
gross,0.00023
checks,0.00023
donated,0.00023
insurance,0.00023
media,0.00023
lines,0.00023
african,0.00023
spy,0.00023
beginning,0.00023
signs,0.00023
step,0.00023
ms,0.00023
christian,0.00023
fine,0.00023
candidate,0.00023
joint,0.00023
lend,0.00023
coca,0.00023
benchmark,0.00023
video,0.00023
followed,0.00023
continued,0.00023
negative,0.00023
side,0.00023
party,0.00023
basis,0.00023
reducing,0.00023
slow,0.00023
promotions,0.00023
wave,0.00023
lender,0.00023
things,0.00023
sports,0.00023
lawyer,0.00023
industries,0.00023
slipped,0.00023
investigation,0.00023
issuers,0.00023
multiple,0.00023
trends,0.00023
bull,0.00023
article,0.00023
steps,0.00023
guidance,0.00023
option,0.00023
practice,0.00023
produce,0.00023
joined,0.00023
front,0.00023
hedging,0.00021
residents,0.00021
read,0.00021
announces,0.00021
filing,0.00021
nations,0.00021
differences,0.00021
waiting,0.00021
love,0.00021
ge,0.00021
participation,0.00021
banker,0.00021
swings,0.00021
induced,0.00021
seems,0.00021
volatile,0.00021
size,0.00021
round,0.00021
trades,0.00021
career,0.00021
paid,0.00021
developed,0.00021
penalties,0.00021
smoke,0.00021
climbed,0.00021
prompted,0.00021
east,0.00021
feel,0.00021
views,0.00021
old,0.00021
wake,0.00021
mexican,0.00021
rises,0.00021
recorded,0.00021
millions,0.00021
print,0.00021
limited,0.00021
super,0.00021
official,0.00021
equities,0.00021
vaccines,0.00021
afternoon,0.00021
borrowers,0.00021
economists,0.00021
delivery,0.00021
bid,0.00021
changing,0.00021
search,0.00021
provider,0.00021
valuations,0.00021
fallout,0.00021
organization,0.00021
ripple,0.00021
congress,0.00021
situation,0.00021
means,0.00021
morning,0.00021
associates,0.00021
ended,0.00021
west,0.00021
game,0.00021
defended,0.00021
cars,0.00021
payments,0.00021
investing,0.00021
el,0.00021
middle,0.00021
region,0.00021
transparency,0.00021
worse,0.00021
managing,0.00021
equipment,0.00021
lending,0.00021
requests,0.00021
forum,0.00021
background,0.00021
coalition,0.00021
charge,0.00021
coin,0.00019
jump,0.00019
happen,0.00019
layoffs,0.00019
takes,0.00019
crash,0.00019
accompanying,0.00019
extra,0.00019
moved,0.00019
spoke,0.00019
cross,0.00019
advancing,0.00019
senate,0.00019
appears,0.00019
programme,0.00019
breaks,0.00019
conditions,0.00019
virgin,0.00019
spring,0.00019
nigerian,0.00019
founding,0.00019
speed,0.00019
fields,0.00019
processes,0.00019
atm,0.00019
structure,0.00019
edd,0.00019
remain,0.00019
systems,0.00019
counsel,0.00019
majors,0.00019
surged,0.00019
illustration,0.00019
retention,0.00019
let,0.00019
ladies,0.00019
enhanced,0.00019
borrowing,0.00019
claims,0.00019
falls,0.00019
room,0.00019
exploring,0.00019
tools,0.00019
trial,0.00019
fanfare,0.00019
site,0.00019
rescue,0.00019
optimism,0.00019
circuit,0.00019
jenny,0.00019
effect,0.00019
collected,0.00019
falling,0.00019
basket,0.00019
achieving,0.00019
went,0.00019
reduced,0.00019
organisation,0.00019
transaction,0.00019
intermediate,0.00019
caution,0.00019
normal,0.00019
charges,0.00019
doubling,0.00019
proceeds,0.00019
units,0.00019
confidence,0.00019
hollywood,0.00019
sanctions,0.00019
advertising,0.00019
begin,0.00019
estate,0.00019
composition,0.00019
interview,0.00019
establish,0.00019
book,0.00019
running,0.00019
comprehensive,0.00019
extreme,0.00019
attention,0.00019
german,0.00019
sale,0.00019
inequality,0.00019
regarding,0.00019
scam,0.00019
blow,0.00019
orders,0.00019
nation,0.00019
brought,0.00019
representative,0.00019
stepped,0.00019
depository,0.00019
corporations,0.00019
hurt,0.00019
gave,0.00019
italian,0.00019
type,0.00019
needs,0.00019
gentlemen,0.00019
norwegian,0.00019
spent,0.00019
filled,0.00019
consensus,0.00019
bets,0.00019
regime,0.00019
doj,0.00019
adds,0.00019
failed,0.00019
aim,0.00019
sending,0.00019
culture,0.00019
living,0.00019
officials,0.00019
declines,0.00019
soaring,0.00017
factors,0.00017
offers,0.00017
suggesting,0.00017
aims,0.00017
shifting,0.00017
recalled,0.00017
blog,0.00017
institution,0.00017
showing,0.00017
announce,0.00017
enrichment,0.00017
aggressions,0.00017
agreement,0.00017
spot,0.00017
billions,0.00017
governments,0.00017
themes,0.00017
meeting,0.00017
land,0.00017
collating,0.00017
re,0.00017
flat,0.00017
sight,0.00017
japanese,0.00017
fixed,0.00017
nothing,0.00017
leaving,0.00017
method,0.00017
achieve,0.00017
exporting,0.00017
grey,0.00017
partner,0.00017
mike,0.00017
footprint,0.00017
relative,0.00017
feedback,0.00017
bowl,0.00017
build,0.00017
authorities,0.00017
investigating,0.00017
ba,0.00017
starting,0.00017
filed,0.00017
request,0.00017
identification,0.00017
enhancing,0.00017
mentoring,0.00017
internet,0.00017
seeking,0.00017
accelerated,0.00017
nationality,0.00017
up,0.00017
trials,0.00017
talk,0.00017
fans,0.00017
focuses,0.00017
network,0.00017
treatment,0.00017
sent,0.00017
fridges,0.00017
bonus,0.00017
responsibilities,0.00017
minorities,0.00017
fines,0.00017
generation,0.00017
driving,0.00017
safety,0.00017
venture,0.00017
map,0.00017
aspirations,0.00017
loyalty,0.00017
goes,0.00017
encourages,0.00017
cautious,0.00017
interests,0.00017
named,0.00017
exchanges,0.00017
brent,0.00017
tests,0.00017
owners,0.00017
activities,0.00017
assistance,0.00017
materials,0.00017
link,0.00017
window,0.00017
detail,0.00017
vaccination,0.00017
representing,0.00017
tracking,0.00017
comeback,0.00017
switch,0.00017
launch,0.00017
district,0.00017
allegiance,0.00017
wrong,0.00017
progression,0.00017
lets,0.00017
responsibility,0.00017
manhattan,0.00017
hello,0.00017
arm,0.00017
green,0.00017
setting,0.00017
bit,0.00017
details,0.00017
welcome,0.00017
enter,0.00017
lynch,0.00017
affairs,0.00017
effects,0.00017
floor,0.00017
amount,0.00017
strength,0.00017
workplace,0.00017
majority,0.00017
capability,0.00017
relationships,0.00017
reactions,0.00014
flows,0.00014
dividends,0.00014
homes,0.00014
sought,0.00014
heading,0.00014
turning,0.00014
petroleum,0.00014
putting,0.00014
contrast,0.00014
center,0.00014
estimated,0.00014
feeding,0.00014
facing,0.00014
commodity,0.00014
pullbacks,0.00014
tucker,0.00014
natural,0.00014
lift,0.00014
dealing,0.00014
approach,0.00014
trumps,0.00014
australian,0.00014
administration,0.00014
seeing,0.00014
consider,0.00014
forcing,0.00014
commodities,0.00014
spoofing,0.00014
november,0.00014
default,0.00014
managed,0.00014
producing,0.00014
expand,0.00014
conversations,0.00014
repeating,0.00014
amd,0.00014
quick,0.00014
financing,0.00014
charity,0.00014
compensation,0.00014
cutting,0.00014
restrictions,0.00014
monthly,0.00014
whole,0.00014
quarters,0.00014
diversification,0.00014
ranks,0.00014
sterling,0.00014
spread,0.00014
gram,0.00014
boa,0.00014
marking,0.00014
telling,0.00014
liquidity,0.00014
planned,0.00014
traders,0.00014
types,0.00014
university,0.00014
checking,0.00014
meet,0.00014
intervention,0.00014
treasuries,0.00014
weekly,0.00014
sa,0.00014
thing,0.00014
domestic,0.00014
goal,0.00014
regulations,0.00014
weather,0.00014
heads,0.00014
opportunities,0.00014
damage,0.00014
competition,0.00014
lifted,0.00014
outnumbered,0.00014
boosted,0.00014
silva,0.00014
allies,0.00014
voting,0.00014
area,0.00014
limit,0.00014
warning,0.00014
hedge,0.00014
over,0.00014
spike,0.00014
turn,0.00014
folks,0.00014
continues,0.00014
records,0.00014
push,0.00014
allow,0.00014
poor,0.00014
missed,0.00014
decided,0.00014
flow,0.00014
prompting,0.00014
instance,0.00014
practices,0.00014
mobile,0.00014
faced,0.00014
james,0.00014
spur,0.00014
version,0.00014
offered,0.00014
seeks,0.00014
store,0.00014
begins,0.00014
judges,0.00014
implications,0.00014
reached,0.00014
chair,0.00014
benefited,0.00014
macro,0.00014
teams,0.00014
investigators,0.00014
terrorism,0.00014
operations,0.00014
www,0.00014
software,0.00014
breaking,0.00014
looks,0.00014
handling,0.00014
tell,0.00014
cruise,0.00014
road,0.00014
status,0.00014
society,0.00014
needed,0.00014
blue,0.00014
wanted,0.00014
centers,0.00014
promoted,0.00012
gaps,0.00012
training,0.00012
yen,0.00012
outgoing,0.00012
image,0.00012
profile,0.00012
fears,0.00012
pulled,0.00012
borough,0.00012
hour,0.00012
producer,0.00012
enforcement,0.00012
winter,0.00012
institute,0.00012
completed,0.00012
mask,0.00012
abuses,0.00012
feet,0.00012
producers,0.00012
defense,0.00012
goods,0.00012
happening,0.00012
beating,0.00012
influence,0.00012
emerged,0.00012
invested,0.00012
brands,0.00012
calm,0.00012
chain,0.00012
ultimate,0.00012
expenses,0.00012
someone,0.00012
combat,0.00012
laps,0.00012
shell,0.00012
entire,0.00012
export,0.00012
dream,0.00012
providing,0.00012
plunged,0.00012
alliance,0.00012
dutch,0.00012
burn,0.00012
prefer,0.00012
trigger,0.00012
history,0.00012
founder,0.00012
follow,0.00012
employers,0.00012
th,0.00012
generated,0.00012
communications,0.00012
try,0.00012
remove,0.00012
wild,0.00012
eased,0.00012
moon,0.00012
individuals,0.00012
causing,0.00012
sovereign,0.00012
bills,0.00012
parts,0.00012
gets,0.00012
noted,0.00012
clean,0.00012
independent,0.00012
declining,0.00012
sense,0.00012
martin,0.00012
boom,0.00012
discussions,0.00012
lives,0.00012
havens,0.00012
add,0.00012
absent,0.00012
predicting,0.00012
outcome,0.00012
notable,0.00012
improved,0.00012
invests,0.00012
cause,0.00012
less,0.00012
updates,0.00012
litigation,0.00012
fuck,0.00012
pictured,0.00012
offsets,0.00012
favored,0.00012
western,0.00012
detailed,0.00012
acquisition,0.00012
tool,0.00012
marathon,0.00012
park,0.00012
representatives,0.00012
lawmakers,0.00012
giant,0.00012
picked,0.00012
provisions,0.00012
bicycle,0.00012
bet,0.00012
manufacturing,0.00012
host,0.00012
cripple,0.00012
affect,0.00012
fucking,0.00012
involved,0.00012
pared,0.00012
metals,0.00012
reflects,0.00012
inside,0.00012
jail,0.00012
predictions,0.00012
controlled,0.00012
republican,0.00012
direct,0.00012
confirmed,0.00012
selloff,0.00012
firmed,0.00012
halt,0.00012
shed,0.00012
paris,0.00012
tesla,0.00012
max,0.00012
fire,0.00012
reits,0.00012
risen,0.00012
streaming,0.00012
pro,0.00012
peaked,0.00012
kids,0.00012
philanthropy,0.00012
defence,0.00012
worry,0.00012
paycheck,0.00012
governor,0.00012
lived,0.00012
plastic,0.00012
rental,0.00012
mark,0.00012
copies,0.00012
becoming,0.00012
figure,0.00012
oct,0.00012
used,0.00012
described,0.00012
worries,0.00012
imperial,0.00012
testing,0.00012
ground,0.00012
applications,0.00012
driver,0.00012
hand,0.00012
campaign,0.00012
votes,0.00012
percentage,0.00012
unemployed,0.00012
looked,0.00012
care,0.00012
hundreds,0.00012
appeared,0.00012
prior,0.00012
play,0.00012
comparison,0.00012
listed,0.00012
lots,0.00012
fake,0.00012
platforms,0.00012
delisting,0.00012
experts,0.00012
chances,0.00012
separate,0.00012
dozen,0.00012
contrary,0.00012
military,0.00012
air,0.0001
deputy,0.0001
initiating,0.0001
conduct,0.0001
capped,0.0001
filings,0.0001
baba,0.0001
sponsored,0.0001
brand,0.0001
leverage,0.0001
taught,0.0001
wants,0.0001
refusing,0.0001
roubles,0.0001
reverse,0.0001
pricing,0.0001
careers,0.0001
restaurants,0.0001
insights,0.0001
tag,0.0001
proposed,0.0001
urge,0.0001
luxury,0.0001
marshall,0.0001
county,0.0001
operator,0.0001
slowed,0.0001
crowns,0.0001
correct,0.0001
retain,0.0001
landmark,0.0001
star,0.0001
surprised,0.0001
switching,0.0001
renewed,0.0001
remarks,0.0001
jr,0.0001
mm,0.0001
follows,0.0001
presidency,0.0001
hikes,0.0001
helm,0.0001
create,0.0001
preferred,0.0001
mass,0.0001
arguing,0.0001
particular,0.0001
violations,0.0001
content,0.0001
columnists,0.0001
contested,0.0001
players,0.0001
transition,0.0001
friends,0.0001
devastating,0.0001
pullback,0.0001
campaigners,0.0001
southeast,0.0001
conglomerate,0.0001
teammates,0.0001
privilege,0.0001
underlying,0.0001
slid,0.0001
agenda,0.0001
hiding,0.0001
promising,0.0001
rich,0.0001
factor,0.0001
fast,0.0001
shut,0.0001
bot,0.0001
controls,0.0001
wage,0.0001
grabbed,0.0001
included,0.0001
preliminary,0.0001
intelligence,0.0001
peter,0.0001
greenback,0.0001
joining,0.0001
miller,0.0001
shortfall,0.0001
yes,0.0001
migrants,0.0001
supplies,0.0001
teller,0.0001
pledging,0.0001
gps,0.0001
plants,0.0001
contraction,0.0001
suggested,0.0001
waves,0.0001
challenge,0.0001
son,0.0001
blank,0.0001
settle,0.0001
advantage,0.0001
celebrating,0.0001
californians,0.0001
turned,0.0001
asking,0.0001
blood,0.0001
ounce,0.0001
reaching,0.0001
cover,0.0001
holders,0.0001
children,0.0001
panthers,0.0001
thought,0.0001
drug,0.0001
war,0.0001
explains,0.0001
deep,0.0001
rocket,0.0001
recover,0.0001
keen,0.0001
pulling,0.0001
red,0.0001
tickers,0.0001
houses,0.0001
email,0.0001
indian,0.0001
passed,0.0001
scenario,0.0001
collapse,0.0001
withdrawing,0.0001
column,0.0001
oriented,0.0001
elevated,0.0001
contract,0.0001
deterring,0.0001
cast,0.0001
doubled,0.0001
buildings,0.0001
bookstore,0.0001
weakness,0.0001
broad,0.0001
offices,0.0001
infections,0.0001
document,0.0001
barrels,0.0001
philippines,0.0001
commerce,0.0001
reset,0.0001
polled,0.0001
linked,0.0001
willing,0.0001
sound,0.0001
suffering,0.0001
averages,0.0001
migration,0.0001
launched,0.0001
participant,0.0001
options,0.0001
sanders,0.0001
mergers,0.0001
hate,0.0001
airline,0.0001
appeal,0.0001
bounce,0.0001
citizens,0.0001
plain,0.0001
slowing,0.0001
chip,0.0001
college,0.0001
facility,0.0001
feeling,0.0001
refuses,0.0001
surround,0.0001
branches,0.0001
exclusive,0.0001
insiders,0.0001
lay,0.0001
quality,0.0001
mix,0.0001
turbines,0.0001
sticking,0.0001
events,0.0001
struggled,0.0001
positions,0.0001
reimbursing,0.0001
bidding,0.0001
surging,0.0001
pa,0.0001
education,0.0001
touched,0.0001
drivers,0.0001
form,0.0001
expanding,0.0001
sweep,0.0001
agencies,0.0001
contracts,0.0001
hardcover,0.0001
irish,0.0001
buyout,0.0001
consumption,0.0001
exposed,0.0001
disclosures,0.0001
republicans,0.0001
theres,0.0001
component,0.0001
regulation,0.0001
adoption,0.0001
addition,0.0001
primary,0.0001
mind,0.0001
rebounded,0.0001
considering,0.0001
applied,0.0001
waited,0.0001
edged,0.0001
hands,0.0001
increases,0.0001
boxes,0.0001
act,0.0001
cook,0.0001
jumping,0.0001
pumped,0.0001
success,0.0001
improving,0.0001
becomes,0.0001
snap,0.0001
tracks,0.0001
killing,0.0001
hoped,0.0001
council,0.0001
negotiations,0.0001
stakes,0.0001
bias,0.0001
fair,0.0001
tens,0.0001
wallet,0.0001
removed,0.0001
starts,0.0001
donations,0.0001
exceed,0.0001
timing,0.0001
dragged,0.0001
single,0.0001
threat,0.0001
float,0.0001
incident,0.0001
ways,0.0001
town,0.0001
technologies,0.0001
represents,0.0001
hero,0.0001
requirements,0.0001
tomorrow,0.0001
margin,0.0001
happened,0.0001
wins,0.0001
pump,0.0001
lose,0.0001
neighborhood,0.0001
flying,0.0001
attorney,0.0001
walk,8e-05
valuable,8e-05
hes,8e-05
replace,8e-05
striving,8e-05
researchers,8e-05
tobacco,8e-05
hinder,8e-05
parent,8e-05
eu,8e-05
kicks,8e-05
extending,8e-05
worker,8e-05
throw,8e-05
receipts,8e-05
voluntary,8e-05
apr,8e-05
vehicle,8e-05
likes,8e-05
cements,8e-05
charging,8e-05
dishonesty,8e-05
astonishing,8e-05
gnus,8e-05
char,8e-05
sessions,8e-05
happens,8e-05
answer,8e-05
mixed,8e-05
killed,8e-05
issued,8e-05
strike,8e-05
hired,8e-05
capacity,8e-05
games,8e-05
meal,8e-05
districts,8e-05
ass,8e-05
conversation,8e-05
accused,8e-05
widening,8e-05
contribute,8e-05
celebrated,8e-05
convinced,8e-05
derivatives,8e-05
depending,8e-05
south,8e-05
insurer,8e-05
advising,8e-05
ark,8e-05
conservative,8e-05
extend,8e-05
predict,8e-05
broken,8e-05
gala,8e-05
sweeping,8e-05
benefiting,8e-05
politicians,8e-05
storm,8e-05
consultancy,8e-05
remediation,8e-05
streets,8e-05
forbearance,8e-05
combined,8e-05
test,8e-05
cited,8e-05
scenarios,8e-05
outcomes,8e-05
profitability,8e-05
cup,8e-05
technical,8e-05
strategies,8e-05
saudi,8e-05
inflows,8e-05
shifted,8e-05
agents,8e-05
engaging,8e-05
credits,8e-05
census,8e-05
offerings,8e-05
keeping,8e-05
bottom,8e-05
guarantee,8e-05
finances,8e-05
sheets,8e-05
proportion,8e-05
standards,8e-05
surprise,8e-05
dip,8e-05
welter,8e-05
reject,8e-05
ride,8e-05
curbs,8e-05
february,8e-05
shirt,8e-05
pointing,8e-05
elect,8e-05
seniority,8e-05
riot,8e-05
baseball,8e-05
jean,8e-05
appeals,8e-05
chasing,8e-05
boosts,8e-05
sam,8e-05
impairment,8e-05
maintaining,8e-05
portfolios,8e-05
brokers,8e-05
spells,8e-05
coverage,8e-05
sees,8e-05
difficulty,8e-05
repeat,8e-05
karen,8e-05
eliminate,8e-05
failing,8e-05
light,8e-05
sparked,8e-05
sacs,8e-05
purchases,8e-05
ties,8e-05
meetings,8e-05
boss,8e-05
defeat,8e-05
professor,8e-05
scrambling,8e-05
courtroom,8e-05
attract,8e-05
attempted,8e-05
michael,8e-05
swedish,8e-05
cautioned,8e-05
opinion,8e-05
instrument,8e-05
hub,8e-05
downs,8e-05
infected,8e-05
recognising,8e-05
reversal,8e-05
masked,8e-05
engine,8e-05
slammed,8e-05
rule,8e-05
seemed,8e-05
maria,8e-05
cyril,8e-05
hell,8e-05
doubt,8e-05
necessity,8e-05
involving,8e-05
obliges,8e-05
emergency,8e-05
approve,8e-05
conglomerates,8e-05
referendum,8e-05
declaring,8e-05
tenure,8e-05
affected,8e-05
played,8e-05
stadiums,8e-05
wind,8e-05
forecasting,8e-05
globalisation,8e-05
award,8e-05
arab,8e-05
entrepreneurs,8e-05
simple,8e-05
dividend,8e-05
interesting,8e-05
adviser,8e-05
ballot,8e-05
spokesperson,8e-05
wow,8e-05
caps,8e-05
bay,8e-05
seem,8e-05
hair,8e-05
meant,8e-05
ruling,8e-05
triggered,8e-05
closer,8e-05
shrank,8e-05
dipped,8e-05
claimants,8e-05
distressed,8e-05
learning,8e-05
challenging,8e-05
chart,8e-05
prove,8e-05
inequalities,8e-05
evidence,8e-05
prospectus,8e-05
space,8e-05
echoed,8e-05
consideration,8e-05
developers,8e-05
yards,8e-05
litigator,8e-05
communist,8e-05
yesterday,8e-05
caused,8e-05
gop,8e-05
vaccinations,8e-05
diversifying,8e-05
surpassed,8e-05
ease,8e-05
expecting,8e-05
contingent,8e-05
woes,8e-05
magic,8e-05
interviewed,8e-05
anil,8e-05
nobody,8e-05
improvement,8e-05
stand,8e-05
opposition,8e-05
weighing,8e-05
swapped,8e-05
drill,8e-05
lawsuit,8e-05
hearing,8e-05
shared,8e-05
tipping,8e-05
prosecution,8e-05
okay,8e-05
brokerage,8e-05
agree,8e-05
receive,8e-05
pass,8e-05
blessing,8e-05
meals,8e-05
newspaper,8e-05
gate,8e-05
rushing,8e-05
circumstances,8e-05
easing,8e-05
facilities,8e-05
drove,8e-05
depression,8e-05
spend,8e-05
responded,8e-05
medical,8e-05
weighed,8e-05
mandatory,8e-05
goals,8e-05
talked,8e-05
moderate,8e-05
fifth,8e-05
treated,8e-05
pickings,8e-05
narrative,8e-05
pressing,8e-05
inventories,8e-05
restriction,8e-05
experiencing,8e-05
entrepreneur,8e-05
require,8e-05
professional,8e-05
ratings,8e-05
airport,8e-05
shop,8e-05
machine,8e-05
freeze,8e-05
puts,8e-05
kind,8e-05
depot,8e-05
cul,8e-05
jokes,8e-05
rests,8e-05
lane,8e-05
pharma,8e-05
reforms,8e-05
recovering,8e-05
scheme,8e-05
advisors,8e-05
earth,8e-05
disclosed,8e-05
faces,8e-05
citizenship,8e-05
wrongdoing,8e-05
cow,8e-05
generate,8e-05
adjusted,8e-05
instant,8e-05
opec,8e-05
zero,8e-05
ranging,8e-05
transfers,8e-05
boosting,8e-05
heightened,8e-05
signaled,8e-05
unconscious,8e-05
downtown,8e-05
homeowners,8e-05
slowdown,8e-05
disruption,8e-05
meanwhile,8e-05
agency,8e-05
stall,8e-05
id,8e-05
exciting,8e-05
households,8e-05
except,8e-05
advancers,8e-05
regions,8e-05
shape,8e-05
fundamentals,8e-05
poised,8e-05
pays,8e-05
berlin,8e-05
application,8e-05
reflecting,8e-05
acquire,8e-05
deposit,8e-05
insider,8e-05
balances,8e-05
consent,8e-05
saturday,8e-05
serve,8e-05
transport,8e-05
emitters,8e-05
slumped,8e-05
topping,8e-05
hi,8e-05
reductions,8e-05
piece,8e-05
priorities,8e-05
visibility,8e-05
statistics,8e-05
hog,8e-05
robbery,8e-05
stockholders,8e-05
striking,8e-05
recommended,8e-05
tackle,8e-05
ran,8e-05
properties,8e-05
stereotypes,8e-05
rights,8e-05
winning,8e-05
scale,8e-05
offenses,8e-05
trawling,8e-05
sixth,8e-05
parking,8e-05
oxford,8e-05
android,8e-05
glass,8e-05
tap,8e-05
redress,8e-05
al,8e-05
preference,8e-05
embedded,8e-05
harming,8e-05
guess,8e-05
dispute,8e-05
intentions,8e-05
regular,8e-05
opened,8e-05
suffer,8e-05
custody,8e-05
experienced,8e-05
resources,8e-05
busy,8e-05
tip,8e-05
ad,8e-05
ranges,8e-05
zone,8e-05
wood,8e-05
ha,8e-05
hospitality,8e-05
cohort,8e-05
ability,8e-05
serves,8e-05
illness,6e-05
races,6e-05
championships,6e-05
advice,6e-05
feature,6e-05
appointments,6e-05
patients,6e-05
removing,6e-05
exporters,6e-05
valued,6e-05
night,6e-05
downbeat,6e-05
grappling,6e-05
schools,6e-05
depended,6e-05
prepare,6e-05
repeated,6e-05
prosecutors,6e-05
detected,6e-05
tumbled,6e-05
concede,6e-05
train,6e-05
correlation,6e-05
volumes,6e-05
rejected,6e-05
antibody,6e-05
assumption,6e-05
funny,6e-05
frozen,6e-05
acquisitions,6e-05
economics,6e-05
gives,6e-05
issuance,6e-05
revive,6e-05
electronics,6e-05
tires,6e-05
smokers,6e-05
bring,6e-05
criminal,6e-05
watchdog,6e-05
score,6e-05
gear,6e-05
theme,6e-05
apartments,6e-05
dated,6e-05
bittersweet,6e-05
sellers,6e-05
betting,6e-05
colombian,6e-05
herald,6e-05
turmoil,6e-05
stomach,6e-05
acting,6e-05
makers,6e-05
fueled,6e-05
failures,6e-05
surgery,6e-05
leasing,6e-05
grown,6e-05
entails,6e-05
slice,6e-05
courses,6e-05
tells,6e-05
table,6e-05
men,6e-05
providers,6e-05
eye,6e-05
imf,6e-05
necessary,6e-05
suffered,6e-05
crazy,6e-05
letter,6e-05
works,6e-05
differentials,6e-05
pesos,6e-05
music,6e-05
possibility,6e-05
allied,6e-05
piled,6e-05
tailspin,6e-05
peak,6e-05
aftermath,6e-05
rallies,6e-05
smart,6e-05
restoring,6e-05
understand,6e-05
reporters,6e-05
liability,6e-05
latino,6e-05
exports,6e-05
accounting,6e-05
accord,6e-05
balancing,6e-05
provides,6e-05
violation,6e-05
secondary,6e-05
warranted,6e-05
transmission,6e-05
miles,6e-05
emigration,6e-05
phony,6e-05
reviews,6e-05
blames,6e-05
passing,6e-05
jersey,6e-05
vocal,6e-05
words,6e-05
values,6e-05
organizations,6e-05
hires,6e-05
panic,6e-05
signalling,6e-05
gift,6e-05
equal,6e-05
stream,6e-05
invest,6e-05
initiatives,6e-05
vis,6e-05
uses,6e-05
trouble,6e-05
aviation,6e-05
correspondent,6e-05
hotels,6e-05
swoop,6e-05
feb,6e-05
frank,6e-05
vacation,6e-05
participate,6e-05
model,6e-05
fuels,6e-05
delivering,6e-05
territory,6e-05
skirting,6e-05
lining,6e-05
eyeing,6e-05
traded,6e-05
reviewed,6e-05
parks,6e-05
depressed,6e-05
word,6e-05
steal,6e-05
chilean,6e-05
stimulate,6e-05
periods,6e-05
ask,6e-05
civilian,6e-05
allows,6e-05
committed,6e-05
renaissance,6e-05
politics,6e-05
delinquencies,6e-05
favorite,6e-05
gates,6e-05
crushed,6e-05
authorization,6e-05
acquired,6e-05
motor,6e-05
split,6e-05
enduring,6e-05
brokerages,6e-05
trimming,6e-05
alabama,6e-05
blocked,6e-05
racing,6e-05
defaulting,6e-05
art,6e-05
counts,6e-05
behalf,6e-05
trio,6e-05
correspondents,6e-05
removes,6e-05
forestry,6e-05
transportation,6e-05
bear,6e-05
extension,6e-05
furloughs,6e-05
deficits,6e-05
nominee,6e-05
smoother,6e-05
turnaround,6e-05
headed,6e-05
mason,6e-05
hall,6e-05
thinking,6e-05
whistleblowers,6e-05
reaping,6e-05
calling,6e-05
leisure,6e-05
generators,6e-05
relying,6e-05
poses,6e-05
supporters,6e-05
wholesale,6e-05
margins,6e-05
ensure,6e-05
purchase,6e-05
spirits,6e-05
plant,6e-05
holiday,6e-05
speedway,6e-05
remaining,6e-05
alexander,6e-05
continuing,6e-05
summit,6e-05
difference,6e-05
sole,6e-05
requested,6e-05
downgraded,6e-05
narrowed,6e-05
woman,6e-05
retreated,6e-05
struggles,6e-05
sba,6e-05
clothesline,6e-05
urged,6e-05
correction,6e-05
flag,6e-05
voted,6e-05
smuggling,6e-05
purchasing,6e-05
advanced,6e-05
relating,6e-05
speaking,6e-05
mission,6e-05
chemicals,6e-05
mbs,6e-05
megawatts,6e-05
warns,6e-05
officers,6e-05
fixes,6e-05
solutions,6e-05
gmt,6e-05
crashes,6e-05
regulator,6e-05
panel,6e-05
student,6e-05
choice,6e-05
cites,6e-05
suggest,6e-05
organising,6e-05
synchrony,6e-05
compare,6e-05
coordinators,6e-05
taxation,6e-05
expressed,6e-05
queue,6e-05
stars,6e-05
recommend,6e-05
counter,6e-05
sustainability,6e-05
border,6e-05
missing,6e-05
agreements,6e-05
foundation,6e-05
rehabilitate,6e-05
prolonged,6e-05
establishing,6e-05
obligation,6e-05
sourced,6e-05
forces,6e-05
reversed,6e-05
donating,6e-05
audit,6e-05
premium,6e-05
wan,6e-05
wiping,6e-05
patents,6e-05
movements,6e-05
tied,6e-05
iv,6e-05
transmissions,6e-05
walking,6e-05
bolstered,6e-05
opens,6e-05
chicago,6e-05
manages,6e-05
specifying,6e-05
delivered,6e-05
racist,6e-05
knew,6e-05
overwhelmed,6e-05
same,6e-05
departments,6e-05
mirroring,6e-05
steel,6e-05
mooted,6e-05
weighting,6e-05
overtime,6e-05
warned,6e-05
unveiled,6e-05
deficit,6e-05
vs,6e-05
rival,6e-05
carriers,6e-05
issuing,6e-05
surgeon,6e-05
sites,6e-05
dc,6e-05
refinery,6e-05
consortium,6e-05
suspended,6e-05
reliance,6e-05
loading,6e-05
warren,6e-05
importers,6e-05
stay,6e-05
ailing,6e-05
habits,6e-05
listening,6e-05
friend,6e-05
preparations,6e-05
expires,6e-05
miss,6e-05
inquiries,6e-05
minimum,6e-05
opening,6e-05
funding,6e-05
franchise,6e-05
indicating,6e-05
shout,6e-05
develop,6e-05
lagged,6e-05
horizon,6e-05
flagship,6e-05
downturn,6e-05
expanded,6e-05
suppresses,6e-05
cushion,6e-05
skyscraper,6e-05
outperformed,6e-05
positioning,6e-05
upbeat,6e-05
determination,6e-05
gloom,6e-05
probability,6e-05
appear,6e-05
encourage,6e-05
mexicans,6e-05
presented,6e-05
promise,6e-05
losing,6e-05
ill,6e-05
tapped,6e-05
targeting,6e-05
viewed,6e-05
gaining,6e-05
captive,6e-05
path,6e-05
buys,6e-05
operates,6e-05
raises,6e-05
selling,6e-05
links,6e-05
hits,6e-05
rig,6e-05
stopped,6e-05
odds,6e-05
jurisdictions,6e-05
bell,6e-05
prevailed,6e-05
sliding,6e-05
earned,6e-05
identified,6e-05
photos,6e-05
prepared,6e-05
tweet,6e-05
indicated,6e-05
behaviour,6e-05
vi,6e-05
grade,6e-05
distance,6e-05
expert,6e-05
decide,6e-05
breakout,6e-05
efficacy,6e-05
approval,6e-05
takeover,6e-05
topics,6e-05
expansion,6e-05
receptions,6e-05
matters,6e-05
chevron,6e-05
recommendations,6e-05
complex,6e-05
monitoring,6e-05
wages,6e-05
gotten,6e-05
legions,6e-05
champions,6e-05
kingdom,6e-05
warehouse,6e-05
creditors,6e-05
notes,6e-05
setback,6e-05
buccaneers,6e-05
signal,6e-05
picks,6e-05
scrutiny,6e-05
wiggle,6e-05
shanghai,6e-05
developing,6e-05
drives,6e-05
individual,6e-05
books,6e-05
barriers,6e-05
mitigating,6e-05
impediment,6e-05
colleague,6e-05
accustomed,6e-05
retirement,6e-05
communication,6e-05
advised,6e-05
moments,6e-05
ranking,6e-05
sticks,6e-05
driven,6e-05
rock,6e-05
feds,6e-05
penalty,6e-05
breached,6e-05
contributions,6e-05
quest,6e-05
franklin,6e-05
drawing,6e-05
fuelling,6e-05
worried,6e-05
theory,6e-05
theft,6e-05
pit,6e-05
mandate,6e-05
walks,6e-05
scope,6e-05
sank,6e-05
trader,6e-05
argued,6e-05
teach,6e-05
resulting,6e-05
accept,6e-05
suppression,6e-05
intensifying,6e-05
sagged,6e-05
insurers,6e-05
wearing,6e-05
soared,6e-05
sitting,6e-05
declarations,6e-05
chapter,6e-05
rebellion,6e-05
install,6e-05
reduction,6e-05
debate,6e-05
recommendation,6e-05
diminished,6e-05
suspects,6e-05
reading,6e-05
participants,6e-05
emerge,6e-05
extended,6e-05
waste,6e-05
spurred,6e-05
denying,6e-05
swift,6e-05
inclined,6e-05
outperforming,6e-05
launching,6e-05
ordered,6e-05
somewhere,6e-05
mon,6e-05
puff,6e-05
runs,6e-05
accusing,6e-05
association,6e-05
ft,6e-05
cracked,6e-05
permit,6e-05
opposed,6e-05
totaling,6e-05
tune,6e-05
coins,6e-05
gifts,6e-05
interviews,6e-05
revealing,6e-05
democrat,6e-05
evaluate,6e-05
shifts,6e-05
burden,6e-05
jonathan,6e-05
extent,6e-05
hospitals,6e-05
families,6e-05
straddle,4e-05
teaming,4e-05
plummeted,4e-05
aversion,4e-05
tend,4e-05
resigned,4e-05
dun,4e-05
files,4e-05
perspective,4e-05
activist,4e-05
overseeing,4e-05
rest,4e-05
limits,4e-05
computer,4e-05
infringement,4e-05
congratulations,4e-05
flooded,4e-05
motors,4e-05
royal,4e-05
belonging,4e-05
parties,4e-05
mouth,4e-05
suppliers,4e-05
awakening,4e-05
advisers,4e-05
components,4e-05
funded,4e-05
van,4e-05
shipments,4e-05
pan,4e-05
male,4e-05
magnitude,4e-05
muted,4e-05
inevitable,4e-05
wing,4e-05
distribution,4e-05
backers,4e-05
charts,4e-05
hear,4e-05
retailers,4e-05
denied,4e-05
chow,4e-05
partisan,4e-05
canadian,4e-05
intends,4e-05
carrier,4e-05
diverged,4e-05
fluctuations,4e-05
guys,4e-05
earn,4e-05
sentenced,4e-05
kraft,4e-05
holds,4e-05
decisions,4e-05
stakeholder,4e-05
plunge,4e-05
saturation,4e-05
cycle,4e-05
robbed,4e-05
strikes,4e-05
dm,4e-05
violence,4e-05
championship,4e-05
costa,4e-05
complete,4e-05
lies,4e-05
fleet,4e-05
spearhead,4e-05
truck,4e-05
diversify,4e-05
pitch,4e-05
commissioner,4e-05
curve,4e-05
knowledge,4e-05
creating,4e-05
liking,4e-05
compounds,4e-05
replaced,4e-05
radical,4e-05
brick,4e-05
encouraged,4e-05
introduction,4e-05
implementing,4e-05
lifetimes,4e-05
aiming,4e-05
reopened,4e-05
sucks,4e-05
soul,4e-05
smooth,4e-05
met,4e-05
struggling,4e-05
sponsoring,4e-05
mono,4e-05
stance,4e-05
speaker,4e-05
towel,4e-05
entry,4e-05
obtained,4e-05
broke,4e-05
highlighted,4e-05
wont,4e-05
caller,4e-05
restaurant,4e-05
code,4e-05
skidded,4e-05
scammers,4e-05
strengthen,4e-05
trailing,4e-05
allowed,4e-05
sidewalk,4e-05
discover,4e-05
investigations,4e-05
convened,4e-05
manila,4e-05
exaggerated,4e-05
saving,4e-05
royalty,4e-05
rides,4e-05
accommodate,4e-05
handed,4e-05
brings,4e-05
reservations,4e-05
planet,4e-05
tries,4e-05
borrowings,4e-05
camera,4e-05
remake,4e-05
clerked,4e-05
grew,4e-05
enemies,4e-05
relies,4e-05
pleased,4e-05
digging,4e-05
proxy,4e-05
organisations,4e-05
backlog,4e-05
entering,4e-05
democracy,4e-05
deposited,4e-05
cons,4e-05
floats,4e-05
conversion,4e-05
vacuum,4e-05
cleaned,4e-05
receptacle,4e-05
protesters,4e-05
dons,4e-05
hidden,4e-05
tonnes,4e-05
message,4e-05
greek,4e-05
voice,4e-05
present,4e-05
excluding,4e-05
allegations,4e-05
pressures,4e-05
enjoy,4e-05
sue,4e-05
horizontal,4e-05
jack,4e-05
shuttered,4e-05
none,4e-05
whiplash,4e-05
corruption,4e-05
proliferation,4e-05
founded,4e-05
weakened,4e-05
impossible,4e-05
personnel,4e-05
dado,4e-05
catering,4e-05
ok,4e-05
laboratory,4e-05
unknowns,4e-05
remember,4e-05
aircraft,4e-05
hailed,4e-05
dimming,4e-05
wherewithal,4e-05
progressive,4e-05
bonuses,4e-05
commit,4e-05
suspension,4e-05
prospects,4e-05
forced,4e-05
principal,4e-05
builders,4e-05
crap,4e-05
sour,4e-05
fellowship,4e-05
foot,4e-05
globe,4e-05
saints,4e-05
confirmation,4e-05
speaks,4e-05
stepping,4e-05
silicon,4e-05
damn,4e-05
lab,4e-05
sort,4e-05
bypass,4e-05
scheduled,4e-05
storms,4e-05
shied,4e-05
statements,4e-05
panhandle,4e-05
regimen,4e-05
perfection,4e-05
compounded,4e-05
credited,4e-05
grants,4e-05
defending,4e-05
reinforced,4e-05
focusing,4e-05
fun,4e-05
info,4e-05
underlining,4e-05
fail,4e-05
imo,4e-05
drooped,4e-05
mortar,4e-05
elements,4e-05
height,4e-05
mc,4e-05
hovered,4e-05
executing,4e-05
closure,4e-05
fight,4e-05
addressing,4e-05
resulted,4e-05
medics,4e-05
contracting,4e-05
loaded,4e-05
photographer,4e-05
presents,4e-05
worrying,4e-05
rough,4e-05
constant,4e-05
assurance,4e-05
negotiating,4e-05
boasted,4e-05
mode,4e-05
haven,4e-05
spin,4e-05
certainty,4e-05
pact,4e-05
detailing,4e-05
hill,4e-05
stealing,4e-05
doom,4e-05
ballots,4e-05
psa,4e-05
disappointed,4e-05
researcher,4e-05
pop,4e-05
resilience,4e-05
uncertainties,4e-05
retire,4e-05
packaging,4e-05
spanish,4e-05
artist,4e-05
outflows,4e-05
risked,4e-05
shots,4e-05
stories,4e-05
troughs,4e-05
mortgages,4e-05
bitch,4e-05
laid,4e-05
alerts,4e-05
player,4e-05
occurred,4e-05
vandalized,4e-05
pet,4e-05
eighth,4e-05
trimmed,4e-05
refunds,4e-05
phase,4e-05
pressured,4e-05
roster,4e-05
stood,4e-05
hotel,4e-05
hammer,4e-05
obstacles,4e-05
registration,4e-05
edition,4e-05
criticism,4e-05
stunning,4e-05
veteran,4e-05
watching,4e-05
prison,4e-05
spare,4e-05
capitol,4e-05
aug,4e-05
fundraising,4e-05
cf,4e-05
consultants,4e-05
hazards,4e-05
thinks,4e-05
wiped,4e-05
embedding,4e-05
crime,4e-05
luck,4e-05
softened,4e-05
completes,4e-05
metrics,4e-05
devices,4e-05
chaired,4e-05
schooling,4e-05
tipsters,4e-05
responding,4e-05
seat,4e-05
ana,4e-05
dakota,4e-05
hole,4e-05
seasoned,4e-05
repairs,4e-05
rotating,4e-05
factory,4e-05
loving,4e-05
furniture,4e-05
rejoined,4e-05
projections,4e-05
crew,4e-05
registries,4e-05
send,4e-05
forecasters,4e-05
logistics,4e-05
con,4e-05
rejecting,4e-05
directors,4e-05
gasoline,4e-05
blocks,4e-05
finds,4e-05
severance,4e-05
accountability,4e-05
alter,4e-05
sides,4e-05
prop,4e-05
nato,4e-05
legislation,4e-05
box,4e-05
snow,4e-05
burberry,4e-05
basic,4e-05
wire,4e-05
ta,4e-05
finished,4e-05
personalities,4e-05
massachusetts,4e-05
presentation,4e-05
stores,4e-05
be,4e-05
pressed,4e-05
healthcare,4e-05
protections,4e-05
dent,4e-05
shunned,4e-05
median,4e-05
floating,4e-05
laughing,4e-05
material,4e-05
tough,4e-05
aggregate,4e-05
speak,4e-05
sister,4e-05
shorts,4e-05
serving,4e-05
fix,4e-05
curse,4e-05
pledge,4e-05
trajectory,4e-05
intensity,4e-05
distributing,4e-05
aging,4e-05
released,4e-05
signals,4e-05
depreciation,4e-05
framework,4e-05
attack,4e-05
prejudice,4e-05
consulting,4e-05
persistence,4e-05
attended,4e-05
highlights,4e-05
locked,4e-05
gds,4e-05
voters,4e-05
settled,4e-05
structured,4e-05
discussing,4e-05
spots,4e-05
section,4e-05
ramp,4e-05
processing,4e-05
operators,4e-05
brief,4e-05
integrity,4e-05
lowered,4e-05
proving,4e-05
attractiveness,4e-05
charged,4e-05
objections,4e-05
retired,4e-05
coo,4e-05
suggestions,4e-05
overhauling,4e-05
toolbox,4e-05
anna,4e-05
shale,4e-05
nuts,4e-05
direction,4e-05
convertible,4e-05
celebrate,4e-05
recipient,4e-05
attained,4e-05
handset,4e-05
cranes,4e-05
misconduct,4e-05
latter,4e-05
unions,4e-05
buybacks,4e-05
graduated,4e-05
flagging,4e-05
reputation,4e-05
choosing,4e-05
chaos,4e-05
prevention,4e-05
exterior,4e-05
empty,4e-05
affording,4e-05
destination,4e-05
bolster,4e-05
backpack,4e-05
sizes,4e-05
behavior,4e-05
qatari,4e-05
openings,4e-05
placement,4e-05
commander,4e-05
residence,4e-05
buoy,4e-05
nature,4e-05
steady,4e-05
gauge,4e-05
crowded,4e-05
milestone,4e-05
dynamics,4e-05
mining,4e-05
underground,4e-05
boies,4e-05
bush,4e-05
mistakes,4e-05
statute,4e-05
ventures,4e-05
consultant,4e-05
copyright,4e-05
pick,4e-05
allowances,4e-05
repay,4e-05
counteract,4e-05
edge,4e-05
innovation,4e-05
organized,4e-05
suitors,4e-05
placing,4e-05
places,4e-05
alleged,4e-05
pot,4e-05
tourism,4e-05
degrees,4e-05
towering,4e-05
drops,4e-05
ship,4e-05
kills,4e-05
reorganization,4e-05
conserve,4e-05
partnership,4e-05
billionaire,4e-05
puzzle,4e-05
nightmare,4e-05
faded,4e-05
lamb,4e-05
mordant,4e-05
stop,4e-05
floated,4e-05
confusing,4e-05
preparing,4e-05
television,4e-05
web,4e-05
canceling,4e-05
dean,4e-05
splurge,4e-05
polls,4e-05
indices,4e-05
anticipate,4e-05
calmed,4e-05
stretching,4e-05
glad,4e-05
bonanza,4e-05
predicts,4e-05
screen,4e-05
trust,4e-05
enthusiasm,4e-05
rs,4e-05
bouts,4e-05
demise,4e-05
thai,4e-05
rolling,4e-05
crimes,4e-05
underwriting,4e-05
bookings,4e-05
adult,4e-05
staying,4e-05
boys,4e-05
reopening,4e-05
stockholder,4e-05
redeem,4e-05
leaning,4e-05
capitals,4e-05
updated,4e-05
dinosaurs,4e-05
exposures,4e-05
breakthrough,4e-05
lam,4e-05
outsourcing,4e-05
thin,4e-05
god,4e-05
indicate,4e-05
miami,4e-05
bulls,4e-05
creator,4e-05
lifting,4e-05
nominal,4e-05
victims,4e-05
advises,4e-05
peer,4e-05
mr,4e-05
brad,4e-05
scaled,4e-05
tire,4e-05
awards,4e-05
pauses,4e-05
halting,4e-05
southwest,4e-05
alarms,4e-05
articles,4e-05
nu,4e-05
empire,4e-05
vicinity,4e-05
spectacular,4e-05
consolidating,4e-05
sunrise,4e-05
commons,4e-05
stoked,4e-05
exit,4e-05
combination,4e-05
mint,4e-05
upgrades,4e-05
vials,4e-05
swinging,4e-05
semiconductors,4e-05
doubles,4e-05
turner,4e-05
shipping,4e-05
accounted,4e-05
phases,4e-05
philippine,4e-05
affirming,4e-05
submitted,4e-05
punishment,4e-05
gun,4e-05
fbi,4e-05
revised,4e-05
garrison,4e-05
seek,4e-05
collectibles,4e-05
targeted,4e-05
reaffirmed,4e-05
style,4e-05
lie,4e-05
auction,4e-05
momentum,4e-05
sided,4e-05
slugged,4e-05
boutiques,4e-05
piling,4e-05
windows,4e-05
auto,4e-05
imposed,4e-05
marketing,4e-05
doubts,4e-05
swaps,4e-05
titans,4e-05
patient,4e-05
advertises,4e-05
traffic,4e-05
occidental,4e-05
disappointing,4e-05
count,4e-05
comprises,4e-05
human,4e-05
mounting,4e-05
reference,4e-05
gen,4e-05
displays,4e-05
euphoria,4e-05
imports,4e-05
dell,4e-05
drag,4e-05
corner,4e-05
extends,4e-05
surprises,4e-05
spreads,4e-05
overweight,4e-05
enlisting,4e-05
ticker,4e-05
appetite,4e-05
ban,4e-05
upset,4e-05
bubble,4e-05
convention,4e-05
doctor,4e-05
paving,4e-05
tried,4e-05
steam,4e-05
error,4e-05
reformers,4e-05
outbreak,4e-05
berth,4e-05
smashed,4e-05
chi,4e-05
thesis,4e-05
eleven,4e-05
electricity,4e-05
tables,4e-05
strengthened,4e-05
channels,4e-05
english,4e-05
switched,4e-05
hobble,4e-05
assistant,4e-05
attorneys,4e-05
born,4e-05
errors,4e-05
command,4e-05
lapse,4e-05
shopping,4e-05
baked,4e-05
fee,4e-05
release,4e-05
prosecute,4e-05
centre,4e-05
ensuing,4e-05
disconnect,4e-05
purpose,4e-05
elvis,4e-05
em,4e-05
coordinate,4e-05
valley,4e-05
digested,4e-05
consequences,4e-05
angst,4e-05
constituencies,4e-05
cay,4e-05
pray,4e-05
bulk,4e-05
tower,4e-05
tanked,4e-05
now,4e-05
windfall,4e-05
climbing,4e-05
diversified,4e-05
formal,4e-05
documentation,4e-05
female,4e-05
payment,4e-05
radio,4e-05
paper,4e-05
sunday,4e-05
dose,4e-05
braced,4e-05
amounts,4e-05
writing,4e-05
standing,4e-05
sprucing,4e-05
brushed,4e-05
lessons,4e-05
ceos,4e-05
deposits,4e-05
fighting,4e-05
drugs,4e-05
mini,4e-05
keeps,4e-05
covers,4e-05
excuse,4e-05
monster,4e-05
stakeholders,4e-05
disruptions,4e-05
hayes,4e-05
coal,4e-05
crept,4e-05
suppressing,4e-05
selection,4e-05
motorway,4e-05
mom,4e-05
reward,4e-05
prosecutor,4e-05
supported,4e-05
runoff,4e-05
commitments,4e-05
winters,4e-05
budging,4e-05
stands,4e-05
plagued,4e-05
vehicles,4e-05
dragging,4e-05
volunteer,4e-05
signaling,4e-05
disputed,4e-05
gray,4e-05
secured,4e-05
crunch,4e-05
save,4e-05
boards,4e-05
videos,4e-05
resolutions,4e-05
relied,4e-05
prioritize,4e-05
hunting,4e-05
failure,4e-05
mill,4e-05
crises,4e-05
stint,4e-05
hire,4e-05
refinance,4e-05
reasons,4e-05
buyback,4e-05
dying,4e-05
en,4e-05
stage,4e-05
wife,4e-05
voter,4e-05
widen,4e-05
indicates,4e-05
emergence,4e-05
permits,4e-05
devon,4e-05
offsetting,4e-05
pockets,4e-05
lowers,4e-05
cos,4e-05
ipos,4e-05
press,4e-05
expectation,4e-05
shake,4e-05
controlling,4e-05
triple,4e-05
variants,4e-05
trash,4e-05
resumed,4e-05
mo,4e-05
loose,4e-05
overhaul,4e-05
sketch,4e-05
cheque,4e-05
trim,4e-05
mate,4e-05
paying,4e-05
receiving,4e-05
proved,4e-05
water,4e-05
sponsors,4e-05
temper,4e-05
cares,4e-05
realign,4e-05
rumor,4e-05
abuse,4e-05
mother,4e-05
pickup,4e-05
misdeeds,4e-05
barrow,4e-05
accruals,4e-05
doses,4e-05
commissioned,4e-05
flood,4e-05
downdraft,4e-05
repair,4e-05
amortisation,4e-05
pros,4e-05
leads,4e-05
dominating,4e-05
reinstated,4e-05
repayment,4e-05
criteria,4e-05
developments,4e-05
probes,4e-05
leap,4e-05
avoiding,4e-05
pastor,2e-05
impasse,2e-05
ebb,2e-05
cio,2e-05
minimums,2e-05
networks,2e-05
movie,2e-05
supposed,2e-05
incorporation,2e-05
nabbed,2e-05
followers,2e-05
rip,2e-05
authenticating,2e-05
study,2e-05
root,2e-05
slacking,2e-05
decoupling,2e-05
revising,2e-05
guns,2e-05
topped,2e-05
arms,2e-05
stripping,2e-05
contributes,2e-05
insight,2e-05
normalization,2e-05
earthquake,2e-05
popularity,2e-05
visited,2e-05
flurry,2e-05
fueling,2e-05
dog,2e-05
discrimination,2e-05
answers,2e-05
gamblers,2e-05
registered,2e-05
reckoned,2e-05
cleaning,2e-05
revolutionize,2e-05
temperatures,2e-05
dui,2e-05
parsed,2e-05
halts,2e-05
biz,2e-05
deems,2e-05
leaked,2e-05
spark,2e-05
mess,2e-05
hrs,2e-05
monarch,2e-05
pat,2e-05
placed,2e-05
capitalist,2e-05
entrance,2e-05
spillover,2e-05
interested,2e-05
honored,2e-05
absence,2e-05
bands,2e-05
seasoning,2e-05
gauges,2e-05
attracting,2e-05
feels,2e-05
portal,2e-05
wonder,2e-05
manage,2e-05
truncated,2e-05
recall,2e-05
curb,2e-05
clutch,2e-05
neighbor,2e-05
shedding,2e-05
slumps,2e-05
appointed,2e-05
pull,2e-05
greenwood,2e-05
lasting,2e-05
collapses,2e-05
irrelevance,2e-05
journal,2e-05
issuances,2e-05
chinas,2e-05
playoffs,2e-05
treaded,2e-05
terrifying,2e-05
functionality,2e-05
havoc,2e-05
trusts,2e-05
licence,2e-05
thus,2e-05
rex,2e-05
argentine,2e-05
prosperity,2e-05
lock,2e-05
stranger,2e-05
swell,2e-05
phasing,2e-05
tie,2e-05
durham,2e-05
capabilities,2e-05
manufacturer,2e-05
parallel,2e-05
ball,2e-05
arrested,2e-05
cabinets,2e-05
shutdowns,2e-05
slipping,2e-05
chewing,2e-05
eating,2e-05
toss,2e-05
contributed,2e-05
hindus,2e-05
compound,2e-05
munching,2e-05
trucks,2e-05
thirds,2e-05
jews,2e-05
bidens,2e-05
gut,2e-05
sequoia,2e-05
tall,2e-05
leases,2e-05
applies,2e-05
emotions,2e-05
jerks,2e-05
mushrooms,2e-05
ads,2e-05
expiring,2e-05
tumbling,2e-05
bout,2e-05
canary,2e-05
pivot,2e-05
nursing,2e-05
trusted,2e-05
dedicate,2e-05
reins,2e-05
ascension,2e-05
incentives,2e-05
sucked,2e-05
malfeasance,2e-05
erupted,2e-05
impoverished,2e-05
jeopardise,2e-05
row,2e-05
recidivist,2e-05
owing,2e-05
nepotism,2e-05
snatched,2e-05
marc,2e-05
commanding,2e-05
grid,2e-05
humanitarian,2e-05
mp,2e-05
litigated,2e-05
blunder,2e-05
criticized,2e-05
divestitures,2e-05
dimmed,2e-05
roil,2e-05
tube,2e-05
cardinals,2e-05
mandated,2e-05
fashion,2e-05
pressuring,2e-05
solidified,2e-05
asserts,2e-05
title,2e-05
announcer,2e-05
tags,2e-05
waits,2e-05
banner,2e-05
recipients,2e-05
discovery,2e-05
resident,2e-05
impede,2e-05
yacht,2e-05
affirmative,2e-05
pinpoint,2e-05
popping,2e-05
multiples,2e-05
visiting,2e-05
playbook,2e-05
slashing,2e-05
casting,2e-05
shaved,2e-05
foothold,2e-05
topic,2e-05
strained,2e-05
holes,2e-05
bb,2e-05
roiled,2e-05
coded,2e-05
campaigns,2e-05
dumped,2e-05
flew,2e-05
marked,2e-05
seated,2e-05
eager,2e-05
ideas,2e-05
relaxing,2e-05
utility,2e-05
sounds,2e-05
starters,2e-05
immigration,2e-05
spokespersons,2e-05
hunter,2e-05
lee,2e-05
danish,2e-05
tug,2e-05
assumptions,2e-05
stallion,2e-05
stationery,2e-05
steepening,2e-05
guaranteed,2e-05
aiding,2e-05
reside,2e-05
posting,2e-05
saved,2e-05
considerations,2e-05
imagination,2e-05
anticipated,2e-05
do,2e-05
reflation,2e-05
intention,2e-05
noting,2e-05
sr,2e-05
divided,2e-05
sanitation,2e-05
grocery,2e-05
promises,2e-05
headquartered,2e-05
immigrants,2e-05
pic,2e-05
hater,2e-05
sentiments,2e-05
sarcasm,2e-05
vaccinated,2e-05
populist,2e-05
staffing,2e-05
bridge,2e-05
contributors,2e-05
heaving,2e-05
burger,2e-05
builds,2e-05
character,2e-05
canon,2e-05
criticised,2e-05
lit,2e-05
examiner,2e-05
indictment,2e-05
manipulating,2e-05
hats,2e-05
detached,2e-05
debating,2e-05
pattern,2e-05
muddled,2e-05
chiefs,2e-05
clouded,2e-05
fared,2e-05
quantities,2e-05
http,2e-05
bursting,2e-05
turnout,2e-05
cancelling,2e-05
loop,2e-05
connectivity,2e-05
overdraft,2e-05
resolved,2e-05
ac,2e-05
chancellor,2e-05
vendor,2e-05
averaging,2e-05
threats,2e-05
cope,2e-05
arriving,2e-05
eschewing,2e-05
surgeries,2e-05
headache,2e-05
compiles,2e-05
patches,2e-05
confirming,2e-05
reentry,2e-05
harm,2e-05
membership,2e-05
sons,2e-05
perks,2e-05
outstripping,2e-05
throes,2e-05
liquefied,2e-05
bargaining,2e-05
scorpio,2e-05
yorks,2e-05
superstar,2e-05
delving,2e-05
contributing,2e-05
weights,2e-05
engineered,2e-05
zoom,2e-05
warrant,2e-05
grab,2e-05
twist,2e-05
implementation,2e-05
covering,2e-05
hosted,2e-05
touchdowns,2e-05
guides,2e-05
assumed,2e-05
claps,2e-05
demands,2e-05
implying,2e-05
statisticians,2e-05
generic,2e-05
match,2e-05
breaded,2e-05
evacuated,2e-05
curbed,2e-05
slicks,2e-05
memory,2e-05
independence,2e-05
injectors,2e-05
yanked,2e-05
husband,2e-05
adherents,2e-05
conflict,2e-05
tallies,2e-05
collectors,2e-05
triggers,2e-05
overshadows,2e-05
maintenance,2e-05
dodged,2e-05
legislature,2e-05
setters,2e-05
letting,2e-05
tailwinds,2e-05
dissatisfaction,2e-05
monitors,2e-05
graduate,2e-05
underscores,2e-05
severity,2e-05
deduction,2e-05
stove,2e-05
expiries,2e-05
enacting,2e-05
grids,2e-05
examine,2e-05
certified,2e-05
projection,2e-05
stabilization,2e-05
slate,2e-05
mobilize,2e-05
shootings,2e-05
certificate,2e-05
learned,2e-05
bargains,2e-05
stressed,2e-05
visits,2e-05
awareness,2e-05
swiped,2e-05
soybean,2e-05
premised,2e-05
governance,2e-05
graph,2e-05
helps,2e-05
infestations,2e-05
genesis,2e-05
recognize,2e-05
clip,2e-05
pitted,2e-05
justification,2e-05
worsening,2e-05
calculus,2e-05
hazard,2e-05
cure,2e-05
imply,2e-05
embroiled,2e-05
offenders,2e-05
psyop,2e-05
vendors,2e-05
tripled,2e-05
humble,2e-05
cartridges,2e-05
cheered,2e-05
delaware,2e-05
utilization,2e-05
mention,2e-05
shutting,2e-05
opinions,2e-05
refused,2e-05
sum,2e-05
degree,2e-05
demolished,2e-05
alcohol,2e-05
dictated,2e-05
coordinated,2e-05
easings,2e-05
amateur,2e-05
concrete,2e-05
fridays,2e-05
belt,2e-05
notched,2e-05
challengers,2e-05
mirror,2e-05
lulls,2e-05
solution,2e-05
reeves,2e-05
manual,2e-05
proceedings,2e-05
tired,2e-05
shortages,2e-05
complicity,2e-05
professionals,2e-05
select,2e-05
swarms,2e-05
insisting,2e-05
capitalize,2e-05
ratios,2e-05
skeptics,2e-05
spectrum,2e-05
passive,2e-05
refunded,2e-05
regained,2e-05
frenzy,2e-05
downside,2e-05
dips,2e-05
fang,2e-05
drafted,2e-05
heroes,2e-05
cooking,2e-05
petty,2e-05
masses,2e-05
club,2e-05
removal,2e-05
ex,2e-05
sack,2e-05
accepting,2e-05
operating,2e-05
scarcity,2e-05
heave,2e-05
epidemic,2e-05
heres,2e-05
pudding,2e-05
wet,2e-05
assignments,2e-05
hosting,2e-05
carried,2e-05
unleashing,2e-05
veterinary,2e-05
nowhere,2e-05
squeeze,2e-05
disadvantaging,2e-05
bazaar,2e-05
welcomed,2e-05
disputes,2e-05
crying,2e-05
arrived,2e-05
exchanged,2e-05
yielding,2e-05
someones,2e-05
qualifying,2e-05
recycling,2e-05
seams,2e-05
resumption,2e-05
joke,2e-05
mf,2e-05
contain,2e-05
cartel,2e-05
applying,2e-05
clinch,2e-05
needy,2e-05
thb,2e-05
compounding,2e-05
tricks,2e-05
tracker,2e-05
granted,2e-05
crowds,2e-05
preschool,2e-05
misery,2e-05
displayed,2e-05
shafting,2e-05
quarantine,2e-05
guard,2e-05
prescription,2e-05
assuming,2e-05
inoculation,2e-05
abating,2e-05
masse,2e-05
instruments,2e-05
flawed,2e-05
stunted,2e-05
fails,2e-05
dudes,2e-05
te,2e-05
winner,2e-05
siren,2e-05
teacher,2e-05
density,2e-05
placements,2e-05
toll,2e-05
roll,2e-05
sinking,2e-05
masks,2e-05
weekends,2e-05
tackling,2e-05
smelling,2e-05
resisted,2e-05
contractors,2e-05
recognised,2e-05
performer,2e-05
concentrated,2e-05
inflated,2e-05
detecting,2e-05
basics,2e-05
skyline,2e-05
merging,2e-05
attacks,2e-05
bankrupt,2e-05
plastics,2e-05
prediction,2e-05
generating,2e-05
squawking,2e-05
at,2e-05
abundance,2e-05
reapportionment,2e-05
flowers,2e-05
requiring,2e-05
dam,2e-05
cunts,2e-05
biotech,2e-05
diplomat,2e-05
lent,2e-05
movers,2e-05
girding,2e-05
repeats,2e-05
amassed,2e-05
imagine,2e-05
beset,2e-05
rickey,2e-05
backlash,2e-05
palace,2e-05
boy,2e-05
israeli,2e-05
beer,2e-05
stronghold,2e-05
secures,2e-05
novel,2e-05
objectives,2e-05
variety,2e-05
polarised,2e-05
knocking,2e-05
commissioners,2e-05
referrals,2e-05
usa,2e-05
collections,2e-05
stewardship,2e-05
tranches,2e-05
proposals,2e-05
motivated,2e-05
upside,2e-05
manner,2e-05
startup,2e-05
delay,2e-05
paragraph,2e-05
questioning,2e-05
invite,2e-05
passenger,2e-05
tint,2e-05
yin,2e-05
sums,2e-05
hispanic,2e-05
drain,2e-05
weed,2e-05
surface,2e-05
preparedness,2e-05
advocates,2e-05
arrangement,2e-05
complying,2e-05
ballpark,2e-05
adults,2e-05
profited,2e-05
containers,2e-05
finalizing,2e-05
fades,2e-05
fat,2e-05
zhou,2e-05
dinar,2e-05
probable,2e-05
mounted,2e-05
critics,2e-05
reality,2e-05
finalising,2e-05
deliveries,2e-05
cvs,2e-05
jets,2e-05
deemed,2e-05
debated,2e-05
outweighed,2e-05
outed,2e-05
births,2e-05
perceived,2e-05
shoe,2e-05
seeker,2e-05
furlough,2e-05
prodding,2e-05
homeless,2e-05
feelings,2e-05
tanks,2e-05
merger,2e-05
pleasure,2e-05
confederate,2e-05
financed,2e-05
biodiversity,2e-05
rings,2e-05
imagined,2e-05
pulls,2e-05
editor,2e-05
turkish,2e-05
narrowing,2e-05
rams,2e-05
insulate,2e-05
distributors,2e-05
heap,2e-05
tempted,2e-05
twin,2e-05
segments,2e-05
payroll,2e-05
forehead,2e-05
waking,2e-05
arrive,2e-05
scored,2e-05
explain,2e-05
nursery,2e-05
turnover,2e-05
ravens,2e-05
bullets,2e-05
awarded,2e-05
irritate,2e-05
cede,2e-05
waivers,2e-05
prepares,2e-05
reimbursements,2e-05
representations,2e-05
noodle,2e-05
quotation,2e-05
minimized,2e-05
subject,2e-05
inspiring,2e-05
wellness,2e-05
tweak,2e-05
squeezes,2e-05
advocating,2e-05
courts,2e-05
humbled,2e-05
bits,2e-05
capture,2e-05
summary,2e-05
peaking,2e-05
tree,2e-05
spotlight,2e-05
chicagos,2e-05
tho,2e-05
deteriorate,2e-05
modification,2e-05
kitchens,2e-05
bob,2e-05
retaining,2e-05
certify,2e-05
thrived,2e-05
fragmented,2e-05
pooling,2e-05
allocating,2e-05
spirit,2e-05
enrolment,2e-05
sets,2e-05
drinkers,2e-05
loses,2e-05
port,2e-05
coincides,2e-05
regards,2e-05
stretches,2e-05
gum,2e-05
song,2e-05
syndication,2e-05
bilingual,2e-05
printout,2e-05
simplified,2e-05
outsize,2e-05
grand,2e-05
inspections,2e-05
consuming,2e-05
releases,2e-05
difficulties,2e-05
visitor,2e-05
wanderlust,2e-05
annum,2e-05
reap,2e-05
adjusting,2e-05
mans,2e-05
automatic,2e-05
modern,2e-05
conspiracy,2e-05
arrest,2e-05
wondered,2e-05
pedestrians,2e-05
king,2e-05
shit,2e-05
knife,2e-05
levies,2e-05
ballooning,2e-05
patriots,2e-05
approaching,2e-05
misses,2e-05
diminishing,2e-05
oversight,2e-05
desperation,2e-05
earnest,2e-05
threw,2e-05
ushered,2e-05
allocations,2e-05
flipping,2e-05
neighbors,2e-05
restricting,2e-05
aided,2e-05
length,2e-05
feat,2e-05
cheques,2e-05
stuck,2e-05
stomping,2e-05
hurting,2e-05
supplying,2e-05
tv,2e-05
axing,2e-05
equivocating,2e-05
employs,2e-05
embracing,2e-05
pretend,2e-05
blame,2e-05
witness,2e-05
candle,2e-05
shot,2e-05
widened,2e-05
reit,2e-05
roiling,2e-05
rarity,2e-05
tips,2e-05
attracts,2e-05
origination,2e-05
canopy,2e-05
communitys,2e-05
facilitated,2e-05
stating,2e-05
eruption,2e-05
donors,2e-05
affluent,2e-05
copied,2e-05
overriding,2e-05
household,2e-05
tier,2e-05
associated,2e-05
nitroglycerin,2e-05
siemens,2e-05
laundering,2e-05
privatization,2e-05
missionary,2e-05
thrilled,2e-05
bedbugs,2e-05
engagement,2e-05
participated,2e-05
braces,2e-05
interim,2e-05
fading,2e-05
dude,2e-05
approaches,2e-05
permanent,2e-05
cr,2e-05
button,2e-05
adjudications,2e-05
hay,2e-05
merchant,2e-05
nomination,2e-05
distractions,2e-05
bus,2e-05
organizing,2e-05
reconciliation,2e-05
lawmaker,2e-05
website,2e-05
egyptian,2e-05
lined,2e-05
laughed,2e-05
memorabilia,2e-05
countrys,2e-05
exon,2e-05
equated,2e-05
binding,2e-05
peg,2e-05
coops,2e-05
requesting,2e-05
overplayed,2e-05
dependence,2e-05
spreading,2e-05
fractured,2e-05
delegates,2e-05
pyramid,2e-05
chorus,2e-05
auctions,2e-05
returning,2e-05
prioritise,2e-05
forgiving,2e-05
butt,2e-05
nov,2e-05
adjust,2e-05
attempting,2e-05
underperformed,2e-05
boarding,2e-05
groceries,2e-05
maturities,2e-05
grandmother,2e-05
precursor,2e-05
entertaining,2e-05
ditch,2e-05
inventors,2e-05
weathered,2e-05
poison,2e-05
demographics,2e-05
have,2e-05
fitch,2e-05
mountain,2e-05
curves,2e-05
crashed,2e-05
overtures,2e-05
icao,2e-05
patriotism,2e-05
dug,2e-05
intended,2e-05
category,2e-05
melissa,2e-05
rep,2e-05
resignation,2e-05
enriching,2e-05
ecosystem,2e-05
flourished,2e-05
leaps,2e-05
deepened,2e-05
valuing,2e-05
positioned,2e-05
plays,2e-05
kgb,2e-05
helicopter,2e-05
collaborate,2e-05
sophisticated,2e-05
reassured,2e-05
kilometre,2e-05
cops,2e-05
capitalisation,2e-05
accumulated,2e-05
ignoring,2e-05
hanging,2e-05
libyan,2e-05
murder,2e-05
beaten,2e-05
alert,2e-05
originators,2e-05
crop,2e-05
expired,2e-05
contents,2e-05
riots,2e-05
dumping,2e-05
overview,2e-05
approvals,2e-05
fertility,2e-05
creaking,2e-05
prospect,2e-05
reasoning,2e-05
doorsteps,2e-05
solid,2e-05
professions,2e-05
analyzed,2e-05
disincentive,2e-05
comprised,2e-05
innovations,2e-05
tempering,2e-05
inhabitants,2e-05
lobby,2e-05
changer,2e-05
incs,2e-05
till,2e-05
rendition,2e-05
deterrence,2e-05
backdrop,2e-05
literacy,2e-05
enforced,2e-05
pipelines,2e-05
spelling,2e-05
watched,2e-05
threatened,2e-05
warm,2e-05
achieved,2e-05
neutral,2e-05
chicken,2e-05
excellence,2e-05
regrets,2e-05
retrofitting,2e-05
arising,2e-05
upgraded,2e-05
lunch,2e-05
mismanagement,2e-05
todays,2e-05
pm,2e-05
echoes,2e-05
ephemeral,2e-05
dealings,2e-05
buyer,2e-05
reviewing,2e-05
wto,2e-05
auditor,2e-05
trillions,2e-05
nights,2e-05
hut,2e-05
dame,2e-05
handing,2e-05
riding,2e-05
beach,2e-05
neighborhoods,2e-05
calculations,2e-05
lawsuits,2e-05
battling,2e-05
aspiring,2e-05
peed,2e-05
forgot,2e-05
lying,2e-05
founders,2e-05
mood,2e-05
loaves,2e-05
efficiency,2e-05
advisor,2e-05
dominates,2e-05
chars,2e-05
persist,2e-05
subsided,2e-05
sections,2e-05
seeds,2e-05
tension,2e-05
established,2e-05
logic,2e-05
throwing,2e-05
apparatus,2e-05
simeon,2e-05
claimed,2e-05
gathered,2e-05
rent,2e-05
obligations,2e-05
evening,2e-05
introspection,2e-05
alums,2e-05
wanting,2e-05
purposes,2e-05
barrack,2e-05
chimes,2e-05
affiliates,2e-05
intensive,2e-05
principle,2e-05
craze,2e-05
wield,2e-05
supports,2e-05
grains,2e-05
grounded,2e-05
certification,2e-05
buffer,2e-05
emission,2e-05
liberal,2e-05
politico,2e-05
emigrate,2e-05
shielded,2e-05
jaguars,2e-05
kit,2e-05
shrift,2e-05
planes,2e-05
acceleration,2e-05
restoration,2e-05
samples,2e-05
mall,2e-05
stockpiles,2e-05
urgency,2e-05
rolled,2e-05
synergies,2e-05
manufacturers,2e-05
cube,2e-05
ensuring,2e-05
skewed,2e-05
cement,2e-05
hybrid,2e-05
pausing,2e-05
contemplate,2e-05
handout,2e-05
appearing,2e-05
robberies,2e-05
delinquency,2e-05
pep,2e-05
administrations,2e-05
branded,2e-05
shepherding,2e-05
indicators,2e-05
allegro,2e-05
texans,2e-05
cereal,2e-05
taxpayers,2e-05
batter,2e-05
imposes,2e-05
bitter,2e-05
capping,2e-05
penis,2e-05
ten,2e-05
rank,2e-05
pepper,2e-05
hoards,2e-05
pulleys,2e-05
ridgeline,2e-05
documents,2e-05
register,2e-05
oversaw,2e-05
assume,2e-05
banknotes,2e-05
ensured,2e-05
statue,2e-05
attain,2e-05
minted,2e-05
pompano,2e-05
aimed,2e-05
rigs,2e-05
kentuckians,2e-05
gathering,2e-05
reaction,2e-05
grant,2e-05
subheadings,2e-05
custom,2e-05
broadened,2e-05
dropping,2e-05
curtailed,2e-05
verifiers,2e-05
reserved,2e-05
grave,2e-05
balloon,2e-05
hitters,2e-05
grows,2e-05
photograph,2e-05
mankind,2e-05
dupe,2e-05
rejoining,2e-05
disclosing,2e-05
shield,2e-05
winding,2e-05
congressman,2e-05
hawaiian,2e-05
reveal,2e-05
recount,2e-05
write,2e-05
seb,2e-05
peddled,2e-05
crowd,2e-05
backup,2e-05
recap,2e-05
storing,2e-05
contingency,2e-05
concord,2e-05
occupation,2e-05
database,2e-05
wholesaler,2e-05
treat,2e-05
banked,2e-05
paperwork,2e-05
affiliate,2e-05
notice,2e-05
coalitions,2e-05
complicating,2e-05
sweeps,2e-05
rift,2e-05
superiority,2e-05
emitted,2e-05
corona,2e-05
buffet,2e-05
implements,2e-05
flyovers,2e-05
scratch,2e-05
settling,2e-05
here,2e-05
sold,2e-05
formalizes,2e-05
intent,2e-05
owes,2e-05
tour,2e-05
render,2e-05
underlined,2e-05
weapons,2e-05
draws,2e-05
flop,2e-05
ga,2e-05
freedom,2e-05
persists,2e-05
miracle,2e-05
muslim,2e-05
duties,2e-05
cache,2e-05
dedicated,2e-05
lens,2e-05
anti,2e-05
comptroller,2e-05
citizen,2e-05
recording,2e-05
hop,2e-05
strain,2e-05
pole,2e-05
requires,2e-05
weaken,2e-05
primed,2e-05
dark,2e-05
beginnings,2e-05
pave,2e-05
troops,2e-05
verifications,2e-05
deregulated,2e-05
avenue,2e-05
hung,2e-05
geared,2e-05
habitat,2e-05
pisses,2e-05
knowing,2e-05
guide,2e-05
friendly,2e-05
needing,2e-05
receives,2e-05
biotechnology,2e-05
pence,2e-05
destruction,2e-05
municipality,2e-05
hopeful,2e-05
converted,2e-05
dancing,2e-05
concept,2e-05
verified,2e-05
discount,2e-05
baht,2e-05
downgrades,2e-05
interprets,2e-05
rain,2e-05
stable,2e-05
finger,2e-05
emerges,2e-05
booking,2e-05
bloom,2e-05
meridian,2e-05
scrambled,2e-05
dealership,2e-05
bounced,2e-05
instructions,2e-05
bi,2e-05
queens,2e-05
condemned,2e-05
bureau,2e-05
behemoth,2e-05
watchdogs,2e-05
reception,2e-05
ideologies,2e-05
repercussions,2e-05
veterans,2e-05
cu,2e-05
discus,2e-05
legacy,2e-05
stormed,2e-05
underlines,2e-05
pools,2e-05
drilling,2e-05
eyes,2e-05
spiking,2e-05
quotes,2e-05
stagnated,2e-05
declaration,2e-05
quote,2e-05
ko,2e-05
catalyst,2e-05
elected,2e-05
warner,2e-05
army,2e-05
cancer,2e-05
hoping,2e-05
stupid,2e-05
benchmarks,2e-05
infield,2e-05
bravo,2e-05
populated,2e-05
popped,2e-05
toilet,2e-05
hibernation,2e-05
constrictor,2e-05
spoon,2e-05
stopping,2e-05
bis,2e-05
incarnation,2e-05
surges,2e-05
shelved,2e-05
activists,2e-05
reiterated,2e-05
comprehends,2e-05
marches,2e-05
flattened,2e-05
weighted,2e-05
recouping,2e-05
messaged,2e-05
channel,2e-05
exacerbated,2e-05
responses,2e-05
meat,2e-05
demonstrates,2e-05
fuller,2e-05
judged,2e-05
revealed,2e-05
surveillance,2e-05
rev,2e-05
importance,2e-05
realty,2e-05
totaled,2e-05
container,2e-05
wreaked,2e-05
stops,2e-05
expire,2e-05
personalized,2e-05
sea,2e-05
emphasis,2e-05
ownership,2e-05
performing,2e-05
mph,2e-05
quorum,2e-05
deliberations,2e-05
powerhouse,2e-05
phrase,2e-05
hang,2e-05
creeping,2e-05
prepayments,2e-05
context,2e-05
protocol,2e-05
pharmaceutical,2e-05
heights,2e-05
seconds,2e-05
bowman,2e-05
cigarettes,2e-05
pac,2e-05
strains,2e-05
strugglers,2e-05
landed,2e-05
poll,2e-05
enjoying,2e-05
bumper,2e-05
arrives,2e-05
tee,2e-05
collective,2e-05
storage,2e-05
escalate,2e-05
mrs,2e-05
leveling,2e-05
adventures,2e-05
design,2e-05
cat,2e-05
pencilling,2e-05
offense,2e-05
couple,2e-05
strengths,2e-05
proof,2e-05
scraping,2e-05
flash,2e-05
epic,2e-05
dominate,2e-05
cheese,2e-05
faithful,2e-05
collapsed,2e-05
fucked,2e-05
curbing,2e-05
catches,2e-05
barber,2e-05
fault,2e-05
refineries,2e-05
realtor,2e-05
rebuild,2e-05
distributed,2e-05
butter,2e-05
staging,2e-05
cop,2e-05
baseline,2e-05
moral,2e-05
girl,2e-05
flip,2e-05
presence,2e-05
polish,2e-05
diligence,2e-05
letss,2e-05
log,2e-05
avoidance,2e-05
nit,2e-05
exact,2e-05
weber,2e-05
entertainment,2e-05
vitality,2e-05
bps,2e-05
erode,2e-05
fade,2e-05
pilot,2e-05
father,2e-05
tonight,2e-05
telephone,2e-05
kr,2e-05
trees,2e-05
lottery,2e-05
mail,2e-05
organise,2e-05
certifying,2e-05
excited,2e-05
dissipated,2e-05
witnesses,2e-05
pollution,2e-05
departs,2e-05
infection,2e-05
wading,2e-05
ph,2e-05
recreating,2e-05
classes,2e-05
devaluation,2e-05
usage,2e-05
editors,2e-05
planting,2e-05
tudor,2e-05
aspire,2e-05
universal,2e-05
derived,2e-05
bracing,2e-05
departure,2e-05
shook,2e-05
actors,2e-05
dissuaded,2e-05
cd,2e-05
passports,2e-05
situations,2e-05
gadget,2e-05
feed,2e-05
appealed,2e-05
stimulating,2e-05
abandoned,2e-05
heat,2e-05
payday,2e-05
child,2e-05
na,2e-05
limb,2e-05
paychecks,2e-05
moment,2e-05
lifetime,2e-05
deceleration,2e-05
rooms,2e-05
ins,2e-05
exceeded,2e-05
merged,2e-05
reversing,2e-05
penciled,2e-05
offloaded,2e-05
salaries,2e-05
employ,2e-05
shoots,2e-05
seniors,2e-05
envelopes,2e-05
jumps,2e-05
computing,2e-05
rice,2e-05
reads,2e-05
wedge,2e-05
flush,2e-05
pads,2e-05
m1,2e-05
buffeted,2e-05
assign,2e-05
meddling,2e-05
swing,2e-05
paralysis,2e-05
tearing,2e-05
studio,2e-05
inspector,2e-05
nails,2e-05
impression,2e-05
categories,2e-05
ag,2e-05
schedule,2e-05
opportunism,2e-05
halted,2e-05
renovation,2e-05
dioxide,2e-05
celtic,2e-05
dominated,2e-05
ramping,2e-05
lacks,2e-05
reinforcing,2e-05
genomics,2e-05
slides,2e-05
journalists,2e-05
nigga,2e-05
pity,2e-05
holy,2e-05
traces,2e-05
fiduciary,2e-05
roots,2e-05
down,2e-05
thoroughfares,2e-05
absentee,2e-05
thrombosis,2e-05
hogan,2e-05
stick,2e-05
mines,2e-05
determined,2e-05
engaged,2e-05
nonprofits,2e-05
convictions,2e-05
locations,2e-05
cool,2e-05
coinciding,2e-05
ace,2e-05
internship,2e-05
replacing,2e-05
doctors,2e-05
champion,2e-05
dislocation,2e-05
bookmaker,2e-05
ds,2e-05
marks,2e-05
reminded,2e-05
nurseries,2e-05
amends,2e-05
amortization,2e-05
thirty,2e-05
dates,2e-05
autumn,2e-05
tracked,2e-05
persuade,2e-05
handle,2e-05
sells,2e-05
stress,2e-05
farm,2e-05
derail,2e-05
instances,2e-05
subsidiary,2e-05
complexion,2e-05
benefitting,2e-05
outperform,2e-05
criminals,2e-05
aerospace,2e-05
hinting,2e-05
teammate,2e-05
streamline,2e-05
haves,2e-05
metro,2e-05
fnma,2e-05
overconfidence,2e-05
notification,2e-05
productivity,2e-05
tenor,2e-05
runup,2e-05
emitter,2e-05
tons,2e-05
seminar,2e-05
dbs,2e-05
underperforming,2e-05
basing,2e-05
cashing,2e-05
worlds,2e-05
clocking,2e-05
suspect,2e-05
communism,2e-05
genius,2e-05
gulf,2e-05
depend,2e-05
benefitted,2e-05
prepaid,2e-05
draw,2e-05
advancements,2e-05
implemented,2e-05
lord,2e-05
hatch,2e-05
grounds,2e-05
archive,2e-05
skills,2e-05
contained,2e-05
deciding,2e-05
attracted,2e-05
compressing,2e-05
element,2e-05
greens,2e-05
diners,2e-05
allowing,2e-05
pledged,2e-05
fishes,2e-05
motley,2e-05
mitigate,2e-05
mentality,2e-05
dating,2e-05
external,2e-05
bars,2e-05
confirm,2e-05
determining,2e-05
headlines,2e-05
warnings,2e-05
routing,2e-05
lifeline,2e-05
firth,2e-05
averaged,2e-05
suvs,2e-05
exploit,2e-05
preserve,2e-05
backfire,2e-05
marketer,2e-05
budgets,2e-05
deteriorating,2e-05
brit,2e-05
doubters,2e-05
processed,2e-05
cotton,2e-05
opposing,2e-05
gearing,2e-05
chop,2e-05
trains,2e-05
science,2e-05
findings,2e-05
starved,2e-05
laden,2e-05
trough,2e-05
functions,2e-05
church,2e-05
leapfrogging,2e-05
contemplated,2e-05
highlighting,2e-05
spinning,2e-05
preside,2e-05
ab,2e-05
ant,2e-05
gardening,2e-05
italians,2e-05
adhered,2e-05
prominence,2e-05
feasted,2e-05
circle,2e-05
headline,2e-05
circling,2e-05
spotted,2e-05
sooner,2e-05
compromised,2e-05
superior,2e-05
distances,2e-05
cancel,2e-05
sounded,2e-05
cheat,2e-05
fill,2e-05
ushers,2e-05
falcons,2e-05
landscape,2e-05
agent,2e-05
skincare,2e-05
mocking,2e-05
asians,2e-05
suit,2e-05
gears,2e-05
normalizing,2e-05
impacts,2e-05
defy,2e-05
reform,2e-05
addiction,2e-05
slurs,2e-05
contracted,2e-05
scandals,2e-05
riverside,2e-05
stuffed,2e-05
restricted,2e-05
comparative,2e-05
recognized,2e-05
pile,2e-05
multiplied,2e-05
dabbling,2e-05
bubbles,2e-05
equalling,2e-05
tear,2e-05
repurchasing,2e-05
footing,2e-05
hostess,2e-05
hampshire,2e-05
salary,2e-05
leg,2e-05
participating,2e-05
ships,2e-05
furloughed,2e-05
dashed,2e-05
fluctuating,2e-05
henry,2e-05
ripping,2e-05
tears,2e-05
shirts,2e-05
plug,2e-05
speculation,2e-05
effectiveness,2e-05
standardised,2e-05
affair,2e-05
affiliated,2e-05
reminder,2e-05
bitches,2e-05
being,2e-05
immunity,2e-05
combining,2e-05
ambulance,2e-05
solon,2e-05
souring,2e-05
premise,2e-05
examination,2e-05
wans,2e-05
incomes,2e-05
assist,2e-05
totems,2e-05
homebound,2e-05
accepted,2e-05
closings,2e-05
medium,2e-05
caught,2e-05
html,2e-05
sheer,2e-05
complexity,2e-05
harvester,2e-05
mayo,2e-05
clashes,2e-05
criticisms,2e-05
cfo,2e-05
floundered,2e-05
yankees,2e-05
tested,2e-05
lockdown,2e-05
prioritised,2e-05
substitutes,2e-05
duration,2e-05
diesel,2e-05
commissions,2e-05
litmus,2e-05
tended,2e-05
propped,2e-05
spell,2e-05
fan,2e-05
reissue,2e-05
minim,2e-05
existence,2e-05
jazz,2e-05
rapid,2e-05
restitution,2e-05
listings,2e-05
madness,2e-05
pregnancy,2e-05
halloween,2e-05
beverage,2e-05
touted,2e-05
licensed,2e-05
served,2e-05
observe,2e-05
retailer,2e-05
carmaker,2e-05
thc,2e-05
bondholder,2e-05
rhetoric,2e-05
backing,2e-05
christmas,2e-05
aerial,2e-05
scarred,2e-05
azure,2e-05
occupy,2e-05
door,2e-05
couplings,2e-05
transient,2e-05
elimination,2e-05
explanation,2e-05
lady,2e-05
argues,2e-05
depends,2e-05
pursuing,2e-05
borrow,2e-05
roads,2e-05
thread,2e-05
burned,2e-05
padding,2e-05
principles,2e-05
excess,2e-05
description,2e-05
handover,2e-05
assigned,2e-05
describes,2e-05
waning,2e-05
favour,2e-05
est,2e-05
hike,2e-05
abiding,2e-05
anxiety,2e-05
encouraging,2e-05
phones,2e-05
freaking,2e-05
rethink,2e-05
alluring,2e-05
fins,2e-05
approving,2e-05
contesting,2e-05
strings,2e-05
losers,2e-05
wrap,2e-05
monsoons,2e-05
comparisons,2e-05
designing,2e-05
feast,2e-05
stashed,2e-05
century,2e-05
promoting,2e-05
raped,2e-05
minus,2e-05
visit,2e-05
joins,2e-05
envy,2e-05
acknowledged,2e-05
ideology,2e-05
disappeared,2e-05
stripes,2e-05
cancellations,2e-05
rome,2e-05
pack,2e-05
bankruptcies,2e-05
agriculture,2e-05
assembly,2e-05
cant,2e-05
rocketed,2e-05
embarrassment,2e-05
rewards,2e-05
rotation,2e-05
demonstrated,2e-05
shocking,2e-05
terraced,2e-05
caregiver,2e-05
mechanism,2e-05
deadlock,2e-05
yard,2e-05
fined,2e-05
heard,2e-05
spirals,2e-05
gusto,2e-05
weigh,2e-05
mirrored,2e-05
powers,2e-05
franks,2e-05
termination,2e-05
stages,2e-05
supplied,2e-05
stocked,2e-05
accepts,2e-05
layout,2e-05
recruited,2e-05
implement,2e-05
motive,2e-05
colonists,2e-05
retaliate,2e-05
prepays,2e-05
preoccupation,2e-05
memorandum,2e-05
oscillators,2e-05
credibility,2e-05
produced,2e-05
pleasing,2e-05
symbol,2e-05
pipeline,2e-05
completion,2e-05
insecurity,2e-05
erred,2e-05
guiding,2e-05
challenged,2e-05
spiked,2e-05
trout,2e-05
passes,2e-05
promised,2e-05
innocent,2e-05
maintained,2e-05
pummeled,2e-05
meantime,2e-05
stability,2e-05
affecting,2e-05
fundamental,2e-05
hoe,2e-05
soccer,2e-05
distorted,2e-05
reimbursement,2e-05
drags,2e-05
competitors,2e-05
federated,2e-05
cahoots,2e-05
midstream,2e-05
rats,2e-05
graduates,2e-05
breakdown,2e-05
judge,2e-05
turbine,2e-05
specialist,2e-05
ticked,2e-05
bag,2e-05
mac,2e-05
deaths,2e-05
pi,2e-05
resource,2e-05
mosque,2e-05
forging,2e-05
limped,2e-05
sinks,2e-05
slip,2e-05
subscription,2e-05
economys,2e-05
rapist,2e-05
abc,2e-05
litres,2e-05
initiated,2e-05
understanding,2e-05
swiftness,2e-05
craft,2e-05
illustrator,2e-05
photographed,2e-05
wars,2e-05
mogul,2e-05
catch,2e-05
capitalising,2e-05
bears,2e-05
stoves,2e-05
holidays,2e-05
guidelines,2e-05
shaped,2e-05
thumping,2e-05
bred,2e-05
gis,2e-05
explore,2e-05
cornerstone,2e-05
rebounding,2e-05
garner,2e-05
speech,2e-05
smacks,2e-05
rigging,2e-05
urine,2e-05
defined,2e-05
renting,2e-05
disrupting,2e-05
settlements,2e-05
intersection,2e-05
confluence,2e-05
comply,2e-05
debut,2e-05
sol,2e-05
heath,2e-05
