co,0.10834
https,0.07206
pips,0.02182
trading,0.02082
free,0.01745
profit,0.01596
signals,0.01546
join,0.01533
hit,0.0101
indices,0.00835
stocks,0.00798
trade,0.00773
index,0.00723
morning,0.00723
amp,0.00711
buy,0.00711
daily,0.00698
target,0.00648
blue,0.00636
day,0.00623
good,0.00611
low,0.00598
gold,0.00573
earnings,0.00573
get,0.00561
term,0.00549
box,0.00549
short,0.00536
order,0.00511
today,0.00511
ticket,0.00511
cash,0.00499
sell,0.00499
chart,0.00499
scalping,0.00499
hits,0.00486
buyers,0.00474
market,0.00461
open,0.00436
channel,0.00436
levels,0.00424
buying,0.00424
support,0.00411
risk,0.00411
high,0.00399
price,0.00386
silver,0.00386
zone,0.00386
sap,0.00374
selling,0.00374
closed,0.00362
trend,0.00362
spy,0.00362
long,0.00349
european,0.00349
month,0.00337
futures,0.00337
revenue,0.00337
link,0.00337
check,0.00324
wave,0.00324
view,0.00324
points,0.00312
outlook,0.00312
markets,0.00299
make,0.00299
cuts,0.00287
mib,0.00287
find,0.00287
analysis,0.00274
days,0.00274
traders,0.00262
last,0.00262
week,0.00249
lower,0.00249
stock,0.00249
position,0.00237
es,0.00237
move,0.00237
carnage,0.00237
news,0.00237
level,0.00224
calls,0.00224
opening,0.00224
subscribers,0.00224
close,0.00224
pullback,0.00224
profits,0.00212
time,0.00212
sentiment,0.00212
range,0.00212
see,0.00199
supports,0.00199
gap,0.00199
session,0.00199
world,0.00199
entry,0.00199
candle,0.00199
like,0.00187
back,0.00187
yesterday,0.00187
selloff,0.00187
medium,0.00187
zones,0.00187
europe,0.00187
still,0.00187
system,0.00187
todays,0.00187
update,0.00175
area,0.00175
picks,0.00175
hour,0.00175
bayer,0.00175
technical,0.00175
moves,0.00175
german,0.00175
pts,0.00175
go,0.00175
targets,0.00162
steam,0.00162
signal,0.00162
da,0.00162
right,0.00162
break,0.00162
resistance,0.00162
continue,0.00162
first,0.0015
members,0.0015
key,0.0015
latest,0.0015
principles,0.0015
dollar,0.0015
current,0.0015
looking,0.00137
finance,0.00137
showing,0.00137
releases,0.00137
trader,0.00137
future,0.00137
rise,0.00137
small,0.00137
great,0.00137
forecasts,0.00137
currency,0.00137
expected,0.00137
moving,0.00137
dollars,0.00137
dia,0.00125
notes,0.00125
green,0.00125
data,0.00125
said,0.00125
bounce,0.00125
potential,0.00125
cases,0.00125
resistances,0.00125
cheers,0.00125
dividend,0.00125
fast,0.00112
know,0.00112
amount,0.00112
investment,0.00112
companies,0.00112
closing,0.00112
closes,0.00112
reached,0.001
inevitable,0.001
reaction,0.001
call,0.001
found,0.001
supply,0.001
yield,0.001
options,0.001
bad,0.001
video,0.001
weekly,0.001
set,0.001
string,0.001
bottom,0.001
possible,0.001
let,0.00087
start,0.00087
evening,0.00087
follow,0.00087
account,0.00087
end,0.00087
equities,0.00087
recap,0.00087
action,0.00087
top,0.00087
min,0.00087
rallied,0.00087
stop,0.00087
positive,0.00087
mins,0.00087
best,0.00087
much,0.00087
bulls,0.00087
correction,0.00087
money,0.00087
red,0.00087
rising,0.00087
went,0.00087
snp,0.00087
oct,0.00075
course,0.00075
results,0.00075
line,0.00075
total,0.00075
charts,0.00075
average,0.00075
perfect,0.00075
give,0.00075
way,0.00075
rules,0.00075
live,0.00075
rally,0.00075
cautious,0.00075
second,0.00075
bounced,0.00075
suggested,0.00075
full,0.00075
miss,0.00075
saw,0.00075
remains,0.00075
looks,0.00075
point,0.00075
gains,0.00075
note,0.00075
le,0.00075
holding,0.00075
setup,0.00075
taking,0.00062
slow,0.00062
setups,0.00062
least,0.00062
loss,0.00062
pull,0.00062
posted,0.00062
asia,0.00062
joining,0.00062
strategy,0.00062
election,0.00062
volatility,0.00062
company,0.00062
sequence,0.00062
post,0.00062
pattern,0.00062
peak,0.00062
secured,0.00062
volume,0.00062
clients,0.00062
performing,0.00062
re,0.00062
presented,0.00062
running,0.00062
ice,0.00062
off,0.00062
europeans,0.00062
want,0.00062
quarterly,0.00062
feb,0.00062
opportunity,0.00062
intermediate,0.0005
place,0.0005
york,0.0005
enough,0.0005
bet,0.0005
ask,0.0005
investments,0.0005
getting,0.0005
elements,0.0005
payments,0.0005
come,0.0005
well,0.0005
fine,0.0005
october,0.0005
lead,0.0005
pivot,0.0005
row,0.0005
fell,0.0005
goes,0.0005
work,0.0005
exchange,0.0005
gain,0.0005
breaks,0.0005
middle,0.0005
scandal,0.0005
march,0.0005
calling,0.0005
near,0.0005
needs,0.0005
demand,0.0005
june,0.0005
even,0.0005
positioning,0.0005
cheer,0.0005
founding,0.0005
ascending,0.0005
analyses,0.0005
need,0.0005
coaching,0.0005
extended,0.0005
pressure,0.0005
remain,0.0005
en,0.0005
single,0.0005
took,0.0005
proposal,0.0005
suggests,0.0005
race,0.0005
wake,0.0005
side,0.0005
http,0.0005
solid,0.0005
momentum,0.0005
neutral,0.0005
double,0.0005
power,0.0005
business,0.0005
activity,0.0005
trades,0.0005
investors,0.0005
due,0.0005
years,0.0005
captured,0.00037
pushes,0.00037
breakout,0.00037
group,0.00037
prices,0.00037
direction,0.00037
inverse,0.00037
limit,0.00037
ig,0.00037
elite,0.00037
year,0.00037
complex,0.00037
hrs,0.00037
explained,0.00037
french,0.00037
look,0.00037
control,0.00037
ms,0.00037
capital,0.00037
testing,0.00037
bank,0.00037
algorithms,0.00037
try,0.00037
delivered,0.00037
investing,0.00037
score,0.00037
provided,0.00037
cross,0.00037
dropped,0.00037
bought,0.00037
corona,0.00037
thursday,0.00037
euro,0.00037
mean,0.00037
waiting,0.00037
love,0.00037
annual,0.00037
performances,0.00037
areas,0.00037
invalid,0.00037
waves,0.00037
highs,0.00037
number,0.00037
seems,0.00037
breaking,0.00037
got,0.00037
part,0.00037
express,0.00037
recovery,0.00037
losing,0.00037
visit,0.00037
monday,0.00037
cloud,0.00037
include,0.00037
head,0.00037
better,0.00037
watch,0.00037
added,0.00037
situation,0.00037
lows,0.00037
elections,0.00037
economy,0.00037
meaning,0.00037
passing,0.00037
shows,0.00037
murder,0.00037
message,0.00037
ceo,0.00037
wait,0.00037
coming,0.00037
brain,0.00037
pound,0.00037
providing,0.00037
midday,0.00037
say,0.00037
expect,0.00037
recovering,0.00037
shares,0.00037
page,0.00037
bears,0.00037
fried,0.00037
reducing,0.00025
talent,0.00025
insolvency,0.00025
state,0.00025
expand,0.00025
delayed,0.00025
blow,0.00025
tuesday,0.00025
down,0.00025
traded,0.00025
equity,0.00025
insight,0.00025
grow,0.00025
expansion,0.00025
auto,0.00025
following,0.00025
hold,0.00025
proven,0.00025
components,0.00025
became,0.00025
weeks,0.00025
warning,0.00025
reinforces,0.00025
premium,0.00025
motivation,0.00025
held,0.00025
answer,0.00025
likes,0.00025
take,0.00025
balanced,0.00025
expulsion,0.00025
fail,0.00025
decision,0.00025
th,0.00025
july,0.00025
proposals,0.00025
figures,0.00025
creditors,0.00025
brand,0.00025
acceptance,0.00025
fight,0.00025
falls,0.00025
outlining,0.00025
republicans,0.00025
component,0.00025
breach,0.00025
nobody,0.00025
chief,0.00025
months,0.00025
exciting,0.00025
node,0.00025
room,0.00025
record,0.00025
aims,0.00025
publish,0.00025
turning,0.00025
earn,0.00025
matter,0.00025
pulled,0.00025
holds,0.00025
owed,0.00025
returns,0.00025
preliminary,0.00025
defeat,0.00025
sellers,0.00025
tempted,0.00025
delivery,0.00025
blog,0.00025
dm,0.00025
turnover,0.00025
corporation,0.00025
expecting,0.00025
hopes,0.00025
push,0.00025
weapons,0.00025
rotations,0.00025
submit,0.00025
democrats,0.00025
real,0.00025
win,0.00025
ends,0.00025
apply,0.00025
increases,0.00025
messages,0.00025
starting,0.00025
minor,0.00025
attempt,0.00025
band,0.00025
allow,0.00025
think,0.00025
asked,0.00025
idea,0.00025
mini,0.00025
leg,0.00025
pushing,0.00025
filed,0.00025
report,0.00025
fraud,0.00025
stay,0.00025
adss,0.00025
missed,0.00025
utility,0.00025
listening,0.00025
question,0.00025
increase,0.00025
struggling,0.00025
selection,0.00025
explaining,0.00025
stupids,0.00025
minutes,0.00025
hurry,0.00025
operator,0.00025
interest,0.00025
se,0.00025
sky,0.00025
tumbles,0.00025
billions,0.00025
stuff,0.00025
overall,0.00025
broke,0.00025
eyes,0.00025
extend,0.00025
www,0.00025
straight,0.00025
okay,0.00025
software,0.00025
secret,0.00025
reach,0.00025
hours,0.00025
chip,0.00025
private,0.00025
zombies,0.00025
tesla,0.00025
wish,0.00025
mistake,0.00025
membership,0.00025
surprised,0.00025
rallies,0.00025
management,0.00025
balance,0.00025
god,0.00025
welcome,0.00025
requirement,0.00025
statement,0.00025
hills,0.00025
covering,0.00025
executive,0.00025
est,0.00025
breakouts,0.00025
stimulus,0.00025
ping,0.00025
classic,0.00025
constituents,0.00025
thanks,0.00025
con,0.00025
sales,0.00025
made,0.00025
flat,0.00025
finds,0.00025
increased,0.00025
timing,0.00025
general,0.00025
started,0.00025
joins,0.00025
absolute,0.00025
accounting,0.00025
preparation,0.00025
violation,0.00025
promotion,0.00025
pos,0.00025
basic,0.00025
play,0.00025
db,0.00025
court,0.00025
hints,0.00025
shocking,0.00025
economies,0.00025
refuses,0.00025
excluded,0.00025
profitability,0.00025
fall,0.00025
path,0.00025
smile,0.00025
tone,0.00025
dos,0.00025
be,0.00025
fact,0.00025
semiconductor,0.00025
professional,0.00025
goal,0.00025
sophisticated,0.00025
weekend,0.00025
fade,0.00025
forecast,0.00025
alert,0.00025
tonight,0.00025
performance,0.00025
tests,0.00025
commodities,0.00025
forming,0.00025
concerns,0.00025
fake,0.00025
bans,0.00025
departure,0.00025
cap,0.00025
lines,0.00025
tweeting,0.00025
shoulder,0.00025
losses,0.00025
sector,0.00025
package,0.00025
melting,0.00025
achieved,0.00025
content,0.00025
heads,0.00025
plan,0.00025
quality,0.00025
health,0.00025
reforms,0.00025
angle,0.00025
little,0.00025
oil,0.00025
understanding,0.00025
inflections,0.00025
ratio,0.00025
simple,0.00025
count,0.00025
rookie,0.00025
basis,0.00025
gapped,0.00025
arrived,0.00025
var,0.00025
criteria,0.00025
mark,0.00025
changes,0.00025
beginning,0.00012
rounding,0.00012
worked,0.00012
expert,0.00012
networks,0.00012
triangle,0.00012
accountants,0.00012
token,0.00012
printed,0.00012
consumer,0.00012
shoulders,0.00012
talking,0.00012
drag,0.00012
provide,0.00012
extends,0.00012
surprises,0.00012
pointing,0.00012
brush,0.00012
tend,0.00012
study,0.00012
clear,0.00012
frustrating,0.00012
instruments,0.00012
bets,0.00012
collapsing,0.00012
keep,0.00012
trigger,0.00012
te,0.00012
topped,0.00012
kudos,0.00012
wise,0.00012
china,0.00012
rebound,0.00012
used,0.00012
click,0.00012
performer,0.00012
congratulations,0.00012
founder,0.00012
doubled,0.00012
major,0.00012
example,0.00012
glance,0.00012
friday,0.00012
arrows,0.00012
erase,0.00012
clicks,0.00012
backhand,0.00012
wed,0.00012
spark,0.00012
making,0.00012
efforts,0.00012
pat,0.00012
avocado,0.00012
indicative,0.00012
electricity,0.00012
district,0.00012
manufacturing,0.00012
interested,0.00012
issues,0.00012
customers,0.00012
baba,0.00012
chaos,0.00012
episodes,0.00012
white,0.00012
countries,0.00012
reported,0.00012
lockdowns,0.00012
rich,0.00012
rotary,0.00012
triggered,0.00012
crude_oil,0.00012
cut,0.00012
yellow,0.00012
shedding,0.00012
closer,0.00012
turns,0.00012
manner,0.00012
whole,0.00012
virtue,0.00012
dividends,0.00012
crash,0.00012
liquid,0.00012
food,0.00012
dismissed,0.00012
hedge,0.00012
reversion,0.00012
cooper,0.00012
amazing,0.00012
communications,0.00012
aimed,0.00012
nature,0.00012
politics,0.00012
third,0.00012
finishing,0.00012
despite,0.00012
moved,0.00012
willing,0.00012
worst,0.00012
left,0.00012
conference,0.00012
sign,0.00012
climate,0.00012
individual,0.00012
member,0.00012
gateway,0.00012
patience,0.00012
sterling,0.00012
cas,0.00012
ground,0.00012
probable,0.00012
fears,0.00012
peek,0.00012
beginner,0.00012
track,0.00012
toda,0.00012
vaccine,0.00012
driving,0.00012
turn,0.00012
case,0.00012
focus,0.00012
headlines,0.00012
warnings,0.00012
chance,0.00012
except,0.00012
groups,0.00012
folks,0.00012
combs,0.00012
drop,0.00012
averages,0.00012
nowadays,0.00012
heavy,0.00012
el,0.00012
notice,0.00012
things,0.00012
hitting,0.00012
ev,0.00012
poised,0.00012
continues,0.00012
plunge,0.00012
publication,0.00012
trial,0.00012
net,0.00012
gearing,0.00012
map,0.00012
pays,0.00012
relaxer,0.00012
file,0.00012
images,0.00012
losts,0.00012
scored,0.00012
quiet,0.00012
sold,0.00012
changing,0.00012
entries,0.00012
appears,0.00012
director,0.00012
use,0.00012
complete,0.00012
circle,0.00012
sneak,0.00012
sooner,0.00012
half,0.00012
pokes,0.00012
humans,0.00012
makers,0.00012
spread,0.00012
amazon,0.00012
paper,0.00012
inside,0.00012
boa,0.00012
supporting,0.00012
recording,0.00012
arbitration,0.00012
twitter,0.00012
summary,0.00012
rejection,0.00012
extension,0.00012
confidence,0.00012
hand,0.00012
loves,0.00012
overcome,0.00012
creating,0.00012
ceos,0.00012
hammer,0.00012
board,0.00012
gets,0.00012
job,0.00012
fighting,0.00012
comparing,0.00012
protests,0.00012
issue,0.00012
improves,0.00012
keeps,0.00012
boxes,0.00012
wheel,0.00012
das,0.00012
conditions,0.00012
lea,0.00012
assets,0.00012
blogs,0.00012
danish,0.00012
listen,0.00012
minute,0.00012
glad,0.00012
topping,0.00012
confirmed,0.00012
extensions,0.00012
consolidate,0.00012
ps,0.00012
smooth,0.00012
shit,0.00012
approaching,0.00012
fo,0.00012
industry,0.00012
chinese,0.00012
aged,0.00012
sulphur,0.00012
forged,0.00012
challenge,0.00012
john,0.00012
eye,0.00012
giving,0.00012
yr,0.00012
senior,0.00012
defense,0.00012
trending,0.00012
diagonal,0.00012
plenty,0.00012
details,0.00012
hammering,0.00012
reversal,0.00012
prints,0.00012
span,0.00012
flashing,0.00012
tested,0.00012
turned,0.00012
cards,0.00012
lockdown,0.00012
dens,0.00012
witness,0.00012
engine,0.00012
wiped,0.00012
declining,0.00012
army,0.00012
become,0.00012
cancer,0.00012
agree,0.00012
bellow,0.00012
help,0.00012
dear,0.00012
coincidence,0.00012
martin,0.00012
quickie,0.00012
divergence,0.00012
british,0.00012
mar,0.00012
secs,0.00012
reopening,0.00012
sidelines,0.00012
allowed,0.00012
star,0.00012
averaging,0.00012
insolvencies,0.00012
remaining,0.00012
siemens,0.00012
mover,0.00012
surges,0.00012
ruled,0.00012
sequences,0.00012
rescue,0.00012
recommended,0.00012
fading,0.00012
pt,0.00012
emerged,0.00012
reacting,0.00012
faltering,0.00012
pajama,0.00012
christmas,0.00012
upbeat,0.00012
ii,0.00012
max,0.00012
meeting,0.00012
reacted,0.00012
feeling,0.00012
fidelity,0.00012
bias,0.00012
thread,0.00012
probability,0.00012
appear,0.00012
jet,0.00012
struggles,0.00012
experience,0.00012
cover,0.00012
tell,0.00012
past,0.00012
romans,0.00012
fluctuate,0.00012
telegram,0.00012
spend,0.00012
run,0.00012
dump,0.00012
starts,0.00012
apparel,0.00012
enter,0.00012
flag,0.00012
someone,0.00012
triggering,0.00012
negative,0.00012
multiple,0.00012
test,0.00012
cat,0.00012
effect,0.00012
bull,0.00012
drama,0.00012
sides,0.00012
exchanges,0.00012
couple,0.00012
avocados,0.00012
pair,0.00012
preference,0.00012
poke,0.00012
graduate,0.00012
fed,0.00012
season,0.00012
risks,0.00012
targeting,0.00012
acceded,0.00012
helping,0.00012
cant,0.00012
indicates,0.00012
expectations,0.00012
gainer,0.00012
attempts,0.00012
recruitment,0.00012
floor,0.00012
falling,0.00012
respect,0.00012
created,0.00012
guess,0.00012
comes,0.00012
old,0.00012
yard,0.00012
buys,0.00012
pay,0.00012
ways,0.00012
press,0.00012
symmetries,0.00012
updates,0.00012
playing,0.00012
pro,0.00012
bps,0.00012
obeying,0.00012
runs,0.00012
combination,0.00012
guidance,0.00012
gmt,0.00012
ft,0.00012
talks,0.00012
ending,0.00012
formed,0.00012
tough,0.00012
hope,0.00012
going,0.00012
education,0.00012
impact,0.00012
weakening,0.00012
entire,0.00012
change,0.00012
photo,0.00012
wednesday,0.00012
breakup,0.00012
enjoy,0.00012
kind,0.00012
panic,0.00012
formation,0.00012
till,0.00012
needed,0.00012
behind,0.00012
gift,0.00012
tensions,0.00012
yea,0.00012
horizontal,0.00012
show,0.00012
toughness,0.00012
tomorrow,0.00012
large,0.00012
speakers,0.00012
follower,0.00012
whack,0.00012
pink,0.00012
rolls,0.00012
version,0.00012
particular,0.00012
assistance,0.00012
sided,0.00012
fundamental,0.00012
share,0.00012
keeping,0.00012
opportunities,0.00012
services,0.00012
gdp,0.00012
regained,0.00012
asset,0.00012
pump,0.00012
list,0.00012
exceeded,0.00012
pharma,0.00012
estimates,0.00012
uses,0.00012
rate,0.00012
dips,0.00012
pm,0.00012
proportion,0.00012
aviation,0.00012
scenario,0.00012
wind,0.00012
rallying,0.00012
si,0.00012
doubts,0.00012
portion,0.00012
lifted,0.00012
ok,0.00012
events,0.00012
changed,0.00012
patient,0.00012
front,0.00012
catch,0.00012
crude,0.00012
positions,0.00012
friends,0.00012
revisions,0.00012
increasing,0.00012
dec,0.00012
november,0.00012
wedge,0.00012
choices,0.00012
dead,0.00012
indicated,0.00012
banks,0.00012
disappointing,0.00012
expressed,0.00012
swing,0.00012
sport,0.00012
coupled,0.00012
nearing,0.00012
vaccination,0.00012
specific,0.00012
yielding,0.00012
brink,0.00012
ag,0.00012
converging,0.00012
