co,0.10405
https,0.09637
check,0.03221
vintage,0.01188
buy,0.00959
items,0.00929
like,0.00749
sale,0.00736
deal,0.0062
size,0.00577
good,0.00448
found,0.00424
amp,0.00414
free,0.00405
box,0.00356
men,0.00346
black,0.00337
auction,0.00337
silver,0.00323
blue,0.00314
gold,0.00301
bucks,0.00286
best,0.00272
lot,0.00269
white,0.00261
price,0.00252
shipping,0.00236
look,0.00233
said,0.00233
ad,0.00227
shirt,0.00214
book,0.00208
get,0.00206
glass,0.00206
long,0.00206
women,0.00204
make,0.00199
old,0.00199
christmas,0.00197
green,0.00187
antique,0.00183
red,0.00183
sell,0.0018
large,0.00178
watch,0.00178
dress,0.00176
necklace,0.00174
card,0.0017
art,0.00168
original,0.00165
pin,0.00161
offer,0.00161
sales,0.00159
ring,0.00159
day,0.00157
top,0.00149
company,0.00149
hand,0.00148
back,0.00144
see,0.00142
earrings,0.00142
sterling,0.0014
comics,0.00136
star,0.00136
selling,0.00134
brand,0.00132
got,0.00131
go,0.00131
brown,0.00127
year,0.00123
store,0.00121
time,0.00119
pink,0.00117
collection,0.00117
going,0.00115
cover,0.00115
people,0.00115
category,0.00113
set,0.00113
jewelry,0.00113
gift,0.00113
love,0.00112
ship,0.0011
earnings,0.00104
style,0.00104
gray,0.00104
clubhouse,0.00104
save,0.00104
trying,0.00102
week,0.00102
amazon,0.001
tie,0.001
cards,0.00098
cat,0.00098
small,0.00098
google,0.00096
yellow,0.00096
deals,0.00096
round,0.00096
offers,0.00096
life,0.00096
series,0.00096
holder,0.00096
media,0.00095
mint,0.00095
business,0.00093
last,0.00093
tone,0.00093
fees,0.00093
fashion,0.00091
bracelet,0.00091
wars,0.00091
money,0.00091
natural,0.00089
market,0.00089
apple,0.00089
stock,0.00089
design,0.00089
find,0.00089
location,0.00089
medium,0.00089
pendant,0.00089
cd,0.00087
game,0.00087
world,0.00087
cut,0.00085
listing,0.00085
mens,0.00085
metal,0.00085
link,0.00085
print,0.00083
japan,0.00083
first,0.00083
edition,0.00083
console,0.00081
home,0.00081
manual,0.00081
light,0.00081
books,0.00081
full,0.00079
games,0.00079
bag,0.00079
cotton,0.00079
sealed,0.00079
jersey,0.00078
board,0.00078
retro,0.00078
rose,0.00078
diamond,0.00078
color,0.00078
xl,0.00078
add,0.00078
code,0.00078
classic,0.00078
made,0.00078
great,0.00078
signed,0.00076
high,0.00076
jacket,0.00076
football,0.00074
baby,0.00074
bought,0.00074
shop,0.00074
figure,0.00074
case,0.00074
dvd,0.00072
order,0.00072
quarter,0.00072
complete,0.00072
brooch,0.00072
fine,0.00072
short,0.0007
action,0.0007
service,0.0007
jeans,0.0007
comps,0.0007
clear,0.0007
help,0.0007
shares,0.0007
pro,0.0007
ends,0.00068
vinyl,0.00068
york,0.00068
item,0.00068
need,0.00068
mouse,0.00068
heart,0.00066
toy,0.00066
shoes,0.00066
limited,0.00066
marvel,0.00066
ceramic,0.00066
car,0.00066
know,0.00066
painting,0.00066
super,0.00066
news,0.00066
doll,0.00064
open,0.00064
little,0.00064
days,0.00064
coin,0.00064
using,0.00064
left,0.00064
front,0.00064
country,0.00062
seller,0.00062
paperback,0.00062
man,0.00061
oil,0.00061
switch,0.00061
purple,0.00061
use,0.00061
well,0.00061
take,0.00059
savings,0.00059
cup,0.00059
straw,0.00059
musk,0.00059
lego,0.00057
still,0.00057
looking,0.00057
scarf,0.00057
piece,0.00057
social,0.00057
photo,0.00057
even,0.00057
hate,0.00057
stud,0.00057
steel,0.00057
dark,0.00057
porcelain,0.00055
clothing,0.00055
flower,0.00055
plate,0.00055
sweater,0.00055
tonight,0.00055
rules,0.00055
post,0.00055
years,0.00055
low,0.00053
collectibles,0.00053
silk,0.00053
much,0.00053
pottery,0.00053
decor,0.00053
trading,0.00053
power,0.00053
second,0.00053
comic,0.00053
spokeswoman,0.00053
view,0.00053
base,0.00053
in,0.00051
support,0.00051
school,0.00051
pants,0.00051
users,0.00051
button,0.00051
work,0.00051
truck,0.00051
plush,0.00051
grey,0.00051
team,0.00051
image,0.00049
came,0.00049
pop,0.00049
trump,0.00049
comment,0.00049
cap,0.00049
bid,0.00049
mug,0.00049
today,0.00049
vi,0.00049
amazing,0.00049
stone,0.00049
mm,0.00047
say,0.00047
trade,0.00047
coffee,0.00047
looks,0.00047
point,0.00047
filing,0.00047
stake,0.00047
charity,0.00047
miles,0.00047
bowl,0.00047
factory,0.00047
want,0.00047
sharing,0.00047
wood,0.00047
investors,0.00047
figurine,0.00045
double,0.00045
condition,0.00045
poster,0.00045
products,0.00045
cross,0.00045
president,0.00045
thanks,0.00045
postcard,0.00045
record,0.00045
heavy,0.00045
pair,0.00045
date,0.00045
jewellery,0.00045
crafts,0.00045
firm,0.00045
house,0.00045
air,0.00045
way,0.00045
golf,0.00045
monday,0.00045
leather,0.00045
auto,0.00044
iron,0.00044
buying,0.00044
took,0.00044
tweeted,0.00044
companies,0.00044
music,0.00044
video,0.00044
gifts,0.00044
chain,0.00044
site,0.00044
track,0.00044
drop,0.00042
beads,0.00042
modern,0.00042
candle,0.00042
serving,0.00042
real,0.00042
ford,0.00042
oval,0.00042
inch,0.00042
fire,0.00042
wedding,0.00042
pack,0.00042
cost,0.00042
face,0.00042
body,0.00042
kit,0.00042
sold,0.00042
studio,0.00042
wear,0.00042
mini,0.00042
camera,0.00042
film,0.00042
bundle,0.00042
fall,0.00042
wall,0.00042
adult,0.00042
things,0.00042
place,0.00042
try,0.00042
canvas,0.00042
band,0.00042
animal,0.0004
girl,0.0004
strategy,0.0004
someone,0.0004
baseball,0.0004
boxed,0.0004
kind,0.0004
show,0.0004
think,0.0004
play,0.0004
pocket,0.0004
summer,0.0004
hours,0.0004
charm,0.0004
records,0.0004
morning,0.0004
fund,0.0004
block,0.0004
worth,0.0004
bike,0.0004
speech,0.0004
content,0.0004
partner,0.0004
skirt,0.0004
right,0.0004
chinese,0.0004
ceo,0.0004
kids,0.0004
live,0.0004
street,0.0004
purchase,0.00038
general,0.00038
working,0.00038
cultured,0.00038
investment,0.00038
september,0.00038
shoulder,0.00038
water,0.00038
sellers,0.00038
bank,0.00038
collectible,0.00038
blend,0.00038
rhinestone,0.00038
john,0.00038
orange,0.00038
field,0.00038
month,0.00038
picture,0.00038
version,0.00038
royal,0.00036
return,0.00036
boss,0.00036
inc,0.00036
dc,0.00036
disc,0.00036
shorts,0.00036
delivery,0.00036
links,0.00036
square,0.00036
wants,0.00036
comfort,0.00036
sewing,0.00036
average,0.00036
stop,0.00036
magazine,0.00036
antiques,0.00036
fast,0.00036
neck,0.00036
mount,0.00036
winter,0.00034
psa,0.00034
signs,0.00034
hi,0.00034
pattern,0.00034
share,0.00034
ex,0.00034
former,0.00034
commerce,0.00034
data,0.00034
coat,0.00034
ornaments,0.00034
glasses,0.00034
scans,0.00034
chief,0.00034
re,0.00034
model,0.00034
freshwater,0.00034
number,0.00034
including,0.00034
sign,0.00034
shores,0.00034
pushed,0.00034
fit,0.00034
perfect,0.00034
crystal,0.00034
says,0.00034
zip,0.00034
pay,0.00032
outside,0.00032
accounts,0.00032
hair,0.00032
walker,0.00032
exclusive,0.00032
account,0.00032
led,0.00032
value,0.00032
lights,0.00032
pullover,0.00032
bay,0.00032
pearl,0.00032
added,0.00032
party,0.00032
stocks,0.00032
third,0.00032
rock,0.00032
ct,0.00032
coming,0.00032
boot,0.00032
engagement,0.00032
thing,0.00032
united,0.00032
proceeds,0.00032
prices,0.00032
replica,0.00032
file,0.00032
grab,0.00032
choice,0.00032
basketball,0.00032
cast,0.00032
main,0.00032
daily,0.00032
painted,0.00032
tues,0.00032
movie,0.0003
product,0.0003
miniature,0.0003
custom,0.0003
sea,0.0003
toys,0.0003
www,0.0003
platforms,0.0003
dog,0.0003
putting,0.0003
move,0.0003
report,0.0003
tea,0.0003
stores,0.0003
rookie,0.0003
lace,0.0003
couple,0.0003
child,0.0003
bidding,0.0003
invitations,0.0003
bit,0.0003
stuff,0.0003
department,0.0003
leaves,0.0003
seat,0.0003
solid,0.0003
smith,0.0003
profile,0.0003
trinket,0.0003
part,0.0003
told,0.0003
info,0.0003
declined,0.0003
law,0.0003
paper,0.0003
end,0.00028
goods,0.00028
clip,0.00028
th,0.00028
notable,0.00028
logo,0.00028
twitter,0.00028
event,0.00028
flat,0.00028
polo,0.00028
group,0.00028
controller,0.00028
owl,0.00028
getting,0.00028
technology,0.00028
holidays,0.00028
sport,0.00028
night,0.00028
project,0.00028
customers,0.00028
stars,0.00028
advertising,0.00028
bowman,0.00028
machine,0.00028
notes,0.00028
sports,0.00028
straight,0.00028
bricks,0.00028
according,0.00028
musical,0.00028
search,0.00028
ill,0.00028
xmas,0.00028
stretch,0.00028
striped,0.00028
pins,0.00026
history,0.00026
tank,0.00026
battery,0.00026
children,0.00026
july,0.00026
issue,0.00026
vat,0.00026
mt,0.00026
campaign,0.00026
tell,0.00026
coins,0.00026
showed,0.00026
jumper,0.00026
dollar,0.00026
bear,0.00026
nature,0.00026
museum,0.00026
running,0.00026
finish,0.00026
frame,0.00026
patterns,0.00026
settlement,0.00026
dragon,0.00026
moving,0.00026
interested,0.00026
blouse,0.00026
belt,0.00026
american,0.00026
weeks,0.00026
food,0.00026
months,0.00026
pumpkin,0.00026
war,0.00026
purse,0.00026
system,0.00026
shopping,0.00026
thread,0.00026
abuse,0.00026
eye,0.00026
club,0.00026
state,0.00026
cm,0.00026
autograph,0.00026
artist,0.00026
backpack,0.00026
fruit,0.00026
playing,0.00026
womens,0.00026
points,0.00026
solitaire,0.00025
china,0.00025
mixed,0.00025
justice,0.00025
sweatshirt,0.00025
beach,0.00025
vase,0.00025
stand,0.00025
interest,0.00025
bow,0.00025
inches,0.00025
transformers,0.00025
fan,0.00025
care,0.00025
wrap,0.00025
century,0.00025
revenue,0.00025
special,0.00025
latest,0.00025
evil,0.00025
ready,0.00025
pc,0.00025
city,0.00025
knitted,0.00025
single,0.00025
harvest,0.00025
eu,0.00025
bond,0.00025
shows,0.00025
shops,0.00025
moon,0.00025
rope,0.00025
talk,0.00025
saying,0.00025
net,0.00025
makes,0.00025
confirmed,0.00025
james,0.00025
beige,0.00025
extra,0.00025
spring,0.00025
tote,0.00025
start,0.00025
racing,0.00025
skull,0.00025
cold,0.00025
estate,0.00025
french,0.00025
boxes,0.00025
marketplace,0.00025
reports,0.00025
batman,0.00025
practice,0.00025
attraction,0.00023
total,0.00023
resident,0.00023
paint,0.00023
auctions,0.00023
keep,0.00023
closed,0.00023
screen,0.00023
girls,0.00023
hardcover,0.00023
october,0.00023
diesel,0.00023
assorted,0.00023
filings,0.00023
making,0.00023
drive,0.00023
age,0.00023
voucher,0.00023
premium,0.00023
hedge,0.00023
pot,0.00023
abstract,0.00023
gun,0.00023
celtic,0.00023
stainless,0.00023
better,0.00023
central,0.00023
changes,0.00023
pan,0.00023
tall,0.00023
tag,0.00023
march,0.00023
platform,0.00023
wine,0.00023
rings,0.00023
university,0.00023
gemstone,0.00023
colors,0.00023
international,0.00023
bronze,0.00023
spoon,0.00023
discounts,0.00023
type,0.00023
collect,0.00023
clothes,0.00023
halo,0.00023
lamp,0.00023
nes,0.00023
sleeve,0.00023
stamps,0.00023
pages,0.00023
quick,0.00023
birthday,0.00023
tv,0.00023
dockers,0.00023
family,0.00023
battle,0.00023
tour,0.00023
plastic,0.00023
tin,0.00023
designer,0.00023
timberland,0.00023
amethyst,0.00023
cloth,0.00021
beaded,0.00021
childs,0.00021
globe,0.00021
harassment,0.00021
engine,0.00021
feel,0.00021
network,0.00021
hobo,0.00021
magic,0.00021
scene,0.00021
cushion,0.00021
boots,0.00021
mobile,0.00021
tales,0.00021
details,0.00021
measures,0.00021
xs,0.00021
wonder,0.00021
planet,0.00021
change,0.00021
remember,0.00021
steal,0.00021
boy,0.00021
violating,0.00021
holiday,0.00021
waist,0.00021
boat,0.00021
badge,0.00021
eb,0.00021
pieces,0.00021
brass,0.00021
yarn,0.00021
tags,0.00021
experience,0.00021
wait,0.00021
alert,0.00021
package,0.00021
carry,0.00021
april,0.00021
states,0.00021
list,0.00021
photos,0.00021
horse,0.00021
taking,0.00021
takeover,0.00021
kingdom,0.00021
merchandise,0.00021
cocktail,0.00021
pump,0.00021
computer,0.00021
embroidered,0.00021
owner,0.00021
police,0.00021
tray,0.00021
denim,0.00021
sugar,0.00021
rotors,0.00021
raise,0.00021
sizes,0.00021
safety,0.00021
started,0.00021
plan,0.00021
events,0.00021
kitchen,0.00021
youth,0.00021
soccer,0.00021
mother,0.00021
clutch,0.00019
story,0.00019
hour,0.00019
stretched,0.00019
tech,0.00019
person,0.00019
collector,0.00019
run,0.00019
hanging,0.00019
cartoon,0.00019
come,0.00019
lapel,0.00019
duty,0.00019
ray,0.00019
pewter,0.00019
major,0.00019
selection,0.00019
listings,0.00019
wallet,0.00019
candy,0.00019
prosecutors,0.00019
theme,0.00019
japanese,0.00019
message,0.00019
government,0.00019
witch,0.00019
patch,0.00019
victorian,0.00019
direct,0.00019
lp,0.00019
join,0.00019
slide,0.00019
west,0.00019
ban,0.00019
deco,0.00019
lead,0.00019
lawyer,0.00019
key,0.00019
secret,0.00019
barrow,0.00019
charge,0.00019
ball,0.00019
slim,0.00019
helped,0.00019
control,0.00019
panel,0.00019
talking,0.00019
cream,0.00019
travel,0.00019
side,0.00019
simplicity,0.00019
industries,0.00019
exercise,0.00019
regular,0.00019
theories,0.00019
van,0.00019
phone,0.00019
head,0.00019
friends,0.00019
korean,0.00019
conspiracy,0.00019
clean,0.00019
lined,0.00019
basic,0.00019
questions,0.00019
display,0.00019
touchstone,0.00019
official,0.00019
groups,0.00019
give,0.00019
winners,0.00019
ornament,0.00019
saw,0.00019
class,0.00019
proof,0.00019
sticker,0.00019
hits,0.00019
individual,0.00019
cleansing,0.00019
monster,0.00019
shirts,0.00019
resin,0.00017
throw,0.00017
keyboard,0.00017
dish,0.00017
concerns,0.00017
bottle,0.00017
blocked,0.00017
idea,0.00017
pictures,0.00017
copy,0.00017
past,0.00017
windsor,0.00017
competition,0.00017
hallmark,0.00017
goes,0.00017
ratings,0.00017
souvenir,0.00017
wool,0.00017
plated,0.00017
variant,0.00017
stepped,0.00017
church,0.00017
investor,0.00017
visit,0.00017
fs,0.00017
silverware,0.00017
appearance,0.00017
craft,0.00017
flying,0.00017
guys,0.00017
cake,0.00017
seeing,0.00017
electric,0.00017
force,0.00017
review,0.00017
starting,0.00017
basket,0.00017
communities,0.00017
pick,0.00017
blanket,0.00017
executives,0.00017
form,0.00017
safe,0.00017
figures,0.00017
italian,0.00017
suit,0.00017
management,0.00017
mansion,0.00017
shaped,0.00017
awakening,0.00017
graded,0.00017
cable,0.00017
quilted,0.00017
towel,0.00017
crochet,0.00017
executive,0.00017
ones,0.00017
ending,0.00017
fancy,0.00017
tranquility,0.00017
mice,0.00017
fossil,0.00017
period,0.00017
jet,0.00017
copper,0.00017
gem,0.00017
source,0.00017
distressed,0.00017
bids,0.00017
max,0.00017
sweet,0.00017
staff,0.00017
gen,0.00017
familiar,0.00017
description,0.00017
floor,0.00017
collectable,0.00017
profits,0.00017
active,0.00017
smart,0.00017
marine,0.00017
ladies,0.00017
follow,0.00017
wild,0.00017
deep,0.00017
warm,0.00017
wow,0.00017
mg,0.00017
tickets,0.00017
watermarks,0.00017
forks,0.00017
guide,0.00017
spider,0.00017
mix,0.00017
stick,0.00017
orders,0.00017
shape,0.00017
buzz,0.00017
stuffed,0.00017
bad,0.00017
guess,0.00017
gc,0.00015
electronics,0.00015
emerald,0.00015
reversible,0.00015
greek,0.00015
heroes,0.00015
accessories,0.00015
posts,0.00015
win,0.00015
carats,0.00015
crew,0.00015
costume,0.00015
bird,0.00015
auctioning,0.00015
sites,0.00015
scholastic,0.00015
spend,0.00015
lawyers,0.00015
marquetry,0.00015
starter,0.00015
zippered,0.00015
supporting,0.00015
wireless,0.00015
navy,0.00015
russian,0.00015
british,0.00015
editing,0.00015
hooded,0.00015
trim,0.00015
followers,0.00015
leading,0.00015
pricing,0.00015
job,0.00015
letter,0.00015
works,0.00015
range,0.00015
shell,0.00015
paid,0.00015
winner,0.00015
potter,0.00015
reporting,0.00015
carved,0.00015
tools,0.00015
yes,0.00015
veteran,0.00015
fly,0.00015
focus,0.00015
venture,0.00015
friend,0.00015
june,0.00015
artwork,0.00015
liquid,0.00015
investing,0.00015
drilled,0.00015
scale,0.00015
strap,0.00015
ways,0.00015
press,0.00015
orchard,0.00015
laser,0.00015
specific,0.00015
marketplaces,0.00015
bracket,0.00015
brands,0.00015
statement,0.00015
sunglasses,0.00015
included,0.00015
stamp,0.00015
local,0.00015
industry,0.00015
replacement,0.00015
finds,0.00015
internet,0.00015
charming,0.00015
dry,0.00015
dogs,0.00015
fans,0.00015
space,0.00015
minutes,0.00015
adding,0.00015
private,0.00015
colour,0.00015
lodge,0.00015
federal,0.00015
theory,0.00015
exchange,0.00015
halloween,0.00015
dollhouse,0.00015
article,0.00015
lounge,0.00015
lots,0.00015
background,0.00015
sculpture,0.00015
waterproof,0.00015
slip,0.00015
bead,0.00015
wanted,0.00015
military,0.00015
researchers,0.00015
activist,0.00015
posted,0.00015
quiet,0.00015
ideas,0.00015
guy,0.00015
seems,0.00015
nothing,0.00015
let,0.00015
masks,0.00015
artists,0.00015
put,0.00015
nickel,0.00015
members,0.00015
shimmer,0.00015
gaming,0.00015
memorabilia,0.00015
audio,0.00015
choosing,0.00015
hat,0.00015
vs,0.00015
property,0.00015
cabinet,0.00015
plain,0.00015
cool,0.00015
marks,0.00015
wheels,0.00015
lord,0.00015
hello,0.00015
radio,0.00015
stones,0.00015
investigation,0.00015
trends,0.00015
string,0.00015
beliefs,0.00015
charts,0.00013
read,0.00013
matter,0.00013
leggings,0.00013
maker,0.00013
land,0.00013
studs,0.00013
winged,0.00013
task,0.00013
personal,0.00013
calls,0.00013
parts,0.00013
sets,0.00013
honey,0.00013
cc,0.00013
concert,0.00013
hope,0.00013
cardigan,0.00013
postcards,0.00013
flies,0.00013
western,0.00013
cuff,0.00013
treasures,0.00013
brake,0.00013
discount,0.00013
organic,0.00013
waistband,0.00013
activities,0.00013
odds,0.00013
tower,0.00013
stickers,0.00013
bar,0.00013
vest,0.00013
machines,0.00013
surrey,0.00013
yoga,0.00013
removed,0.00013
stripes,0.00013
bargain,0.00013
tablet,0.00013
bes,0.00013
core,0.00013
linen,0.00013
homes,0.00013
drink,0.00013
problem,0.00013
marc,0.00013
brick,0.00013
crazy,0.00013
pool,0.00013
note,0.00013
surprise,0.00013
includes,0.00013
dirt,0.00013
gym,0.00013
fur,0.00013
collar,0.00013
ask,0.00013
delay,0.00013
editor,0.00013
half,0.00013
gemstones,0.00013
stunning,0.00013
household,0.00013
weekly,0.00013
send,0.00013
updates,0.00013
newsletter,0.00013
tennis,0.00013
following,0.00013
sent,0.00013
puzzle,0.00013
funds,0.00013
gain,0.00013
stitch,0.00013
storage,0.00013
detail,0.00013
mystery,0.00013
bulk,0.00013
leg,0.00013
jump,0.00013
tuesday,0.00013
fantasy,0.00013
blog,0.00013
desktop,0.00013
legend,0.00013
jar,0.00013
workers,0.00013
egg,0.00013
etched,0.00013
click,0.00013
player,0.00013
layering,0.00013
borders,0.00013
knit,0.00013
classics,0.00013
watched,0.00013
buyer,0.00013
pics,0.00013
fucking,0.00013
yesterday,0.00013
descenders,0.00013
designs,0.00013
benchmark,0.00013
assets,0.00013
listening,0.00013
assay,0.00013
dolls,0.00013
mail,0.00013
customs,0.00013
quality,0.00013
regulators,0.00013
memories,0.00013
grade,0.00013
used,0.00013
thousands,0.00013
garden,0.00013
videos,0.00013
fair,0.00013
oxford,0.00013
label,0.00013
manager,0.00013
dead,0.00013
training,0.00013
surf,0.00013
weave,0.00013
center,0.00013
positive,0.00013
albums,0.00013
potential,0.00013
actions,0.00013
leaders,0.00013
bangle,0.00013
standee,0.00013
village,0.00013
handbag,0.00013
request,0.00013
spare,0.00013
blood,0.00013
clients,0.00013
wire,0.00013
sandstone,0.00013
performance,0.00013
yield,0.00013
pence,0.00013
decoration,0.00013
peanuts,0.00013
cart,0.00013
brooks,0.00013
tudor,0.00013
heat,0.00013
portable,0.00013
doctor,0.00013
stocking,0.00013
leaf,0.00013
packers,0.00013
embroidery,0.00013
reproduction,0.00013
public,0.00013
daughter,0.00011
salt,0.00011
row,0.00011
democrats,0.00011
eager,0.00011
investigations,0.00011
refund,0.00011
memory,0.00011
gourd,0.00011
badges,0.00011
aid,0.00011
tan,0.00011
quarters,0.00011
closure,0.00011
call,0.00011
intelligence,0.00011
hall,0.00011
plant,0.00011
autographed,0.00011
pencils,0.00011
court,0.00011
material,0.00011
teal,0.00011
allies,0.00011
cowl,0.00011
bicycle,0.00011
pencil,0.00011
reputation,0.00011
liquidated,0.00011
enamel,0.00011
copyright,0.00011
fishing,0.00011
choker,0.00011
annual,0.00011
turtle,0.00011
princess,0.00011
boys,0.00011
college,0.00011
contemporary,0.00011
zea,0.00011
sleeves,0.00011
basis,0.00011
graphic,0.00011
quilt,0.00011
die,0.00011
reached,0.00011
frankenstein,0.00011
fleer,0.00011
visor,0.00011
fill,0.00011
middle,0.00011
tested,0.00011
future,0.00011
recommendation,0.00011
door,0.00011
bull,0.00011
barn,0.00011
launching,0.00011
runs,0.00011
triple,0.00011
closing,0.00011
creamer,0.00011
repair,0.00011
catalyst,0.00011
finding,0.00011
cookie,0.00011
outlet,0.00011
turquoise,0.00011
ge,0.00011
telecommunications,0.00011
final,0.00011
novel,0.00011
usa,0.00011
remove,0.00011
balls,0.00011
spread,0.00011
kid,0.00011
grand,0.00011
bridal,0.00011
season,0.00011
invests,0.00011
cause,0.00011
opportunities,0.00011
entrepreneurs,0.00011
section,0.00011
longer,0.00011
gi,0.00011
agate,0.00011
believe,0.00011
shipped,0.00011
afternoon,0.00011
gained,0.00011
demand,0.00011
markets,0.00011
role,0.00011
pressure,0.00011
created,0.00011
scheme,0.00011
wedge,0.00011
tracking,0.00011
jackets,0.00011
enough,0.00011
blazer,0.00011
fighting,0.00011
policy,0.00011
forward,0.00011
winning,0.00011
gadgets,0.00011
android,0.00011
road,0.00011
listed,0.00011
loose,0.00011
hobby,0.00011
information,0.00011
union,0.00011
spares,0.00011
rover,0.00011
removing,0.00011
rack,0.00011
reverse,0.00011
national,0.00011
mounters,0.00011
rangefinder,0.00011
self,0.00011
december,0.00011
volume,0.00011
collectors,0.00011
reviews,0.00011
quartz,0.00011
gs,0.00011
course,0.00011
bowls,0.00011
investments,0.00011
rich,0.00011
michael,0.00011
please,0.00011
highs,0.00011
mold,0.00011
flag,0.00011
up,0.00011
jan,0.00011
boring,0.00011
nylon,0.00011
missing,0.00011
charges,0.00011
step,0.00011
driving,0.00011
eagle,0.00011
essential,0.00011
activists,0.00011
poinsettia,0.00011
boats,0.00011
oyster,0.00011
starboard,0.00011
path,0.00011
editors,0.00011
moment,0.00011
window,0.00011
targets,0.00011
wed,0.00011
berlin,0.00011
hands,0.00011
cargo,0.00011
giving,0.00011
choose,0.00011
pearls,0.00011
wrinkle,0.00011
desk,0.00011
option,0.00011
joined,0.00011
charger,0.00011
takes,0.00011
alphabet,0.00011
ads,0.00011
ruby,0.00011
lee,0.00011
hats,0.00011
royalty,0.00011
packs,0.00011
speed,0.00011
issues,0.00011
mike,0.00011
claims,0.00011
coral,0.00011
feedback,0.00011
hill,0.00011
young,0.00011
stories,0.00011
bob,0.00011
cds,0.00011
paisley,0.00011
bride,0.00011
alien,0.00011
argus,0.00011
clearance,0.00011
retired,0.00011
peace,0.00011
tips,0.00011
lens,0.00011
league,0.00011
fasteners,0.00011
bikes,0.00011
concept,0.00011
shed,0.00011
missteps,0.00011
peer,0.00011
mr,0.00011
activism,0.00011
pilot,0.00011
impact,0.00011
tweet,0.00011
eclectics,0.00011
sells,0.00011
initial,0.00011
capital,0.00011
lets,0.00011
affairs,0.00011
cant,0.00011
mon,0.00011
hero,0.00011
brook,0.00011
program,0.00011
resistance,0.00011
neon,0.00011
wing,9e-05
hooks,9e-05
true,9e-05
institute,9e-05
abuses,9e-05
broke,9e-05
founding,9e-05
fits,9e-05
digest,9e-05
racism,9e-05
clubs,9e-05
dot,9e-05
favourite,9e-05
example,9e-05
at,9e-05
controllers,9e-05
startup,9e-05
reply,9e-05
summary,9e-05
hotel,9e-05
moderating,9e-05
pendants,9e-05
weather,9e-05
email,9e-05
fish,9e-05
rabbit,9e-05
due,9e-05
evening,9e-05
pepper,9e-05
festival,9e-05
tesla,9e-05
rocks,9e-05
operated,9e-05
blinders,9e-05
chats,9e-05
introverts,9e-05
moderate,9e-05
partners,9e-05
joy,9e-05
idle,9e-05
interaction,9e-05
ne,9e-05
amber,9e-05
hosts,9e-05
probe,9e-05
monkey,9e-05
rudeness,9e-05
disk,9e-05
autumn,9e-05
notebook,9e-05
valley,9e-05
rear,9e-05
detect,9e-05
trinity,9e-05
snacks,9e-05
senior,9e-05
queen,9e-05
retailer,9e-05
motion,9e-05
starred,9e-05
kerosene,9e-05
soup,9e-05
happened,9e-05
tarts,9e-05
pickup,9e-05
lids,9e-05
likes,9e-05
hear,9e-05
bib,9e-05
moved,9e-05
wash,9e-05
knowledge,9e-05
hunter,9e-05
restaurant,9e-05
charms,9e-05
wednesday,9e-05
behind,9e-05
cluster,9e-05
jack,9e-05
rolls,9e-05
motorcycle,9e-05
page,9e-05
dialogue,9e-05
sb,9e-05
financing,9e-05
backlash,9e-05
monthly,9e-05
sparked,9e-05
dash,9e-05
squad,9e-05
elastic,9e-05
perry,9e-05
beat,9e-05
fleece,9e-05
hulk,9e-05
blank,9e-05
crime,9e-05
luck,9e-05
devices,9e-05
alexander,9e-05
permanent,9e-05
teddy,9e-05
protector,9e-05
con,9e-05
hp,9e-05
fact,9e-05
outfit,9e-05
cases,9e-05
employees,9e-05
zinc,9e-05
zirconia,9e-05
heads,9e-05
folding,9e-05
buttons,9e-05
pandemic,9e-05
knight,9e-05
folks,9e-05
fortune,9e-05
anti,9e-05
republican,9e-05
insanity,9e-05
eyes,9e-05
growing,9e-05
reserve,9e-05
descriptions,9e-05
thin,9e-05
sheet,9e-05
mickey,9e-05
schedule,9e-05
snifter,9e-05
tried,9e-05
errors,9e-05
slotted,9e-05
propel,9e-05
chance,9e-05
shack,9e-05
cocoa,9e-05
album,9e-05
pile,9e-05
keeps,9e-05
arcade,9e-05
booster,9e-05
wife,9e-05
breakfast,9e-05
ordered,9e-05
pockets,9e-05
sheath,9e-05
calendar,9e-05
living,9e-05
tidy,9e-05
device,9e-05
subscriptions,9e-05
movies,9e-05
beetle,9e-05
lock,9e-05
criticized,9e-05
analysts,9e-05
grown,9e-05
messages,9e-05
become,9e-05
arriving,9e-05
camouflage,9e-05
beanie,9e-05
bargains,9e-05
boating,9e-05
backs,9e-05
heres,9e-05
washers,9e-05
elements,9e-05
prep,9e-05
spirit,9e-05
shit,9e-05
length,9e-05
sun,9e-05
se,9e-05
beret,9e-05
organizing,9e-05
velvet,9e-05
pincushion,9e-05
thought,9e-05
swarmed,9e-05
park,9e-05
monitor,9e-05
buckle,9e-05
inspired,9e-05
indicators,9e-05
ridge,9e-05
tourism,9e-05
quilts,9e-05
push,9e-05
watercolor,9e-05
standard,9e-05
friendly,9e-05
wrestling,9e-05
funding,9e-05
sex,9e-05
readers,9e-05
bat,9e-05
commemorative,9e-05
increasing,9e-05
hold,9e-05
english,9e-05
gap,9e-05
gb,9e-05
id,9e-05
poised,9e-05
cane,9e-05
surfing,9e-05
tumbler,9e-05
butterfly,9e-05
building,9e-05
lion,9e-05
snowman,9e-05
cleaner,9e-05
sensor,9e-05
carpet,9e-05
unknown,9e-05
mo,9e-05
tomorrow,9e-05
brandy,9e-05
yarns,9e-05
name,9e-05
train,9e-05
bring,9e-05
carp,9e-05
rating,9e-05
chrome,9e-05
wheel,9e-05
smooth,9e-05
necklaces,9e-05
ac,9e-05
gymnastics,9e-05
reporters,9e-05
test,9e-05
hamlet,9e-05
consider,9e-05
peony,9e-05
january,9e-05
sat,9e-05
podcasting,9e-05
workbook,9e-05
bottom,9e-05
pig,9e-05
so,9e-05
flowers,9e-05
infinity,9e-05
favorite,9e-05
packaging,9e-05
knife,9e-05
watching,9e-05
rise,9e-05
carat,9e-05
outcome,9e-05
giveaway,9e-05
portfolio,9e-05
reader,9e-05
rainbow,9e-05
saucer,9e-05
tax,9e-05
branded,9e-05
statue,9e-05
generation,9e-05
sexism,9e-05
hawaiian,9e-05
mean,9e-05
academia,9e-05
booklet,9e-05
billionaire,9e-05
knowing,9e-05
analogies,9e-05
brokerage,9e-05
myth,9e-05
buyers,9e-05
babies,9e-05
metallic,9e-05
rooms,9e-05
weird,9e-05
juice,9e-05
features,9e-05
dainty,9e-05
signing,9e-05
reminder,9e-05
violet,9e-05
donkey,9e-05
caught,9e-05
supported,9e-05
software,9e-05
midnight,9e-05
chairs,9e-05
relief,9e-05
close,9e-05
satin,9e-05
plates,9e-05
trash,9e-05
fake,9e-05
hints,9e-05
runner,9e-05
study,8e-05
hinged,8e-05
baba,8e-05
occasion,8e-05
journal,8e-05
canadian,8e-05
bathroom,8e-05
skipping,8e-05
parody,8e-05
hoop,8e-05
cape,8e-05
near,8e-05
crown,8e-05
speaker,8e-05
landings,8e-05
defense,8e-05
scammers,8e-05
ultimate,8e-05
rocking,8e-05
ram,8e-05
cleaned,8e-05
dozens,8e-05
mirror,8e-05
beats,8e-05
spectrum,8e-05
november,8e-05
trafficking,8e-05
avengers,8e-05
praised,8e-05
room,8e-05
hotspur,8e-05
canister,8e-05
challenge,8e-05
pyrex,8e-05
tile,8e-05
dodge,8e-05
express,8e-05
tiger,8e-05
numbers,8e-05
falling,8e-05
cups,8e-05
boxing,8e-05
tool,8e-05
chocolate,8e-05
interesting,8e-05
nutrition,8e-05
voting,8e-05
foundation,8e-05
shark,8e-05
movements,8e-05
rob,8e-05
sound,8e-05
hiking,8e-05
edge,8e-05
pave,8e-05
lingerie,8e-05
onyx,8e-05
scanner,8e-05
lawsuit,8e-05
urls,8e-05
island,8e-05
mot,8e-05
caped,8e-05
salvation,8e-05
reselling,8e-05
ice,8e-05
banquet,8e-05
times,8e-05
defended,8e-05
representing,8e-05
scam,8e-05
vines,8e-05
recommendations,8e-05
derby,8e-05
screener,8e-05
era,8e-05
equilibrium,8e-05
theres,8e-05
contained,8e-05
supply,8e-05
plaid,8e-05
images,8e-05
index,8e-05
fell,8e-05
arm,8e-05
protests,8e-05
cook,8e-05
needs,8e-05
violated,8e-05
encompassing,8e-05
ii,8e-05
lady,8e-05
stimulus,8e-05
oriental,8e-05
organize,8e-05
opened,8e-05
mate,8e-05
sprawling,8e-05
comments,8e-05
coordinating,8e-05
organizer,8e-05
bands,8e-05
backers,8e-05
amplifying,8e-05
seal,8e-05
thursday,8e-05
fairy,8e-05
upper,8e-05
showing,8e-05
jewel,8e-05
table,8e-05
feet,8e-05
cole,8e-05
synthetic,8e-05
pic,8e-05
membership,8e-05
ed,8e-05
beauty,8e-05
caroler,8e-05
administration,8e-05
folk,8e-05
rpm,8e-05
genesis,8e-05
services,8e-05
surged,8e-05
planner,8e-05
drawers,8e-05
grabs,8e-05
bread,8e-05
matching,8e-05
build,8e-05
corporation,8e-05
postings,8e-05
supplies,8e-05
filed,8e-05
relying,8e-05
decals,8e-05
supporters,8e-05
asking,8e-05
taxi,8e-05
furniture,8e-05
fabric,8e-05
holders,8e-05
elm,8e-05
pierced,8e-05
plays,8e-05
pictured,8e-05
hip,8e-05
area,8e-05
enterprise,8e-05
litigator,8e-05
tab,8e-05
personalised,8e-05
brothers,8e-05
businesses,8e-05
indigo,8e-05
hollywood,8e-05
rain,8e-05
refugees,8e-05
trust,8e-05
personals,8e-05
analyst,8e-05
hearing,8e-05
coventry,8e-05
borrows,8e-05
bell,8e-05
possible,8e-05
somerset,8e-05
thermostat,8e-05
flush,8e-05
topics,8e-05
transactions,8e-05
ranging,8e-05
sparkling,8e-05
launch,8e-05
blast,8e-05
forums,8e-05
religious,8e-05
origin,8e-05
ground,8e-05
li,8e-05
european,8e-05
whale,8e-05
primitive,8e-05
pennant,8e-05
sunday,8e-05
dose,8e-05
kitten,8e-05
lincoln,8e-05
hit,8e-05
sky,8e-05
captain,8e-05
pacifier,8e-05
bisque,8e-05
tip,8e-05
toddler,8e-05
thick,8e-05
hem,8e-05
customer,8e-05
sears,8e-05
bone,8e-05
ephemera,8e-05
replay,8e-05
tenet,8e-05
tapestry,8e-05
holds,8e-05
oak,8e-05
blink,8e-05
tube,8e-05
pleaded,8e-05
mask,8e-05
marked,8e-05
chase,8e-05
sled,8e-05
advising,8e-05
camo,8e-05
evolution,8e-05
foreigners,8e-05
trainer,8e-05
lovers,8e-05
farmhouse,8e-05
arrivals,8e-05
engaging,8e-05
predators,8e-05
cobalt,8e-05
guarantee,8e-05
charcoal,8e-05
toggle,8e-05
bill,8e-05
reindeer,8e-05
ashtray,8e-05
amplified,8e-05
renaissance,8e-05
surface,8e-05
lost,8e-05
adults,8e-05
socks,8e-05
miller,8e-05
gets,8e-05
wagon,8e-05
corn,8e-05
website,8e-05
caravan,8e-05
pcs,8e-05
ticket,8e-05
projects,8e-05
race,8e-05
houseworks,8e-05
gothic,8e-05
fix,8e-05
attended,8e-05
representatives,8e-05
pedophile,8e-05
bonus,8e-05
ms,8e-05
elites,8e-05
map,8e-05
discussion,8e-05
verified,8e-05
stay,8e-05
miss,8e-05
milk,8e-05
colours,8e-05
fragrance,8e-05
pass,8e-05
god,8e-05
espouse,8e-05
braided,8e-05
flash,8e-05
trooper,8e-05
sapphire,8e-05
earring,8e-05
dove,8e-05
demonstration,8e-05
champion,8e-05
brought,8e-05
chair,8e-05
member,8e-05
gave,8e-05
responsibility,8e-05
bars,8e-05
shakers,8e-05
considering,8e-05
circle,8e-05
poker,8e-05
covers,8e-05
clippings,8e-05
vehicles,8e-05
crest,8e-05
yard,8e-05
ham,8e-05
misinform,8e-05
shame,8e-05
trailer,8e-05
ancient,8e-05
horror,8e-05
signature,8e-05
footed,8e-05
death,8e-05
misinformation,8e-05
analysis,8e-05
recommending,8e-05
crescent,8e-05
stereo,8e-05
crumbs,8e-05
wifi,8e-05
crackdowns,8e-05
jam,8e-05
conspiring,8e-05
north,8e-05
broken,8e-05
spectacle,8e-05
landmark,8e-05
topaz,8e-05
toe,8e-05
cassette,8e-05
vacuum,8e-05
target,8e-05
values,8e-05
organizations,8e-05
lightweight,8e-05
counsel,8e-05
armour,8e-05
shuttered,8e-05
yahoo,8e-05
career,8e-05
blush,8e-05
disinformation,8e-05
hoops,8e-05
trigger,8e-05
goat,8e-05
beer,8e-05
robe,8e-05
rough,8e-05
suspend,8e-05
contains,8e-05
security,8e-05
pirates,8e-05
courtroom,8e-05
cab,8e-05
pitcher,8e-05
bongo,8e-05
approved,8e-05
grip,8e-05
plaque,8e-05
bus,8e-05
veronica,8e-05
helping,8e-05
elections,8e-05
rustic,8e-05
http,8e-05
rises,8e-05
matchbox,8e-05
chirp,8e-05
simple,8e-05
raw,8e-05
line,8e-05
carbon,8e-05
siesta,8e-05
affect,8e-05
vaccine,8e-05
treat,8e-05
candidate,8e-05
teddies,8e-05
genealogy,8e-05
fo,8e-05
wipes,8e-05
rolling,8e-05
okay,8e-05
portrait,8e-05
chip,8e-05
upbeat,8e-05
victor,8e-05
caddy,8e-05
streaming,8e-05
feed,8e-05
ended,8e-05
gel,8e-05
count,8e-05
human,8e-05
fa,8e-05
camp,8e-05
slow,8e-05
cyberpunk,8e-05
level,8e-05
reds,8e-05
nm,8e-05
quoted,8e-05
applications,8e-05
dating,8e-05
guitar,8e-05
legion,8e-05
sneakers,8e-05
cord,8e-05
ribbon,8e-05
dealer,8e-05
aurora,8e-05
worked,6e-05
printed,6e-05
advice,6e-05
rip,6e-05
feature,6e-05
arms,6e-05
dal,6e-05
mouth,6e-05
gypsy,6e-05
suggesting,6e-05
funny,6e-05
ghost,6e-05
decision,6e-05
gear,6e-05
contributed,6e-05
sensors,6e-05
searching,6e-05
dm,6e-05
puppet,6e-05
creating,6e-05
flap,6e-05
wolverine,6e-05
headband,6e-05
bos,6e-05
switching,6e-05
jr,6e-05
office,6e-05
greeting,6e-05
mod,6e-05
forcing,6e-05
chino,6e-05
coupe,6e-05
corduroy,6e-05
challengers,6e-05
lis,6e-05
feb,6e-05
yrs,6e-05
amd,6e-05
rad,6e-05
shine,6e-05
fun,6e-05
collectables,6e-05
petite,6e-05
shoe,6e-05
er,6e-05
ev,6e-05
professor,6e-05
embellished,6e-05
benefits,6e-05
shots,6e-05
peter,6e-05
tractor,6e-05
swedish,6e-05
bitch,6e-05
joining,6e-05
trio,6e-05
tree,6e-05
asked,6e-05
crayons,6e-05
mason,6e-05
seed,6e-05
calling,6e-05
grams,6e-05
bracelets,6e-05
overall,6e-05
whiskey,6e-05
charlotte,6e-05
flight,6e-05
reason,6e-05
hell,6e-05
expectations,6e-05
select,6e-05
wales,6e-05
polymer,6e-05
angels,6e-05
chips,6e-05
went,6e-05
attack,6e-05
le,6e-05
puzzles,6e-05
lying,6e-05
sm,6e-05
giant,6e-05
rounding,6e-05
scandinavian,6e-05
convertible,6e-05
umbrella,6e-05
bite,6e-05
bolster,6e-05
piggy,6e-05
jasper,6e-05
insurrection,6e-05
americans,6e-05
yards,6e-05
decorations,6e-05
chimney,6e-05
bath,6e-05
inferno,6e-05
checkout,6e-05
cafe,6e-05
vice,6e-05
process,6e-05
opening,6e-05
prints,6e-05
volt,6e-05
creator,6e-05
recipe,6e-05
unhinged,6e-05
pressing,6e-05
cop,6e-05
entertainment,6e-05
telephone,6e-05
submersible,6e-05
stirrers,6e-05
mono,6e-05
break,6e-05
windows,6e-05
swing,6e-05
watermark,6e-05
mark,6e-05
blow,6e-05
mercury,6e-05
masquerade,6e-05
dye,6e-05
wave,6e-05
instinct,6e-05
session,6e-05
nude,6e-05
watches,6e-05
driver,6e-05
polished,6e-05
gallery,6e-05
loafers,6e-05
rocker,6e-05
fauna,6e-05
reduce,6e-05
anchor,6e-05
ro,6e-05
platinum,6e-05
experienced,6e-05
holding,6e-05
sconce,6e-05
bears,6e-05
drone,6e-05
contact,6e-05
cherub,6e-05
toddlers,6e-05
parent,6e-05
score,6e-05
camper,6e-05
championship,6e-05
bags,6e-05
macross,6e-05
south,6e-05
conservative,6e-05
honky,6e-05
gloves,6e-05
wreath,6e-05
patches,6e-05
storm,6e-05
invented,6e-05
hockey,6e-05
mills,6e-05
generic,6e-05
paste,6e-05
unit,6e-05
text,6e-05
sage,6e-05
weekend,6e-05
flute,6e-05
brochure,6e-05
leaving,6e-05
vacation,6e-05
aqua,6e-05
teacher,6e-05
bass,6e-05
rangers,6e-05
sampler,6e-05
sanded,6e-05
asian,6e-05
madame,6e-05
purchases,6e-05
aria,6e-05
jubilee,6e-05
jigsaw,6e-05
individuals,6e-05
baking,6e-05
staples,6e-05
diameter,6e-05
engraved,6e-05
spiral,6e-05
east,6e-05
transfer,6e-05
snow,6e-05
mountain,6e-05
straps,6e-05
minimalist,6e-05
triumph,6e-05
hack,6e-05
indian,6e-05
yogurt,6e-05
heel,6e-05
dollars,6e-05
snood,6e-05
sustainability,6e-05
firms,6e-05
ig,6e-05
drum,6e-05
muscle,6e-05
bound,6e-05
graduated,6e-05
crock,6e-05
vii,6e-05
walking,6e-05
philippines,6e-05
wired,6e-05
alder,6e-05
beaches,6e-05
claim,6e-05
haunting,6e-05
typed,6e-05
exhibition,6e-05
bust,6e-05
poor,6e-05
bi,6e-05
rs,6e-05
quote,6e-05
kors,6e-05
expanded,6e-05
decimal,6e-05
cheetah,6e-05
bee,6e-05
skinny,6e-05
container,6e-05
miami,6e-05
cufflinks,6e-05
tee,6e-05
duck,6e-05
banana,6e-05
euros,6e-05
cabin,6e-05
sided,6e-05
opera,6e-05
german,6e-05
spinner,6e-05
expert,6e-05
copies,6e-05
diamante,6e-05
papers,6e-05
teams,6e-05
epa,6e-05
ab,6e-05
payment,6e-05
drawing,6e-05
bas,6e-05
dinnerware,6e-05
henry,6e-05
curtain,6e-05
stakes,6e-05
format,6e-05
apparel,6e-05
printing,6e-05
aaa,6e-05
infant,6e-05
classifieds,6e-05
rookies,6e-05
decline,6e-05
leads,6e-05
rosa,6e-05
spending,6e-05
supposed,6e-05
routers,6e-05
vehicle,6e-05
gives,6e-05
kat,6e-05
castle,6e-05
pull,6e-05
cleanser,6e-05
thank,6e-05
strike,6e-05
bra,6e-05
breaks,6e-05
tooth,6e-05
ducks,6e-05
soap,6e-05
platter,6e-05
chambray,6e-05
turkey,6e-05
chest,6e-05
understand,6e-05
batch,6e-05
tom,6e-05
australian,6e-05
classified,6e-05
cons,6e-05
tired,6e-05
arts,6e-05
etching,6e-05
delayed,6e-05
valentines,6e-05
crossing,6e-05
einstein,6e-05
acquired,6e-05
silicone,6e-05
growth,6e-05
casserole,6e-05
trial,6e-05
waistcoat,6e-05
smoke,6e-05
fringe,6e-05
beauties,6e-05
jars,6e-05
patriots,6e-05
shot,6e-05
meet,6e-05
wings,6e-05
woman,6e-05
europe,6e-05
budget,6e-05
foster,6e-05
advanced,6e-05
rocket,6e-05
rivalry,6e-05
insurance,6e-05
fourth,6e-05
ages,6e-05
picked,6e-05
colouring,6e-05
station,6e-05
hype,6e-05
cooper,6e-05
chicago,6e-05
evidence,6e-05
regent,6e-05
steals,6e-05
turn,6e-05
cornbread,6e-05
pale,6e-05
activate,6e-05
options,6e-05
trick,6e-05
bicentennial,6e-05
diamonds,6e-05
railroad,6e-05
exempt,6e-05
reign,6e-05
suede,6e-05
revealed,6e-05
gilded,6e-05
ankle,6e-05
drinking,6e-05
empire,6e-05
champagne,6e-05
pain,6e-05
dirty,6e-05
gadget,6e-05
birds,6e-05
offered,6e-05
starship,6e-05
toppers,6e-05
tailed,6e-05
sitter,6e-05
concentrates,6e-05
ticker,6e-05
garnet,6e-05
ace,6e-05
compression,6e-05
polyester,6e-05
liter,6e-05
worlds,6e-05
release,6e-05
letters,6e-05
dial,6e-05
tanker,6e-05
fitting,6e-05
transport,6e-05
ships,6e-05
plug,6e-05
success,6e-05
ecg,6e-05
rhinestones,6e-05
headphones,6e-05
escape,6e-05
wax,6e-05
jade,6e-05
tens,6e-05
promotion,6e-05
rotation,6e-05
devon,6e-05
somewhere,6e-05
prize,6e-05
iii,6e-05
loads,6e-05
parcel,6e-05
scalpers,6e-05
laces,6e-05
out,6e-05
levels,6e-05
male,6e-05
tang,6e-05
treasury,6e-05
one,6e-05
watchdog,6e-05
gems,6e-05
jug,6e-05
wrote,6e-05
employee,6e-05
warranty,6e-05
common,6e-05
script,6e-05
facing,6e-05
fitness,6e-05
danish,6e-05
gm,6e-05
spot,6e-05
computers,6e-05
vanity,6e-05
remake,6e-05
atm,6e-05
insulated,6e-05
vodka,6e-05
keeping,6e-05
collecting,6e-05
verdict,6e-05
sedan,6e-05
fox,6e-05
strand,6e-05
tasting,6e-05
instruments,6e-05
ear,6e-05
ethiopian,6e-05
silicon,6e-05
drums,6e-05
paints,6e-05
buddy,6e-05
cropped,6e-05
pairs,6e-05
skate,6e-05
loss,6e-05
batteries,6e-05
communications,6e-05
comedy,6e-05
islanders,6e-05
optic,6e-05
labor,6e-05
northern,6e-05
journey,6e-05
figured,6e-05
hide,6e-05
settle,6e-05
burnt,6e-05
pumpkins,6e-05
vertical,6e-05
remaining,6e-05
carnival,6e-05
reaching,6e-05
soundtrack,6e-05
cola,6e-05
coasters,6e-05
speaking,6e-05
murder,6e-05
originals,6e-05
submariner,6e-05
wind,6e-05
dec,6e-05
fixture,6e-05
recommend,6e-05
logic,6e-05
rooster,6e-05
counter,6e-05
inlay,6e-05
border,6e-05
armor,6e-05
empty,6e-05
learning,6e-05
claiming,6e-05
skirts,6e-05
junk,6e-05
opener,6e-05
coca,6e-05
ps,6e-05
lake,6e-05
ink,6e-05
kits,6e-05
pu,6e-05
army,6e-05
garland,6e-05
bait,6e-05
mixture,6e-05
macron,6e-05
professional,6e-05
exact,6e-05
officer,6e-05
rising,6e-05
strawberry,6e-05
tuck,6e-05
momentum,6e-05
materials,6e-05
rate,6e-05
alternative,6e-05
bolts,6e-05
sorrow,6e-05
breakout,6e-05
corner,6e-05
bakes,6e-05
la,6e-05
ds,6e-05
deck,6e-05
payments,6e-05
checker,6e-05
serpent,6e-05
jello,6e-05
cables,6e-05
franklin,6e-05
textbook,6e-05
puma,6e-05
standing,6e-05
lessons,6e-05
serve,6e-05
framed,6e-05
florin,6e-05
uniform,6e-05
authority,6e-05
graphics,6e-05
yankees,6e-05
sump,6e-05
dodgers,6e-05
sporting,6e-05
hundreds,6e-05
panda,6e-05
quart,6e-05
hunting,6e-05
al,6e-05
ton,6e-05
styles,6e-05
collaborated,6e-05
clay,6e-05
mac,6e-05
artworks,6e-05
greeter,6e-05
hearts,6e-05
attorney,6e-05
beakers,4e-05
venom,4e-05
tobacco,4e-05
taxes,4e-05
reggae,4e-05
cocktails,4e-05
pleated,4e-05
watercolour,4e-05
feels,4e-05
denied,4e-05
vibe,4e-05
playoffs,4e-05
profit,4e-05
oral,4e-05
taxidermy,4e-05
manufacturer,4e-05
vineyard,4e-05
peach,4e-05
violence,4e-05
revenues,4e-05
jaguar,4e-05
jobs,4e-05
gown,4e-05
mp,4e-05
credit,4e-05
resume,4e-05
discovery,4e-05
popping,4e-05
access,4e-05
marbles,4e-05
affirmation,4e-05
angel,4e-05
allowed,4e-05
articulated,4e-05
weights,4e-05
clerked,4e-05
decanter,4e-05
communion,4e-05
patent,4e-05
certified,4e-05
clone,4e-05
lows,4e-05
create,4e-05
gains,4e-05
needlecraft,4e-05
saudi,4e-05
webbing,4e-05
rem,4e-05
lime,4e-05
systems,4e-05
solve,4e-05
particular,4e-05
punch,4e-05
vermouth,4e-05
impossible,4e-05
chaps,4e-05
illustration,4e-05
ride,4e-05
shelf,4e-05
crap,4e-05
flames,4e-05
guard,4e-05
maiden,4e-05
jean,4e-05
panhandle,4e-05
developed,4e-05
cone,4e-05
response,4e-05
brewers,4e-05
damask,4e-05
harper,4e-05
frost,4e-05
decades,4e-05
aesthetic,4e-05
hanger,4e-05
fight,4e-05
despite,4e-05
razor,4e-05
ghz,4e-05
terms,4e-05
trip,4e-05
variable,4e-05
grain,4e-05
garages,4e-05
bunk,4e-05
candlesticks,4e-05
thermal,4e-05
laid,4e-05
elephant,4e-05
scouts,4e-05
checkerboard,4e-05
tho,4e-05
arizona,4e-05
opinion,4e-05
automatic,4e-05
plants,4e-05
prison,4e-05
northwest,4e-05
flashing,4e-05
turned,4e-05
witness,4e-05
divine,4e-05
lives,4e-05
raspberry,4e-05
binding,4e-05
gasoline,4e-05
flintstones,4e-05
calculator,4e-05
pe,4e-05
rep,4e-05
morganite,4e-05
pots,4e-05
fuck,4e-05
analyzed,4e-05
noble,4e-05
convoy,4e-05
lines,4e-05
tartan,4e-05
bruins,4e-05
played,4e-05
expect,4e-05
accent,4e-05
damage,4e-05
african,4e-05
entered,4e-05
glory,4e-05
contract,4e-05
makeover,4e-05
hyped,4e-05
hobgoblin,4e-05
limit,4e-05
wristlet,4e-05
po,4e-05
heavyweights,4e-05
candlestick,4e-05
clock,4e-05
documents,4e-05
bin,4e-05
felt,4e-05
shells,4e-05
bullet,4e-05
futures,4e-05
pornography,4e-05
cent,4e-05
movement,4e-05
babe,4e-05
reorganization,4e-05
healing,4e-05
harassed,4e-05
fiber,4e-05
lend,4e-05
ips,4e-05
carpenters,4e-05
glad,4e-05
expires,4e-05
mergers,4e-05
legends,4e-05
warner,4e-05
slug,4e-05
cancer,4e-05
related,4e-05
patrol,4e-05
darts,4e-05
shade,4e-05
matchbook,4e-05
vision,4e-05
sharper,4e-05
icons,4e-05
alligator,4e-05
bourbon,4e-05
tapped,4e-05
puffer,4e-05
wicca,4e-05
decks,4e-05
means,4e-05
flip,4e-05
stubs,4e-05
superman,4e-05
attention,4e-05
slayer,4e-05
envelopes,4e-05
elbow,4e-05
chalcedony,4e-05
categories,4e-05
produces,4e-05
steep,4e-05
imports,4e-05
fells,4e-05
zero,4e-05
sideboard,4e-05
least,4e-05
religion,4e-05
fork,4e-05
farm,4e-05
deliverable,4e-05
channels,4e-05
drawer,4e-05
attorneys,4e-05
acceptance,4e-05
stroller,4e-05
skills,4e-05
memo,4e-05
tat,4e-05
consumers,4e-05
stored,4e-05
rebounded,4e-05
spinning,4e-05
acquire,4e-05
highway,4e-05
cancel,4e-05
operative,4e-05
recipes,4e-05
cbcs,4e-05
landscape,4e-05
pleione,4e-05
tassel,4e-05
gears,4e-05
coupons,4e-05
mom,4e-05
illuminated,4e-05
gas,4e-05
prosecutor,4e-05
sharp,4e-05
looked,4e-05
mvp,4e-05
jazz,4e-05
leave,4e-05
bind,4e-05
handling,4e-05
jumpsuit,4e-05
reading,4e-05
extended,4e-05
waste,4e-05
figurines,4e-05
greyhound,4e-05
bastille,4e-05
amount,4e-05
matrix,4e-05
varnish,4e-05
tune,4e-05
hue,4e-05
competitors,4e-05
firefighter,4e-05
updating,4e-05
coast,4e-05
si,4e-05
dozen,4e-05
labour,4e-05
tongs,4e-05
blade,4e-05
walk,4e-05
thoughts,4e-05
prima,4e-05
overseeing,4e-05
fob,4e-05
strip,4e-05
glossy,4e-05
ivory,4e-05
thrown,4e-05
giveaways,4e-05
hawk,4e-05
mountains,4e-05
partisan,4e-05
tops,4e-05
criminal,4e-05
snack,4e-05
buster,4e-05
is,4e-05
wearable,4e-05
turning,4e-05
treasure,4e-05
dated,4e-05
mariners,4e-05
sonora,4e-05
polka,4e-05
estimated,4e-05
vibrating,4e-05
inserts,4e-05
cardinals,4e-05
od,4e-05
composite,4e-05
matte,4e-05
perfume,4e-05
glow,4e-05
posting,4e-05
fort,4e-05
bridge,4e-05
easter,4e-05
arctic,4e-05
maze,4e-05
smell,4e-05
courtesy,4e-05
weekends,4e-05
remain,4e-05
juniors,4e-05
conversion,4e-05
bulldozer,4e-05
flavor,4e-05
raining,4e-05
entire,4e-05
skin,4e-05
dream,4e-05
expected,4e-05
dick,4e-05
argument,4e-05
cycling,4e-05
ironman,4e-05
laughs,4e-05
changed,4e-05
defendants,4e-05
flyfishing,4e-05
default,4e-05
occult,4e-05
arrived,4e-05
moccasins,4e-05
saloon,4e-05
applying,4e-05
checked,4e-05
aquamarine,4e-05
foot,4e-05
toll,4e-05
word,4e-05
arc,4e-05
astrology,4e-05
restocked,4e-05
whole,4e-05
shekels,4e-05
shepherdess,4e-05
humility,4e-05
tradition,4e-05
mounted,4e-05
spin,4e-05
motor,4e-05
guardians,4e-05
holdings,4e-05
merger,4e-05
alabama,4e-05
chic,4e-05
bits,4e-05
mackintosh,4e-05
cartridge,4e-05
scent,4e-05
macros,4e-05
goddess,4e-05
cooling,4e-05
stuck,4e-05
studios,4e-05
savage,4e-05
temptations,4e-05
menu,4e-05
revival,4e-05
terminated,4e-05
nomination,4e-05
sole,4e-05
enhancer,4e-05
impacting,4e-05
marines,4e-05
orchid,4e-05
blocks,4e-05
stitched,4e-05
thunderbirds,4e-05
sides,4e-05
parents,4e-05
vogue,4e-05
forest,4e-05
widths,4e-05
feminist,4e-05
florentine,4e-05
satchel,4e-05
fluted,4e-05
mexican,4e-05
caprice,4e-05
fm,4e-05
bulb,4e-05
consulting,4e-05
grace,4e-05
acquisition,4e-05
forgot,4e-05
warriors,4e-05
monopoly,4e-05
maxi,4e-05
razors,4e-05
brooches,4e-05
eskimo,4e-05
bookcase,4e-05
nuts,4e-05
pod,4e-05
heritage,4e-05
temperature,4e-05
layered,4e-05
iv,4e-05
sifter,4e-05
kingdoms,4e-05
handles,4e-05
donations,4e-05
violin,4e-05
roses,4e-05
willing,4e-05
cog,4e-05
boies,4e-05
pasta,4e-05
mugs,4e-05
cannon,4e-05
shocked,4e-05
welsh,4e-05
duties,4e-05
saxon,4e-05
radome,4e-05
aviator,4e-05
instructions,4e-05
cl,4e-05
frustration,4e-05
shallow,4e-05
avoid,4e-05
popped,4e-05
meals,4e-05
import,4e-05
newspaper,4e-05
channel,4e-05
pt,4e-05
oiler,4e-05
philosopher,4e-05
term,4e-05
hint,4e-05
personalized,4e-05
automobile,4e-05
uniforms,4e-05
mrs,4e-05
epic,4e-05
butter,4e-05
respect,4e-05
mat,4e-05
require,4e-05
websites,4e-05
excited,4e-05
owners,4e-05
sin,4e-05
fbi,4e-05
encore,4e-05
chamber,4e-05
titans,4e-05
postponed,4e-05
ratio,4e-05
packages,4e-05
diver,4e-05
patriot,4e-05
buffalo,4e-05
ropes,4e-05
becoming,4e-05
vikings,4e-05
outbreak,4e-05
corp,4e-05
tapered,4e-05
lower,4e-05
corporations,4e-05
gents,4e-05
daring,4e-05
urchin,4e-05
walkman,4e-05
bonsai,4e-05
snowmen,4e-05
banning,4e-05
formal,4e-05
latin,4e-05
halter,4e-05
finance,4e-05
measuring,4e-05
address,4e-05
sneaker,4e-05
minor,4e-05
setting,4e-05
screech,4e-05
participating,4e-05
roc,4e-05
episode,4e-05
nutcracker,4e-05
riders,4e-05
predator,4e-05
operations,4e-05
jumped,4e-05
pinned,4e-05
bucket,4e-05
manor,4e-05
extinguisher,4e-05
tackle,4e-05
formula,4e-05
ape,4e-05
hydrocephalus,4e-05
killer,4e-05
assault,4e-05
patchwork,4e-05
sauce,4e-05
reasons,4e-05
equipment,4e-05
cos,4e-05
kt,4e-05
risk,4e-05
stages,4e-05
covered,4e-05
doors,4e-05
sweeties,4e-05
emails,4e-05
facilitates,4e-05
needed,4e-05
busy,4e-05
peacock,4e-05
covert,4e-05
curtains,4e-05
daisy,4e-05
foil,4e-05
files,4e-05
encircled,4e-05
retailers,4e-05
donation,4e-05
heading,4e-05
consultation,4e-05
nigerians,4e-05
frenzy,4e-05
carrying,4e-05
waiting,4e-05
shamrock,4e-05
gent,4e-05
peacoat,4e-05
spearhead,4e-05
makers,4e-05
whistles,4e-05
temple,4e-05
topic,4e-05
dresser,4e-05
sounds,4e-05
question,4e-05
vestment,4e-05
needlepoint,4e-05
cupcake,4e-05
sentiment,4e-05
blanks,4e-05
interpretation,4e-05
cigarette,4e-05
mojo,4e-05
auctioned,4e-05
peak,4e-05
anatomy,4e-05
suits,4e-05
match,4e-05
grew,4e-05
cherry,4e-05
energy,4e-05
exits,4e-05
chandelier,4e-05
hummingbird,4e-05
technical,4e-05
outfits,4e-05
cartridges,4e-05
voice,4e-05
coloured,4e-05
relish,4e-05
off,4e-05
master,4e-05
overheating,4e-05
jolly,4e-05
laboratory,4e-05
planters,4e-05
hosting,4e-05
suspension,4e-05
managed,4e-05
vine,4e-05
emblem,4e-05
brush,4e-05
devil,4e-05
ruffle,4e-05
roll,4e-05
damn,4e-05
dispenser,4e-05
adams,4e-05
spade,4e-05
spells,4e-05
melange,4e-05
celtics,4e-05
squares,4e-05
falls,4e-05
fat,4e-05
jets,4e-05
blades,4e-05
spec,4e-05
doom,4e-05
invoice,4e-05
transporter,4e-05
transom,4e-05
offering,4e-05
inflation,4e-05
poetry,4e-05
modernist,4e-05
supporter,4e-05
telling,4e-05
sewn,4e-05
crystals,4e-05
frames,4e-05
cockroaches,4e-05
gardens,4e-05
thinking,4e-05
handcrafted,4e-05
breast,4e-05
mans,4e-05
disturbing,4e-05
volatility,4e-05
forged,4e-05
neighbors,4e-05
hustle,4e-05
penny,4e-05
mindfulness,4e-05
potato,4e-05
medal,4e-05
hole,4e-05
cutter,4e-05
knot,4e-05
heater,4e-05
bookmark,4e-05
flaw,4e-05
plead,4e-05
curves,4e-05
views,4e-05
contractor,4e-05
goal,4e-05
bud,4e-05
conducted,4e-05
muffin,4e-05
cramps,4e-05
rarities,4e-05
pagan,4e-05
health,4e-05
prom,4e-05
lifted,4e-05
riding,4e-05
singing,4e-05
bottoms,4e-05
shoot,4e-05
expressed,4e-05
trivet,4e-05
daniel,4e-05
plans,4e-05
incense,4e-05
adviser,4e-05
coo,4e-05
treatment,4e-05
anna,4e-05
bolt,4e-05
spikes,4e-05
crisis,4e-05
wit,4e-05
boost,4e-05
baguette,4e-05
gauge,4e-05
snake,4e-05
dropping,4e-05
babes,4e-05
spokesman,4e-05
palsy,4e-05
places,4e-05
sub,4e-05
liner,4e-05
prizes,4e-05
references,4e-05
web,4e-05
dancing,4e-05
carries,4e-05
finger,4e-05
shout,4e-05
serigraph,4e-05
prompting,4e-05
programs,4e-05
raised,4e-05
medical,4e-05
losing,4e-05
paw,4e-05
mib,4e-05
viewed,4e-05
whistler,4e-05
presence,4e-05
twill,4e-05
pr,4e-05
darnel,4e-05
philanthropy,4e-05
knitting,4e-05
squirrel,4e-05
rig,4e-05
worry,4e-05
activity,4e-05
identified,4e-05
threatening,4e-05
surrender,4e-05
photography,4e-05
banks,4e-05
reference,4e-05
metric,4e-05
error,4e-05
cones,4e-05
gabriel,4e-05
ti,4e-05
bump,4e-05
tables,4e-05
countries,4e-05
warehouse,4e-05
tunes,4e-05
rotary,4e-05
command,4e-05
conference,4e-05
penguins,4e-05
drives,4e-05
sandals,4e-05
em,4e-05
hospice,4e-05
herbal,4e-05
manhattan,4e-05
tumblers,4e-05
housekeeper,4e-05
science,4e-05
stripe,4e-05
skincare,4e-05
romper,4e-05
river,4e-05
crooks,4e-05
patio,4e-05
americana,4e-05
motorbike,4e-05
valentine,4e-05
fruiting,4e-05
crow,4e-05
passport,4e-05
flannel,4e-05
farmers,4e-05
menorah,4e-05
region,4e-05
snap,4e-05
breaking,4e-05
toothbrush,4e-05
sweat,4e-05
norwegian,4e-05
largesse,4e-05
coronation,4e-05
starts,4e-05
stint,4e-05
hire,4e-05
banknote,4e-05
spent,4e-05
consensus,4e-05
shocking,4e-05
currency,4e-05
las,4e-05
villa,4e-05
nows,4e-05
ls,4e-05
lotus,4e-05
cub,4e-05
sleeping,4e-05
clues,4e-05
postage,4e-05
produce,4e-05
separate,4e-05
bookcases,4e-05
joker,4e-05
tightening,4e-05
pros,4e-05
dominating,4e-05
opportunity,4e-05
siphons,4e-05
families,4e-05
potatoes,4e-05
rest,4e-05
conduct,4e-05
registered,4e-05
infringement,4e-05
motors,4e-05
spoons,4e-05
ipod,4e-05
shrink,4e-05
cash,4e-05
towels,4e-05
jerry,4e-05
nip,4e-05
sofa,4e-05
borough,4e-05
issued,4e-05
witches,4e-05
enforcement,4e-05
colombian,4e-05
senate,4e-05
toned,4e-05
income,4e-05
printer,4e-05
feeding,4e-05
temp,4e-05
accused,4e-05
tahitian,4e-05
cigar,4e-05
virgin,4e-05
divided,4e-05
petal,4e-05
character,4e-05
lit,4e-05
mayhem,4e-05
shepherd,4e-05
baroque,4e-05
napkins,4e-05
loop,4e-05
flatware,4e-05
plane,4e-05
nos,4e-05
donate,4e-05
candelabra,4e-05
zoom,4e-05
ee,4e-05
carnage,4e-05
activated,4e-05
secondary,4e-05
greetings,4e-05
bowling,4e-05
morgan,4e-05
signet,4e-05
thrift,4e-05
gravy,4e-05
brougham,4e-05
pound,4e-05
dutch,4e-05
burn,4e-05
method,4e-05
acme,4e-05
aircraft,4e-05
frank,4e-05
sunset,4e-05
petrol,4e-05
delivering,4e-05
flavours,4e-05
prefer,4e-05
donna,4e-05
stole,4e-05
commission,4e-05
oils,4e-05
sam,4e-05
credited,4e-05
stabilizing,4e-05
agenda,4e-05
maintaining,4e-05
results,4e-05
defending,4e-05
booties,4e-05
executing,4e-05
airplane,4e-05
worn,4e-05
blaster,4e-05
constant,4e-05
fighter,4e-05
negotiating,4e-05
deliveries,4e-05
timer,4e-05
rugby,4e-05
folder,4e-05
twin,4e-05
mosaic,4e-05
matt,4e-05
rush,4e-05
behalf,4e-05
pet,4e-05
ba,4e-05
heeled,4e-05
stadium,4e-05
hinges,4e-05
cakes,4e-05
microphone,4e-05
king,4e-05
noted,4e-05
types,4e-05
son,4e-05
independent,4e-05
tms,4e-05
pill,4e-05
declining,4e-05
spirits,4e-05
fetch,4e-05
fedora,4e-05
spotlights,4e-05
looney,4e-05
brother,4e-05
cycles,4e-05
mission,4e-05
packing,4e-05
grape,4e-05
regulator,4e-05
crop,4e-05
litigation,4e-05
laughing,4e-05
hm,4e-05
alpha,4e-05
spy,4e-05
setup,4e-05
mine,4e-05
desks,4e-05
curved,4e-05
taupe,4e-05
pioneer,4e-05
asks,4e-05
desert,4e-05
raising,4e-05
eds,4e-05
coats,4e-05
gabonese,4e-05
handset,4e-05
elite,4e-05
rivet,4e-05
august,4e-05
gig,4e-05
drinks,4e-05
sunflower,4e-05
over,4e-05
chef,4e-05
goblet,4e-05
buff,4e-05
equities,4e-05
browsed,4e-05
practicality,4e-05
horizons,4e-05
crib,4e-05
ho,4e-05
editions,4e-05
courier,4e-05
inn,4e-05
blossom,4e-05
firing,4e-05
criticizing,4e-05
michigan,4e-05
terminator,4e-05
ruffled,4e-05
hull,4e-05
drill,4e-05
knee,4e-05
hood,4e-05
decided,4e-05
pier,4e-05
stupid,4e-05
reach,4e-05
citrine,4e-05
surveillance,4e-05
dyed,4e-05
beehive,4e-05
stamped,4e-05
colts,4e-05
prince,4e-05
fifth,4e-05
flyers,4e-05
billfold,4e-05
woodland,4e-05
anthropology,4e-05
moves,4e-05
leader,4e-05
tamper,4e-05
earth,4e-05
cologne,4e-05
instant,4e-05
abaca,4e-05
down,4e-05
powder,4e-05
oct,4e-05
tiara,4e-05
doctors,4e-05
handle,4e-05
champions,4e-05
occupied,4e-05
aluminum,4e-05
sable,4e-05
external,4e-05
physiology,4e-05
banned,4e-05
received,4e-05
hemp,4e-05
saturday,4e-05
community,4e-05
jumping,4e-05
strands,4e-05
tack,4e-05
propped,4e-05
macintosh,4e-05
cylinders,4e-05
welcome,4e-05
dried,4e-05
hannukah,4e-05
raphael,4e-05
baker,4e-05
refuse,4e-05
johns,4e-05
economy,4e-05
accusing,4e-05
guidance,4e-05
colonial,4e-05
outs,4e-05
server,4e-05
produced,4e-05
adds,4e-05
zipper,4e-05
themed,4e-05
ha,4e-05
russ,4e-05
officials,4e-05
tabs,4e-05
promoted,2e-05
pyrometer,2e-05
cattle,2e-05
happen,2e-05
fear,2e-05
involve,2e-05
frustrating,2e-05
durability,2e-05
glaze,2e-05
browns,2e-05
imaging,2e-05
guns,2e-05
flights,2e-05
conferences,2e-05
nurses,2e-05
collaboration,2e-05
totem,2e-05
clips,2e-05
taste,2e-05
spark,2e-05
backstage,2e-05
suppliers,2e-05
worker,2e-05
volumes,2e-05
pat,2e-05
saint,2e-05
doc,2e-05
brave,2e-05
berries,2e-05
lightning,2e-05
icon,2e-05
advocate,2e-05
shock,2e-05
snapdragon,2e-05
skater,2e-05
headset,2e-05
becks,2e-05
tss,2e-05
bambino,2e-05
stingray,2e-05
wrought,2e-05
parallel,2e-05
stardust,2e-05
compendium,2e-05
nosed,2e-05
kraft,2e-05
reissues,2e-05
cupboard,2e-05
bout,2e-05
trusted,2e-05
duo,2e-05
veranda,2e-05
apron,2e-05
associate,2e-05
psychic,2e-05
typewriter,2e-05
attending,2e-05
insights,2e-05
braves,2e-05
sample,2e-05
pout,2e-05
blonde,2e-05
accents,2e-05
hawks,2e-05
glows,2e-05
bb,2e-05
keyhole,2e-05
fraud,2e-05
kitchenware,2e-05
hive,2e-05
indonesian,2e-05
struggling,2e-05
transporting,2e-05
tucker,2e-05
infants,2e-05
immigrants,2e-05
trending,2e-05
stunned,2e-05
subscriber,2e-05
correct,2e-05
siblings,2e-05
clinker,2e-05
kick,2e-05
horsebox,2e-05
briar,2e-05
birch,2e-05
are,2e-05
divergence,2e-05
cried,2e-05
allied,2e-05
thunder,2e-05
sas,2e-05
bedside,2e-05
siphon,2e-05
nigerian,2e-05
rallies,2e-05
meeting,2e-05
tassels,2e-05
rust,2e-05
mustard,2e-05
fields,2e-05
hinge,2e-05
overlay,2e-05
romantic,2e-05
xii,2e-05
bel,2e-05
increased,2e-05
husband,2e-05
coupon,2e-05
indians,2e-05
queer,2e-05
accord,2e-05
quantum,2e-05
treadmills,2e-05
stool,2e-05
graph,2e-05
islay,2e-05
reclaimed,2e-05
mass,2e-05
vinyls,2e-05
equal,2e-05
providing,2e-05
cooker,2e-05
survivor,2e-05
woe,2e-05
founded,2e-05
aviation,2e-05
gnu,2e-05
norman,2e-05
fringed,2e-05
banners,2e-05
valuation,2e-05
gator,2e-05
kinds,2e-05
interlocking,2e-05
choices,2e-05
ai,2e-05
dwarf,2e-05
recycling,2e-05
memoir,2e-05
pilots,2e-05
prospects,2e-05
housekeeping,2e-05
gin,2e-05
shekel,2e-05
lining,2e-05
sour,2e-05
siren,2e-05
chalkboard,2e-05
parks,2e-05
attacks,2e-05
sandalwood,2e-05
nicked,2e-05
anklet,2e-05
gardeners,2e-05
decking,2e-05
answer,2e-05
sighs,2e-05
trusting,2e-05
assaulted,2e-05
allows,2e-05
sees,2e-05
googles,2e-05
plaques,2e-05
passenger,2e-05
tournament,2e-05
vote,2e-05
karen,2e-05
drain,2e-05
shut,2e-05
kiwi,2e-05
bot,2e-05
containers,2e-05
js,2e-05
mode,2e-05
dna,2e-05
mack,2e-05
bulletin,2e-05
split,2e-05
lr,2e-05
mindset,2e-05
lighthouse,2e-05
tanks,2e-05
shore,2e-05
blackburn,2e-05
sausage,2e-05
listened,2e-05
colony,2e-05
turtles,2e-05
retire,2e-05
radium,2e-05
reales,2e-05
fidget,2e-05
explain,2e-05
salesman,2e-05
somebody,2e-05
lancer,2e-05
min,2e-05
learn,2e-05
scout,2e-05
division,2e-05
chiming,2e-05
vitamin,2e-05
invited,2e-05
pause,2e-05
feminists,2e-05
paperweight,2e-05
planned,2e-05
urn,2e-05
cubicle,2e-05
criticism,2e-05
grasshopper,2e-05
headed,2e-05
afghan,2e-05
completing,2e-05
bows,2e-05
pajamas,2e-05
upstairs,2e-05
briefs,2e-05
applause,2e-05
drunk,2e-05
fundraising,2e-05
squash,2e-05
thinks,2e-05
sentinels,2e-05
buccaneer,2e-05
alarm,2e-05
sheep,2e-05
sense,2e-05
robot,2e-05
teen,2e-05
resort,2e-05
conclusion,2e-05
nightdress,2e-05
merchant,2e-05
dakota,2e-05
flesh,2e-05
galloway,2e-05
submarine,2e-05
croft,2e-05
cts,2e-05
baffle,2e-05
ags,2e-05
sandman,2e-05
bobby,2e-05
scot,2e-05
burberry,2e-05
sideshow,2e-05
blaming,2e-05
massachusetts,2e-05
kangaroo,2e-05
brassard,2e-05
cams,2e-05
helicopter,2e-05
indexes,2e-05
parachute,2e-05
tagged,2e-05
dent,2e-05
changers,2e-05
foods,2e-05
headlamp,2e-05
disagree,2e-05
eyewitness,2e-05
ladle,2e-05
student,2e-05
aging,2e-05
matches,2e-05
surge,2e-05
flamingo,2e-05
philosophy,2e-05
drip,2e-05
somali,2e-05
recorded,2e-05
current,2e-05
porn,2e-05
liberty,2e-05
coach,2e-05
cursed,2e-05
colored,2e-05
stabilising,2e-05
retriever,2e-05
boosted,2e-05
flags,2e-05
structured,2e-05
bach,2e-05
chassis,2e-05
vampire,2e-05
queue,2e-05
fluorite,2e-05
engineering,2e-05
seeds,2e-05
focuses,2e-05
nebula,2e-05
cats,2e-05
suggestions,2e-05
republic,2e-05
bezel,2e-05
interiors,2e-05
senor,2e-05
promoter,2e-05
lions,2e-05
beast,2e-05
blending,2e-05
ordering,2e-05
texture,2e-05
donating,2e-05
hybrid,2e-05
modeling,2e-05
bet,2e-05
birding,2e-05
mavericks,2e-05
vip,2e-05
outboard,2e-05
dumps,2e-05
hydration,2e-05
timberlands,2e-05
wham,2e-05
novels,2e-05
cabochons,2e-05
cas,2e-05
vigilance,2e-05
connoisseur,2e-05
noticed,2e-05
recap,2e-05
intensive,2e-05
paperwork,2e-05
rugs,2e-05
economists,2e-05
constitution,2e-05
wishbone,2e-05
awakens,2e-05
lusterware,2e-05
degrees,2e-05
disconnected,2e-05
waxing,2e-05
hazel,2e-05
leeward,2e-05
receipt,2e-05
inside,2e-05
pyjamas,2e-05
nightmare,2e-05
bearer,2e-05
corkscrew,2e-05
pole,2e-05
encourages,2e-05
requires,2e-05
freesia,2e-05
jackpots,2e-05
nobody,2e-05
aura,2e-05
edging,2e-05
ben,2e-05
hart,2e-05
chuck,2e-05
funk,2e-05
sanders,2e-05
python,2e-05
minute,2e-05
bounced,2e-05
guest,2e-05
scared,2e-05
enthusiasm,2e-05
res,2e-05
clippers,2e-05
hurry,2e-05
compact,2e-05
xy,2e-05
jester,2e-05
burgundy,2e-05
publishing,2e-05
gunner,2e-05
bounce,2e-05
treating,2e-05
metre,2e-05
hoping,2e-05
blessing,2e-05
paris,2e-05
inscription,2e-05
facility,2e-05
mba,2e-05
junction,2e-05
academy,2e-05
adventure,2e-05
boasts,2e-05
feeling,2e-05
recovery,2e-05
amusing,2e-05
bathing,2e-05
easel,2e-05
vegan,2e-05
filler,2e-05
slipper,2e-05
followed,2e-05
rumors,2e-05
hang,2e-05
pharmaceutical,2e-05
promise,2e-05
glimpse,2e-05
fender,2e-05
scrotum,2e-05
exchanges,2e-05
tire,2e-05
titanium,2e-05
gentry,2e-05
alarms,2e-05
knock,2e-05
balm,2e-05
litigators,2e-05
manufactured,2e-05
loops,2e-05
duster,2e-05
log,2e-05
welded,2e-05
exit,2e-05
upgrades,2e-05
teacups,2e-05
roamers,2e-05
dental,2e-05
lithium,2e-05
comprehensive,2e-05
dahlia,2e-05
jokes,2e-05
gearbox,2e-05
buddha,2e-05
sawtooth,2e-05
fuel,2e-05
saviours,2e-05
salute,2e-05
redwoods,2e-05
earned,2e-05
lived,2e-05
refurbished,2e-05
reads,2e-05
jacob,2e-05
mounting,2e-05
camisole,2e-05
royals,2e-05
rag,2e-05
piloting,2e-05
spa,2e-05
resale,2e-05
dioxide,2e-05
displays,2e-05
sentry,2e-05
medicine,2e-05
skating,2e-05
leds,2e-05
nobleman,2e-05
prisms,2e-05
daks,2e-05
setups,2e-05
planter,2e-05
bangles,2e-05
boosting,2e-05
cursive,2e-05
flog,2e-05
plight,2e-05
consoles,2e-05
hearth,2e-05
shakedown,2e-05
touring,2e-05
switched,2e-05
pinwheel,2e-05
metro,2e-05
solenoids,2e-05
simulated,2e-05
cymbals,2e-05
skillet,2e-05
discord,2e-05
realising,2e-05
newsboy,2e-05
fib,2e-05
element,2e-05
pirate,2e-05
brackets,2e-05
sequins,2e-05
moments,2e-05
cellphone,2e-05
rubber,2e-05
atlantis,2e-05
gild,2e-05
bun,2e-05
measure,2e-05
radiance,2e-05
ts,2e-05
tenth,2e-05
filling,2e-05
woods,2e-05
slam,2e-05
penguin,2e-05
invalided,2e-05
percentage,2e-05
wiccan,2e-05
tunnel,2e-05
camping,2e-05
ci,2e-05
tariff,2e-05
temptation,2e-05
impressionism,2e-05
pizza,2e-05
fiction,2e-05
rivers,2e-05
mothers,2e-05
slight,2e-05
extras,2e-05
carmaker,2e-05
thc,2e-05
casino,2e-05
biography,2e-05
authenticity,2e-05
cad,2e-05
floss,2e-05
explanation,2e-05
moisture,2e-05
chafing,2e-05
tableware,2e-05
depends,2e-05
appeared,2e-05
rights,2e-05
foolery,2e-05
favour,2e-05
bootie,2e-05
bonnet,2e-05
fins,2e-05
duped,2e-05
cruise,2e-05
absolute,2e-05
learners,2e-05
dispensers,2e-05
petticoats,2e-05
stalwart,2e-05
filled,2e-05
ribbons,2e-05
insulators,2e-05
effects,2e-05
cordial,2e-05
lip,2e-05
assisted,2e-05
heard,2e-05
status,2e-05
minerals,2e-05
packer,2e-05
powers,2e-05
shake,2e-05
association,2e-05
layout,2e-05
ft,2e-05
antacid,2e-05
pleasing,2e-05
robes,2e-05
priority,2e-05
speakers,2e-05
clamp,2e-05
veneers,2e-05
calories,2e-05
nectar,2e-05
nib,2e-05
texts,2e-05
celebrates,2e-05
heels,2e-05
treadmill,2e-05
mile,2e-05
frog,2e-05
xiv,2e-05
trek,2e-05
bulbs,2e-05
teapot,2e-05
fold,2e-05
marching,2e-05
explore,2e-05
torch,2e-05
rebounding,2e-05
panels,2e-05
shysters,2e-05
mahogany,2e-05
herbs,2e-05
valuable,2e-05
plows,2e-05
obverse,2e-05
bodied,2e-05
pulss,2e-05
resigned,2e-05
pharmacy,2e-05
voiced,2e-05
effort,2e-05
damaged,2e-05
resales,2e-05
redskins,2e-05
helix,2e-05
wealth,2e-05
extending,2e-05
kidney,2e-05
placed,2e-05
capitalist,2e-05
intimidated,2e-05
ovals,2e-05
cowrie,2e-05
catalog,2e-05
stitchery,2e-05
indignation,2e-05
animals,2e-05
gypsies,2e-05
propaganda,2e-05
distribution,2e-05
rectangle,2e-05
mist,2e-05
shooting,2e-05
expressions,2e-05
supermen,2e-05
informed,2e-05
dents,2e-05
threads,2e-05
research,2e-05
statues,2e-05
sought,2e-05
gigs,2e-05
advance,2e-05
compares,2e-05
frequency,2e-05
flange,2e-05
pulled,2e-05
goers,2e-05
convert,2e-05
pointed,2e-05
profanity,2e-05
crawling,2e-05
guru,2e-05
cycle,2e-05
fragment,2e-05
cherokee,2e-05
snipers,2e-05
costa,2e-05
webpage,2e-05
jadeite,2e-05
pitch,2e-05
drift,2e-05
clinging,2e-05
therapy,2e-05
ceremonial,2e-05
wondering,2e-05
regatta,2e-05
pastry,2e-05
survival,2e-05
ledger,2e-05
couture,2e-05
courses,2e-05
sock,2e-05
valves,2e-05
kidneys,2e-05
quarry,2e-05
beets,2e-05
cobra,2e-05
depending,2e-05
scrubbing,2e-05
motivating,2e-05
appendix,2e-05
panther,2e-05
reflation,2e-05
actor,2e-05
tethered,2e-05
medallions,2e-05
strainer,2e-05
catatonia,2e-05
mountaineer,2e-05
deer,2e-05
demons,2e-05
language,2e-05
keys,2e-05
shadow,2e-05
quilting,2e-05
ginger,2e-05
teaching,2e-05
crisp,2e-05
sons,2e-05
booty,2e-05
mousepad,2e-05
guidebook,2e-05
recorder,2e-05
alabaster,2e-05
cult,2e-05
conflict,2e-05
cloud,2e-05
wolves,2e-05
magma,2e-05
helms,2e-05
bourne,2e-05
wick,2e-05
playsuits,2e-05
fizz,2e-05
infusion,2e-05
straightener,2e-05
wasting,2e-05
guitars,2e-05
bavarian,2e-05
hidden,2e-05
babysitters,2e-05
brazil,2e-05
dryer,2e-05
parfait,2e-05
edited,2e-05
pasture,2e-05
present,2e-05
preferred,2e-05
replies,2e-05
tattoo,2e-05
professionals,2e-05
slash,2e-05
suspicion,2e-05
celluloid,2e-05
angle,2e-05
admits,2e-05
trades,2e-05
players,2e-05
sack,2e-05
contenders,2e-05
garter,2e-05
costs,2e-05
workshop,2e-05
boo,2e-05
academic,2e-05
dipper,2e-05
joke,2e-05
networking,2e-05
waterfall,2e-05
closures,2e-05
manning,2e-05
gene,2e-05
dishes,2e-05
assuming,2e-05
impressions,2e-05
segmented,2e-05
flare,2e-05
hen,2e-05
scheduled,2e-05
intern,2e-05
shied,2e-05
concentrated,2e-05
assholes,2e-05
tremolo,2e-05
turnips,2e-05
availability,2e-05
generating,2e-05
dam,2e-05
cutting,2e-05
imo,2e-05
gouging,2e-05
tweets,2e-05
realism,2e-05
pouch,2e-05
fluke,2e-05
creeper,2e-05
eliminate,2e-05
marshal,2e-05
phantom,2e-05
smiler,2e-05
presents,2e-05
ideal,2e-05
suicide,2e-05
compress,2e-05
tortoiseshell,2e-05
stem,2e-05
owed,2e-05
indiana,2e-05
transistor,2e-05
shaman,2e-05
rv,2e-05
boa,2e-05
juggle,2e-05
refunds,2e-05
resolve,2e-05
attachments,2e-05
shank,2e-05
bale,2e-05
populations,2e-05
brews,2e-05
circus,2e-05
hammer,2e-05
gps,2e-05
galax,2e-05
checkers,2e-05
stray,2e-05
kiddies,2e-05
chiffon,2e-05
visitor,2e-05
drying,2e-05
daisies,2e-05
election,2e-05
architecture,2e-05
vans,2e-05
approaching,2e-05
waters,2e-05
aporocactus,2e-05
freckles,2e-05
highlander,2e-05
cylinder,2e-05
monetization,2e-05
checking,2e-05
squid,2e-05
rovers,2e-05
ritual,2e-05
grizzlies,2e-05
load,2e-05
pontoon,2e-05
gorilla,2e-05
laundering,2e-05
wish,2e-05
tail,2e-05
cr,2e-05
summit,2e-05
scenery,2e-05
difference,2e-05
distractions,2e-05
bullshit,2e-05
egyptian,2e-05
cherished,2e-05
headboard,2e-05
shillings,2e-05
chorus,2e-05
fe,2e-05
checks,2e-05
beggars,2e-05
population,2e-05
expedition,2e-05
gore,2e-05
keyboards,2e-05
notepad,2e-05
flocked,2e-05
goose,2e-05
finished,2e-05
patriotism,2e-05
dug,2e-05
dresses,2e-05
wears,2e-05
died,2e-05
arbor,2e-05
kittens,2e-05
gmt,2e-05
quibble,2e-05
vests,2e-05
armchair,2e-05
kings,2e-05
columns,2e-05
vd,2e-05
playlists,2e-05
released,2e-05
junior,2e-05
roof,2e-05
tees,2e-05
sends,2e-05
harps,2e-05
dreams,2e-05
kylie,2e-05
rimmed,2e-05
lice,2e-05
outnumbered,2e-05
compare,2e-05
kite,2e-05
panties,2e-05
kitty,2e-05
mood,2e-05
nearing,2e-05
wrist,2e-05
springtime,2e-05
shits,2e-05
trays,2e-05
caged,2e-05
consumer,2e-05
simulator,2e-05
dock,2e-05
gd,2e-05
chrysanthemum,2e-05
locker,2e-05
claw,2e-05
wise,2e-05
corinthian,2e-05
spokesperson,2e-05
zen,2e-05
woodlands,2e-05
perceptions,2e-05
restoration,2e-05
samples,2e-05
nazi,2e-05
saucers,2e-05
earphones,2e-05
prevention,2e-05
draining,2e-05
immersion,2e-05
batter,2e-05
debt,2e-05
clunks,2e-05
thermometer,2e-05
mystic,2e-05
flared,2e-05
commander,2e-05
arbitrage,2e-05
restored,2e-05
groceries,2e-05
persons,2e-05
rigs,2e-05
frosted,2e-05
wraparound,2e-05
sphinx,2e-05
spike,2e-05
childhood,2e-05
guessing,2e-05
mankind,2e-05
bush,2e-05
delivered,2e-05
developers,2e-05
sw,2e-05
write,2e-05
demonstrators,2e-05
twenty,2e-05
hass,2e-05
mob,2e-05
continues,2e-05
tent,2e-05
fragments,2e-05
regency,2e-05
weapons,2e-05
freedom,2e-05
zoo,2e-05
racket,2e-05
commonwealth,2e-05
servers,2e-05
amphibian,2e-05
mum,2e-05
beasts,2e-05
helmets,2e-05
honesty,2e-05
imperfect,2e-05
organza,2e-05
predictions,2e-05
bugs,2e-05
researching,2e-05
flirting,2e-05
result,2e-05
carpenter,2e-05
missed,2e-05
beam,2e-05
resell,2e-05
shared,2e-05
flow,2e-05
catholic,2e-05
wedgwood,2e-05
blocking,2e-05
galley,2e-05
carrot,2e-05
scottie,2e-05
staying,2e-05
starring,2e-05
bis,2e-05
trucking,2e-05
organization,2e-05
roast,2e-05
meat,2e-05
sockets,2e-05
percale,2e-05
gate,2e-05
companion,2e-05
stops,2e-05
digestive,2e-05
gull,2e-05
markers,2e-05
seconds,2e-05
chronicle,2e-05
poll,2e-05
nook,2e-05
adventures,2e-05
tufts,2e-05
narcissist,2e-05
kansas,2e-05
joggle,2e-05
styled,2e-05
dunk,2e-05
ng,2e-05
situation,2e-05
tablets,2e-05
fiddlers,2e-05
buys,2e-05
intimates,2e-05
entrepreneur,2e-05
favors,2e-05
glider,2e-05
mixing,2e-05
condiments,2e-05
pinecone,2e-05
swinging,2e-05
overalls,2e-05
matted,2e-05
vacuuming,2e-05
prelude,2e-05
depot,2e-05
relaxed,2e-05
centrepiece,2e-05
reunion,2e-05
demonstrating,2e-05
estimates,2e-05
trims,2e-05
recovering,2e-05
edges,2e-05
dessert,2e-05
reversing,2e-05
rainbows,2e-05
onion,2e-05
badgers,2e-05
skipper,2e-05
cheers,2e-05
bottleneck,2e-05
feathers,2e-05
pie,2e-05
critter,2e-05
disorders,2e-05
alloy,2e-05
hanks,2e-05
expertise,2e-05
cars,2e-05
generate,2e-05
increments,2e-05
sanity,2e-05
journalists,2e-05
primes,2e-05
oracle,2e-05
soutache,2e-05
outerwear,2e-05
meadow,2e-05
apologies,2e-05
tulip,2e-05
illustrated,2e-05
pvc,2e-05
gallon,2e-05
stirrups,2e-05
skateboard,2e-05
comma,2e-05
irish,2e-05
miser,2e-05
chihuahua,2e-05
slave,2e-05
mailbox,2e-05
dragonfly,2e-05
barbarians,2e-05
haves,2e-05
omnibus,2e-05
lbs,2e-05
carter,2e-05
xxs,2e-05
genius,2e-05
processor,2e-05
imperial,2e-05
published,2e-05
remembrance,2e-05
refreshing,2e-05
introducing,2e-05
bottles,2e-05
except,2e-05
advancers,2e-05
sherpa,2e-05
scarves,2e-05
constellation,2e-05
el,2e-05
mind,2e-05
auxiliary,2e-05
rumours,2e-05
banking,2e-05
marseille,2e-05
roadrunner,2e-05
hips,2e-05
climbing,2e-05
bladder,2e-05
applied,2e-05
crucifix,2e-05
agreed,2e-05
sooner,2e-05
iced,2e-05
surroundings,2e-05
senators,2e-05
terrain,2e-05
spray,2e-05
theft,2e-05
edged,2e-05
causes,2e-05
wingspan,2e-05
earns,2e-05
ogre,2e-05
cottage,2e-05
sources,2e-05
seasons,2e-05
edwardian,2e-05
principle,2e-05
antenna,2e-05
austrian,2e-05
contacting,2e-05
rayon,2e-05
alumni,2e-05
bitches,2e-05
jugs,2e-05
catching,2e-05
roles,2e-05
fin,2e-05
chiron,2e-05
magenta,2e-05
whipped,2e-05
remains,2e-05
drake,2e-05
picnic,2e-05
crepe,2e-05
immortal,2e-05
speedboat,2e-05
rice,2e-05
ion,2e-05
miners,2e-05
prayer,2e-05
refined,2e-05
layer,2e-05
comparisons,2e-05
brawl,2e-05
locomotive,2e-05
ni,2e-05
amazed,2e-05
prior,2e-05
lark,2e-05
pea,2e-05
sprint,2e-05
hospital,2e-05
unemployment,2e-05
preference,2e-05
knows,2e-05
stage,2e-05
jig,2e-05
hangings,2e-05
db,2e-05
annoying,2e-05
erupting,2e-05
remark,2e-05
surfboard,2e-05
strength,2e-05
smile,2e-05
watchers,2e-05
steps,2e-05
deserved,2e-05
chinchilla,2e-05
saratoga,2e-05
papaver,2e-05
cracked,2e-05
transducer,2e-05
cage,2e-05
variations,2e-05
suffer,2e-05
decommissioning,2e-05
twins,2e-05
suggestion,2e-05
paying,2e-05
volcano,2e-05
creature,2e-05
envelope,2e-05
why,2e-05
entirety,2e-05
hoe,2e-05
witchcraft,2e-05
rats,2e-05
wins,2e-05
experts,2e-05
pillow,2e-05
aim,2e-05
scalloped,2e-05
newsreels,2e-05
walls,2e-05
catch,2e-05
serger,2e-05
criteria,2e-05
hospitals,2e-05
filmed,2e-05
unmasked,2e-05
aloha,2e-05
finnish,2e-05
tend,2e-05
disrupted,2e-05
inset,2e-05
hoarding,2e-05
inverse,2e-05
velocity,2e-05
jacquard,2e-05
cleaning,2e-05
bathrobe,2e-05
fielder,2e-05
correlation,2e-05
spawn,2e-05
pedal,2e-05
squadrons,2e-05
sniping,2e-05
magnitude,2e-05
forgotten,2e-05
cloak,2e-05
scoured,2e-05
pope,2e-05
orchids,2e-05
boogie,2e-05
buddhist,2e-05
featuring,2e-05
chests,2e-05
jury,2e-05
garlands,2e-05
emporium,2e-05
sculptures,2e-05
advert,2e-05
entrances,2e-05
faith,2e-05
throne,2e-05
bundled,2e-05
cavaliers,2e-05
tarot,2e-05
sleepwears,2e-05
muller,2e-05
disks,2e-05
applies,2e-05
flapper,2e-05
nursing,2e-05
rattail,2e-05
treads,2e-05
eyelet,2e-05
screw,2e-05
maple,2e-05
bayou,2e-05
comp,2e-05
fitted,2e-05
emu,2e-05
curve,2e-05
proposed,2e-05
chapel,2e-05
adversity,2e-05
sink,2e-05
attempt,2e-05
wb,2e-05
tells,2e-05
farewell,2e-05
carbide,2e-05
utility,2e-05
aiming,2e-05
initiations,2e-05
pinata,2e-05
wont,2e-05
blueberry,2e-05
route,2e-05
dinosaur,2e-05
sherbet,2e-05
query,2e-05
cancelling,2e-05
austral,2e-05
joggers,2e-05
currier,2e-05
yay,2e-05
solace,2e-05
harrows,2e-05
invested,2e-05
pint,2e-05
refer,2e-05
reservations,2e-05
scorpio,2e-05
disposable,2e-05
senses,2e-05
photographs,2e-05
denture,2e-05
disappeared,2e-05
explosion,2e-05
aliens,2e-05
bulldog,2e-05
releasing,2e-05
letting,2e-05
aids,2e-05
eyebrow,2e-05
pos,2e-05
demo,2e-05
transmission,2e-05
khaki,2e-05
stoneware,2e-05
cues,2e-05
protesters,2e-05
awareness,2e-05
secretary,2e-05
graphite,2e-05
stuffers,2e-05
molded,2e-05
leopard,2e-05
array,2e-05
bohemia,2e-05
rabbits,2e-05
terry,2e-05
mottled,2e-05
sprayer,2e-05
salutes,2e-05
choir,2e-05
genders,2e-05
none,2e-05
solution,2e-05
smash,2e-05
bran,2e-05
rays,2e-05
blanc,2e-05
angelica,2e-05
trouble,2e-05
depicting,2e-05
operating,2e-05
tricycle,2e-05
inauguration,2e-05
swoop,2e-05
terminal,2e-05
progressive,2e-05
collateral,2e-05
dismantled,2e-05
captured,2e-05
shave,2e-05
adverts,2e-05
burgess,2e-05
fr,2e-05
expand,2e-05
purity,2e-05
update,2e-05
referring,2e-05
lab,2e-05
founder,2e-05
rhythm,2e-05
transit,2e-05
friday,2e-05
fords,2e-05
priest,2e-05
prediction,2e-05
hoarder,2e-05
wailers,2e-05
pretending,2e-05
focusing,2e-05
embossed,2e-05
palace,2e-05
lauder,2e-05
devils,2e-05
tricycles,2e-05
tribe,2e-05
finial,2e-05
cubs,2e-05
mutant,2e-05
cascades,2e-05
zhou,2e-05
truth,2e-05
highland,2e-05
propose,2e-05
manufacture,2e-05
shadows,2e-05
brits,2e-05
butcher,2e-05
baron,2e-05
seeker,2e-05
launches,2e-05
library,2e-05
mars,2e-05
students,2e-05
oldie,2e-05
nursery,2e-05
native,2e-05
wildflowers,2e-05
swivel,2e-05
defaulting,2e-05
blessings,2e-05
mariner,2e-05
alerts,2e-05
sovereign,2e-05
inspiring,2e-05
gram,2e-05
enchanted,2e-05
autographs,2e-05
summons,2e-05
torque,2e-05
jocks,2e-05
watt,2e-05
instruction,2e-05
exile,2e-05
nick,2e-05
southwestern,2e-05
cancelled,2e-05
suggested,2e-05
mainframe,2e-05
premiere,2e-05
capitol,2e-05
converting,2e-05
aug,2e-05
emptying,2e-05
bookend,2e-05
matched,2e-05
reversal,2e-05
textiles,2e-05
desserts,2e-05
dressing,2e-05
married,2e-05
lurking,2e-05
masked,2e-05
goss,2e-05
partying,2e-05
wound,2e-05
conditioning,2e-05
boudoir,2e-05
rescue,2e-05
fabrics,2e-05
brow,2e-05
dude,2e-05
velociraptor,2e-05
resisting,2e-05
dressed,2e-05
rotating,2e-05
lasagna,2e-05
hills,2e-05
coconut,2e-05
climbs,2e-05
animated,2e-05
coaching,2e-05
thongs,2e-05
scottish,2e-05
twister,2e-05
horseshoe,2e-05
hickory,2e-05
adjust,2e-05
insider,2e-05
prop,2e-05
grandmother,2e-05
monastic,2e-05
improved,2e-05
fodder,2e-05
balloons,2e-05
ta,2e-05
ski,2e-05
comes,2e-05
tweed,2e-05
be,2e-05
volunteers,2e-05
solutions,2e-05
concentration,2e-05
extrapolation,2e-05
monk,2e-05
heliotrope,2e-05
flask,2e-05
innovations,2e-05
tailwind,2e-05
till,2e-05
cavalcade,2e-05
spar,2e-05
vale,2e-05
rosary,2e-05
drumming,2e-05
passed,2e-05
pine,2e-05
lunch,2e-05
announcement,2e-05
toning,2e-05
plum,2e-05
packets,2e-05
rod,2e-05
award,2e-05
reminding,2e-05
towers,2e-05
tourmaline,2e-05
transaction,2e-05
hippopotamus,2e-05
descendants,2e-05
beginning,2e-05
merino,2e-05
pieced,2e-05
discs,2e-05
chimes,2e-05
tinker,2e-05
almanac,2e-05
thieves,2e-05
powdered,2e-05
mcg,2e-05
celebrate,2e-05
yoke,2e-05
rituals,2e-05
seem,2e-05
walkers,2e-05
retail,2e-05
seasonal,2e-05
wan,2e-05
irregular,2e-05
cereal,2e-05
ghosts,2e-05
document,2e-05
installation,2e-05
grandparents,2e-05
ten,2e-05
carded,2e-05
turtleneck,2e-05
activewear,2e-05
va,2e-05
hunt,2e-05
prove,2e-05
kinks,2e-05
kentuckians,2e-05
paprika,2e-05
vacationer,2e-05
gasmask,2e-05
photograph,2e-05
peek,2e-05
par,2e-05
devastated,2e-05
christian,2e-05
consultant,2e-05
flyer,2e-05
dinner,2e-05
notice,2e-05
hq,2e-05
innovation,2e-05
discovering,2e-05
scratch,2e-05
soviet,2e-05
supplement,2e-05
intent,2e-05
botanical,2e-05
gouged,2e-05
ga,2e-05
chosen,2e-05
myopia,2e-05
pendents,2e-05
dedicated,2e-05
mathematics,2e-05
mornings,2e-05
apply,2e-05
forget,2e-05
yelp,2e-05
trend,2e-05
converted,2e-05
improvement,2e-05
singular,2e-05
descending,2e-05
spice,2e-05
fingers,2e-05
queens,2e-05
goodness,2e-05
crafters,2e-05
sunbeam,2e-05
ports,2e-05
subwoofer,2e-05
singer,2e-05
backgrounds,2e-05
interests,2e-05
aster,2e-05
vespa,2e-05
dots,2e-05
engraving,2e-05
lariat,2e-05
cities,2e-05
messaged,2e-05
cookers,2e-05
ces,2e-05
rev,2e-05
regret,2e-05
boulder,2e-05
rates,2e-05
bulls,2e-05
ambiance,2e-05
context,2e-05
recharging,2e-05
czech,2e-05
mitt,2e-05
anorak,2e-05
entertain,2e-05
socket,2e-05
brogue,2e-05
olive,2e-05
treated,2e-05
celebrations,2e-05
fault,2e-05
brownie,2e-05
roaster,2e-05
exceeding,2e-05
experiencing,2e-05
traps,2e-05
powered,2e-05
tubes,2e-05
tabby,2e-05
pantry,2e-05
thrash,2e-05
cinema,2e-05
improve,2e-05
lottery,2e-05
balloting,2e-05
heirloom,2e-05
bringing,2e-05
punishment,2e-05
garments,2e-05
cuffs,2e-05
weeping,2e-05
shoppers,2e-05
wonderland,2e-05
candles,2e-05
pons,2e-05
operate,2e-05
lifetime,2e-05
brakes,2e-05
charities,2e-05
shampoo,2e-05
raid,2e-05
obscure,2e-05
presidents,2e-05
shrines,2e-05
aunt,2e-05
cow,2e-05
impression,2e-05
education,2e-05
regarding,2e-05
dell,2e-05
slides,2e-05
roadster,2e-05
onions,2e-05
idiots,2e-05
kabbalah,2e-05
hailing,2e-05
hauler,2e-05
std,2e-05
seaside,2e-05
booksellers,2e-05
emissions,2e-05
robins,2e-05
sheepskin,2e-05
wrong,2e-05
heated,2e-05
nail,2e-05
pleads,2e-05
planning,2e-05
lumps,2e-05
mosaics,2e-05
burning,2e-05
oneida,2e-05
typing,2e-05
swivels,2e-05
radar,2e-05
corning,2e-05
gainers,2e-05
motel,2e-05
buccaneers,2e-05
doorway,2e-05
fee,2e-05
loo,2e-05
ware,2e-05
refrigeration,2e-05
developing,2e-05
relics,2e-05
compote,2e-05
canyon,2e-05
swirling,2e-05
fingerprints,2e-05
rue,2e-05
communication,2e-05
advised,2e-05
swimsuit,2e-05
burner,2e-05
hustles,2e-05
crossed,2e-05
talon,2e-05
tremors,2e-05
magnum,2e-05
carriage,2e-05
bare,2e-05
lighting,2e-05
girlfriend,2e-05
giggles,2e-05
dedication,2e-05
ant,2e-05
creators,2e-05
dart,2e-05
blackberry,2e-05
col,2e-05
goldeneye,2e-05
chunk,2e-05
hibiscus,2e-05
pond,2e-05
milled,2e-05
act,2e-05
variety,2e-05
policies,2e-05
shortlist,2e-05
cabochon,2e-05
becomes,2e-05
reward,2e-05
accept,2e-05
snipe,2e-05
peridot,2e-05
handkerchief,2e-05
cs,2e-05
dairy,2e-05
bunch,2e-05
pollywog,2e-05
killing,2e-05
sitting,2e-05
cruiser,2e-05
madness,2e-05
wholesalers,2e-05
skies,2e-05
ballpoint,2e-05
sing,2e-05
haring,2e-05
spitfire,2e-05
duplication,2e-05
backing,2e-05
ottawa,2e-05
scrapped,2e-05
jointed,2e-05
flint,2e-05
appreciated,2e-05
pendent,2e-05
tb,2e-05
madrigal,2e-05
pinstripe,2e-05
palladium,2e-05
kirk,2e-05
wafer,2e-05
basement,2e-05
protectors,2e-05
milling,2e-05
raf,2e-05
insult,2e-05
primi,2e-05
curiosity,2e-05
pancake,2e-05
boiler,2e-05
ghouls,2e-05
society,2e-05
planets,2e-05
lawn,2e-05
oilers,2e-05
majority,2e-05
symbol,2e-05
completion,2e-05
chardonnay,2e-05
boarded,2e-05
challenged,2e-05
translates,2e-05
failed,2e-05
fellow,2e-05
rectifier,2e-05
dvds,2e-05
sponsors,2e-05
addresses,2e-05
resources,2e-05
gingham,2e-05
sizing,2e-05
purge,2e-05
tlc,2e-05
seats,2e-05
sickle,2e-05
retirees,2e-05
quarterly,2e-05
rattan,2e-05
illustrator,2e-05
decade,2e-05
sesame,2e-05
continue,2e-05
chilling,2e-05
abound,2e-05
tract,2e-05
treasured,2e-05
hook,2e-05
freshener,2e-05
crackle,2e-05
arranged,2e-05
blitzing,2e-05
songs,2e-05
token,2e-05
jeep,2e-05
shoulders,2e-05
mocha,2e-05
revolutionary,2e-05
novelty,2e-05
modem,2e-05
sisters,2e-05
interface,2e-05
pantyhose,2e-05
yearbook,2e-05
parcels,2e-05
biz,2e-05
leaked,2e-05
stockings,2e-05
gnome,2e-05
roller,2e-05
paddle,2e-05
mascot,2e-05
seasoning,2e-05
fashions,2e-05
plea,2e-05
frozen,2e-05
arches,2e-05
expression,2e-05
charging,2e-05
domain,2e-05
tires,2e-05
ash,2e-05
overcharge,2e-05
testament,2e-05
capsules,2e-05
tuff,2e-05
dime,2e-05
delaying,2e-05
finn,2e-05
happens,2e-05
am,2e-05
messenger,2e-05
ruck,2e-05
author,2e-05
justifying,2e-05
biohazard,2e-05
locket,2e-05
bumpers,2e-05
built,2e-05
eating,2e-05
haunted,2e-05
eligibility,2e-05
trucks,2e-05
oxygen,2e-05
crushing,2e-05
advancing,2e-05
vouchers,2e-05
capon,2e-05
ammunition,2e-05
plunge,2e-05
lavender,2e-05
thong,2e-05
monsters,2e-05
delighted,2e-05
chrysalis,2e-05
began,2e-05
humming,2e-05
conversation,2e-05
routine,2e-05
navajo,2e-05
title,2e-05
peruvian,2e-05
banner,2e-05
slime,2e-05
mafia,2e-05
diner,2e-05
shawl,2e-05
proprietary,2e-05
solo,2e-05
luxury,2e-05
popper,2e-05
quitter,2e-05
bamboo,2e-05
sucks,2e-05
steed,2e-05
accessory,2e-05
connection,2e-05
trophy,2e-05
pounds,2e-05
innovating,2e-05
rivals,2e-05
trainers,2e-05
twisted,2e-05
schedules,2e-05
sumo,2e-05
panorama,2e-05
bites,2e-05
glug,2e-05
vets,2e-05
reviewers,2e-05
belle,2e-05
griffin,2e-05
cope,2e-05
beating,2e-05
heaters,2e-05
themes,2e-05
prodigy,2e-05
dragons,2e-05
rides,2e-05
cozy,2e-05
handed,2e-05
combine,2e-05
balance,2e-05
frisbee,2e-05
maize,2e-05
evenings,2e-05
joust,2e-05
menus,2e-05
medallion,2e-05
disassembling,2e-05
musicians,2e-05
directed,2e-05
twist,2e-05
ravioli,2e-05
robots,2e-05
sentences,2e-05
trumps,2e-05
approach,2e-05
movable,2e-05
dynamite,2e-05
delft,2e-05
freezer,2e-05
niche,2e-05
hippo,2e-05
personality,2e-05
windscreen,2e-05
proposal,2e-05
swiped,2e-05
mop,2e-05
builder,2e-05
credentials,2e-05
closet,2e-05
outfitters,2e-05
refused,2e-05
postponing,2e-05
taper,2e-05
splitting,2e-05
arguing,2e-05
progress,2e-05
hospices,2e-05
mama,2e-05
passive,2e-05
weakened,2e-05
wiper,2e-05
called,2e-05
moonstone,2e-05
packed,2e-05
parliament,2e-05
characters,2e-05
gapped,2e-05
polaroid,2e-05
penelopes,2e-05
conversations,2e-05
displayed,2e-05
majolica,2e-05
rubbish,2e-05
lemongrass,2e-05
downside,2e-05
soldier,2e-05
plastics,2e-05
fourteen,2e-05
sweatshirts,2e-05
buttercups,2e-05
enhanced,2e-05
restrictions,2e-05
aluminium,2e-05
smiles,2e-05
disco,2e-05
rodeo,2e-05
lithograph,2e-05
footprint,2e-05
failing,2e-05
cutout,2e-05
consequence,2e-05
marmalade,2e-05
incas,2e-05
starlet,2e-05
introduced,2e-05
doves,2e-05
scotch,2e-05
meetings,2e-05
models,2e-05
senorita,2e-05
bedroom,2e-05
rams,2e-05
beading,2e-05
languages,2e-05
insets,2e-05
misuse,2e-05
ml,2e-05
noodle,2e-05
lakes,2e-05
diffused,2e-05
brocket,2e-05
raiders,2e-05
suffragette,2e-05
breath,2e-05
lcd,2e-05
port,2e-05
arouse,2e-05
obstacles,2e-05
farewells,2e-05
rosette,2e-05
acc,2e-05
bandit,2e-05
earning,2e-05
misses,2e-05
waves,2e-05
lover,2e-05
cf,2e-05
advantage,2e-05
unabridged,2e-05
picker,2e-05
cassock,2e-05
marquee,2e-05
aerating,2e-05
disabled,2e-05
sprues,2e-05
copied,2e-05
ethnic,2e-05
customised,2e-05
kiosk,2e-05
booklets,2e-05
windshield,2e-05
ir,2e-05
approaches,2e-05
pipe,2e-05
ana,2e-05
acer,2e-05
francs,2e-05
parcelling,2e-05
repairs,2e-05
spaghetti,2e-05
roux,2e-05
optima,2e-05
bed,2e-05
hiker,2e-05
coolant,2e-05
dawn,2e-05
seals,2e-05
requesting,2e-05
newton,2e-05
discuss,2e-05
correction,2e-05
chicken,2e-05
carvings,2e-05
doubt,2e-05
goodies,2e-05
tigers,2e-05
hardback,2e-05
oppression,2e-05
corset,2e-05
bungs,2e-05
purchased,2e-05
facts,2e-05
wheat,2e-05
digger,2e-05
emergency,2e-05
futons,2e-05
delicious,2e-05
thanksgiving,2e-05
pressed,2e-05
partys,2e-05
garlic,2e-05
touch,2e-05
contents,2e-05
talks,2e-05
tough,2e-05
interior,2e-05
pulling,2e-05
changer,2e-05
eagles,2e-05
sketching,2e-05
scoop,2e-05
favored,2e-05
threatened,2e-05
pomade,2e-05
glazed,2e-05
bonds,2e-05
upgraded,2e-05
dreamer,2e-05
scrap,2e-05
suggest,2e-05
employment,2e-05
survived,2e-05
fri,2e-05
pedals,2e-05
scammer,2e-05
foam,2e-05
hippie,2e-05
flank,2e-05
liars,2e-05
purposes,2e-05
caution,2e-05
favorites,2e-05
marlin,2e-05
houseboat,2e-05
smiley,2e-05
gambling,2e-05
slabs,2e-05
caps,2e-05
irritated,2e-05
daddy,2e-05
warning,2e-05
pep,2e-05
episodes,2e-05
chaos,2e-05
grower,2e-05
navigation,2e-05
meatballs,2e-05
stayed,2e-05
chart,2e-05
angling,2e-05
macs,2e-05
minis,2e-05
opens,2e-05
excavator,2e-05
telecom,2e-05
wannabe,2e-05
gathering,2e-05
needlework,2e-05
suite,2e-05
rail,2e-05
worst,2e-05
mining,2e-05
mastery,2e-05
balloon,2e-05
crackers,2e-05
tummy,2e-05
favor,2e-05
hydrogen,2e-05
spirituality,2e-05
secrets,2e-05
magazines,2e-05
forking,2e-05
minister,2e-05
reflection,2e-05
cave,2e-05
silversmiths,2e-05
warned,2e-05
cactus,2e-05
announced,2e-05
jungle,2e-05
hopes,2e-05
kills,2e-05
painters,2e-05
units,2e-05
construction,2e-05
surgeon,2e-05
recording,2e-05
diminutive,2e-05
serial,2e-05
suspended,2e-05
trail,2e-05
homemakers,2e-05
grizzly,2e-05
wallpaper,2e-05
shoebox,2e-05
chargers,2e-05
suction,2e-05
ruth,2e-05
feathered,2e-05
increase,2e-05
scrambled,2e-05
harry,2e-05
vegetables,2e-05
peaches,2e-05
streak,2e-05
tape,2e-05
pallet,2e-05
legacy,2e-05
lid,2e-05
flagon,2e-05
crush,2e-05
dodger,2e-05
fleming,2e-05
chine,2e-05
reopening,2e-05
stag,2e-05
backpacks,2e-05
pleat,2e-05
toenail,2e-05
sand,2e-05
cognac,2e-05
mag,2e-05
briefing,2e-05
maundy,2e-05
quorum,2e-05
lifting,2e-05
facilities,2e-05
enjoying,2e-05
reciprocate,2e-05
deserves,2e-05
applique,2e-05
deliver,2e-05
congress,2e-05
programming,2e-05
southwest,2e-05
noise,2e-05
crimp,2e-05
containing,2e-05
vanilla,2e-05
molding,2e-05
combination,2e-05
opals,2e-05
roasting,2e-05
branches,2e-05
peel,2e-05
formats,2e-05
returned,2e-05
cul,2e-05
studies,2e-05
rips,2e-05
colleagues,2e-05
sector,2e-05
aventurine,2e-05
insured,2e-05
cutters,2e-05
ins,2e-05
battleship,2e-05
crawl,2e-05
unarmed,2e-05
knights,2e-05
settings,2e-05
computing,2e-05
protection,2e-05
traffic,2e-05
soothing,2e-05
gilt,2e-05
cracker,2e-05
lioness,2e-05
gloss,2e-05
pa,2e-05
jot,2e-05
begins,2e-05
ag,2e-05
passage,2e-05
clearing,2e-05
lacks,2e-05
draft,2e-05
ticketing,2e-05
holy,2e-05
daniels,2e-05
gophers,2e-05
circular,2e-05
belling,2e-05
lilac,2e-05
anthology,2e-05
expansion,2e-05
sum,2e-05
convention,2e-05
lovely,2e-05
liners,2e-05
wolf,2e-05
replacing,2e-05
promotions,2e-05
advertisement,2e-05
eatery,2e-05
accordion,2e-05
benefitting,2e-05
fao,2e-05
kiss,2e-05
bandana,2e-05
chicks,2e-05
names,2e-05
ocean,2e-05
suspect,2e-05
signal,2e-05
masque,2e-05
bug,2e-05
clover,2e-05
angled,2e-05
vinegar,2e-05
speeder,2e-05
mls,2e-05
opal,2e-05
stall,2e-05
exciting,2e-05
puck,2e-05
counselor,2e-05
complaining,2e-05
combs,2e-05
retirement,2e-05
suspender,2e-05
indication,2e-05
now,2e-05
pickups,2e-05
findings,2e-05
reopen,2e-05
knob,2e-05
exhibited,2e-05
tankard,2e-05
dig,2e-05
licorice,2e-05
antithesis,2e-05
icicle,2e-05
analog,2e-05
outbidding,2e-05
sheriff,2e-05
landlord,2e-05
writing,2e-05
addiction,2e-05
litre,2e-05
commercialism,2e-05
fifty,2e-05
ceos,2e-05
br,2e-05
sandal,2e-05
flavourings,2e-05
excuse,2e-05
snowflake,2e-05
lea,2e-05
currys,2e-05
did,2e-05
extensions,2e-05
samplers,2e-05
teacup,2e-05
packaged,2e-05
accepted,2e-05
mums,2e-05
clashes,2e-05
expressionism,2e-05
defend,2e-05
atlas,2e-05
youths,2e-05
searched,2e-05
scraper,2e-05
cardboard,2e-05
geisha,2e-05
ballerina,2e-05
crested,2e-05
fountain,2e-05
taverns,2e-05
reduction,2e-05
heron,2e-05
molds,2e-05
insulting,2e-05
aerial,2e-05
ran,2e-05
cheer,2e-05
sirens,2e-05
fiat,2e-05
morales,2e-05
slider,2e-05
anxiety,2e-05
windbag,2e-05
rode,2e-05
titan,2e-05
losers,2e-05
mill,2e-05
raglan,2e-05
multiple,2e-05
hairnet,2e-05
broncos,2e-05
en,2e-05
nugget,2e-05
fed,2e-05
crate,2e-05
marsh,2e-05
boutique,2e-05
rewards,2e-05
flaming,2e-05
salah,2e-05
buck,2e-05
caress,2e-05
singlet,2e-05
mirrored,2e-05
filter,2e-05
puff,2e-05
whiskers,2e-05
depth,2e-05
cyclops,2e-05
engage,2e-05
sketch,2e-05
plateau,2e-05
presentations,2e-05
represents,2e-05
illustrations,2e-05
rucksack,2e-05
losses,2e-05
lux,2e-05
transmitted,2e-05
maths,2e-05
ticking,2e-05
stools,2e-05
subscription,2e-05
rudder,2e-05
moths,2e-05
cruet,2e-05
witchery,2e-05
culture,2e-05
blazers,2e-05
skiing,2e-05
relationships,2e-05
heath,2e-05
