https,0.06213
co,0.05962
enterprise,0.02301
hp,0.0159
supercomputer,0.00669
cloud,0.00607
news,0.00565
computer,0.00502
said,0.00502
companies,0.00502
daily,0.00481
company,0.00481
amp,0.0046
pay,0.00418
build,0.00418
believe,0.00397
technology,0.00397
year,0.00377
first,0.00335
time,0.00335
stands,0.00335
cant,0.00335
solutions,0.00314
power,0.00314
center,0.00293
building,0.00293
cio,0.00272
in,0.00272
tech,0.00272
market,0.00272
employees,0.00272
pandemic,0.00272
transformation,0.00272
like,0.00251
working,0.00251
people,0.00251
solution,0.00251
shares,0.00251
contract,0.00251
edge,0.00251
computing,0.00251
got,0.0023
patches,0.0023
platform,0.0023
take,0.0023
growth,0.0023
former,0.0023
win,0.0023
partnership,0.0023
work,0.0023
need,0.0023
go,0.0023
www,0.0023
support,0.00209
today,0.00209
sales,0.00209
date,0.00209
follow,0.00209
limited,0.00209
space,0.00209
challenges,0.00209
path,0.00209
join,0.00209
well,0.00209
premise,0.00209
key,0.00209
software,0.00209
help,0.00209
steps,0.00209
make,0.00209
jump,0.00188
advice,0.00188
discrimination,0.00188
good,0.00188
department,0.00188
agreement,0.00188
group,0.00188
open,0.00188
best,0.00188
student,0.00188
business,0.00188
average,0.00188
vulnerabilities,0.00188
looking,0.00188
data,0.00188
reach,0.00188
service,0.00188
system,0.00188
chief,0.00167
use,0.00167
strategy,0.00167
high,0.00167
executive,0.00167
wells,0.00167
touts,0.00167
ai,0.00167
let,0.00167
renaissance,0.00167
call,0.00167
top,0.00167
labor,0.00167
advantage,0.00167
united,0.00167
award,0.00167
years,0.00167
alleged,0.00167
hopes,0.00167
stock,0.00167
storage,0.00167
supercomputers,0.00167
get,0.00167
slavery,0.00167
world,0.00167
female,0.00167
future,0.00167
british,0.00167
last,0.00167
valuable,0.00146
short,0.00146
patent,0.00146
say,0.00146
ex,0.00146
start,0.00146
ideation,0.00146
rich,0.00146
resolve,0.00146
gets,0.00146
selects,0.00146
line,0.00146
innovation,0.00146
tips,0.00146
father,0.00146
ceo,0.00146
comprehensive,0.00146
instant,0.00146
case,0.00146
science,0.00146
formal,0.00146
azure,0.00146
rebate,0.00146
affecting,0.00146
wins,0.00146
resource,0.00146
revenue,0.00126
view,0.00126
month,0.00126
industry,0.00126
deal,0.00126
want,0.00126
including,0.00126
network,0.00126
bolster,0.00126
vaccine,0.00126
claim,0.00126
team,0.00126
odds,0.00126
sale,0.00126
internship,0.00126
corp,0.00126
worlds,0.00126
women,0.00126
management,0.00126
moving,0.00126
central,0.00126
finding,0.00105
research,0.00105
capabilities,0.00105
sec,0.00105
move,0.00105
printer,0.00105
hardware,0.00105
phone,0.00105
post,0.00105
energy,0.00105
leaders,0.00105
going,0.00105
drive,0.00105
paid,0.00105
enhanced,0.00105
held,0.00105
customers,0.00105
reported,0.00105
trial,0.00105
even,0.00105
made,0.00105
internet,0.00105
calculator,0.00105
http,0.00105
according,0.00105
talk,0.00105
due,0.00105
crisis,0.00105
hybrid,0.00105
indicators,0.00105
makes,0.00105
process,0.00105
started,0.00105
day,0.00105
entertainment,0.00105
side,0.00105
euros,0.00105
impact,0.00105
leader,0.00105
link,0.00105
black,0.00105
dell,0.00105
chance,0.00105
feds,0.00105
hand,0.00105
wireless,0.00105
value,0.00105
kirk,0.00105
week,0.00084
tuesday,0.00084
partnering,0.00084
name,0.00084
collaboration,0.00084
analysis,0.00084
analysts,0.00084
gm,0.00084
question,0.00084
computers,0.00084
histogram,0.00084
hours,0.00084
part,0.00084
connectivity,0.00084
chain,0.00084
energys,0.00084
potential,0.00084
autonomy,0.00084
change,0.00084
systems,0.00084
services,0.00084
founded,0.00084
remember,0.00084
meg,0.00084
personal,0.00084
partner,0.00084
months,0.00084
resilience,0.00084
government,0.00084
full,0.00084
infrastructure,0.00084
gigabit,0.00084
garage,0.00084
latest,0.00084
box,0.00084
helping,0.00084
court,0.00084
price,0.00084
deep,0.00084
find,0.00084
designation,0.00084
right,0.00084
pentagon,0.00084
dividend,0.00084
missing,0.00084
keep,0.00084
wired,0.00084
come,0.00084
net,0.00084
announced,0.00084
joint,0.00084
annual,0.00084
stay,0.00084
growing,0.00084
organization,0.00084
ill,0.00084
states,0.00084
stocks,0.00084
extradition,0.00084
plan,0.00084
list,0.00084
seeks,0.00084
mark,0.00084
form,0.00084
oracle,0.00084
disk,0.00084
kingdom,0.00084
third,0.00084
supply,0.00084
id,0.00084
block,0.00084
lead,0.00084
agreed,0.00084
article,0.00084
better,0.00084
buy,0.00084
experts,0.00084
networks,0.00063
customer,0.00063
place,0.00063
cost,0.00063
levels,0.00063
check,0.00063
wonder,0.00063
gives,0.00063
pull,0.00063
original,0.00063
leading,0.00063
quarter,0.00063
home,0.00063
true,0.00063
know,0.00063
way,0.00063
problem,0.00063
jobs,0.00063
free,0.00063
conservative,0.00063
supplier,0.00063
letter,0.00063
december,0.00063
divergence,0.00063
smart,0.00063
speed,0.00063
re,0.00063
seeing,0.00063
electric,0.00063
allegations,0.00063
coming,0.00063
powering,0.00063
providing,0.00063
players,0.00063
bill,0.00063
leaned,0.00063
amd,0.00063
parks,0.00063
bypass,0.00063
fast,0.00063
falls,0.00063
lost,0.00063
security,0.00063
boss,0.00063
apple,0.00063
offering,0.00063
filed,0.00063
much,0.00063
money,0.00063
trade,0.00063
mountain,0.00063
mission,0.00063
thing,0.00063
old,0.00063
inc,0.00063
performance,0.00063
acquisition,0.00063
using,0.00063
giant,0.00063
area,0.00063
york,0.00063
charges,0.00063
super,0.00063
generation,0.00063
mean,0.00063
expecting,0.00063
international,0.00063
provider,0.00063
businesses,0.00063
stop,0.00063
stand,0.00063
trust,0.00063
humanity,0.00063
named,0.00063
travel,0.00063
paris,0.00063
private,0.00063
breakthrough,0.00063
great,0.00063
securities,0.00063
risen,0.00063
negative,0.00063
mobile,0.00063
chose,0.00063
machine,0.00063
focused,0.00063
law,0.00063
scheme,0.00063
taking,0.00063
takeover,0.00063
clear,0.00063
major,0.00063
launch,0.00063
brought,0.00063
level,0.00063
convergence,0.00063
safe,0.00063
testing,0.00063
offer,0.00063
european,0.00063
consumers,0.00063
days,0.00063
finance,0.00063
areas,0.00063
think,0.00063
second,0.00063
success,0.00063
needs,0.00063
html,0.00063
authority,0.00063
bar,0.00063
looks,0.00063
led,0.00063
trends,0.00063
ft,0.00063
opened,0.00063
information,0.00063
tomorrow,0.00063
happened,0.00063
joined,0.00063
investors,0.00063
products,0.00063
worked,0.00042
air,0.00042
movie,0.00042
core,0.00042
gaps,0.00042
earnings,0.00042
long,0.00042
prosecutors,0.00042
correlation,0.00042
making,0.00042
cash,0.00042
forgotten,0.00042
sell,0.00042
look,0.00042
featuring,0.00042
brand,0.00042
profit,0.00042
filing,0.00042
found,0.00042
end,0.00042
nations,0.00042
advance,0.00042
is,0.00042
manufacturer,0.00042
cabinets,0.00042
turning,0.00042
password,0.00042
theme,0.00042
selected,0.00042
thirds,0.00042
advancing,0.00042
programme,0.00042
insights,0.00042
common,0.00042
banner,0.00042
topic,0.00042
report,0.00042
ideas,0.00042
providers,0.00042
lot,0.00042
maximum,0.00042
secure,0.00042
operator,0.00042
defense,0.00042
goods,0.00042
maker,0.00042
estimate,0.00042
chiefs,0.00042
face,0.00042
star,0.00042
brings,0.00042
zoom,0.00042
experience,0.00042
approach,0.00042
administration,0.00042
jr,0.00042
severity,0.00042
head,0.00042
actions,0.00042
still,0.00042
treaty,0.00042
forecast,0.00042
laptops,0.00042
advances,0.00042
yields,0.00042
content,0.00042
justice,0.00042
force,0.00042
return,0.00042
rethinking,0.00042
tycoon,0.00042
model,0.00042
vintage,0.00042
citing,0.00042
trading,0.00042
final,0.00042
networking,0.00042
forced,0.00042
founder,0.00042
grey,0.00042
attacks,0.00042
american,0.00042
envisioned,0.00042
movers,0.00042
issues,0.00042
loss,0.00042
th,0.00042
mike,0.00042
claims,0.00042
light,0.00042
gates,0.00042
acquired,0.00042
launches,0.00042
authorities,0.00042
intelligence,0.00042
headsets,0.00042
refs,0.00042
engineer,0.00042
half,0.00042
spread,0.00042
learn,0.00042
courts,0.00042
president,0.00042
division,0.00042
summary,0.00042
buying,0.00042
modern,0.00042
watching,0.00042
product,0.00042
university,0.00042
overall,0.00042
turned,0.00042
ensure,0.00042
purchase,0.00042
studios,0.00042
crime,0.00042
sense,0.00042
subscribers,0.00042
remaining,0.00042
authentication,0.00042
hps,0.00042
eq,0.00042
exploitation,0.00042
reason,0.00042
past,0.00042
discuss,0.00042
thanks,0.00042
trump,0.00042
budget,0.00042
printers,0.00042
media,0.00042
median,0.00042
talks,0.00042
weather,0.00042
seeking,0.00042
ready,0.00042
picture,0.00042
questions,0.00042
pct,0.00042
family,0.00042
hack,0.00042
republics,0.00042
consulting,0.00042
little,0.00042
forecasting,0.00042
efficiency,0.00042
achieves,0.00042
interesting,0.00042
processing,0.00042
pioneer,0.00042
integrity,0.00042
consumer,0.00042
sustainability,0.00042
picked,0.00042
segment,0.00042
normal,0.00042
lack,0.00042
doubled,0.00042
bay,0.00042
buildings,0.00042
telco,0.00042
station,0.00042
debt,0.00042
destination,0.00042
over,0.00042
learning,0.00042
rail,0.00042
worst,0.00042
bank,0.00042
focus,0.00042
development,0.00042
minister,0.00042
bought,0.00042
ship,0.00042
push,0.00042
real,0.00042
anti,0.00042
requires,0.00042
exploration,0.00042
assets,0.00042
minute,0.00042
minutes,0.00042
decided,0.00042
location,0.00042
video,0.00042
rolling,0.00042
demand,0.00042
cabinet,0.00042
toilet,0.00042
channel,0.00042
updated,0.00042
ces,0.00042
recovery,0.00042
privileged,0.00042
committee,0.00042
sex,0.00042
role,0.00042
pressure,0.00042
czech,0.00042
victims,0.00042
trying,0.00042
awards,0.00042
rbc,0.00042
streaming,0.00042
took,0.00042
classification,0.00042
ng,0.00042
added,0.00042
faced,0.00042
crosses,0.00042
morning,0.00042
selling,0.00042
pr,0.00042
fights,0.00042
kids,0.00042
rising,0.00042
bringing,0.00042
activities,0.00042
chairman,0.00042
sector,0.00042
attention,0.00042
german,0.00042
game,0.00042
fuel,0.00042
possible,0.00042
times,0.00042
freight,0.00042
protection,0.00042
increasing,0.00042
swing,0.00042
human,0.00042
basis,0.00042
whimper,0.00042
expertise,0.00042
see,0.00042
connecting,0.00042
unleashed,0.00042
french,0.00042
wrong,0.00042
burning,0.00042
signal,0.00042
release,0.00042
ground,0.00042
notebook,0.00042
applications,0.00042
familiar,0.00042
communication,0.00042
perfect,0.00042
received,0.00042
dropped,0.00042
teams,0.00042
order,0.00042
silos,0.00042
disinfecting,0.00042
index,0.00042
paper,0.00042
architect,0.00042
fell,0.00042
missions,0.00042
board,0.00042
live,0.00042
sources,0.00042
middle,0.00042
investor,0.00042
episode,0.00042
becomes,0.00042
details,0.00042
ip,0.00042
breaking,0.00042
volunteer,0.00042
freeman,0.00042
recommended,0.00042
pivots,0.00042
ran,0.00042
machines,0.00042
door,0.00042
debate,0.00042
headquarters,0.00042
close,0.00042
vulnerability,0.00042
road,0.00042
exercise,0.00042
play,0.00042
amount,0.00042
technologies,0.00042
risk,0.00042
house,0.00042
says,0.00042
background,0.00042
clay,0.00042
capitalizing,0.00042
margin,0.00042
sponsors,0.00042
blue,0.00042
capability,0.00042
separate,0.00042
decline,0.00042
bears,0.00042
showed,0.00042
relationship,0.00021
walk,0.00021
coin,0.00021
supposed,0.00021
schemes,0.00021
tissues,0.00021
position,0.00021
longevity,0.00021
study,0.00021
feature,0.00021
root,0.00021
fear,0.00021
topped,0.00021
china,0.00021
entrants,0.00021
rest,0.00021
fueling,0.00021
grappling,0.00021
virus,0.00021
animal,0.00021
parties,0.00021
signed,0.00021
problems,0.00021
offers,0.00021
spark,0.00021
gc,0.00021
throw,0.00021
interested,0.00021
subscriptions,0.00021
norm,0.00021
economics,0.00021
lockdowns,0.00021
total,0.00021
death,0.00021
envisaged,0.00021
decision,0.00021
specialists,0.00021
equivalent,0.00021
read,0.00021
journal,0.00021
pigs,0.00021
back,0.00021
story,0.00021
moved,0.00021
donation,0.00021
leverage,0.00021
chains,0.00021
dogged,0.00021
initiative,0.00021
parallel,0.00021
dinners,0.00021
commercial,0.00021
matter,0.00021
toss,0.00021
drop,0.00021
issued,0.00021
hour,0.00021
agree,0.00021
thursday,0.00021
ads,0.00021
corners,0.00021
enforcement,0.00021
landscapes,0.00021
garnering,0.00021
quiet,0.00021
senate,0.00021
convince,0.00021
production,0.00021
love,0.00021
hoard,0.00021
keynote,0.00021
rules,0.00021
delighted,0.00021
desktop,0.00021
began,0.00021
ends,0.00021
fashion,0.00021
pitch,0.00021
resume,0.00021
creating,0.00021
national,0.00021
slashing,0.00021
job,0.00021
access,0.00021
campaigns,0.00021
ge,0.00021
fraud,0.00021
march,0.00021
starters,0.00021
near,0.00021
assumptions,0.00021
adam,0.00021
sportswear,0.00021
county,0.00021
eye,0.00021
john,0.00021
submissions,0.00021
intellectual,0.00021
jam,0.00021
sentiment,0.00021
trainers,0.00021
panellists,0.00021
helped,0.00021
obtained,0.00021
builds,0.00021
works,0.00021
governments,0.00021
language,0.00021
rick,0.00021
are,0.00021
seems,0.00021
napkins,0.00021
volume,0.00021
meeting,0.00021
founding,0.00021
embarrassed,0.00021
protecting,0.00021
consultancy,0.00021
statement,0.00021
introduce,0.00021
camera,0.00021
understand,0.00021
europes,0.00021
streets,0.00021
petitioner,0.00021
demands,0.00021
implying,0.00021
grew,0.00021
remarks,0.00021
flat,0.00021
size,0.00021
accelerating,0.00021
remain,0.00021
someone,0.00021
test,0.00021
accounting,0.00021
sponsor,0.00021
comics,0.00021
overwhelming,0.00021
announcing,0.00021
techno,0.00021
provides,0.00021
quantum,0.00021
risks,0.00021
unit,0.00021
combat,0.00021
office,0.00021
venues,0.00021
sap,0.00021
life,0.00021
rpm,0.00021
proposal,0.00021
january,0.00021
told,0.00021
awareness,0.00021
minds,0.00021
shows,0.00021
technical,0.00021
brazil,0.00021
ethernet,0.00021
strategies,0.00021
message,0.00021
cure,0.00021
organizations,0.00021
ending,0.00021
vendors,0.00021
construct,0.00021
orange,0.00021
honour,0.00021
mass,0.00021
concerns,0.00021
practicing,0.00021
relish,0.00021
counsel,0.00021
pound,0.00021
panic,0.00021
workers,0.00021
shuttered,0.00021
arguing,0.00021
none,0.00021
rolls,0.00021
particular,0.00021
tattoo,0.00021
progress,0.00021
cobalt,0.00021
plunged,0.00021
securing,0.00021
share,0.00021
keeping,0.00021
questionnaire,0.00021
columnists,0.00021
bottom,0.00021
prime,0.00021
double,0.00021
surged,0.00021
leaving,0.00021
magistrates,0.00021
standards,0.00021
ok,0.00021
operating,0.00021
changed,0.00021
dip,0.00021
wet,0.00021
identify,0.00021
costs,0.00021
includes,0.00021
fox,0.00021
nowhere,0.00021
welcomed,0.00021
inaugural,0.00021
joke,0.00021
engineers,0.00021
stave,0.00021
safeguard,0.00021
state,0.00021
delivering,0.00021
managed,0.00021
telecommunications,0.00021
principal,0.00021
factories,0.00021
inoculation,0.00021
sir,0.00021
gold,0.00021
winner,0.00021
grow,0.00021
speaks,0.00021
silicon,0.00021
history,0.00021
relation,0.00021
blamed,0.00021
farms,0.00021
example,0.00021
transit,0.00021
quick,0.00021
shine,0.00021
prediction,0.00021
crossing,0.00021
man,0.00021
ask,0.00021
results,0.00021
focusing,0.00021
infinity,0.00021
israeli,0.00021
coverage,0.00021
monthly,0.00021
compute,0.00021
height,0.00021
whole,0.00021
control,0.00021
closure,0.00021
committed,0.00021
studded,0.00021
vote,0.00021
communications,0.00021
review,0.00021
despite,0.00021
shut,0.00021
left,0.00021
iss,0.00021
feedback,0.00021
contains,0.00021
exercising,0.00021
try,0.00021
room,0.00021
scientist,0.00021
victory,0.00021
critics,0.00021
extradited,0.00021
tools,0.00021
garages,0.00021
included,0.00021
furlough,0.00021
put,0.00021
merger,0.00021
admired,0.00021
students,0.00021
mi,0.00021
perry,0.00021
racing,0.00021
languages,0.00021
stories,0.00021
michael,0.00021
accelerate,0.00021
awarded,0.00021
ml,0.00021
counts,0.00021
agility,0.00021
causing,0.00021
panicking,0.00021
occurred,0.00021
amazon,0.00021
joining,0.00021
maturity,0.00021
miller,0.00021
emphasizes,0.00021
lap,0.00021
dazzle,0.00021
guinea,0.00021
parts,0.00021
snapping,0.00021
spotlight,0.00021
assessed,0.00021
bear,0.00021
tho,0.00021
please,0.00021
judgment,0.00021
hotel,0.00021
starting,0.00021
mens,0.00021
kid,0.00021
turnaround,0.00021
idea,0.00021
staples,0.00021
murals,0.00021
thinking,0.00021
local,0.00021
releases,0.00021
theaters,0.00021
rant,0.00021
veteran,0.00021
viewers,0.00021
function,0.00021
low,0.00021
poses,0.00021
independent,0.00021
ebitda,0.00021
qualify,0.00021
members,0.00021
margins,0.00021
site,0.00021
tv,0.00021
tracing,0.00021
blame,0.00021
checking,0.00021
rise,0.00021
ambiguity,0.00021
commended,0.00021
gaming,0.00021
period,0.00021
connector,0.00021
series,0.00021
responding,0.00021
minster,0.00021
wishing,0.00021
weekly,0.00021
cr,0.00021
discussions,0.00021
difference,0.00021
briton,0.00021
fate,0.00021
lawmaker,0.00021
excerpts,0.00021
compressed,0.00021
wisp,0.00021
clients,0.00021
europe,0.00021
struggles,0.00021
cover,0.00021
cts,0.00021
coaching,0.00021
directors,0.00021
inventor,0.00021
hell,0.00021
raise,0.00021
insider,0.00021
prop,0.00021
parents,0.00021
forgo,0.00021
brazilian,0.00021
flatter,0.00021
weekdays,0.00021
involving,0.00021
pivoting,0.00021
archives,0.00021
brother,0.00021
dry,0.00021
ta,0.00021
expectations,0.00021
pe,0.00021
comes,0.00021
stores,0.00021
race,0.00021
kept,0.00021
valuing,0.00021
be,0.00021
died,0.00021
behemoths,0.00021
dl,0.00021
conducted,0.00021
avenues,0.00021
solid,0.00021
controller,0.00021
fix,0.00021
tenure,0.00021
lobby,0.00021
changer,0.00021
tickers,0.00021
jitter,0.00021
booth,0.00021
houses,0.00021
amusement,0.00021
large,0.00021
indian,0.00021
junior,0.00021
surge,0.00021
cpus,0.00021
package,0.00021
opportunities,0.00021
attack,0.00021
excellence,0.00021
alpha,0.00021
upgraded,0.00021
mismanagement,0.00021
current,0.00021
health,0.00021
anticipation,0.00021
scenario,0.00021
buyer,0.00021
predicted,0.00021
millions,0.00021
employment,0.00021
disclose,0.00021
detailed,0.00021
tool,0.00021
cpu,0.00021
highlight,0.00021
simple,0.00021
spoliation,0.00021
mood,0.00021
warriors,0.00021
urging,0.00021
engineering,0.00021
appropriate,0.00021
school,0.00021
workday,0.00021
fans,0.00021
lowered,0.00021
kicked,0.00021
column,0.00021
border,0.00021
foundations,0.00021
source,0.00021
firms,0.00021
limit,0.00021
rituals,0.00021
wow,0.00021
forces,0.00021
urgency,0.00021
latter,0.00021
efforts,0.00021
sent,0.00021
automation,0.00021
wit,0.00021
choosing,0.00021
handout,0.00021
ruling,0.00021
deployment,0.00021
chaos,0.00021
weakness,0.00021
prevention,0.00021
patents,0.00021
getting,0.00021
carbon,0.00021
closed,0.00021
register,0.00021
walking,0.00021
saying,0.00021
hedge,0.00021
ms,0.00021
va,0.00021
tackling,0.00021
official,0.00021
willing,0.00021
custom,0.00021
remote,0.00021
gender,0.00021
americans,0.00021
par,0.00021
delivered,0.00021
doubling,0.00021
claiming,0.00021
museum,0.00021
equities,0.00021
ventures,0.00021
driving,0.00021
turn,0.00021
smith,0.00021
wall,0.00021
caused,0.00021
pick,0.00021
tab,0.00021
goodbye,0.00021
give,0.00021
fishing,0.00021
assortment,0.00021
sweetened,0.00021
donor,0.00021
corona,0.00021
continues,0.00021
fortune,0.00021
places,0.00021
winners,0.00021
warned,0.00021
generator,0.00021
records,0.00021
workforce,0.00021
migration,0.00021
vs,0.00021
cache,0.00021
billionaire,0.00021
awes,0.00021
exhibition,0.00021
participant,0.00021
citizen,0.00021
options,0.00021
goes,0.00021
magic,0.00021
woes,0.00021
funds,0.00021
beginnings,0.00021
destroyed,0.00021
consortium,0.00021
trend,0.00021
loading,0.00021
guide,0.00021
duty,0.00021
quiz,0.00021
misplaced,0.00021
friendly,0.00021
issue,0.00021
da,0.00021
shift,0.00021
ailing,0.00021
result,0.00021
benchmark,0.00021
city,0.00021
michigan,0.00021
bounced,0.00021
confirmed,0.00021
satellite,0.00021
chinese,0.00021
bandwidth,0.00021
cl,0.00021
interest,0.00021
stalwarts,0.00021
analyst,0.00021
wipes,0.00021
sanctions,0.00021
hearing,0.00021
funding,0.00021
quote,0.00021
receiver,0.00021
flow,0.00021
shed,0.00021
develop,0.00021
undertaking,0.00021
army,0.00021
warner,0.00021
outlook,0.00021
recognition,0.00021
adding,0.00021
avoid,0.00021
bravo,0.00021
related,0.00021
jurisdiction,0.00021
class,0.00021
reopening,0.00021
fallout,0.00021
reiterated,0.00021
newspaper,0.00021
advantages,0.00021
facility,0.00021
importance,0.00021
reassessment,0.00021
advertising,0.00021
bulls,0.00021
markets,0.00021
environment,0.00021
lifting,0.00021
hang,0.00021
begin,0.00021
boats,0.00021
indicator,0.00021
pac,0.00021
brad,0.00021
monday,0.00021
cat,0.00021
dance,0.00021
centres,0.00021
programming,0.00021
chippewa,0.00021
flash,0.00021
talked,0.00021
digit,0.00021
fifth,0.00021
communicating,0.00021
means,0.00021
commitment,0.00021
preventive,0.00021
shortlists,0.00021
powered,0.00021
meaning,0.00021
pro,0.00021
raises,0.00021
book,0.00021
running,0.00021
officer,0.00021
james,0.00021
party,0.00021
excited,0.00021
partners,0.00021
abbey,0.00021
mouse,0.00021
fund,0.00021
kind,0.00021
universal,0.00021
departure,0.00021
shoppers,0.00021
show,0.00021
frame,0.00021
studies,0.00021
moves,0.00021
colleagues,0.00021
pink,0.00021
targeted,0.00021
momentum,0.00021
paychecks,0.00021
exceeded,0.00021
governor,0.00021
bell,0.00021
congo,0.00021
activity,0.00021
events,0.00021
faces,0.00021
ne,0.00021
struggled,0.00021
identified,0.00021
prepared,0.00021
traffic,0.00021
troll,0.00021
detail,0.00021
store,0.00021
paymaster,0.00021
begins,0.00021
categories,0.00021
reference,0.00021
mickey,0.00021
halted,0.00021
expert,0.00021
targets,0.00021
drag,0.00021
metric,0.00021
suspected,0.00021
slow,0.00021
roots,0.00021
powder,0.00021
figure,0.00021
distinguished,0.00021
equity,0.00021
mines,0.00021
la,0.00021
sharing,0.00021
described,0.00021
cool,0.00021
matters,0.00021
least,0.00021
nation,0.00021
barrel,0.00021
error,0.00021
complex,0.00021
lagging,0.00021
emissions,0.00021
enough,0.00021
consoles,0.00021
bump,0.00021
nail,0.00021
channels,0.00021
english,0.00021
planning,0.00021
warehouse,0.00021
sustained,0.00021
lower,0.00021
wave,0.00021
points,0.00021
thousands,0.00021
setback,0.00021
font,0.00021
slowdown,0.00021
gents,0.00021
processor,0.00021
firm,0.00021
capital,0.00021
denies,0.00021
vinegar,0.00021
grounds,0.00021
meanwhile,0.00021
developing,0.00021
expects,0.00021
individual,0.00021
member,0.00021
exciting,0.00021
gave,0.00021
investing,0.00021
features,0.00021
valley,0.00021
consequences,0.00021
pits,0.00021
shape,0.00021
exodus,0.00021
crossed,0.00021
application,0.00021
images,0.00021
hello,0.00021
sports,0.00021
dedication,0.00021
adhered,0.00021
asia,0.00021
compromised,0.00021
lawyer,0.00021
shuttering,0.00021
worried,0.00021
oxide,0.00021
address,0.00021
investigators,0.00021
supporting,0.00021
dose,0.00021
venturi,0.00021
partnered,0.00021
theory,0.00021
overreach,0.00021
hands,0.00021
exchange,0.00021
causes,0.00021
green,0.00021
campaign,0.00021
setting,0.00021
fighting,0.00021
tear,0.00021
mini,0.00021
votes,0.00021
boxes,0.00021
excuse,0.00021
transport,0.00021
marketplace,0.00021
participating,0.00021
tunnel,0.00021
policies,0.00021
scooped,0.00021
bad,0.00021
kissing,0.00021
improving,0.00021
giving,0.00021
hit,0.00021
realize,0.00021
social,0.00021
operations,0.00021
region,0.00021
stuff,0.00021
cfo,0.00021
fin,0.00021
sharp,0.00021
duration,0.00021
tasks,0.00021
alzheimers,0.00021
fan,0.00021
remains,0.00021
served,0.00021
worse,0.00021
managing,0.00021
mistake,0.00021
save,0.00021
explanation,0.00021
bias,0.00021
fair,0.00021
rights,0.00021
forward,0.00021
welcome,0.00021
hackers,0.00021
tell,0.00021
participants,0.00021
phones,0.00021
oxford,0.00021
failure,0.00021
printing,0.00021
reduces,0.00021
timing,0.00021
sauce,0.00021
worth,0.00021
ccs,0.00021
paves,0.00021
unemployment,0.00021
pack,0.00021
spent,0.00021
baker,0.00021
connections,0.00021
appliances,0.00021
annoying,0.00021
lounge,0.00021
remained,0.00021
refuse,0.00021
launching,0.00021
flushed,0.00021
basement,0.00021
strength,0.00021
fifths,0.00021
incident,0.00021
minerals,0.00021
designated,0.00021
semiconductor,0.00021
mon,0.00021
platinum,0.00021
runs,0.00021
guidance,0.00021
lending,0.00021
provision,0.00021
recruited,0.00021
unknown,0.00021
ministers,0.00021
covered,0.00021
relocating,0.00021
meter,0.00021
listed,0.00021
mo,0.00021
apartment,0.00021
forum,0.00021
majority,0.00021
revamped,0.00021
photo,0.00021
sciences,0.00021
event,0.00021
sleeping,0.00021
paying,0.00021
shoulder,0.00021
program,0.00021
receiving,0.00021
suggests,0.00021
fundamental,0.00021
addresses,0.00021
resources,0.00021
calendar,0.00021
car,0.00021
fax,0.00021
ad,0.00021
specialist,0.00021
pickup,0.00021
street,0.00021
chunks,0.00021
zone,0.00021
label,0.00021
prize,0.00021
subscription,0.00021
sparkle,0.00021
quarterly,0.00021
union,0.00021
hospitality,0.00021
front,0.00021
manager,0.00021
catch,0.00021
comments,0.00021
labour,0.00021
shaped,0.00021
leads,0.00021
assessment,0.00021
tackles,0.00021
ability,0.00021
percent,0.00021
opportunity,0.00021
criteria,0.00021
sol,0.00021
families,0.00021
