ko,0.05367
co,0.04088
https,0.03798
cola,0.01409
coca,0.01262
said,0.00935
like,0.00632
people,0.00574
year,0.00547
ends,0.00472
reply,0.00465
giveaway,0.00457
last,0.0043
support,0.00415
time,0.0038
offended,0.00378
hrs,0.00378
respond,0.00376
social,0.00369
hi,0.00353
love,0.00336
even,0.00328
still,0.00323
show,0.00317
sa,0.00317
life,0.00315
know,0.00311
first,0.00303
see,0.00286
get,0.0028
good,0.00278
day,0.00269
much,0.00267
se,0.00259
think,0.00257
media,0.0025
need,0.00248
white,0.00244
help,0.0023
say,0.00227
make,0.00225
ki,0.00225
artist,0.00225
got,0.00221
plastic,0.00217
company,0.00215
name,0.00211
voting,0.00204
treasure,0.00194
companies,0.00194
go,0.00192
week,0.0019
years,0.0019
ho,0.00188
want,0.00186
favorite,0.00186
feel,0.00179
color,0.00179
missing,0.00179
vote,0.00177
hope,0.00175
mere,0.00173
gusto,0.00173
today,0.00171
fan,0.00169
world,0.00169
best,0.00167
gill,0.00167
alert,0.00163
birthday,0.00163
money,0.00161
back,0.00159
work,0.00157
take,0.00152
election,0.00152
sign,0.0015
comparing,0.00146
amp,0.00144
na,0.00142
job,0.00138
well,0.00138
stop,0.00136
pa,0.00136
whole,0.00134
re,0.00134
sir,0.00131
running,0.00129
way,0.00129
share,0.00127
part,0.00125
days,0.00123
according,0.00119
ice,0.00117
ang,0.00117
hello,0.00117
night,0.00115
went,0.00113
european,0.00113
second,0.00113
khan,0.00113
guys,0.00111
business,0.00111
friend,0.00111
old,0.00111
market,0.00109
group,0.00109
wan,0.00109
month,0.00109
coke,0.00109
logo,0.00106
going,0.00106
coming,0.00106
let,0.00106
fit,0.00106
black,0.00104
saying,0.00104
right,0.00104
tweet,0.00104
end,0.001
keep,0.001
buy,0.001
city,0.001
partners,0.00098
government,0.00098
mo,0.00098
try,0.00098
news,0.00098
account,0.00096
water,0.00096
miss,0.00096
kayo,0.00096
mean,0.00096
heart,0.00094
comment,0.00094
military,0.00094
use,0.00094
made,0.00094
man,0.00092
idea,0.00092
home,0.00092
thanks,0.00092
album,0.00092
medical,0.00092
post,0.00092
main,0.00092
announced,0.00092
police,0.0009
state,0.0009
ba,0.0009
guess,0.0009
open,0.00088
reason,0.00088
due,0.00088
women,0.00088
helped,0.00088
person,0.00086
someone,0.00086
joining,0.00086
looking,0.00086
demand,0.00086
photo,0.00086
coup,0.00086
things,0.00086
mentioned,0.00083
please,0.00083
hate,0.00083
look,0.00081
true,0.00081
little,0.00081
twitter,0.00081
employees,0.00081
ni,0.00081
round,0.00081
told,0.00081
friends,0.00081
din,0.00081
public,0.00081
country,0.00079
data,0.00079
nepotism,0.00079
protesters,0.00079
trading,0.00079
united,0.00079
investors,0.00079
chief,0.00079
democracy,0.00079
live,0.00079
check,0.00077
top,0.00077
art,0.00077
half,0.00077
better,0.00077
card,0.00077
long,0.00077
artists,0.00077
request,0.00077
pay,0.00075
full,0.00075
girls,0.00075
tower,0.00075
found,0.00075
special,0.00075
father,0.00075
australian,0.00075
insider,0.00075
video,0.00075
carbon,0.00075
watch,0.00075
says,0.00075
free,0.00073
hum,0.00073
call,0.00073
major,0.00073
making,0.00073
drink,0.00073
using,0.00073
ng,0.00073
bottles,0.00073
failed,0.00073
training,0.00073
feeling,0.00071
protests,0.00071
dollar,0.00071
meaning,0.00071
game,0.00071
thing,0.00071
deal,0.00071
states,0.00071
put,0.00071
price,0.00071
give,0.00071
si,0.00069
high,0.00069
change,0.00069
tarot,0.00069
statement,0.00069
candidates,0.00069
makes,0.00069
great,0.00069
recycled,0.00069
capital,0.00069
deserving,0.00069
offer,0.00069
commissions,0.00069
stock,0.00067
times,0.00067
pandemic,0.00067
stocks,0.00067
tomorrow,0.00067
suffered,0.00067
streets,0.00067
head,0.00067
shares,0.00067
number,0.00067
come,0.00065
revenue,0.00065
brands,0.00065
growth,0.00065
health,0.00065
commission,0.00065
including,0.00065
profit,0.00063
justice,0.00063
win,0.00063
asking,0.00063
hit,0.00063
national,0.00063
months,0.00063
stay,0.00063
power,0.00063
follow,0.00063
small,0.00063
army,0.00063
drop,0.00061
audition,0.00061
executive,0.00061
wait,0.00061
date,0.00061
step,0.00061
young,0.00061
super,0.00061
para,0.00058
violence,0.00058
example,0.00058
po,0.00058
getting,0.00058
list,0.00058
release,0.00058
house,0.00058
team,0.00058
okay,0.00058
started,0.00058
link,0.00058
street,0.00058
log,0.00056
tell,0.00056
oil,0.00056
beat,0.00056
latest,0.00056
record,0.00056
bit,0.00056
morning,0.00056
takeover,0.00056
giving,0.00056
prices,0.00056
mag,0.00056
earnings,0.00054
school,0.00054
future,0.00054
rose,0.00054
politician,0.00054
taking,0.00054
start,0.00054
task,0.00052
expectations,0.00052
coffee,0.00052
waste,0.00052
blue,0.00052
quarter,0.00052
president,0.00052
find,0.00052
third,0.00052
single,0.00052
gets,0.00052
side,0.00052
shop,0.00052
eviction,0.00052
continue,0.00052
air,0.00052
file,0.00052
family,0.00052
league,0.00052
increase,0.00052
leader,0.00052
hindi,0.00052
taste,0.0005
fun,0.0005
index,0.0005
products,0.0005
ready,0.0005
party,0.0005
billboard,0.0005
include,0.0005
till,0.0005
international,0.0005
exchange,0.0005
tax,0.0005
saw,0.0005
bad,0.0005
read,0.00048
real,0.00048
play,0.00048
pic,0.00048
fact,0.00048
enough,0.00048
none,0.00048
industry,0.00048
fans,0.00048
god,0.00048
concept,0.00048
agar,0.00048
girl,0.00046
maker,0.00046
history,0.00046
bottle,0.00046
break,0.00046
images,0.00046
rights,0.00046
moving,0.00046
weeks,0.00046
food,0.00046
singing,0.00046
par,0.00046
test,0.00046
past,0.00044
sanctions,0.00044
took,0.00044
ne,0.00044
fell,0.00044
looks,0.00044
move,0.00044
face,0.00044
seeing,0.00044
exams,0.00044
markets,0.00044
mat,0.00044
baby,0.00044
lot,0.00044
energy,0.00044
university,0.00044
bought,0.00044
creators,0.00044
consider,0.00044
target,0.00044
content,0.00044
issues,0.00044
series,0.00044
pm,0.00044
drinks,0.00044
human,0.00044
ha,0.00044
short,0.00042
posts,0.00042
calling,0.00042
glory,0.00042
recovery,0.00042
campaign,0.00042
working,0.00042
beauty,0.00042
cases,0.00042
affiliated,0.00042
management,0.00042
thank,0.00042
pepsi,0.00042
local,0.00042
park,0.00042
bank,0.00042
tonight,0.00042
clear,0.00042
gave,0.00042
rest,0.00042
ok,0.00042
red,0.00042
ceo,0.00042
begging,0.00042
en,0.00042
brand,0.0004
sales,0.0004
return,0.0004
fight,0.0004
pe,0.0004
tagged,0.0004
stand,0.0004
october,0.0004
stimulus,0.0004
complete,0.0004
message,0.0004
former,0.0004
limited,0.0004
focus,0.0004
hours,0.0004
reported,0.0004
talk,0.0004
wrong,0.0004
quarterly,0.0004
nothing,0.0004
results,0.0004
packaging,0.0004
declined,0.0004
tv,0.0004
talks,0.0004
daily,0.0004
streaming,0.0004
anniversary,0.0004
matter,0.00038
pop,0.00038
le,0.00038
piece,0.00038
www,0.00038
south,0.00038
uncle,0.00038
rookie,0.00038
sent,0.00038
mind,0.00038
japan,0.00038
meet,0.00038
bottler,0.00038
ga,0.00038
ph,0.00038
place,0.00038
fast,0.00038
security,0.00038
close,0.00038
story,0.00035
fraud,0.00035
iss,0.00035
min,0.00035
tho,0.00035
inc,0.00035
expect,0.00035
cut,0.00035
means,0.00035
comments,0.00035
showed,0.00035
report,0.00035
final,0.00035
rule,0.00035
send,0.00035
york,0.00035
kr,0.00035
match,0.00035
update,0.00035
course,0.00035
song,0.00035
seat,0.00035
woman,0.00035
ate,0.00035
thousands,0.00035
car,0.00035
began,0.00035
title,0.00035
ill,0.00035
lord,0.00035
th,0.00033
product,0.00033
trade,0.00033
student,0.00033
interest,0.00033
kind,0.00033
graphic,0.00033
problem,0.00033
mexican,0.00033
following,0.00033
trying,0.00033
join,0.00033
featuring,0.00033
insurance,0.00033
crisis,0.00033
fucking,0.00033
turn,0.00033
adding,0.00033
countries,0.00033
firm,0.00033
act,0.00033
positive,0.00033
emergency,0.00033
simple,0.00033
minister,0.00033
vs,0.00033
class,0.00033
cant,0.00033
officials,0.00033
movie,0.00031
china,0.00031
funny,0.00031
abs,0.00031
recycling,0.00031
despite,0.00031
low,0.00031
fuck,0.00031
current,0.00031
evening,0.00031
bet,0.00031
attention,0.00031
mom,0.00031
gas,0.00031
set,0.00031
bias,0.00031
earn,0.00031
tonnes,0.00031
wednesday,0.00031
page,0.00031
cause,0.00031
technology,0.00031
respect,0.00031
links,0.00031
chance,0.00031
rock,0.00031
policy,0.00031
risk,0.00031
tag,0.00031
cup,0.00031
lost,0.00031
goal,0.00031
fourth,0.00031
songwriter,0.00031
hold,0.00031
case,0.00031
worried,0.00031
chapter,0.00031
produce,0.00031
dear,0.00031
creativity,0.00031
sleep,0.00031
lined,0.00031
elections,0.00031
tum,0.00031
fine,0.00031
level,0.00031
total,0.00029
playoffs,0.00029
near,0.00029
tech,0.00029
rajas,0.00029
answer,0.00029
action,0.00029
court,0.00029
issue,0.00029
hone,0.00029
college,0.00029
dioxide,0.00029
metro,0.00029
era,0.00029
likes,0.00029
costs,0.00029
tweets,0.00029
politics,0.00029
season,0.00029
kings,0.00029
philippines,0.00029
funds,0.00029
sheet,0.00029
estimates,0.00029
possible,0.00029
episode,0.00029
stuff,0.00029
users,0.00029
captain,0.00029
shows,0.00029
sweetheart,0.00029
damn,0.00029
thinking,0.00029
forces,0.00029
charges,0.00029
staff,0.00029
store,0.00029
emissions,0.00029
block,0.00029
tas,0.00029
appreciated,0.00029
article,0.00029
sleeping,0.00029
gay,0.00029
schedules,0.00029
guy,0.00029
plastics,0.00029
peace,0.00029
amazing,0.00029
verification,0.00029
demonstrations,0.00029
decided,0.00029
bowlers,0.00029
soda,0.00029
protest,0.00029
reports,0.00029
hour,0.00027
buying,0.00027
turned,0.00027
sense,0.00027
plant,0.00027
process,0.00027
general,0.00027
design,0.00027
knock,0.00027
consumers,0.00027
investor,0.00027
reading,0.00027
amount,0.00027
event,0.00027
ad,0.00027
frog,0.00027
enjoy,0.00027
expected,0.00027
remember,0.00027
yes,0.00027
gi,0.00027
growing,0.00027
term,0.00027
generals,0.00027
central,0.00027
analysts,0.00027
march,0.00027
music,0.00027
workers,0.00027
american,0.00027
film,0.00027
shit,0.00027
moots,0.00027
fall,0.00027
efforts,0.00027
inspired,0.00027
spokesman,0.00027
raised,0.00027
selling,0.00027
system,0.00027
breaking,0.00027
thread,0.00027
north,0.00027
acc,0.00027
laughing,0.00027
mall,0.00027
line,0.00027
search,0.00027
reach,0.00027
philippine,0.00027
prepared,0.00027
comeback,0.00027
economy,0.00027
dm,0.00025
mass,0.00025
outside,0.00025
room,0.00025
vitamin,0.00025
select,0.00025
material,0.00025
attack,0.00025
western,0.00025
felt,0.00025
pix,0.00025
annual,0.00025
glowing,0.00025
boys,0.00025
service,0.00025
least,0.00025
point,0.00025
followers,0.00025
char,0.00025
dated,0.00025
electric,0.00025
behind,0.00025
replies,0.00025
ex,0.00025
body,0.00025
discontinuing,0.00025
stood,0.00025
premium,0.00025
believe,0.00025
direct,0.00025
added,0.00025
situation,0.00025
executives,0.00025
safe,0.00025
meanwhile,0.00025
sunday,0.00025
knows,0.00025
town,0.00025
wrapped,0.00025
charge,0.00025
sentiment,0.00025
exploring,0.00025
authorities,0.00025
dogs,0.00025
plans,0.00025
talking,0.00025
average,0.00025
minutes,0.00025
pass,0.00025
targets,0.00025
building,0.00025
spent,0.00025
wanted,0.00025
phone,0.00025
gift,0.00025
view,0.00025
prod,0.00025
partner,0.00025
mr,0.00025
monday,0.00025
kids,0.00025
impact,0.00025
beverage,0.00025
hundreds,0.00025
fake,0.00025
icon,0.00023
winter,0.00023
fired,0.00023
mi,0.00023
lives,0.00023
run,0.00023
bola,0.00023
bullet,0.00023
goes,0.00023
opening,0.00023
recipe,0.00023
mark,0.00023
wave,0.00023
rubber,0.00023
senior,0.00023
care,0.00023
british,0.00023
thoughts,0.00023
wonder,0.00023
leading,0.00023
advance,0.00023
stake,0.00023
works,0.00023
unit,0.00023
force,0.00023
age,0.00023
junta,0.00023
investment,0.00023
gmt,0.00023
gd,0.00023
ig,0.00023
delivery,0.00023
gained,0.00023
june,0.00023
summer,0.00023
sources,0.00023
ss,0.00023
savannah,0.00023
restaurants,0.00023
manila,0.00023
platform,0.00023
prime,0.00023
forced,0.00023
telling,0.00023
up,0.00023
announcement,0.00023
wall,0.00023
trend,0.00023
opposition,0.00023
dance,0.00023
drinking,0.00023
moment,0.00023
banks,0.00023
sharing,0.00023
ace,0.00023
science,0.00023
prize,0.00023
illustrator,0.00023
opportunity,0.00023
hes,0.00023
slots,0.00023
necessary,0.00023
progress,0.00023
mas,0.00023
light,0.00023
sentinel,0.00023
sugar,0.00023
watching,0.00023
rise,0.00023
candidate,0.00023
pro,0.00023
plan,0.00023
events,0.00023
la,0.00023
welcome,0.00023
al,0.00023
feature,0.00021
duo,0.00021
access,0.00021
struggling,0.00021
goods,0.00021
husband,0.00021
double,0.00021
feb,0.00021
boss,0.00021
arrest,0.00021
trump,0.00021
can,0.00021
inside,0.00021
mins,0.00021
mobile,0.00021
joy,0.00021
faces,0.00021
channels,0.00021
spinning,0.00021
board,0.00021
details,0.00021
century,0.00021
value,0.00021
happened,0.00021
commercial,0.00021
championship,0.00021
range,0.00021
players,0.00021
winner,0.00021
boy,0.00021
spread,0.00021
dollars,0.00021
consumer,0.00021
sustainability,0.00021
eyes,0.00021
channel,0.00021
couple,0.00021
form,0.00021
ban,0.00021
ground,0.00021
participating,0.00021
sky,0.00021
hospital,0.00021
busy,0.00021
judge,0.00021
tuesday,0.00021
self,0.00021
experience,0.00021
project,0.00021
heres,0.00021
left,0.00021
shot,0.00021
thought,0.00021
comes,0.00021
throwback,0.00021
development,0.00021
travel,0.00021
bat,0.00021
education,0.00021
id,0.00021
decade,0.00021
original,0.00021
wrote,0.00021
posted,0.00021
potential,0.00021
approach,0.00021
leaders,0.00021
words,0.00021
journey,0.00021
tough,0.00021
picture,0.00021
wow,0.00021
official,0.00021
worst,0.00021
hopes,0.00021
hr,0.00021
hits,0.00021
rate,0.00021
doctor,0.00021
orders,0.00021
stress,0.00021
points,0.00021
enemy,0.00021
parang,0.00021
study,0.00019
google,0.00019
forcing,0.00019
boycott,0.00019
bills,0.00019
football,0.00019
falling,0.00019
wales,0.00019
limit,0.00019
donating,0.00019
bounce,0.00019
ma,0.00019
promise,0.00019
supply,0.00019
needs,0.00019
leave,0.00019
queen,0.00019
led,0.00019
opened,0.00019
posting,0.00019
bridge,0.00019
toll,0.00019
coverage,0.00019
starting,0.00019
heads,0.00019
normal,0.00019
donations,0.00019
excited,0.00019
launch,0.00019
hand,0.00019
council,0.00019
interstate,0.00019
steps,0.00019
information,0.00019
position,0.00019
problems,0.00019
donation,0.00019
wants,0.00019
arrested,0.00019
question,0.00019
camera,0.00019
secretary,0.00019
voice,0.00019
solution,0.00019
crying,0.00019
students,0.00019
moon,0.00019
blame,0.00019
dude,0.00019
hay,0.00019
europe,0.00019
advanced,0.00019
jan,0.00019
large,0.00019
station,0.00019
net,0.00019
rates,0.00019
losing,0.00019
pr,0.00019
fund,0.00019
brought,0.00019
conference,0.00019
familiar,0.00019
type,0.00019
fair,0.00019
worth,0.00019
manager,0.00019
dead,0.00019
lockdowns,0.00019
common,0.00019
character,0.00019
called,0.00019
held,0.00019
restrictions,0.00019
rough,0.00019
independent,0.00019
chicken,0.00019
helping,0.00019
chemicals,0.00019
raising,0.00019
dark,0.00019
suspended,0.00019
chinese,0.00019
peer,0.00019
officer,0.00019
rising,0.00019
marketing,0.00019
cool,0.00019
handle,0.00019
lets,0.00019
paper,0.00019
saturday,0.00019
save,0.00019
sketch,0.00019
marched,0.00017
in,0.00017
speaker,0.00017
broke,0.00017
nigerian,0.00017
vacancy,0.00017
gains,0.00017
pang,0.00017
stream,0.00017
items,0.00017
mv,0.00017
ride,0.00017
te,0.00017
personal,0.00017
trip,0.00017
laugh,0.00017
drunk,0.00017
children,0.00017
milestone,0.00017
magic,0.00017
vice,0.00017
minute,0.00017
fire,0.00017
sale,0.00017
theres,0.00017
expects,0.00017
session,0.00017
middle,0.00017
whistleblower,0.00017
protester,0.00017
holding,0.00017
sell,0.00017
shooting,0.00017
ge,0.00017
men,0.00017
actor,0.00017
present,0.00017
note,0.00017
vacation,0.00017
sb,0.00017
word,0.00017
reporting,0.00017
asian,0.00017
died,0.00017
dividend,0.00017
firms,0.00017
cannon,0.00017
sold,0.00017
result,0.00017
bop,0.00017
pressure,0.00017
poll,0.00017
created,0.00017
september,0.00017
west,0.00017
troll,0.00017
switch,0.00017
tried,0.00017
corp,0.00017
draw,0.00017
testing,0.00017
finance,0.00017
bas,0.00017
merit,0.00017
remains,0.00017
ways,0.00017
spending,0.00017
killed,0.00017
strikes,0.00017
blog,0.00017
waiting,0.00017
sounds,0.00017
understand,0.00017
passing,0.00017
ones,0.00017
transition,0.00017
investments,0.00017
bowl,0.00017
player,0.00017
highs,0.00017
apprentice,0.00017
war,0.00017
projects,0.00017
pics,0.00017
alternatives,0.00017
document,0.00017
yesterday,0.00017
push,0.00017
improve,0.00017
impression,0.00017
used,0.00017
sing,0.00017
boards,0.00017
disobedience,0.00017
option,0.00017
resources,0.00017
railway,0.00017
comic,0.00017
leaked,0.00017
sat,0.00017
helps,0.00017
mama,0.00017
characters,0.00017
bullets,0.00017
pet,0.00017
members,0.00017
raise,0.00017
kept,0.00017
performance,0.00017
http,0.00017
crush,0.00017
stopped,0.00017
law,0.00017
oct,0.00017
track,0.00017
writing,0.00017
remained,0.00017
innocent,0.00017
worked,0.00015
pat,0.00015
canadian,0.00015
strategy,0.00015
bb,0.00015
soul,0.00015
correct,0.00015
rallies,0.00015
meeting,0.00015
expenses,0.00015
lows,0.00015
statements,0.00015
karen,0.00015
poster,0.00015
bitch,0.00015
pictures,0.00015
overall,0.00015
purchase,0.00015
express,0.00015
cry,0.00015
importing,0.00015
network,0.00015
audit,0.00015
americans,0.00015
related,0.00015
au,0.00015
activities,0.00015
religion,0.00015
order,0.00015
acquire,0.00015
female,0.00015
sharp,0.00015
chela,0.00015
removed,0.00015
visit,0.00015
reduce,0.00015
association,0.00015
brain,0.00015
closing,0.00015
platforms,0.00015
dj,0.00015
dozen,0.00015
advertisers,0.00015
exam,0.00015
thursday,0.00015
letter,0.00015
remain,0.00015
silver,0.00015
weekend,0.00015
manual,0.00015
services,0.00015
leaving,0.00015
rn,0.00015
review,0.00015
ties,0.00015
stray,0.00015
domestic,0.00015
indian,0.00015
pc,0.00015
area,0.00015
guessing,0.00015
folks,0.00015
businesses,0.00015
analyst,0.00015
flow,0.00015
updated,0.00015
muslims,0.00015
teaser,0.00015
amity,0.00015
investing,0.00015
dropped,0.00015
teams,0.00015
fighting,0.00015
mei,0.00015
key,0.00015
stage,0.00015
wife,0.00015
press,0.00015
needed,0.00015
wins,0.00015
tao,0.00015
became,0.00015
interested,0.00015
games,0.00015
director,0.00015
acting,0.00015
bond,0.00015
politicians,0.00015
cooking,0.00015
click,0.00015
friday,0.00015
reef,0.00015
victory,0.00015
michael,0.00015
hole,0.00015
ra,0.00015
race,0.00015
meme,0.00015
todays,0.00015
evidence,0.00015
backup,0.00015
confirmed,0.00015
private,0.00015
advertising,0.00015
james,0.00015
worry,0.00015
memories,0.00015
regarding,0.00015
planning,0.00015
tons,0.00015
bars,0.00015
sports,0.00015
sick,0.00015
success,0.00015
debate,0.00015
interviews,0.00015
cash,0.00015
sponsored,0.00015
extra,0.00015
bring,0.00015
quiet,0.00015
rules,0.00015
active,0.00015
john,0.00015
spot,0.00015
albums,0.00015
seems,0.00015
chain,0.00015
dms,0.00015
club,0.00015
mike,0.00015
brother,0.00015
deep,0.00015
finishing,0.00015
bored,0.00015
hull,0.00015
stupid,0.00015
chip,0.00015
mare,0.00015
fifth,0.00015
interview,0.00015
moves,0.00015
materials,0.00015
french,0.00015
kiss,0.00015
addition,0.00015
entries,0.00015
loves,0.00015
cheer,0.00015
anxiety,0.00015
relief,0.00015
youth,0.00015
front,0.00015
gee,0.00013
taxes,0.00013
collaboration,0.00013
denied,0.00013
cantor,0.00013
natural,0.00013
inspiration,0.00013
trending,0.00013
covering,0.00013
southeast,0.00013
traded,0.00013
aid,0.00013
response,0.00013
decades,0.00013
quarters,0.00013
yin,0.00013
shut,0.00013
accounts,0.00013
ev,0.00013
shots,0.00013
diversity,0.00013
asked,0.00013
hays,0.00013
mason,0.00013
opinion,0.00013
fandom,0.00013
copy,0.00013
numbers,0.00013
weather,0.00013
email,0.00013
recorded,0.00013
flies,0.00013
signs,0.00013
bottling,0.00013
hair,0.00013
movement,0.00013
duty,0.00013
glad,0.00013
screen,0.00013
tesla,0.00013
committee,0.00013
securities,0.00013
pink,0.00013
provide,0.00013
reached,0.00013
moments,0.00013
percentage,0.00013
bar,0.00013
bears,0.00013
youngsters,0.00013
cost,0.00013
filing,0.00013
cross,0.00013
knowledge,0.00013
wondering,0.00013
bags,0.00013
deals,0.00013
governments,0.00013
pesos,0.00013
japanese,0.00013
plate,0.00013
locals,0.00013
genre,0.00013
skin,0.00013
jack,0.00013
dream,0.00013
joke,0.00013
rebound,0.00013
committed,0.00013
squad,0.00013
greenback,0.00013
admitted,0.00013
climbed,0.00013
supporters,0.00013
crime,0.00013
stores,0.00013
healthcare,0.00013
backed,0.00013
forgot,0.00013
longer,0.00013
infections,0.00013
pick,0.00013
tab,0.00013
claim,0.00013
mil,0.00013
naging,0.00013
pieces,0.00013
bust,0.00013
bi,0.00013
detention,0.00013
counting,0.00013
finish,0.00013
refreshing,0.00013
ab,0.00013
drawing,0.00013
address,0.00013
jab,0.00013
forward,0.00013
requests,0.00013
loose,0.00013
union,0.00013
bbs,0.00013
climate,0.00013
topic,0.00013
december,0.00013
happening,0.00013
star,0.00013
saving,0.00013
tom,0.00013
shy,0.00013
miles,0.00013
opinions,0.00013
practicing,0.00013
tired,0.00013
bill,0.00013
operating,0.00013
feminism,0.00013
sun,0.00013
add,0.00013
animated,0.00013
representatives,0.00013
adviser,0.00013
treatment,0.00013
wit,0.00013
standard,0.00013
forget,0.00013
cream,0.00013
appeal,0.00013
elected,0.00013
fictions,0.00013
april,0.00013
sweet,0.00013
book,0.00013
bringing,0.00013
offered,0.00013
activity,0.00013
discredit,0.00013
federal,0.00013
member,0.00013
christmas,0.00013
starts,0.00013
glass,0.00013
concern,0.00013
soldiers,0.00013
insult,0.00013
beverages,0.00013
death,0.00013
profile,0.00013
timeline,0.00013
smart,0.00013
alliance,0.00013
fighter,0.00013
cm,0.00013
stories,0.00013
son,0.00013
portfolio,0.00013
wake,0.00013
bans,0.00013
rises,0.00013
protagonist,0.00013
ganja,0.00013
raw,0.00013
ruling,0.00013
fame,0.00013
crowd,0.00013
safety,0.00013
muslim,0.00013
band,0.00013
da,0.00013
congress,0.00013
playing,0.00013
version,0.00013
lie,0.00013
binary,0.00013
weird,0.00013
count,0.00013
halted,0.00013
payments,0.00013
received,0.00013
excuse,0.00013
opponents,0.00013
forecasts,0.00013
happen,0.0001
flights,0.0001
auto,0.0001
baba,0.0001
feels,0.0001
decision,0.0001
came,0.0001
democrats,0.0001
fashion,0.0001
diaper,0.0001
met,0.0001
yr,0.0001
allowed,0.0001
risks,0.0001
tl,0.0001
brown,0.0001
concerns,0.0001
banners,0.0001
favourite,0.0001
cents,0.0001
citing,0.0001
calls,0.0001
seltzer,0.0001
condition,0.0001
challenger,0.0001
learn,0.0001
parts,0.0001
division,0.0001
sensitive,0.0001
hall,0.0001
plants,0.0001
infrastructure,0.0001
hell,0.0001
subbing,0.0001
unite,0.0001
surge,0.0001
predicted,0.0001
boosted,0.0001
flags,0.0001
interesting,0.0001
sm,0.0001
giant,0.0001
reputation,0.0001
sound,0.0001
commissioning,0.0001
partnership,0.0001
scene,0.0001
scared,0.0001
prints,0.0001
blessing,0.0001
organic,0.0001
chairman,0.0001
style,0.0001
fuel,0.0001
experiment,0.0001
skills,0.0001
hurt,0.0001
valley,0.0001
driver,0.0001
tears,0.0001
snacks,0.0001
capturing,0.0001
mar,0.0001
retailer,0.0001
editing,0.0001
tune,0.0001
deaths,0.0001
teachers,0.0001
mile,0.0001
tollgate,0.0001
walk,0.0001
ingredients,0.0001
contact,0.0001
core,0.0001
lights,0.0001
announces,0.0001
moved,0.0001
research,0.0001
is,0.0001
putting,0.0001
ass,0.0001
showing,0.0001
surgery,0.0001
administration,0.0001
edited,0.0001
entire,0.0001
trades,0.0001
keeper,0.0001
academic,0.0001
charity,0.0001
ask,0.0001
pant,0.0001
birdies,0.0001
kid,0.0001
wish,0.0001
marriage,0.0001
weekly,0.0001
east,0.0001
parents,0.0001
gore,0.0001
finished,0.0001
bollywood,0.0001
outfit,0.0001
cap,0.0001
bay,0.0001
venture,0.0001
flop,0.0001
anti,0.0001
examples,0.0001
gain,0.0001
poor,0.0001
rain,0.0001
shared,0.0001
avoid,0.0001
depression,0.0001
awards,0.0001
goals,0.0001
ani,0.0001
pollution,0.0001
craving,0.0001
buyout,0.0001
polluters,0.0001
artwork,0.0001
lower,0.0001
corporations,0.0001
li,0.0001
studying,0.0001
jumped,0.0001
worse,0.0001
scale,0.0001
tap,0.0001
reasons,0.0001
colas,0.0001
catch,0.0001
parties,0.0001
mask,0.0001
department,0.0001
wont,0.0001
comfort,0.0001
releasing,0.0001
humble,0.0001
footage,0.0001
off,0.0001
impose,0.0001
vintage,0.0001
founder,0.0001
customers,0.0001
midterms,0.0001
control,0.0001
ministry,0.0001
offering,0.0001
blessings,0.0001
inspiring,0.0001
spirit,0.0001
wings,0.0001
cover,0.0001
pin,0.0001
drug,0.0001
presentation,0.0001
transaction,0.0001
loved,0.0001
beginning,0.0001
picked,0.0001
hs,0.0001
accusations,0.0001
jail,0.0001
rallied,0.0001
uncertainty,0.0001
aired,0.0001
cities,0.0001
environment,0.0001
msg,0.0001
slated,0.0001
fault,0.0001
gaining,0.0001
trees,0.0001
extradition,0.0001
kill,0.0001
photos,0.0001
rhea,0.0001
champion,0.0001
ti,0.0001
developing,0.0001
slump,0.0001
nominated,0.0001
struggle,0.0001
hands,0.0001
farmers,0.0001
supernatural,0.0001
backing,0.0001
swift,0.0001
clothes,0.0001
currency,0.0001
sponsors,0.0001
horror,0.0001
conduct,0.0001
offers,0.0001
treasury,0.0001
cans,0.0001
ads,0.0001
conversation,0.0001
income,0.0001
wale,0.0001
facing,0.0001
saved,0.0001
pounds,0.0001
virgin,0.0001
golf,0.0001
straight,0.0001
landmark,0.0001
actions,0.0001
proposal,0.0001
pound,0.0001
mss,0.0001
nominations,0.0001
parliament,0.0001
model,0.0001
motivation,0.0001
playlist,0.0001
sis,0.0001
capture,0.0001
liquidity,0.0001
threw,0.0001
celebrating,0.0001
ensure,0.0001
disabled,0.0001
blood,0.0001
ana,0.0001
bus,0.0001
mission,0.0001
outsider,0.0001
choice,0.0001
convenience,0.0001
suggest,0.0001
minority,0.0001
border,0.0001
eds,0.0001
august,0.0001
pep,0.0001
dismissed,0.0001
stayed,0.0001
groups,0.0001
changing,0.0001
bye,0.0001
peanuts,0.0001
rolling,0.0001
ended,0.0001
drivers,0.0001
slow,0.0001
advertisement,0.0001
sells,0.0001
champions,0.0001
names,0.0001
offensive,0.0001
republicans,0.0001
pledged,0.0001
addiction,0.0001
community,0.0001
drew,0.0001
reminder,0.0001
realize,0.0001
authority,0.0001
dodgers,0.0001
styles,0.0001
defined,0.0001
animal,8e-05
gc,8e-05
throw,8e-05
wing,8e-05
bottlers,8e-05
electronics,8e-05
equivalent,8e-05
shining,8e-05
mixed,8e-05
aims,8e-05
supervision,8e-05
agree,8e-05
aa,8e-05
crown,8e-05
benefit,8e-05
systems,8e-05
negativity,8e-05
standards,8e-05
valuation,8e-05
qualifying,8e-05
quarantine,8e-05
chasing,8e-05
depressed,8e-05
eased,8e-05
apple,8e-05
somebody,8e-05
planned,8e-05
headed,8e-05
challenge,8e-05
lyrics,8e-05
bankers,8e-05
cc,8e-05
flight,8e-05
forming,8e-05
played,8e-05
tool,8e-05
engineering,8e-05
beans,8e-05
foundation,8e-05
meant,8e-05
actress,8e-05
injuries,8e-05
closed,8e-05
vase,8e-05
bath,8e-05
futures,8e-05
pow,8e-05
nobody,8e-05
respected,8e-05
ray,8e-05
condemned,8e-05
hoping,8e-05
followed,8e-05
rumors,8e-05
haters,8e-05
cat,8e-05
assistance,8e-05
buddha,8e-05
odds,8e-05
basis,8e-05
inequality,8e-05
zero,8e-05
die,8e-05
plight,8e-05
collection,8e-05
secrecy,8e-05
supporting,8e-05
teach,8e-05
russian,8e-05
stickers,8e-05
looked,8e-05
favourites,8e-05
managing,8e-05
lady,8e-05
appeared,8e-05
rapper,8e-05
measures,8e-05
status,8e-05
runs,8e-05
mate,8e-05
hue,8e-05
cares,8e-05
residents,8e-05
animals,8e-05
sow,8e-05
criminal,8e-05
stranger,8e-05
score,8e-05
emotions,8e-05
appears,8e-05
protected,8e-05
composite,8e-05
contest,8e-05
crazy,8e-05
talkie,8e-05
emerged,8e-05
ed,8e-05
tries,8e-05
flat,8e-05
cloud,8e-05
catapults,8e-05
equality,8e-05
shell,8e-05
allegations,8e-05
mention,8e-05
surprise,8e-05
includes,8e-05
grow,8e-05
sort,8e-05
dam,8e-05
writer,8e-05
listing,8e-05
build,8e-05
amazon,8e-05
bear,8e-05
hub,8e-05
yearly,8e-05
stuck,8e-05
checking,8e-05
savage,8e-05
load,8e-05
summit,8e-05
difference,8e-05
population,8e-05
sides,8e-05
basket,8e-05
nung,8e-05
released,8e-05
dreams,8e-05
compare,8e-05
section,8e-05
wickets,8e-05
debt,8e-05
gal,8e-05
restored,8e-05
nature,8e-05
reaction,8e-05
demonstrators,8e-05
hass,8e-05
expecting,8e-05
freedom,8e-05
trust,8e-05
staying,8e-05
newspaper,8e-05
gate,8e-05
role,8e-05
responded,8e-05
fries,8e-05
isolation,8e-05
sin,8e-05
depot,8e-05
child,8e-05
german,8e-05
ratio,8e-05
mend,8e-05
schedule,8e-05
tracking,8e-05
islamophobia,8e-05
becoming,8e-05
sparkling,8e-05
square,8e-05
italian,8e-05
el,8e-05
policeman,8e-05
secret,8e-05
technologies,8e-05
emails,8e-05
weight,8e-05
aim,8e-05
living,8e-05
jump,8e-05
looting,8e-05
schools,8e-05
virus,8e-05
rejected,8e-05
turns,8e-05
hypermarket,8e-05
movies,8e-05
lock,8e-05
ball,8e-05
strike,8e-05
attempt,8e-05
breaks,8e-05
advising,8e-05
medication,8e-05
entry,8e-05
become,8e-05
possibility,8e-05
naira,8e-05
islam,8e-05
autonomy,8e-05
tone,8e-05
ending,8e-05
master,8e-05
violations,8e-05
vis,8e-05
shading,8e-05
eat,8e-05
fr,8e-05
eats,8e-05
fat,8e-05
replied,8e-05
trial,8e-05
wreck,8e-05
inflation,8e-05
tau,8e-05
prisoners,8e-05
volatility,8e-05
pumpkin,8e-05
returning,8e-05
velvet,8e-05
cityscape,8e-05
be,8e-05
package,8e-05
voters,8e-05
discussing,8e-05
stars,8e-05
lawmakers,8e-05
bloody,8e-05
carry,8e-05
space,8e-05
driving,8e-05
dinner,8e-05
notice,8e-05
sub,8e-05
injury,8e-05
options,8e-05
operation,8e-05
woke,8e-05
shift,8e-05
colours,8e-05
plantain,8e-05
instigate,8e-05
max,8e-05
bmi,8e-05
colour,8e-05
powered,8e-05
witnesses,8e-05
spaces,8e-05
lay,8e-05
quality,8e-05
hoodlums,8e-05
vi,8e-05
aunt,8e-05
mondays,8e-05
gen,8e-05
contracts,8e-05
english,8e-05
reflecting,8e-05
asia,8e-05
variety,8e-05
accept,8e-05
videos,8e-05
tens,8e-05
ham,8e-05
ax,8e-05
daw,8e-05
chances,8e-05
joined,8e-05
male,8e-05
economics,8e-05
senate,8e-05
header,8e-05
commodity,8e-05
lee,8e-05
connection,8e-05
code,8e-05
sup,8e-05
digits,8e-05
classic,8e-05
follows,8e-05
hamlet,8e-05
greetings,8e-05
blessed,8e-05
math,8e-05
personality,8e-05
bowling,8e-05
refused,8e-05
laws,8e-05
confirms,8e-05
invest,8e-05
accepting,8e-05
career,8e-05
agrees,8e-05
crowds,8e-05
territory,8e-05
trigger,8e-05
quick,8e-05
skyline,8e-05
flowers,8e-05
civilian,8e-05
loss,8e-05
claims,8e-05
ranks,8e-05
gates,8e-05
feelings,8e-05
recession,8e-05
labor,8e-05
king,8e-05
viewers,8e-05
clean,8e-05
settle,8e-05
site,8e-05
musk,8e-05
promote,8e-05
bed,8e-05
clients,8e-05
speaking,8e-05
loan,8e-05
seeking,8e-05
mara,8e-05
questions,8e-05
esp,8e-05
millions,8e-05
tonne,8e-05
fried,8e-05
emerging,8e-05
supports,8e-05
ic,8e-05
handout,8e-05
empty,8e-05
alcoholic,8e-05
generation,8e-05
equities,8e-05
vaccine,8e-05
warned,8e-05
gape,8e-05
fo,8e-05
tape,8e-05
orb,8e-05
proof,8e-05
batting,8e-05
hammered,8e-05
feed,8e-05
focused,8e-05
sector,8e-05
fraction,8e-05
seeks,8e-05
equity,8e-05
upset,8e-05
doctors,8e-05
serviceman,8e-05
initial,8e-05
disruption,8e-05
standing,8e-05
green,8e-05
serve,8e-05
designer,8e-05
defend,8e-05
supported,8e-05
sporting,8e-05
aerial,8e-05
radios,8e-05
satin,8e-05
mam,8e-05
practice,8e-05
sending,8e-05
percent,8e-05
debut,8e-05
soaring,6e-05
chin,6e-05
lecturer,6e-05
answers,6e-05
clips,6e-05
crash,6e-05
howdy,6e-05
searching,6e-05
row,6e-05
jobs,6e-05
fueled,6e-05
hugs,6e-05
creating,6e-05
resident,6e-05
abuses,6e-05
operator,6e-05
cli,6e-05
increased,6e-05
mm,6e-05
coupon,6e-05
relax,6e-05
monks,6e-05
iron,6e-05
clothing,6e-05
clubs,6e-05
kicking,6e-05
equal,6e-05
providing,6e-05
particular,6e-05
climb,6e-05
personnel,6e-05
illustration,6e-05
disputes,6e-05
curbs,6e-05
at,6e-05
closure,6e-05
terms,6e-05
er,6e-05
professor,6e-05
intelligence,6e-05
blocked,6e-05
benefits,6e-05
carats,6e-05
hug,6e-05
thinks,6e-05
witness,6e-05
pour,6e-05
boom,6e-05
crew,6e-05
maria,6e-05
bolo,6e-05
wrecker,6e-05
legislation,6e-05
daming,6e-05
involving,6e-05
indexes,6e-05
demon,6e-05
tweeting,6e-05
economist,6e-05
boxing,6e-05
bird,6e-05
coach,6e-05
entered,6e-05
fuckers,6e-05
dictatorship,6e-05
allies,6e-05
cats,6e-05
contract,6e-05
sectors,6e-05
gatherings,6e-05
tied,6e-05
assume,6e-05
cuts,6e-05
yahi,6e-05
knew,6e-05
goodbye,6e-05
mommy,6e-05
babe,6e-05
cafe,6e-05
ben,6e-05
polls,6e-05
stable,6e-05
madam,6e-05
indicating,6e-05
bookings,6e-05
outlook,6e-05
slowing,6e-05
complaints,6e-05
desire,6e-05
vision,6e-05
rulers,6e-05
continued,6e-05
drama,6e-05
sacrifice,6e-05
entertainment,6e-05
rushed,6e-05
accident,6e-05
slayer,6e-05
shaking,6e-05
earned,6e-05
lived,6e-05
bananas,6e-05
medicine,6e-05
complex,6e-05
bisexual,6e-05
drawn,6e-05
morocco,6e-05
discord,6e-05
identity,6e-05
opposing,6e-05
wedding,6e-05
arrival,6e-05
dad,6e-05
tear,6e-05
rapid,6e-05
listings,6e-05
slight,6e-05
machines,6e-05
door,6e-05
depends,6e-05
wallet,6e-05
cruise,6e-05
hun,6e-05
oriental,6e-05
embassy,6e-05
effects,6e-05
heard,6e-05
bets,6e-05
vlf,6e-05
delta,6e-05
ministers,6e-05
priority,6e-05
updating,6e-05
serves,6e-05
amps,6e-05
developments,6e-05
valuable,6e-05
resorts,6e-05
effort,6e-05
olympics,6e-05
voluntary,6e-05
dividends,6e-05
nations,6e-05
sought,6e-05
turning,6e-05
theme,6e-05
pulled,6e-05
turmoil,6e-05
upper,6e-05
humor,6e-05
binge,6e-05
jimmy,6e-05
gloves,6e-05
lift,6e-05
language,6e-05
ivs,6e-05
embarrassed,6e-05
protecting,6e-05
invented,6e-05
size,6e-05
pleased,6e-05
animation,6e-05
mya,6e-05
surged,6e-05
default,6e-05
pointing,6e-05
paid,6e-05
debuts,6e-05
motivated,6e-05
shields,6e-05
sparked,6e-05
ideal,6e-05
reality,6e-05
remove,6e-05
closeness,6e-05
phase,6e-05
violating,6e-05
savings,6e-05
cautioned,6e-05
theaters,6e-05
maniacs,6e-05
blank,6e-05
license,6e-05
fly,6e-05
attitude,6e-05
pretend,6e-05
con,6e-05
malik,6e-05
mountain,6e-05
mu,6e-05
speak,6e-05
print,6e-05
grammar,6e-05
iv,6e-05
closer,6e-05
sparring,6e-05
gender,6e-05
knight,6e-05
vaccines,6e-05
surpassed,6e-05
provider,6e-05
mum,6e-05
cautious,6e-05
refugees,6e-05
cl,6e-05
hearing,6e-05
pans,6e-05
quote,6e-05
partnerships,6e-05
lp,6e-05
showcase,6e-05
seconds,6e-05
instance,6e-05
entrepreneur,6e-05
abortion,6e-05
injured,6e-05
universal,6e-05
shook,6e-05
frame,6e-05
doubts,6e-05
dragon,6e-05
clocks,6e-05
nails,6e-05
decide,6e-05
advisory,6e-05
copies,6e-05
dia,6e-05
locations,6e-05
matters,6e-05
meadow,6e-05
productivity,6e-05
talkies,6e-05
primary,6e-05
consequences,6e-05
lead,6e-05
kis,6e-05
climbing,6e-05
payment,6e-05
lawyer,6e-05
kos,6e-05
setting,6e-05
mini,6e-05
votes,6e-05
keeps,6e-05
pushing,6e-05
seller,6e-05
item,6e-05
lem,6e-05
chemical,6e-05
bang,6e-05
slipped,6e-05
winning,6e-05
prayer,6e-05
freelancer,6e-05
road,6e-05
unemployment,6e-05
strength,6e-05
breakfast,6e-05
ordered,6e-05
elderly,6e-05
harvest,6e-05
paying,6e-05
declines,6e-05
changes,6e-05
hospitals,6e-05
customer,6e-05
dun,6e-05
removing,6e-05
beth,6e-05
fantasy,6e-05
pledges,6e-05
gives,6e-05
cousin,6e-05
holds,6e-05
decisions,6e-05
betting,6e-05
capacity,6e-05
banker,6e-05
grocery,6e-05
legend,6e-05
swept,6e-05
invested,6e-05
cherry,6e-05
writers,6e-05
letting,6e-05
provides,6e-05
plunged,6e-05
arts,6e-05
egg,6e-05
removal,6e-05
shops,6e-05
reject,6e-05
squads,6e-05
shirt,6e-05
reviewed,6e-05
roll,6e-05
disaster,6e-05
boosts,6e-05
rich,6e-05
whales,6e-05
dictators,6e-05
meets,6e-05
wage,6e-05
jets,6e-05
deemed,6e-05
included,6e-05
launches,6e-05
bw,6e-05
doodle,6e-05
cocaine,6e-05
scholarship,6e-05
smoke,6e-05
managers,6e-05
meth,6e-05
married,6e-05
website,6e-05
factory,6e-05
accountability,6e-05
prop,6e-05
pcs,6e-05
ta,6e-05
views,6e-05
rivalry,6e-05
performers,6e-05
houses,6e-05
asset,6e-05
buyer,6e-05
lifted,6e-05
shoot,6e-05
expressed,6e-05
daniel,6e-05
monitor,6e-05
talent,6e-05
column,6e-05
boost,6e-05
adopted,6e-05
indicators,6e-05
hype,6e-05
ten,6e-05
absorbed,6e-05
dropping,6e-05
bids,6e-05
yang,6e-05
jay,6e-05
racist,6e-05
innovation,6e-05
map,6e-05
places,6e-05
colors,6e-05
records,6e-05
deficit,6e-05
faded,6e-05
partial,6e-05
finger,6e-05
listening,6e-05
activists,6e-05
grill,6e-05
regret,6e-05
bulls,6e-05
sex,6e-05
rounds,6e-05
path,6e-05
shipping,6e-05
increasing,6e-05
surging,6e-05
reference,6e-05
aussie,6e-05
neighbouring,6e-05
consumption,6e-05
chair,6e-05
shopping,6e-05
agency,6e-05
crossed,6e-05
considering,6e-05
collect,6e-05
region,6e-05
sitting,6e-05
wood,6e-05
somewhere,6e-05
background,6e-05
yea,6e-05
sabotaged,6e-05
abuse,6e-05
iii,6e-05
crave,6e-05
avoiding,6e-05
relationship,6e-05
songs,6e-05
activist,6e-05
uppercut,6e-05
computer,6e-05
yen,6e-05
levels,6e-05
profits,6e-05
happens,6e-05
rating,6e-05
messenger,6e-05
owner,6e-05
satisfied,6e-05
roubles,6e-05
eating,6e-05
borough,6e-05
employee,6e-05
center,6e-05
then,6e-05
banner,6e-05
accused,6e-05
toffee,6e-05
radical,6e-05
solo,6e-05
ideas,6e-05
screaming,6e-05
trophy,6e-05
plush,6e-05
nga,6e-05
trademark,6e-05
tray,6e-05
replaying,6e-05
spring,6e-05
ac,6e-05
surprised,6e-05
balance,6e-05
contestant,6e-05
speed,6e-05
consultancy,6e-05
remarks,6e-05
niche,6e-05
venues,6e-05
january,6e-05
strategies,6e-05
modules,6e-05
headshot,6e-05
initiatives,6e-05
gari,6e-05
deleted,6e-05
field,6e-05
dip,6e-05
delivering,6e-05
riot,6e-05
korean,6e-05
masks,6e-05
privilege,6e-05
bs,6e-05
buddy,6e-05
shattering,6e-05
info,6e-05
grades,6e-05
communications,6e-05
worn,6e-05
village,6e-05
constant,6e-05
curfew,6e-05
negotiating,6e-05
introduced,6e-05
wild,6e-05
homeless,6e-05
loot,6e-05
counts,6e-05
disgusting,6e-05
bob,6e-05
stadium,6e-05
campaigning,6e-05
northern,6e-05
ethnic,6e-05
optimism,6e-05
discuss,6e-05
doubt,6e-05
syllabus,6e-05
crop,6e-05
studied,6e-05
pace,6e-05
survived,6e-05
mine,6e-05
claimed,6e-05
gathered,6e-05
plotted,6e-05
episodes,6e-05
battle,6e-05
yield,6e-05
aside,6e-05
overcome,6e-05
knowing,6e-05
cabinet,6e-05
stone,6e-05
province,6e-05
activism,6e-05
studies,6e-05
heat,6e-05
tanga,6e-05
alternative,6e-05
vaccination,6e-05
gentle,6e-05
papa,6e-05
logging,6e-05
tin,6e-05
steam,6e-05
born,6e-05
seminar,6e-05
picks,6e-05
grounds,6e-05
exciting,6e-05
external,6e-05
warnings,6e-05
aga,6e-05
protect,6e-05
marketplace,6e-05
monster,6e-05
tt,6e-05
icelandic,6e-05
software,6e-05
stands,6e-05
beef,6e-05
jasmine,6e-05
babbles,6e-05
failure,6e-05
slogans,6e-05
unsealed,6e-05
represents,6e-05
hero,6e-05
blistering,6e-05
losses,6e-05
mother,6e-05
pi,6e-05
assured,4e-05
replace,4e-05
messed,4e-05
fear,4e-05
guns,4e-05
popularity,4e-05
flurry,4e-05
repeated,4e-05
daughter,4e-05
advisers,4e-05
stuart,4e-05
doc,4e-05
ghost,4e-05
shock,4e-05
yellow,4e-05
charts,4e-05
vibe,4e-05
sc,4e-05
spill,4e-05
thus,4e-05
manufacturer,4e-05
selected,4e-05
grouping,4e-05
mushrooms,4e-05
trusted,4e-05
efficiencies,4e-05
dish,4e-05
stance,4e-05
defense,4e-05
promises,4e-05
sarcasm,4e-05
kick,4e-05
divergence,4e-05
threats,4e-05
journalism,4e-05
land,4e-05
superstar,4e-05
ultimate,4e-05
linger,4e-05
romantic,4e-05
combined,4e-05
indians,4e-05
overwhelming,4e-05
organisations,4e-05
dew,4e-05
criticize,4e-05
roman,4e-05
office,4e-05
greeting,4e-05
shah,4e-05
forecast,4e-05
clip,4e-05
chanted,4e-05
vendors,4e-05
jared,4e-05
solve,4e-05
amateur,4e-05
offerings,4e-05
readings,4e-05
punch,4e-05
nonsense,4e-05
heroes,4e-05
kidding,4e-05
november,4e-05
abattoir,4e-05
ai,4e-05
yrs,4e-05
granted,4e-05
establishment,4e-05
shelf,4e-05
tod,4e-05
baseball,4e-05
developed,4e-05
permutations,4e-05
shine,4e-05
allows,4e-05
fail,4e-05
tan,4e-05
sees,4e-05
passenger,4e-05
tournament,4e-05
ire,4e-05
landslide,4e-05
cravings,4e-05
temperance,4e-05
preliminary,4e-05
colony,4e-05
peter,4e-05
engineer,4e-05
premier,4e-05
setbacks,4e-05
summary,4e-05
rejection,4e-05
cooled,4e-05
criticism,4e-05
releases,4e-05
modern,4e-05
prison,4e-05
hypocrisy,4e-05
sunshine,4e-05
hoy,4e-05
engine,4e-05
outlines,4e-05
nuance,4e-05
binding,4e-05
logistics,4e-05
voted,4e-05
nov,4e-05
ranked,4e-05
effect,4e-05
concert,4e-05
attempts,4e-05
gy,4e-05
category,4e-05
bracelet,4e-05
ignoring,4e-05
disagree,4e-05
buddies,4e-05
serving,4e-05
chips,4e-05
pledge,4e-05
exceptions,4e-05
lines,4e-05
matches,4e-05
competition,4e-05
colored,4e-05
tapping,4e-05
cartoon,4e-05
calculations,4e-05
chocolate,4e-05
lying,4e-05
withdrawing,4e-05
lakhs,4e-05
rent,4e-05
suggestions,4e-05
republic,4e-05
hyped,4e-05
aligned,4e-05
beast,4e-05
ordering,4e-05
triggered,4e-05
bolster,4e-05
host,4e-05
canopy,4e-05
steady,4e-05
contender,4e-05
aunty,4e-05
involved,4e-05
aspect,4e-05
yards,4e-05
disrupt,4e-05
coaster,4e-05
nowadays,4e-05
achievements,4e-05
economists,4e-05
constitution,4e-05
launched,4e-05
inquiry,4e-05
miracle,4e-05
hop,4e-05
microbiology,4e-05
pave,4e-05
essay,4e-05
festival,4e-05
cancer,4e-05
attributed,4e-05
downturn,4e-05
island,4e-05
marches,4e-05
toppling,4e-05
academy,4e-05
boasts,4e-05
shade,4e-05
sea,4e-05
creator,4e-05
hang,4e-05
discontent,4e-05
cooperation,4e-05
begin,4e-05
ranch,4e-05
boots,4e-05
articles,4e-05
gainer,4e-05
diligence,4e-05
faced,4e-05
bps,4e-05
upgrades,4e-05
telephone,4e-05
tests,4e-05
interaction,4e-05
jokes,4e-05
battlefield,4e-05
targeted,4e-05
greenhouse,4e-05
voices,4e-05
struggled,4e-05
will,4e-05
hospitalisations,4e-05
swing,4e-05
watermark,4e-05
sweets,4e-05
scam,4e-05
imports,4e-05
drag,4e-05
adjusted,4e-05
appetite,4e-05
touting,4e-05
autumn,4e-05
monitoring,4e-05
consolidation,4e-05
tweeted,4e-05
crore,4e-05
dynamic,4e-05
transformation,4e-05
cokes,4e-05
church,4e-05
deposit,4e-05
oceans,4e-05
mayor,4e-05
bucked,4e-05
woods,4e-05
deflect,4e-05
cook,4e-05
controversy,4e-05
laureate,4e-05
kissing,4e-05
opposite,4e-05
prosecutor,4e-05
tested,4e-05
zoology,4e-05
swath,4e-05
pizza,4e-05
striking,4e-05
casino,4e-05
ii,4e-05
handling,4e-05
realizing,4e-05
nuggets,4e-05
bots,4e-05
exceed,4e-05
bull,4e-05
dying,4e-05
ancestors,4e-05
cultures,4e-05
assorted,4e-05
envies,4e-05
lip,4e-05
float,4e-05
dispute,4e-05
powers,4e-05
ro,4e-05
ft,4e-05
kola,4e-05
permit,4e-05
northeast,4e-05
experienced,4e-05
speakers,4e-05
appearance,4e-05
coins,4e-05
flying,4e-05
bes,4e-05
dah,4e-05
resigned,4e-05
sit,4e-05
voiced,4e-05
congratulations,4e-05
prosecutors,4e-05
thrown,4e-05
hear,4e-05
jailing,4e-05
ido,4e-05
finding,4e-05
initiative,4e-05
capabilities,4e-05
wash,4e-05
analyze,4e-05
returns,4e-05
pointed,4e-05
producer,4e-05
pricing,4e-05
maar,4e-05
herald,4e-05
production,4e-05
maxwell,4e-05
penultimate,4e-05
cake,4e-05
mina,4e-05
scrolling,4e-05
terrorists,4e-05
intersex,4e-05
scatter,4e-05
protesting,4e-05
pattern,4e-05
rick,4e-05
resolved,4e-05
brings,4e-05
planet,4e-05
storm,4e-05
factoring,4e-05
puncture,4e-05
smell,4e-05
implying,4e-05
liability,4e-05
relies,4e-05
outbreaks,4e-05
text,4e-05
flavor,4e-05
shifted,4e-05
hame,4e-05
cheered,4e-05
drive,4e-05
gising,4e-05
rewarding,4e-05
credits,4e-05
alcohol,4e-05
kg,4e-05
concrete,4e-05
stances,4e-05
naga,4e-05
clowns,4e-05
changed,4e-05
tonights,4e-05
dialogue,4e-05
hotels,4e-05
checked,4e-05
closures,4e-05
foot,4e-05
gold,4e-05
heaven,4e-05
bass,4e-05
availability,4e-05
abundance,4e-05
stash,4e-05
repeats,4e-05
cutting,4e-05
backlash,4e-05
monthly,4e-05
generated,4e-05
delay,4e-05
chronology,4e-05
advocates,4e-05
bread,4e-05
suicide,4e-05
stem,4e-05
merger,4e-05
defeat,4e-05
corporation,4e-05
boycotting,4e-05
loses,4e-05
nasa,4e-05
filed,4e-05
tea,4e-05
veteran,4e-05
approaching,4e-05
traders,4e-05
explaining,4e-05
vibes,4e-05
studios,4e-05
effing,4e-05
household,4e-05
holiday,4e-05
garage,4e-05
laundering,4e-05
continuing,4e-05
cr,4e-05
discussions,4e-05
staffers,4e-05
urged,4e-05
reservation,4e-05
directors,4e-05
relating,4e-05
mineralogy,4e-05
welt,4e-05
disassociating,4e-05
dresses,4e-05
triumph,4e-05
keen,4e-05
emotion,4e-05
masters,4e-05
paralysed,4e-05
affected,4e-05
output,4e-05
fridge,4e-05
fool,4e-05
acquisition,4e-05
franchises,4e-05
mood,4e-05
founders,4e-05
scenes,4e-05
urging,4e-05
nearing,4e-05
nuts,4e-05
kit,4e-05
doubled,4e-05
hurts,4e-05
sizzle,4e-05
messaging,4e-05
buybacks,4e-05
cement,4e-05
danger,4e-05
shareowners,4e-05
tastes,4e-05
handles,4e-05
hedge,4e-05
reset,4e-05
confounding,4e-05
persons,4e-05
communities,4e-05
stroke,4e-05
willing,4e-05
literal,4e-05
elder,4e-05
underground,4e-05
ribs,4e-05
palliatives,4e-05
bid,4e-05
illuminate,4e-05
migration,4e-05
weapons,4e-05
travelers,4e-05
confidence,4e-05
habits,4e-05
rs,4e-05
location,4e-05
guards,4e-05
horizon,4e-05
named,4e-05
organization,4e-05
skinny,4e-05
perception,4e-05
reserve,4e-05
blues,4e-05
container,4e-05
vroom,4e-05
easing,4e-05
drove,4e-05
warming,4e-05
mexicans,4e-05
tee,4e-05
juices,4e-05
talked,4e-05
targeting,4e-05
wavered,4e-05
quoting,4e-05
leaping,4e-05
quirks,4e-05
reunion,4e-05
piling,4e-05
bell,4e-05
cheers,4e-05
seniors,4e-05
pie,4e-05
memes,4e-05
alleging,4e-05
typhoon,4e-05
cars,4e-05
approval,4e-05
compatriot,4e-05
satisfy,4e-05
thirty,4e-05
smashed,4e-05
genius,4e-05
centre,4e-05
mystery,4e-05
introducing,4e-05
except,4e-05
exploit,4e-05
pray,4e-05
whale,4e-05
comprising,4e-05
portuguese,4e-05
chop,4e-05
revolution,4e-05
suit,4e-05
partnered,4e-05
defy,4e-05
causes,4e-05
tko,4e-05
detaining,4e-05
hampshire,4e-05
airlines,4e-05
pumped,4e-05
fink,4e-05
alumni,4e-05
bitches,4e-05
operations,4e-05
pinned,4e-05
bucket,4e-05
rescheduled,4e-05
declarations,4e-05
coat,4e-05
plough,4e-05
maha,4e-05
formula,4e-05
rice,4e-05
miners,4e-05
umpire,4e-05
hike,4e-05
killer,4e-05
m3,4e-05
sprint,4e-05
clash,4e-05
annoying,4e-05
smile,4e-05
cos,4e-05
resonance,4e-05
provision,4e-05
listed,4e-05
suffer,4e-05
opposed,4e-05
sami,4e-05
coalition,4e-05
meantime,4e-05
rumor,4e-05
tip,4e-05
experts,4e-05
constitutional,4e-05
zone,4e-05
rapist,4e-05
sport,4e-05
temples,4e-05
straddle,4e-05
supposed,4e-05
diamond,4e-05
wounded,4e-05
domination,4e-05
buddhist,4e-05
veda,4e-05
fears,4e-05
heading,4e-05
heavy,4e-05
takers,4e-05
reverse,4e-05
nigerians,4e-05
frenzy,4e-05
meal,4e-05
grown,4e-05
messages,4e-05
ousted,4e-05
shorting,4e-05
tells,4e-05
billions,4e-05
towel,4e-05
laying,4e-05
drills,4e-05
leftists,4e-05
reservations,4e-05
turkey,4e-05
hosted,4e-05
disposable,4e-05
grew,4e-05
enemies,4e-05
sponsor,4e-05
shareholders,4e-05
recruitment,4e-05
confrontation,4e-05
learned,4e-05
visits,4e-05
justification,4e-05
engaging,4e-05
championing,4e-05
troubled,4e-05
jawboning,4e-05
rays,4e-05
relaxation,4e-05
bridges,4e-05
trouble,4e-05
finances,4e-05
identify,4e-05
decried,4e-05
hosting,4e-05
captured,4e-05
managed,4e-05
expand,4e-05
premieres,4e-05
charm,4e-05
looted,4e-05
bata,4e-05
notify,4e-05
prediction,4e-05
faking,4e-05
compensation,4e-05
pretending,4e-05
borrowing,4e-05
flavors,4e-05
diversification,4e-05
truth,4e-05
commiserated,4e-05
detailing,4e-05
survey,4e-05
proponents,4e-05
poisoning,4e-05
poetry,4e-05
causing,4e-05
fever,4e-05
nominee,4e-05
breast,4e-05
petition,4e-05
matched,4e-05
dressing,4e-05
justified,4e-05
wound,4e-05
period,4e-05
engagement,4e-05
tokens,4e-05
fractions,4e-05
coconut,4e-05
climbs,4e-05
spreading,4e-05
budget,4e-05
improved,4e-05
personalities,4e-05
favoritism,4e-05
ecosystem,4e-05
prognoses,4e-05
midterm,4e-05
solutions,4e-05
homework,4e-05
suck,4e-05
solid,4e-05
fix,4e-05
pct,4e-05
spoiled,4e-05
vale,4e-05
watched,4e-05
biharis,4e-05
cpu,4e-05
aspiring,4e-05
collapse,4e-05
heather,4e-05
marathon,4e-05
kremlin,4e-05
quad,4e-05
sunlight,4e-05
ballot,4e-05
lack,4e-05
coaches,4e-05
spikes,4e-05
seem,4e-05
civilians,4e-05
australians,4e-05
bouncing,4e-05
bonus,4e-05
attacked,4e-05
detainees,4e-05
suffering,4e-05
caused,4e-05
babes,4e-05
crackdown,4e-05
swerve,4e-05
pale,4e-05
stoke,4e-05
yesss,4e-05
draws,4e-05
agape,4e-05
trick,4e-05
wallpapers,4e-05
quiz,4e-05
dancing,4e-05
assets,4e-05
gowns,4e-05
milk,4e-05
minimum,4e-05
funding,4e-05
phi,4e-05
shout,4e-05
interests,4e-05
context,4e-05
boats,4e-05
sen,4e-05
treated,4e-05
roaring,4e-05
celebrations,4e-05
cookies,4e-05
operates,4e-05
presence,4e-05
pain,4e-05
appealed,4e-05
module,4e-05
boutiques,4e-05
rig,4e-05
operate,4e-05
mortuary,4e-05
brakes,4e-05
threatening,4e-05
fatalities,4e-05
slides,4e-05
brutality,4e-05
forests,4e-05
nation,4e-05
consume,4e-05
verge,4e-05
lads,4e-05
wed,4e-05
wishes,4e-05
tables,4e-05
kingdom,4e-05
gap,4e-05
burning,4e-05
counterparts,4e-05
liter,4e-05
gainers,4e-05
stations,4e-05
notes,4e-05
gb,4e-05
hindu,4e-05
purpose,4e-05
burns,4e-05
maids,4e-05
yuan,4e-05
bantu,4e-05
fundamentals,4e-05
pays,4e-05
river,4e-05
theory,4e-05
industries,4e-05
transport,4e-05
plug,4e-05
becomes,4e-05
reward,4e-05
workout,4e-05
lion,4e-05
snap,4e-05
handkerchief,4e-05
commitments,4e-05
sequence,4e-05
killing,4e-05
testimony,4e-05
headphones,4e-05
gallops,4e-05
cleaner,4e-05
thanking,4e-05
attendance,4e-05
tb,4e-05
oxford,4e-05
continents,4e-05
fir,4e-05
enter,4e-05
issuers,4e-05
promotion,4e-05
indicates,4e-05
floor,4e-05
friendship,4e-05
fees,4e-05
las,4e-05
ls,4e-05
society,4e-05
formed,4e-05
shame,4e-05
majority,4e-05
wounds,4e-05
currencies,4e-05
requirements,4e-05
receiving,4e-05
suggests,4e-05
gifts,4e-05
bag,4e-05
seats,4e-05
label,4e-05
separate,4e-05
flood,4e-05
photographed,4e-05
tightening,4e-05
families,4e-05
legs,4e-05
ancient,4e-05
spokeswoman,4e-05
charger,4e-05
tun,4e-05
magazine,4e-05
motors,4e-05
shaded,4e-05
train,4e-05
roller,4e-05
van,4e-05
takes,4e-05
shedding,4e-05
mart,4e-05
one,4e-05
am,4e-05
justifying,4e-05
alphabet,4e-05
differences,4e-05
trucks,4e-05
advancing,4e-05
concepts,4e-05
expiring,4e-05
purview,4e-05
truck,4e-05
halo,4e-05
routine,4e-05
announcements,4e-05
habit,4e-05
freezes,4e-05
script,4e-05
conditions,4e-05
fleeing,4e-05
sucks,4e-05
eye,4e-05
jam,4e-05
crackdowns,4e-05
rivals,4e-05
paradise,4e-05
irony,4e-05
broken,4e-05
worthy,4e-05
delve,4e-05
beating,4e-05
royalty,4e-05
toast,4e-05
directed,4e-05
grab,4e-05
introduce,4e-05
teens,4e-05
installing,4e-05
assignment,4e-05
profitability,4e-05
mentions,4e-05
values,4e-05
eras,4e-05
suspense,4e-05
counsel,4e-05
keeping,4e-05
dutch,4e-05
connect,4e-05
noon,4e-05
marine,4e-05
pages,4e-05
streams,4e-05
fuels,4e-05
sits,4e-05
guardrails,4e-05
ear,4e-05
so,4e-05
nonprofit,4e-05
relation,4e-05
recruiters,4e-05
credited,4e-05
infinity,4e-05
threatens,4e-05
beer,4e-05
rb,4e-05
repeat,4e-05
suspend,4e-05
exercising,4e-05
deliveries,4e-05
models,4e-05
velvets,4e-05
accelerate,4e-05
rush,4e-05
siding,4e-05
wicket,4e-05
pressured,4e-05
leo,4e-05
honduran,4e-05
port,4e-05
client,4e-05
earning,4e-05
noted,4e-05
hide,4e-05
uplift,4e-05
lover,4e-05
downs,4e-05
declining,4e-05
entrusted,4e-05
slammed,4e-05
remaining,4e-05
mentioning,4e-05
loving,4e-05
reaching,4e-05
caring,4e-05
relations,4e-05
facts,4e-05
archives,4e-05
basic,4e-05
innings,4e-05
capitalisation,4e-05
condemnation,4e-05
sister,4e-05
user,4e-05
trials,4e-05
dy,4e-05
warm,4e-05
signals,4e-05
bonds,4e-05
spy,4e-05
scrap,4e-05
settled,4e-05
fixture,4e-05
recommend,4e-05
triangle,4e-05
caution,4e-05
charged,4e-05
aus,4e-05
anime,4e-05
daddy,4e-05
clowning,4e-05
bitter,4e-05
dipped,4e-05
bolstered,4e-05
challenging,4e-05
fines,4e-05
cold,4e-05
gathering,4e-05
submission,4e-05
naming,4e-05
caption,4e-05
claiming,4e-05
hydrogen,4e-05
macaroni,4e-05
communist,4e-05
treat,4e-05
tm,4e-05
tickets,4e-05
ada,4e-05
sars,4e-05
swirl,4e-05
winners,4e-05
diving,4e-05
thrashed,4e-05
billionaire,4e-05
woes,4e-05
confused,4e-05
troops,4e-05
firing,4e-05
pubs,4e-05
biotechnology,4e-05
pence,4e-05
annotating,4e-05
knee,4e-05
addicts,4e-05
shed,4e-05
brokerage,4e-05
boardroom,4e-05
appreciation,4e-05
powerhouse,4e-05
facilities,4e-05
fruition,4e-05
accordance,4e-05
victor,4e-05
caffeine,4e-05
shun,4e-05
rbc,4e-05
catches,4e-05
noise,4e-05
laity,4e-05
commitment,4e-05
fixing,4e-05
fights,4e-05
pushed,4e-05
freeze,4e-05
peaks,4e-05
returned,4e-05
cpi,4e-05
seek,4e-05
hn,4e-05
defence,4e-05
earth,4e-05
patient,4e-05
begins,4e-05
ag,4e-05
arsenals,4e-05
juice,4e-05
instant,4e-05
down,4e-05
ew,4e-05
stick,4e-05
coffees,4e-05
sum,4e-05
replacing,4e-05
promotions,4e-05
marks,4e-05
agencies,4e-05
birth,4e-05
district,4e-05
planting,4e-05
jacket,4e-05
baked,4e-05
stalled,4e-05
stall,4e-05
dating,4e-05
accustomed,4e-05
appreciating,4e-05
injected,4e-05
banned,4e-05
shape,4e-05
breadwinner,4e-05
reopen,4e-05
sealed,4e-05
functions,4e-05
stones,4e-05
litre,4e-05
restricted,4e-05
defiance,4e-05
boxes,4e-05
shirts,4e-05
affair,4e-05
improving,4e-05
resulting,4e-05
caught,4e-05
html,4e-05
priorities,4e-05
suppression,4e-05
wearing,4e-05
mistake,4e-05
businessman,4e-05
speculators,4e-05
pes,4e-05
multiple,4e-05
goosebumps,4e-05
silly,4e-05
affairs,4e-05
baker,4e-05
camps,4e-05
rewards,4e-05
filter,4e-05
accusing,4e-05
guidance,4e-05
plates,4e-05
colonial,4e-05
controlling,4e-05
trash,4e-05
produced,4e-05
emailed,4e-05
insecurity,4e-05
hints,4e-05
custody,4e-05
promised,4e-05
program,4e-05
proved,4e-05
resistance,4e-05
spoilers,4e-05
runner,4e-05
mac,4e-05
processions,4e-05
culture,4e-05
hearts,4e-05
moor,4e-05
relationships,4e-05
attorney,4e-05
cattle,2e-05
longevity,2e-05
rip,2e-05
heating,2e-05
orgy,2e-05
conclusions,2e-05
patients,2e-05
distracted,2e-05
aspire,2e-05
sucking,2e-05
flows,2e-05
proven,2e-05
royal,2e-05
capped,2e-05
isolated,2e-05
cleanup,2e-05
kicks,2e-05
mouth,2e-05
cheerleader,2e-05
volumes,2e-05
worker,2e-05
interpreted,2e-05
receipts,2e-05
absence,2e-05
believed,2e-05
brave,2e-05
attracting,2e-05
rum,2e-05
pickers,2e-05
garuda,2e-05
clutch,2e-05
keyboard,2e-05
headset,2e-05
embassies,2e-05
image,2e-05
investigate,2e-05
functionality,2e-05
logos,2e-05
trusts,2e-05
emerald,2e-05
assurances,2e-05
dard,2e-05
competitor,2e-05
contributed,2e-05
phoenix,2e-05
kb,2e-05
hitting,2e-05
rove,2e-05
bleached,2e-05
cliffhanger,2e-05
hired,2e-05
cupboard,2e-05
bout,2e-05
gang,2e-05
institute,2e-05
dub,2e-05
associate,2e-05
eater,2e-05
cassie,2e-05
ore,2e-05
hoard,2e-05
attending,2e-05
reassurance,2e-05
imperfections,2e-05
resume,2e-05
announcer,2e-05
macroeconomics,2e-05
vet,2e-05
stretched,2e-05
previews,2e-05
twitch,2e-05
blonde,2e-05
slashing,2e-05
inflating,2e-05
contribute,2e-05
pud,2e-05
skip,2e-05
therapeutics,2e-05
guesses,2e-05
kickers,2e-05
boredom,2e-05
hydroxyl,2e-05
producers,2e-05
chock,2e-05
slowed,2e-05
troubles,2e-05
trained,2e-05
heaving,2e-05
quahog,2e-05
baggage,2e-05
prey,2e-05
angel,2e-05
cried,2e-05
allied,2e-05
pinch,2e-05
stunts,2e-05
investigations,2e-05
thunder,2e-05
headache,2e-05
sas,2e-05
influence,2e-05
parsley,2e-05
perks,2e-05
calm,2e-05
accentuated,2e-05
upstart,2e-05
ros,2e-05
fits,2e-05
labels,2e-05
browser,2e-05
socials,2e-05
independence,2e-05
reliever,2e-05
md,2e-05
forte,2e-05
laughter,2e-05
ram,2e-05
patent,2e-05
reeled,2e-05
object,2e-05
passions,2e-05
digest,2e-05
irregularities,2e-05
pun,2e-05
create,2e-05
greys,2e-05
recognise,2e-05
offenders,2e-05
dot,2e-05
bonnets,2e-05
wronged,2e-05
popcorn,2e-05
dozens,2e-05
collided,2e-05
negotiators,2e-05
bingo,2e-05
rents,2e-05
demanding,2e-05
deaf,2e-05
woe,2e-05
fellas,2e-05
yields,2e-05
registrars,2e-05
steering,2e-05
spoken,2e-05
raincoat,2e-05
founded,2e-05
brouhaha,2e-05
impossible,2e-05
chit,2e-05
magistrates,2e-05
chaps,2e-05
sweatshirt,2e-05
devastating,2e-05
choices,2e-05
nowhere,2e-05
lips,2e-05
dwarf,2e-05
wrongdoers,2e-05
translation,2e-05
geography,2e-05
prospects,2e-05
housekeeping,2e-05
tala,2e-05
beads,2e-05
tying,2e-05
flames,2e-05
gods,2e-05
sour,2e-05
flawed,2e-05
globe,2e-05
jean,2e-05
siren,2e-05
concession,2e-05
appeals,2e-05
stepping,2e-05
sinking,2e-05
rankings,2e-05
eyebrows,2e-05
chat,2e-05
conglomerate,2e-05
arrests,2e-05
nt,2e-05
perfection,2e-05
decking,2e-05
requiring,2e-05
physician,2e-05
thrust,2e-05
tank,2e-05
frost,2e-05
comebacks,2e-05
aesthetic,2e-05
battery,2e-05
appearances,2e-05
bombarding,2e-05
amounted,2e-05
proposals,2e-05
ceases,2e-05
flaunt,2e-05
praised,2e-05
relative,2e-05
arrangement,2e-05
bot,2e-05
thugs,2e-05
containers,2e-05
offset,2e-05
mst,2e-05
sterling,2e-05
mode,2e-05
conservation,2e-05
ventilators,2e-05
pleasure,2e-05
shore,2e-05
taiwanese,2e-05
turkish,2e-05
turtles,2e-05
nullified,2e-05
explain,2e-05
misinterpreted,2e-05
cramming,2e-05
stump,2e-05
buckeyes,2e-05
laid,2e-05
locator,2e-05
billboards,2e-05
styless,2e-05
accessibility,2e-05
rebel,2e-05
teeth,2e-05
barking,2e-05
bane,2e-05
hind,2e-05
bowler,2e-05
flinching,2e-05
petrified,2e-05
pause,2e-05
exposure,2e-05
hotel,2e-05
feminists,2e-05
setswana,2e-05
fixer,2e-05
bastard,2e-05
islamism,2e-05
belgian,2e-05
os,2e-05
lag,2e-05
punt,2e-05
methods,2e-05
den,2e-05
pension,2e-05
candle,2e-05
cell,2e-05
honey,2e-05
basssssssss,2e-05
mute,2e-05
teen,2e-05
privatization,2e-05
midweek,2e-05
responding,2e-05
resort,2e-05
brigades,2e-05
havens,2e-05
baster,2e-05
nd,2e-05
draped,2e-05
cheyenne,2e-05
handful,2e-05
costed,2e-05
bobby,2e-05
necessity,2e-05
nato,2e-05
euphemism,2e-05
box,2e-05
poke,2e-05
nickname,2e-05
melted,2e-05
centuries,2e-05
blaming,2e-05
chemist,2e-05
rep,2e-05
capacities,2e-05
helicopter,2e-05
rapes,2e-05
deadlines,2e-05
marrow,2e-05
pots,2e-05
educate,2e-05
travels,2e-05
blackness,2e-05
reshaped,2e-05
cups,2e-05
teared,2e-05
curse,2e-05
endeavors,2e-05
shelter,2e-05
trajectory,2e-05
condolences,2e-05
clorox,2e-05
mods,2e-05
accent,2e-05
african,2e-05
porn,2e-05
organising,2e-05
highlights,2e-05
disclose,2e-05
importation,2e-05
beses,2e-05
mri,2e-05
spots,2e-05
advisor,2e-05
intend,2e-05
twit,2e-05
throwing,2e-05
montage,2e-05
nutrition,2e-05
spinners,2e-05
direction,2e-05
apologize,2e-05
makeover,2e-05
shielded,2e-05
scarlet,2e-05
millennium,2e-05
uighur,2e-05
gather,2e-05
pets,2e-05
inciting,2e-05
bong,2e-05
heavyweights,2e-05
hobo,2e-05
babu,2e-05
squeezing,2e-05
bite,2e-05
offices,2e-05
syndrome,2e-05
raven,2e-05
july,2e-05
clock,2e-05
cod,2e-05
servants,2e-05
commercialization,2e-05
squawk,2e-05
poverty,2e-05
clogged,2e-05
midst,2e-05
antiviral,2e-05
disease,2e-05
lyricists,2e-05
trh,2e-05
cuddle,2e-05
ranchers,2e-05
blackout,2e-05
encounters,2e-05
gop,2e-05
intensive,2e-05
screams,2e-05
bucks,2e-05
flowing,2e-05
splash,2e-05
snowed,2e-05
alleged,2e-05
cent,2e-05
owes,2e-05
puns,2e-05
healing,2e-05
weapon,2e-05
grilled,2e-05
sites,2e-05
ford,2e-05
aura,2e-05
fury,2e-05
rally,2e-05
chuck,2e-05
receives,2e-05
poured,2e-05
skill,2e-05
smacker,2e-05
dean,2e-05
discount,2e-05
entrust,2e-05
hush,2e-05
bounced,2e-05
guest,2e-05
scanner,2e-05
passion,2e-05
hurry,2e-05
cu,2e-05
thai,2e-05
halt,2e-05
cards,2e-05
arb,2e-05
develop,2e-05
bones,2e-05
treating,2e-05
handwriting,2e-05
peeps,2e-05
quench,2e-05
hoot,2e-05
constipation,2e-05
stopping,2e-05
surges,2e-05
dictator,2e-05
pleas,2e-05
exacerbated,2e-05
facility,2e-05
punches,2e-05
adventure,2e-05
circumstances,2e-05
spend,2e-05
ingredient,2e-05
retrofit,2e-05
icons,2e-05
exchanges,2e-05
centres,2e-05
balm,2e-05
techs,2e-05
boas,2e-05
moral,2e-05
inviting,2e-05
tours,2e-05
donut,2e-05
chose,2e-05
faults,2e-05
classes,2e-05
exclusive,2e-05
greening,2e-05
comprehensive,2e-05
situations,2e-05
projecting,2e-05
floods,2e-05
windows,2e-05
banquet,2e-05
confront,2e-05
artiste,2e-05
interactions,2e-05
premises,2e-05
masculine,2e-05
reads,2e-05
clout,2e-05
jacob,2e-05
elbow,2e-05
aries,2e-05
mounting,2e-05
distance,2e-05
darwinism,2e-05
afford,2e-05
vacations,2e-05
displays,2e-05
develops,2e-05
skating,2e-05
monkey,2e-05
bitching,2e-05
blow,2e-05
nigga,2e-05
sixteen,2e-05
prototype,2e-05
expanding,2e-05
lss,2e-05
fireworks,2e-05
varieties,2e-05
benadryl,2e-05
chevron,2e-05
lobbying,2e-05
teenagers,2e-05
irritation,2e-05
indicative,2e-05
tales,2e-05
remembered,2e-05
screener,2e-05
prang,2e-05
notification,2e-05
honoured,2e-05
gentleman,2e-05
slowdown,2e-05
realising,2e-05
ruler,2e-05
declared,2e-05
mentality,2e-05
bastions,2e-05
shareholder,2e-05
driven,2e-05
petrifying,2e-05
streamer,2e-05
swifts,2e-05
assessments,2e-05
pows,2e-05
nude,2e-05
classmates,2e-05
rebounded,2e-05
shipyard,2e-05
fallacy,2e-05
niggas,2e-05
persecution,2e-05
prominence,2e-05
misunderstanding,2e-05
greenhouses,2e-05
cringed,2e-05
fill,2e-05
hao,2e-05
arm,2e-05
blind,2e-05
harmony,2e-05
areas,2e-05
unrest,2e-05
raft,2e-05
penguin,2e-05
dissent,2e-05
accelerates,2e-05
sodas,2e-05
darkening,2e-05
catfish,2e-05
totalling,2e-05
plot,2e-05
tunnel,2e-05
risotto,2e-05
gallery,2e-05
selection,2e-05
precision,2e-05
frustrations,2e-05
waistline,2e-05
birdie,2e-05
heft,2e-05
diesel,2e-05
substances,2e-05
existence,2e-05
mania,2e-05
boomed,2e-05
rivers,2e-05
rounders,2e-05
yanan,2e-05
cad,2e-05
overthrowing,2e-05
usability,2e-05
resolutions,2e-05
disturbances,2e-05
treaters,2e-05
extended,2e-05
wrap,2e-05
vent,2e-05
pack,2e-05
ribbons,2e-05
wounding,2e-05
demonstrated,2e-05
misogyny,2e-05
launching,2e-05
fulfilling,2e-05
minerals,2e-05
debts,2e-05
shake,2e-05
britons,2e-05
swimming,2e-05
triple,2e-05
aggression,2e-05
floppy,2e-05
improprieties,2e-05
dress,2e-05
forum,2e-05
palettes,2e-05
pipeline,2e-05
behold,2e-05
loser,2e-05
posters,2e-05
malay,2e-05
orphans,2e-05
calories,2e-05
margin,2e-05
competitors,2e-05
paraded,2e-05
fax,2e-05
candy,2e-05
specialist,2e-05
pickup,2e-05
abc,2e-05
farmer,2e-05
rand,2e-05
wring,2e-05
torch,2e-05
advertised,2e-05
mannequin,2e-05
sucker,2e-05
sol,2e-05
uploading,2e-05
networks,2e-05
notifications,2e-05
malaysian,2e-05
vinyl,2e-05
ministries,2e-05
coordinating,2e-05
pharmacy,2e-05
modelling,2e-05
spreadsheets,2e-05
ambitions,2e-05
emerges,2e-05
parent,2e-05
toilets,2e-05
filings,2e-05
pocket,2e-05
massed,2e-05
lighted,2e-05
surfer,2e-05
melatonin,2e-05
distribution,2e-05
backers,2e-05
giveaways,2e-05
accompanying,2e-05
researches,2e-05
chronicles,2e-05
soma,2e-05
tops,2e-05
carrier,2e-05
disbanded,2e-05
statues,2e-05
blueprint,2e-05
salter,2e-05
festivals,2e-05
outlet,2e-05
christ,2e-05
contrast,2e-05
sprouts,2e-05
fuses,2e-05
filters,2e-05
surplus,2e-05
fairy,2e-05
photosss,2e-05
hijab,2e-05
tarnishing,2e-05
playoff,2e-05
convince,2e-05
villainy,2e-05
aide,2e-05
happenings,2e-05
acid,2e-05
brewing,2e-05
pitch,2e-05
shacks,2e-05
expropriation,2e-05
passengers,2e-05
mao,2e-05
sophomore,2e-05
punching,2e-05
specializes,2e-05
biased,2e-05
ode,2e-05
providers,2e-05
wakes,2e-05
townes,2e-05
county,2e-05
hubby,2e-05
conservative,2e-05
viability,2e-05
shadow,2e-05
wrangler,2e-05
vagabond,2e-05
lever,2e-05
rot,2e-05
seized,2e-05
tolerance,2e-05
ful,2e-05
delving,2e-05
volatile,2e-05
guidebook,2e-05
nerds,2e-05
europes,2e-05
courtesy,2e-05
prayers,2e-05
tandem,2e-05
pool,2e-05
paste,2e-05
horoscope,2e-05
cited,2e-05
transformed,2e-05
documenting,2e-05
slab,2e-05
extravert,2e-05
fizz,2e-05
infusion,2e-05
grading,2e-05
detentions,2e-05
hidden,2e-05
governance,2e-05
worsening,2e-05
cure,2e-05
booming,2e-05
apology,2e-05
versions,2e-05
export,2e-05
solidarity,2e-05
tins,2e-05
rolls,2e-05
encrypt,2e-05
argument,2e-05
uses,2e-05
travelling,2e-05
anarchy,2e-05
buses,2e-05
stupidity,2e-05
bore,2e-05
resounded,2e-05
mulla,2e-05
naps,2e-05
dimming,2e-05
discourage,2e-05
stiff,2e-05
trapped,2e-05
producing,2e-05
tracker,2e-05
february,2e-05
aqua,2e-05
teacher,2e-05
potter,2e-05
incinerator,2e-05
realised,2e-05
rangers,2e-05
financing,2e-05
brokers,2e-05
rapporteur,2e-05
imo,2e-05
veto,2e-05
catholics,2e-05
mc,2e-05
victim,2e-05
loaded,2e-05
deviations,2e-05
invasion,2e-05
tradition,2e-05
befriending,2e-05
boses,2e-05
holdings,2e-05
torn,2e-05
justify,2e-05
balls,2e-05
dumplings,2e-05
confronting,2e-05
individuals,2e-05
crack,2e-05
refunds,2e-05
reigning,2e-05
ketamine,2e-05
resolve,2e-05
supplies,2e-05
bomb,2e-05
mens,2e-05
swag,2e-05
difficulties,2e-05
servings,2e-05
stunning,2e-05
goddess,2e-05
pedestrians,2e-05
function,2e-05
instrument,2e-05
encoding,2e-05
witch,2e-05
composed,2e-05
freckles,2e-05
rap,2e-05
portraits,2e-05
fare,2e-05
luck,2e-05
boycotted,2e-05
instructing,2e-05
ene,2e-05
subscribers,2e-05
menu,2e-05
siemens,2e-05
alexander,2e-05
slaves,2e-05
permanent,2e-05
symbols,2e-05
distractions,2e-05
televised,2e-05
litter,2e-05
requested,2e-05
bullshit,2e-05
torsos,2e-05
edit,2e-05
furniture,2e-05
struggles,2e-05
sip,2e-05
predicting,2e-05
reis,2e-05
weeding,2e-05
qualified,2e-05
manifesting,2e-05
fe,2e-05
transfer,2e-05
collected,2e-05
keyboards,2e-05
thrones,2e-05
showtime,2e-05
sketches,2e-05
melissa,2e-05
approve,2e-05
wears,2e-05
officers,2e-05
consumed,2e-05
recover,2e-05
swearing,2e-05
flagships,2e-05
expired,2e-05
prospect,2e-05
shorts,2e-05
controller,2e-05
lobby,2e-05
artifacts,2e-05
dedicating,2e-05
hack,2e-05
junior,2e-05
glitters,2e-05
prisoner,2e-05
fm,2e-05
roof,2e-05
rifles,2e-05
reviewing,2e-05
tiers,2e-05
captained,2e-05
outnumbered,2e-05
organisation,2e-05
rampage,2e-05
folding,2e-05
harms,2e-05
taxation,2e-05
kitty,2e-05
dorm,2e-05
mister,2e-05
hip,2e-05
acts,2e-05
motorists,2e-05
wheeled,2e-05
altering,2e-05
finals,2e-05
agreements,2e-05
wise,2e-05
notion,2e-05
strategist,2e-05
waving,2e-05
spokesperson,2e-05
monitored,2e-05
seizing,2e-05
mufti,2e-05
praying,2e-05
samples,2e-05
restoration,2e-05
nazi,2e-05
synergies,2e-05
hoeing,2e-05
sierra,2e-05
marvel,2e-05
enterprise,2e-05
bacon,2e-05
resurgence,2e-05
punctured,2e-05
draining,2e-05
barrels,2e-05
presenting,2e-05
stockpiled,2e-05
spoiling,2e-05
ais,2e-05
flared,2e-05
minorities,2e-05
walking,2e-05
kneel,2e-05
mainland,2e-05
fifteen,2e-05
victorian,2e-05
childhood,2e-05
developers,2e-05
provincial,2e-05
write,2e-05
chemistry,2e-05
toes,2e-05
tequila,2e-05
intimidation,2e-05
suffocating,2e-05
storing,2e-05
broadcast,2e-05
afternoon,2e-05
alumnus,2e-05
superiority,2e-05
stunt,2e-05
puppets,2e-05
continues,2e-05
drowning,2e-05
diversifying,2e-05
fortune,2e-05
positivity,2e-05
veil,2e-05
ups,2e-05
matchmakers,2e-05
pot,2e-05
typed,2e-05
joint,2e-05
tsunami,2e-05
poet,2e-05
sprayed,2e-05
resounding,2e-05
looms,2e-05
scorer,2e-05
wee,2e-05
tar,2e-05
predictions,2e-05
disorder,2e-05
bide,2e-05
consumerism,2e-05
needing,2e-05
utilized,2e-05
cancers,2e-05
lesson,2e-05
eighty,2e-05
dealership,2e-05
pappa,2e-05
instructions,2e-05
bureau,2e-05
juntas,2e-05
wats,2e-05
pools,2e-05
frustration,2e-05
tipping,2e-05
ruined,2e-05
whos,2e-05
blocking,2e-05
citizens,2e-05
receive,2e-05
dolomite,2e-05
agitation,2e-05
sprite,2e-05
popped,2e-05
scripted,2e-05
spawned,2e-05
ngo,2e-05
stitch,2e-05
bis,2e-05
reiterated,2e-05
import,2e-05
shopped,2e-05
podcast,2e-05
pt,2e-05
advise,2e-05
similarity,2e-05
hint,2e-05
thin,2e-05
overcomes,2e-05
phrase,2e-05
aba,2e-05
yi,2e-05
victims,2e-05
risen,2e-05
refilled,2e-05
triggering,2e-05
mortgage,2e-05
storage,2e-05
adventures,2e-05
sundays,2e-05
fucked,2e-05
decors,2e-05
talents,2e-05
palm,2e-05
underscoring,2e-05
butter,2e-05
buys,2e-05
gals,2e-05
fining,2e-05
require,2e-05
banana,2e-05
mixing,2e-05
condiments,2e-05
expiration,2e-05
stuffing,2e-05
airport,2e-05
rows,2e-05
replying,2e-05
accounted,2e-05
ranting,2e-05
gun,2e-05
nag,2e-05
sided,2e-05
praise,2e-05
mainstay,2e-05
realise,2e-05
pellet,2e-05
settlement,2e-05
scheme,2e-05
punk,2e-05
citizenship,2e-05
brainstorming,2e-05
organised,2e-05
thermostat,2e-05
tera,2e-05
behaviour,2e-05
flush,2e-05
detail,2e-05
tearing,2e-05
hears,2e-05
whimper,2e-05
reducing,2e-05
expert,2e-05
fumes,2e-05
celtic,2e-05
generate,2e-05
couples,2e-05
gaddi,2e-05
condemning,2e-05
bura,2e-05
roots,2e-05
smuggle,2e-05
topics,2e-05
mines,2e-05
ranging,2e-05
oracle,2e-05
withdrawal,2e-05
amen,2e-05
blast,2e-05
dancer,2e-05
graveyard,2e-05
outbreak,2e-05
metropolis,2e-05
explained,2e-05
teenager,2e-05
criminals,2e-05
heartbreaks,2e-05
wear,2e-05
liquid,2e-05
panty,2e-05
lati,2e-05
interacted,2e-05
companys,2e-05
complaint,2e-05
chew,2e-05
advancers,2e-05
lolo,2e-05
sticks,2e-05
un,2e-05
marseille,2e-05
banning,2e-05
penalty,2e-05
laden,2e-05
trough,2e-05
formal,2e-05
latin,2e-05
sneak,2e-05
agreed,2e-05
tamer,2e-05
spray,2e-05
dona,2e-05
hacking,2e-05
sneaker,2e-05
minor,2e-05
ths,2e-05
drugs,2e-05
hairs,2e-05
seasons,2e-05
primarys,2e-05
slumped,2e-05
henry,2e-05
pseudo,2e-05
aku,2e-05
roc,2e-05
knitted,2e-05
humors,2e-05
trader,2e-05
catching,2e-05
unemployed,2e-05
gutter,2e-05
plexiglass,2e-05
wag,2e-05
cfo,2e-05
fin,2e-05
tracks,2e-05
slater,2e-05
trashed,2e-05
drake,2e-05
shucks,2e-05
stakes,2e-05
abolition,2e-05
poors,2e-05
blockbuster,2e-05
ion,2e-05
mn,2e-05
peers,2e-05
attend,2e-05
summits,2e-05
dizzying,2e-05
latinos,2e-05
huns,2e-05
printing,2e-05
sauce,2e-05
ccs,2e-05
amazed,2e-05
barbecue,2e-05
voter,2e-05
url,2e-05
threat,2e-05
remark,2e-05
hoax,2e-05
shrunk,2e-05
deserved,2e-05
minibus,2e-05
melody,2e-05
stages,2e-05
contented,2e-05
lending,2e-05
nightmares,2e-05
explosive,2e-05
wheelers,2e-05
covered,2e-05
vending,2e-05
ar,2e-05
conducting,2e-05
honoring,2e-05
hobby,2e-05
gabing,2e-05
shiv,2e-05
suggestion,2e-05
shoulder,2e-05
stability,2e-05
follower,2e-05
affecting,2e-05
tots,2e-05
why,2e-05
bundles,2e-05
calendar,2e-05
eggs,2e-05
flotilla,2e-05
audits,2e-05
edible,2e-05
lose,2e-05
swung,2e-05
hyping,2e-05
towns,2e-05
oysters,2e-05
leads,2e-05
compilation,2e-05
underestimate,2e-05
criteria,2e-05
intersection,2e-05
blooded,2e-05
probes,2e-05
trauma,2e-05
treasonists,2e-05
tend,2e-05
underrated,2e-05
files,2e-05
reactions,2e-05
featured,2e-05
cleaning,2e-05
cooles,2e-05
noodles,2e-05
beard,2e-05
damaging,2e-05
spawn,2e-05
eternity,2e-05
replay,2e-05
pissed,2e-05
subscriptions,2e-05
retailers,2e-05
pull,2e-05
lasting,2e-05
freelance,2e-05
sessions,2e-05
reel,2e-05
faith,2e-05
suppose,2e-05
offload,2e-05
taught,2e-05
munched,2e-05
iq,2e-05
battleground,2e-05
calorie,2e-05
drought,2e-05
hindus,2e-05
weightlifting,2e-05
shippers,2e-05
tall,2e-05
blacks,2e-05
carrying,2e-05
als,2e-05
ascension,2e-05
liked,2e-05
commanding,2e-05
programme,2e-05
obligated,2e-05
fleet,2e-05
makers,2e-05
criticized,2e-05
screw,2e-05
maple,2e-05
tube,2e-05
integrated,2e-05
interrogation,2e-05
failures,2e-05
slim,2e-05
whites,2e-05
comp,2e-05
proposed,2e-05
tags,2e-05
martins,2e-05
weekssssss,2e-05
burial,2e-05
sink,2e-05
holes,2e-05
introduction,2e-05
marked,2e-05
usda,2e-05
wrecked,2e-05
aiming,2e-05
deeds,2e-05
sparks,2e-05
agreement,2e-05
jeans,2e-05
audience,2e-05
cosmetics,2e-05
obtained,2e-05
metres,2e-05
contributors,2e-05
burying,2e-05
fcs,2e-05
engross,2e-05
incitements,2e-05
caller,2e-05
apocalypse,2e-05
crochet,2e-05
specialised,2e-05
platter,2e-05
calif,2e-05
austral,2e-05
sidewalk,2e-05
motmot,2e-05
arriving,2e-05
peak,2e-05
yay,2e-05
solace,2e-05
wander,2e-05
empowerment,2e-05
harm,2e-05
volume,2e-05
exaggerated,2e-05
np,2e-05
foreigners,2e-05
lowering,2e-05
trainer,2e-05
scorpio,2e-05
senses,2e-05
bedrock,2e-05
rejects,2e-05
photographs,2e-05
mounts,2e-05
teleprompter,2e-05
abilities,2e-05
collectors,2e-05
pair,2e-05
entering,2e-05
waft,2e-05
combat,2e-05
imitate,2e-05
demo,2e-05
beanie,2e-05
seltzers,2e-05
plantations,2e-05
classifies,2e-05
hikes,2e-05
rico,2e-05
awareness,2e-05
minds,2e-05
satisfaction,2e-05
vocal,2e-05
pula,2e-05
architects,2e-05
cartridges,2e-05
delaware,2e-05
quartz,2e-05
slippers,2e-05
uprising,2e-05
putt,2e-05
dias,2e-05
fancy,2e-05
logics,2e-05
laptop,2e-05
guarantee,2e-05
misguided,2e-05
sheets,2e-05
struck,2e-05
masses,2e-05
sized,2e-05
wildfires,2e-05
grad,2e-05
surviving,2e-05
cums,2e-05
inauguration,2e-05
sweaters,2e-05
gs,2e-05
stalinism,2e-05
buckeye,2e-05
collateral,2e-05
slapping,2e-05
shave,2e-05
trap,2e-05
victories,2e-05
delayed,2e-05
brush,2e-05
unionists,2e-05
dudes,2e-05
orca,2e-05
referring,2e-05
wine,2e-05
lab,2e-05
tranquility,2e-05
pitching,2e-05
televisions,2e-05
valentines,2e-05
reuse,2e-05
pollard,2e-05
organiser,2e-05
extrovert,2e-05
creations,2e-05
diseases,2e-05
focusing,2e-05
elements,2e-05
kebabs,2e-05
empress,2e-05
behaviors,2e-05
falls,2e-05
deadline,2e-05
germs,2e-05
tendencies,2e-05
insects,2e-05
guarantees,2e-05
aberration,2e-05
manufacture,2e-05
soak,2e-05
instincts,2e-05
chops,2e-05
spec,2e-05
banged,2e-05
freshers,2e-05
disappointed,2e-05
mars,2e-05
veins,2e-05
waking,2e-05
knives,2e-05
mamas,2e-05
awarded,2e-05
gripping,2e-05
subject,2e-05
alerts,2e-05
mien,2e-05
supporter,2e-05
cathedral,2e-05
miller,2e-05
roster,2e-05
transportation,2e-05
locking,2e-05
prep,2e-05
spreadsheet,2e-05
frames,2e-05
pledging,2e-05
corrupt,2e-05
borders,2e-05
instruction,2e-05
exile,2e-05
transports,2e-05
fossil,2e-05
massacre,2e-05
correlated,2e-05
cancelled,2e-05
mans,2e-05
branch,2e-05
ado,2e-05
gamble,2e-05
neighbors,2e-05
clapping,2e-05
laborers,2e-05
reversal,2e-05
asylum,2e-05
wallets,2e-05
surrounded,2e-05
culling,2e-05
zombies,2e-05
refreshment,2e-05
rescue,2e-05
button,2e-05
bundle,2e-05
glimpses,2e-05
sicilian,2e-05
extract,2e-05
classics,2e-05
singles,2e-05
miner,2e-05
jet,2e-05
electing,2e-05
alkaloid,2e-05
jenny,2e-05
enables,2e-05
interference,2e-05
scottish,2e-05
foxes,2e-05
pyramid,2e-05
bookmark,2e-05
flag,2e-05
extracting,2e-05
dough,2e-05
internet,2e-05
charming,2e-05
grandmother,2e-05
seriousness,2e-05
balloons,2e-05
dry,2e-05
explains,2e-05
rocket,2e-05
armys,2e-05
editorial,2e-05
conducted,2e-05
bowled,2e-05
campus,2e-05
copper,2e-05
beaut,2e-05
passed,2e-05
ken,2e-05
lunch,2e-05
prom,2e-05
attended,2e-05
swiss,2e-05
shoelaces,2e-05
biryani,2e-05
award,2e-05
mitigation,2e-05
acrylics,2e-05
lefties,2e-05
karma,2e-05
sundries,2e-05
chen,2e-05
entitled,2e-05
established,2e-05
kneecaps,2e-05
kicked,2e-05
elevated,2e-05
affiliates,2e-05
anna,2e-05
source,2e-05
merchants,2e-05
thieves,2e-05
bolt,2e-05
lean,2e-05
celebrate,2e-05
gamed,2e-05
rolled,2e-05
contestants,2e-05
appearing,2e-05
condescending,2e-05
geology,2e-05
reprising,2e-05
weakness,2e-05
broad,2e-05
corinthians,2e-05
cereal,2e-05
rollback,2e-05
grandparents,2e-05
ikon,2e-05
ammo,2e-05
bury,2e-05
telecast,2e-05
ms,2e-05
chicago,2e-05
prove,2e-05
cackles,2e-05
neutrals,2e-05
encompasses,2e-05
equipped,2e-05
mistakes,2e-05
haw,2e-05
christian,2e-05
balling,2e-05
revision,2e-05
smith,2e-05
distributor,2e-05
vaccinations,2e-05
touching,2e-05
ridge,2e-05
collage,2e-05
eagle,2e-05
coney,2e-05
dehydration,2e-05
loyalty,2e-05
gar,2e-05
ease,2e-05
exported,2e-05
donuts,2e-05
virginity,2e-05
discussion,2e-05
humans,2e-05
extinguishers,2e-05
donates,2e-05
georgians,2e-05
eldest,2e-05
spoiler,2e-05
mfs,2e-05
jewelry,2e-05
perk,2e-05
prays,2e-05
compliance,2e-05
allow,2e-05
friendly,2e-05
essential,2e-05
joys,2e-05
shootout,2e-05
horns,2e-05
television,2e-05
preparing,2e-05
improvement,2e-05
web,2e-05
hopeful,2e-05
challenges,2e-05
carries,2e-05
splurge,2e-05
inched,2e-05
socialized,2e-05
yess,2e-05
horrified,2e-05
fingers,2e-05
goodness,2e-05
cancellation,2e-05
hilltop,2e-05
backgrounds,2e-05
cv,2e-05
captaining,2e-05
chant,2e-05
dots,2e-05
jackpot,2e-05
purse,2e-05
adult,2e-05
reign,2e-05
shopfront,2e-05
adopt,2e-05
weighted,2e-05
polluting,2e-05
groove,2e-05
eavesdropping,2e-05
essentials,2e-05
cowed,2e-05
achievement,2e-05
salai,2e-05
appear,2e-05
performing,2e-05
blasting,2e-05
slices,2e-05
upend,2e-05
discounts,2e-05
happiness,2e-05
braided,2e-05
encourage,2e-05
tes,2e-05
collective,2e-05
negative,2e-05
degrade,2e-05
offense,2e-05
olive,2e-05
optimization,2e-05
fringes,2e-05
viewed,2e-05
experiencing,2e-05
slappers,2e-05
facet,2e-05
offend,2e-05
loneliness,2e-05
makeshift,2e-05
brushes,2e-05
lottery,2e-05
mail,2e-05
semiconductors,2e-05
machine,2e-05
philanthropy,2e-05
smiling,2e-05
democratizing,2e-05
dirty,2e-05
puts,2e-05
static,2e-05
behave,2e-05
initiates,2e-05
birds,2e-05
exceeded,2e-05
governor,2e-05
reforms,2e-05
regulators,2e-05
anger,2e-05
tissue,2e-05
employ,2e-05
featherweight,2e-05
positions,2e-05
window,2e-05
xxx,2e-05
presidents,2e-05
amon,2e-05
grade,2e-05
ramifications,2e-05
exporter,2e-05
dominated,2e-05
ballad,2e-05
dominant,2e-05
demonstration,2e-05
scores,2e-05
dacoits,2e-05
delays,2e-05
roadster,2e-05
idiots,2e-05
safar,2e-05
comforting,2e-05
grandfather,2e-05
musa,2e-05
internship,2e-05
petroleum,2e-05
reminded,2e-05
cackled,2e-05
connecting,2e-05
satisfying,2e-05
thesis,2e-05
levity,2e-05
lesbian,2e-05
stratum,2e-05
warehouse,2e-05
lollipop,2e-05
typing,2e-05
radar,2e-05
toxicity,2e-05
underperforming,2e-05
holed,2e-05
worlds,2e-05
haymaker,2e-05
implemented,2e-05
fee,2e-05
component,2e-05
assertion,2e-05
responsibility,2e-05
drained,2e-05
creation,2e-05
doings,2e-05
navigated,2e-05
berlin,2e-05
trains,2e-05
dale,2e-05
decentralized,2e-05
bare,2e-05
tapas,2e-05
stripe,2e-05
trainee,2e-05
gardening,2e-05
roofs,2e-05
agent,2e-05
col,2e-05
mos,2e-05
fitting,2e-05
reform,2e-05
motorbike,2e-05
tractors,2e-05
chunk,2e-05
homeworks,2e-05
terrorism,2e-05
bottled,2e-05
valentine,2e-05
flame,2e-05
barren,2e-05
goof,2e-05
silhouettes,2e-05
strikers,2e-05
preview,2e-05
schoolworks,2e-05
haemorrhage,2e-05
spell,2e-05
makeup,2e-05
pal,2e-05
gases,2e-05
puppies,2e-05
madness,2e-05
vehicles,2e-05
garden,2e-05
halloween,2e-05
escape,2e-05
hoped,2e-05
wifes,2e-05
served,2e-05
haring,2e-05
uniteds,2e-05
jade,2e-05
tc,2e-05
sweat,2e-05
pursuing,2e-05
mew,2e-05
headaches,2e-05
cough,2e-05
choose,2e-05
verify,2e-05
phones,2e-05
casualty,2e-05
exercise,2e-05
ordained,2e-05
kirk,2e-05
lounge,2e-05
reminds,2e-05
cocktail,2e-05
combines,2e-05
incident,2e-05
bloggers,2e-05
prototypes,2e-05
curl,2e-05
regular,2e-05
preoccupation,2e-05
revolves,2e-05
corsets,2e-05
lots,2e-05
completion,2e-05
crippling,2e-05
slaps,2e-05
cum,2e-05
translates,2e-05
shin,2e-05
discipline,2e-05
fellow,2e-05
umbrellas,2e-05
obesity,2e-05
jingle,2e-05
sparkle,2e-05
technique,2e-05
commissioned,2e-05
wars,2e-05
mural,2e-05
chilling,2e-05
vomiting,2e-05
bold,2e-05
speech,2e-05
hometown,2e-05
extent,2e-05
teamed,2e-05
spooks,2e-05
lash,2e-05
token,2e-05
jeep,2e-05
blocker,2e-05
ignore,2e-05
seasonings,2e-05
killings,2e-05
researchers,2e-05
lovelies,2e-05
partnering,2e-05
dice,2e-05
restraint,2e-05
laces,2e-05
depended,2e-05
cops,2e-05
sisters,2e-05
associating,2e-05
out,2e-05
hove,2e-05
funded,2e-05
sneeze,2e-05
filipinos,2e-05
looters,2e-05
debit,2e-05
improvements,2e-05
manage,2e-05
expression,2e-05
recall,2e-05
holocaust,2e-05
deserve,2e-05
ash,2e-05
ambition,2e-05
bellies,2e-05
giggling,2e-05
appointed,2e-05
misinformation,2e-05
cornstarch,2e-05
java,2e-05
stabiliser,2e-05
butchers,2e-05
analysis,2e-05
taker,2e-05
tie,2e-05
fonts,2e-05
wifi,2e-05
provided,2e-05
issued,2e-05
crushing,2e-05
vouchers,2e-05
bd,2e-05
staring,2e-05
reins,2e-05
einsteins,2e-05
grunge,2e-05
ninety,2e-05
externalities,2e-05
toned,2e-05
kris,2e-05
derailing,2e-05
performances,2e-05
liking,2e-05
mafia,2e-05
visiting,2e-05
postponement,2e-05
dumped,2e-05
campaigns,2e-05
proprietary,2e-05
finalist,2e-05
anthem,2e-05
starters,2e-05
tug,2e-05
gm,2e-05
bamboo,2e-05
smooth,2e-05
parity,2e-05
innovating,2e-05
aerobics,2e-05
exhibit,2e-05
planes,2e-05
craziness,2e-05
lit,2e-05
govern,2e-05
quantity,2e-05
reviewers,2e-05
prof,2e-05
antiquated,2e-05
specialize,2e-05
bani,2e-05
reflected,2e-05
canvassing,2e-05
tote,2e-05
cope,2e-05
plane,2e-05
dragons,2e-05
donate,2e-05
nod,2e-05
loans,2e-05
claws,2e-05
zoom,2e-05
twist,2e-05
knocked,2e-05
gerbil,2e-05
tagging,2e-05
demands,2e-05
trumps,2e-05
atm,2e-05
dynamite,2e-05
noses,2e-05
maintenance,2e-05
allotted,2e-05
manipulation,2e-05
boyfriend,2e-05
lists,2e-05
venue,2e-05
vomit,2e-05
morgan,2e-05
mimic,2e-05
surveyed,2e-05
deploying,2e-05
mop,2e-05
arrangements,2e-05
timers,2e-05
excuses,2e-05
closet,2e-05
ews,2e-05
excluding,2e-05
degree,2e-05
mummy,2e-05
proofs,2e-05
directive,2e-05
invoke,2e-05
vodka,2e-05
arguing,2e-05
frequent,2e-05
reassessments,2e-05
prelims,2e-05
bottomed,2e-05
packed,2e-05
toxins,2e-05
itching,2e-05
grabbing,2e-05
method,2e-05
verdict,2e-05
yahoo,2e-05
achieve,2e-05
devotion,2e-05
fox,2e-05
centered,2e-05
melts,2e-05
ears,2e-05
mf,2e-05
hologram,2e-05
displayed,2e-05
drains,2e-05
builders,2e-05
burp,2e-05
flavours,2e-05
spectating,2e-05
analysing,2e-05
confirmation,2e-05
speaks,2e-05
reserves,2e-05
goat,2e-05
meg,2e-05
ladies,2e-05
passers,2e-05
basics,2e-05
grey,2e-05
sam,2e-05
godfather,2e-05
agenda,2e-05
stoppage,2e-05
maintaining,2e-05
smoothies,2e-05
factor,2e-05
routes,2e-05
snapped,2e-05
knocking,2e-05
antique,2e-05
ingest,2e-05
creed,2e-05
footprint,2e-05
failing,2e-05
feedback,2e-05
consequence,2e-05
worrying,2e-05
prohibiting,2e-05
pew,2e-05
critics,2e-05
km,2e-05
hill,2e-05
pirates,2e-05
fountains,2e-05
scotch,2e-05
brokerages,2e-05
rugby,2e-05
silence,2e-05
thousand,2e-05
rams,2e-05
twin,2e-05
hangs,2e-05
matt,2e-05
marry,2e-05
forked,2e-05
bogey,2e-05
pedigree,2e-05
agility,2e-05
lakes,2e-05
behalf,2e-05
eighth,2e-05
verse,2e-05
breath,2e-05
heeled,2e-05
relatives,2e-05
speculating,2e-05
obstacles,2e-05
elevating,2e-05
complimented,2e-05
reaped,2e-05
cedi,2e-05
appreciate,2e-05
approved,2e-05
aesthetics,2e-05
rant,2e-05
bicycles,2e-05
leisure,2e-05
knife,2e-05
ballooning,2e-05
pita,2e-05
staged,2e-05
scepter,2e-05
navigate,2e-05
restricting,2e-05
advantage,2e-05
burnt,2e-05
porter,2e-05
destroyes,2e-05
grip,2e-05
checkouts,2e-05
intervention,2e-05
coss,2e-05
painting,2e-05
islamists,2e-05
injection,2e-05
counterpart,2e-05
nun,2e-05
spaghetti,2e-05
blaze,2e-05
carat,2e-05
bh,2e-05
seals,2e-05
soundtrack,2e-05
rejecting,2e-05
reusing,2e-05
fools,2e-05
han,2e-05
allowance,2e-05
hospitalization,2e-05
slashed,2e-05
showdown,2e-05
arise,2e-05
goodies,2e-05
corset,2e-05
confrontations,2e-05
kina,2e-05
purchased,2e-05
have,2e-05
tightened,2e-05
investigator,2e-05
economies,2e-05
incumbent,2e-05
cheeks,2e-05
positioned,2e-05
packing,2e-05
cushions,2e-05
fixes,2e-05
lah,2e-05
touch,2e-05
regulations,2e-05
celebrities,2e-05
secular,2e-05
honked,2e-05
spinel,2e-05
motmots,2e-05
pulling,2e-05
cookstoves,2e-05
professions,2e-05
lfs,2e-05
clearance,2e-05
neck,2e-05
eagles,2e-05
favored,2e-05
threatened,2e-05
glazed,2e-05
utmost,2e-05
alpha,2e-05
reduced,2e-05
upgraded,2e-05
basketball,2e-05
furor,2e-05
workspace,2e-05
stern,2e-05
nights,2e-05
quizzes,2e-05
gulped,2e-05
highlight,2e-05
combating,2e-05
dec,2e-05
gradual,2e-05
kor,2e-05
hud,2e-05
efficiency,2e-05
toon,2e-05
ramp,2e-05
coffers,2e-05
tension,2e-05
lightened,2e-05
roundup,2e-05
knees,2e-05
asks,2e-05
counter,2e-05
incentive,2e-05
uplifting,2e-05
liars,2e-05
purposes,2e-05
capita,2e-05
retired,2e-05
prosecuted,2e-05
favorites,2e-05
tsa,2e-05
females,2e-05
gambling,2e-05
coats,2e-05
interesed,2e-05
integrations,2e-05
irritated,2e-05
cameras,2e-05
mis,2e-05
aggregator,2e-05
mg,2e-05
warning,2e-05
choosing,2e-05
display,2e-05
backyard,2e-05
lindy,2e-05
palate,2e-05
calculation,2e-05
hat,2e-05
sizes,2e-05
rank,2e-05
joking,2e-05
learning,2e-05
chart,2e-05
woo,2e-05
discography,2e-05
chef,2e-05
lessen,2e-05
halls,2e-05
suite,2e-05
rail,2e-05
archaeology,2e-05
ruin,2e-05
mining,2e-05
policemen,2e-05
nas,2e-05
buff,2e-05
reviving,2e-05
remote,2e-05
grows,2e-05
doubling,2e-05
finder,2e-05
flaws,2e-05
pakistani,2e-05
commenting,2e-05
rodents,2e-05
secrets,2e-05
departments,2e-05
steel,2e-05
skirts,2e-05
dished,2e-05
cave,2e-05
emitted,2e-05
outlooks,2e-05
sandwiches,2e-05
here,2e-05
jungle,2e-05
tour,2e-05
academia,2e-05
medic,2e-05
ambassador,2e-05
lifestyles,2e-05
sweetener,2e-05
openers,2e-05
kills,2e-05
rival,2e-05
lecture,2e-05
units,2e-05
cronyism,2e-05
recording,2e-05
allegation,2e-05
opener,2e-05
beneficiary,2e-05
rss,2e-05
clamouring,2e-05
curled,2e-05
loading,2e-05
guide,2e-05
controlled,2e-05
bikes,2e-05
wallpaper,2e-05
dispersed,2e-05
gouache,2e-05
recovered,2e-05
ps,2e-05
weighing,2e-05
lake,2e-05
hood,2e-05
nailed,2e-05
tide,2e-05
legacy,2e-05
span,2e-05
shores,2e-05
spearheading,2e-05
dictate,2e-05
sung,2e-05
portrait,2e-05
humanity,2e-05
pisces,2e-05
coma,2e-05
sigh,2e-05
communicate,2e-05
upbeat,2e-05
celebration,2e-05
dyed,2e-05
paise,2e-05
sadness,2e-05
ownership,2e-05
lifting,2e-05
bait,2e-05
estate,2e-05
bade,2e-05
slick,2e-05
enjoying,2e-05
deserves,2e-05
leather,2e-05
steward,2e-05
practices,2e-05
strengths,2e-05
divide,2e-05
macron,2e-05
caste,2e-05
dominate,2e-05
rajput,2e-05
fixtures,2e-05
southwest,2e-05
snag,2e-05
containing,2e-05
qualification,2e-05
shakes,2e-05
painted,2e-05
narrative,2e-05
dat,2e-05
binder,2e-05
babies,2e-05
combination,2e-05
sword,2e-05
threaten,2e-05
robed,2e-05
tourist,2e-05
specialized,2e-05
scientists,2e-05
pob,2e-05
strawberry,2e-05
toothpaste,2e-05
plaintiffs,2e-05
representation,2e-05
colleagues,2e-05
extreme,2e-05
checklist,2e-05
melting,2e-05
roadside,2e-05
frying,2e-05
allocate,2e-05
unarmed,2e-05
rallying,2e-05
disclosed,2e-05
speculations,2e-05
conflicts,2e-05
evens,2e-05
sids,2e-05
signalled,2e-05
bolts,2e-05
fa,2e-05
corner,2e-05
camp,2e-05
efficacy,2e-05
lacks,2e-05
chug,2e-05
suspected,2e-05
holy,2e-05
daniels,2e-05
lemma,2e-05
enlisting,2e-05
broadcasting,2e-05
convention,2e-05
lovely,2e-05
wolf,2e-05
attainment,2e-05
debuted,2e-05
tout,2e-05
cyberpunk,2e-05
lagging,2e-05
upping,2e-05
avocado,2e-05
pouches,2e-05
gotten,2e-05
sop,2e-05
spam,2e-05
oni,2e-05
pontifex,2e-05
singled,2e-05
sustained,2e-05
counselling,2e-05
depository,2e-05
primus,2e-05
clocking,2e-05
gulf,2e-05
perennial,2e-05
protein,2e-05
remind,2e-05
programmes,2e-05
traction,2e-05
individual,2e-05
quoted,2e-05
books,2e-05
circulating,2e-05
chechen,2e-05
applications,2e-05
conservatives,2e-05
barrio,2e-05
features,2e-05
headlines,2e-05
guitar,2e-05
complaining,2e-05
benefited,2e-05
blunt,2e-05
standees,2e-05
singers,2e-05
fascinating,2e-05
gearing,2e-05
indication,2e-05
now,2e-05
barrier,2e-05
chesterfield,2e-05
idiot,2e-05
ghosting,2e-05
attire,2e-05
poked,2e-05
hemp,2e-05
headline,2e-05
puma,2e-05
hairstyle,2e-05
sparking,2e-05
debris,2e-05
sentence,2e-05
lessons,2e-05
citizenships,2e-05
deposits,2e-05
halftime,2e-05
hassle,2e-05
walks,2e-05
uniform,2e-05
buffoonery,2e-05
emitters,2e-05
signing,2e-05
lea,2e-05
disruptions,2e-05
jumping,2e-05
brags,2e-05
shoeshine,2e-05
preserved,2e-05
listen,2e-05
spoil,2e-05
topping,2e-05
programmed,2e-05
combining,2e-05
ambulance,2e-05
packaged,2e-05
leaf,2e-05
fuelled,2e-05
melon,2e-05
strands,2e-05
garnered,2e-05
clashes,2e-05
finisher,2e-05
petrochemicals,2e-05
legion,2e-05
intensified,2e-05
moo,2e-05
youths,2e-05
relinquishing,2e-05
doggy,2e-05
palpitations,2e-05
fountain,2e-05
raja,2e-05
reduction,2e-05
ran,2e-05
wore,2e-05
plank,2e-05
letssss,2e-05
relied,2e-05
amethyst,2e-05
ans,2e-05
encouraging,2e-05
goodby,2e-05
participants,2e-05
chairs,2e-05
contesting,2e-05
losers,2e-05
sickness,2e-05
trends,2e-05
humanist,2e-05
malachite,2e-05
nugget,2e-05
base,2e-05
assembly,2e-05
moron,2e-05
boutique,2e-05
concerts,2e-05
refuse,2e-05
mattress,2e-05
synchronised,2e-05
ghee,2e-05
strips,2e-05
lowers,2e-05
mon,2e-05
regime,2e-05
seventh,2e-05
ron,2e-05
campaigner,2e-05
snorts,2e-05
fella,2e-05
outs,2e-05
meter,2e-05
whine,2e-05
procreate,2e-05
klaxon,2e-05
discussed,2e-05
unity,2e-05
string,2e-05
sciences,2e-05
maintained,2e-05
dealer,2e-05
cannons,2e-05
soccer,2e-05
jock,2e-05
swathes,2e-05
corridor,2e-05
invention,2e-05
loaf,2e-05
tai,2e-05
celebrity,2e-05
bakelite,2e-05
detained,2e-05
neon,2e-05
settlements,2e-05
shines,2e-05
sued,2e-05
educating,2e-05
