mc,0.06835
co,0.04529
https,0.04473
like,0.04279
re,0.03918
night,0.03751
looking,0.03751
vamp,0.03723
kind,0.03723
chilling,0.03723
bk,0.00945
pro,0.00945
go,0.00834
think,0.00583
time,0.00556
news,0.005
daily,0.00472
good,0.00417
trades,0.00417
stock,0.00389
stocks,0.00361
get,0.00361
see,0.00333
minutes,0.00333
mom,0.00333
www,0.00333
going,0.00333
right,0.00333
want,0.00333
said,0.00306
trading,0.00278
back,0.00278
know,0.00278
near,0.00278
burger,0.00278
best,0.00278
brands,0.00278
need,0.00278
deal,0.00278
food,0.0025
well,0.0025
today,0.0025
private,0.0025
chicken,0.0025
sell,0.00222
smalls,0.00222
please,0.00222
live,0.00222
got,0.00222
tell,0.00222
make,0.00222
studies,0.00222
week,0.00194
amp,0.00194
order,0.00194
way,0.00194
top,0.00194
love,0.00194
kid,0.00194
works,0.00194
fries,0.00194
day,0.00194
be,0.00194
buy,0.00194
odds,0.00194
view,0.00194
indicators,0.00167
theme,0.00167
working,0.00167
song,0.00167
thinking,0.00167
better,0.00167
pay,0.00167
last,0.00167
singing,0.00167
let,0.00139
earnings,0.00139
computer,0.00139
is,0.00139
move,0.00139
inside,0.00139
report,0.00139
analyst,0.00139
html,0.00139
guy,0.00139
broken,0.00139
ng,0.00139
wait,0.00139
went,0.00139
ice,0.00139
scalp,0.00139
momentum,0.00139
living,0.00139
swing,0.00139
voting,0.00111
flurry,0.00111
fast,0.00111
first,0.00111
average,0.00111
salt,0.00111
come,0.00111
give,0.00111
cream,0.00111
ideas,0.00111
election,0.00111
hi,0.00111
post,0.00111
help,0.00111
performing,0.00111
send,0.00111
feel,0.00111
someone,0.00111
drama,0.00111
life,0.00111
price,0.00111
portfolio,0.00111
gains,0.00111
still,0.00111
change,0.00111
join,0.00111
say,0.00111
share,0.00111
moving,0.00111
dividend,0.00111
halted,0.00083
soaring,0.00083
state,0.00083
fans,0.00083
supports,0.00083
long,0.00083
brought,0.00083
cash,0.00083
adopted,0.00083
take,0.00083
getting,0.00083
bring,0.00083
try,0.00083
special,0.00083
wage,0.00083
home,0.00083
continues,0.00083
apple,0.00083
mean,0.00083
drops,0.00083
meal,0.00083
makes,0.00083
real,0.00083
options,0.00083
twitter,0.00083
work,0.00083
hands,0.00083
people,0.00083
idea,0.00083
in,0.00083
stay,0.00083
deals,0.00083
mins,0.00083
lot,0.00083
reports,0.00083
watching,0.00083
miss,0.00083
full,0.00083
grocery,0.00083
music,0.00083
saw,0.00083
coffee,0.00083
much,0.00083
meat,0.00083
appeared,0.00083
sea,0.00083
nuggets,0.00083
indicator,0.00083
ill,0.00083
thought,0.00083
watch,0.00083
mobile,0.00083
stores,0.00083
fact,0.00083
mu,0.00083
morning,0.00083
foods,0.00083
machine,0.00083
picture,0.00083
closing,0.00083
cap,0.00083
jack,0.00083
content,0.00083
expect,0.00083
competitors,0.00083
car,0.00083
bottom,0.00083
spy,0.00083
citron,0.00083
quarterly,0.00083
times,0.00083
yahoo,0.00083
remember,0.00083
years,0.00083
final,0.00056
talking,0.00056
notch,0.00056
ascend,0.00056
study,0.00056
nutrition,0.00056
foot,0.00056
eats,0.00056
china,0.00056
taxes,0.00056
launch,0.00056
crisis,0.00056
taste,0.00056
check,0.00056
making,0.00056
movers,0.00056
level,0.00056
wrong,0.00056
sandwich,0.00056
gap,0.00056
look,0.00056
charts,0.00056
lower,0.00056
es,0.00056
gentleman,0.00056
gainers,0.00056
read,0.00056
names,0.00056
crore,0.00056
control,0.00056
chart,0.00056
amazing,0.00056
moved,0.00056
left,0.00056
light,0.00056
testing,0.00056
pennies,0.00056
favorite,0.00056
harassment,0.00056
asian,0.00056
discord,0.00056
carol,0.00056
sign,0.00056
snack,0.00056
bank,0.00056
sound,0.00056
lets,0.00056
em,0.00056
equities,0.00056
owner,0.00056
aims,0.00056
chance,0.00056
eating,0.00056
believe,0.00056
put,0.00056
kb,0.00056
former,0.00056
hour,0.00056
launches,0.00056
bought,0.00056
dropped,0.00056
things,0.00056
world,0.00056
agree,0.00056
cycle,0.00056
employee,0.00056
vary,0.00056
center,0.00056
revenues,0.00056
loyalty,0.00056
corporation,0.00056
beat,0.00056
sub,0.00056
finance,0.00056
sick,0.00056
sympathy,0.00056
circle,0.00056
lies,0.00056
iced,0.00056
analysts,0.00056
open,0.00056
phase,0.00056
magic,0.00056
slurs,0.00056
smoke,0.00056
slice,0.00056
serve,0.00056
stop,0.00056
band,0.00056
gain,0.00056
taco,0.00056
drugs,0.00056
encouraged,0.00056
poor,0.00056
middle,0.00056
excuse,0.00056
terrorism,0.00056
result,0.00056
team,0.00056
trader,0.00056
company,0.00056
lawsuit,0.00056
interest,0.00056
operator,0.00056
trending,0.00056
social,0.00056
cf,0.00056
details,0.00056
shared,0.00056
tv,0.00056
snap,0.00056
skewness,0.00056
happening,0.00056
recognition,0.00056
restaurant,0.00056
are,0.00056
mar,0.00056
class,0.00056
menu,0.00056
even,0.00056
machines,0.00056
rights,0.00056
great,0.00056
understand,0.00056
potential,0.00056
made,0.00056
cola,0.00056
hell,0.00056
visit,0.00056
toys,0.00056
close,0.00056
money,0.00056
include,0.00056
article,0.00056
boutique,0.00056
ta,0.00056
alarms,0.00056
added,0.00056
thing,0.00056
breakfast,0.00056
old,0.00056
flip,0.00056
kt,0.00056
house,0.00056
sat,0.00056
alert,0.00056
message,0.00056
fuck,0.00056
party,0.00056
shop,0.00056
hope,0.00056
employees,0.00056
impact,0.00056
fix,0.00056
drive,0.00056
questions,0.00056
sin,0.00056
up,0.00056
fake,0.00056
tuned,0.00056
workers,0.00056
dream,0.00056
posters,0.00056
moves,0.00056
program,0.00056
invest,0.00056
why,0.00056
sector,0.00056
nothing,0.00056
clubhouse,0.00056
talk,0.00056
law,0.00056
egg,0.00056
impossible,0.00056
bell,0.00056
club,0.00056
ok,0.00056
wanted,0.00056
leads,0.00056
return,0.00056
due,0.00056
model,0.00056
intend,0.00056
ages,0.00028
school,0.00028
dictatorship,0.00028
decide,0.00028
smells,0.00028
month,0.00028
black,0.00028
customer,0.00028
supposed,0.00028
taking,0.00028
delivering,0.00028
medicine,0.00028
ride,0.00028
followers,0.00028
pickles,0.00028
tracking,0.00028
gay,0.00028
amendment,0.00028
charged,0.00028
holy,0.00028
border,0.00028
baby,0.00028
fear,0.00028
down,0.00028
sir,0.00028
outside,0.00028
partnering,0.00028
becoming,0.00028
flirted,0.00028
arms,0.00028
locker,0.00028
raising,0.00028
winner,0.00028
involves,0.00028
limits,0.00028
rebound,0.00028
stepping,0.00028
cheating,0.00028
believing,0.00028
sharing,0.00028
sum,0.00028
damn,0.00028
biscuit,0.00028
place,0.00028
founder,0.00028
following,0.00028
congratulations,0.00028
farms,0.00028
hold,0.00028
pandemic,0.00028
eu,0.00028
rangers,0.00028
toilets,0.00028
longer,0.00028
kicks,0.00028
sam,0.00028
daughter,0.00028
seem,0.00028
availability,0.00028
enough,0.00028
smacking,0.00028
correlation,0.00028
worker,0.00028
google,0.00028
po,0.00028
valentines,0.00028
seasonal,0.00028
sells,0.00028
throw,0.00028
takes,0.00028
wan,0.00028
actress,0.00028
follow,0.00028
bacon,0.00028
august,0.00028
roleplay,0.00028
bands,0.00028
issues,0.00028
french,0.00028
answer,0.00028
line,0.00028
charges,0.00028
calls,0.00028
reporting,0.00028
imagine,0.00028
likes,0.00028
super,0.00028
diseases,0.00028
kingdom,0.00028
hotcakes,0.00028
feels,0.00028
improvements,0.00028
bennet,0.00028
gives,0.00028
frappe,0.00028
partner,0.00028
th,0.00028
usa,0.00028
deserve,0.00028
clock,0.00028
hear,0.00028
turns,0.00028
tweeted,0.00028
whole,0.00028
dividends,0.00028
gnus,0.00028
mike,0.00028
retreat,0.00028
saying,0.00028
clicked,0.00028
tweets,0.00028
batteries,0.00028
poverty,0.00028
obsessed,0.00028
hedge,0.00028
statue,0.00028
gasp,0.00028
addressing,0.00028
macs,0.00028
affect,0.00028
challenging,0.00028
story,0.00028
chicago,0.00028
nature,0.00028
account,0.00028
milkshake,0.00028
claims,0.00028
worn,0.00028
reaction,0.00028
fee,0.00028
review,0.00028
official,0.00028
fruit,0.00028
deviations,0.00028
crowded,0.00028
worst,0.00028
reevaluating,0.00028
end,0.00028
canadian,0.00028
conference,0.00028
thus,0.00028
petitions,0.00028
generation,0.00028
realising,0.00028
chains,0.00028
individual,0.00028
lied,0.00028
judgeship,0.00028
advance,0.00028
cans,0.00028
block,0.00028
room,0.00028
maw,0.00028
number,0.00028
grocer,0.00028
victory,0.00028
mode,0.00028
museum,0.00028
suffering,0.00028
yesterday,0.00028
ki,0.00028
grabbed,0.00028
driving,0.00028
mack,0.00028
spin,0.00028
reply,0.00028
wifi,0.00028
pick,0.00028
exhaustion,0.00028
except,0.00028
thank,0.00028
racist,0.00028
stealing,0.00028
holdings,0.00028
dinner,0.00028
safety,0.00028
preserve,0.00028
kms,0.00028
stone,0.00028
piss,0.00028
trucks,0.00028
lead,0.00028
bucks,0.00028
birthday,0.00028
armenians,0.00028
hq,0.00028
sauces,0.00028
professor,0.00028
thursday,0.00028
ads,0.00028
crossed,0.00028
staring,0.00028
packaging,0.00028
artist,0.00028
pastel,0.00028
bout,0.00028
alleged,0.00028
boycott,0.00028
winter,0.00028
days,0.00028
crane,0.00028
pluralize,0.00028
cactus,0.00028
spouting,0.00028
use,0.00028
pissing,0.00028
waiting,0.00028
michael,0.00028
art,0.00028
wraps,0.00028
yesss,0.00028
female,0.00028
radio,0.00028
hopes,0.00028
headline,0.00028
gained,0.00028
aside,0.00028
champ,0.00028
half,0.00028
causing,0.00028
player,0.00028
humans,0.00028
billboards,0.00028
wards,0.00028
paper,0.00028
strategy,0.00028
wen,0.00028
international,0.00028
learn,0.00028
toy,0.00028
jail,0.00028
goes,0.00028
confusion,0.00028
bye,0.00028
capture,0.00028
mum,0.00028
funds,0.00028
standard,0.00028
knowledge,0.00028
yes,0.00028
tho,0.00028
habit,0.00028
theft,0.00028
complete,0.00028
community,0.00028
confidence,0.00028
gurus,0.00028
raking,0.00028
increases,0.00028
twitch,0.00028
embargo,0.00028
fiber,0.00028
green,0.00028
buying,0.00028
accused,0.00028
women,0.00028
knowing,0.00028
free,0.00028
regards,0.00028
job,0.00028
gets,0.00028
exuded,0.00028
saves,0.00028
mesh,0.00028
keeps,0.00028
da,0.00028
disembodied,0.00028
flap,0.00028
fraud,0.00028
biased,0.00028
correlated,0.00028
act,0.00028
request,0.00028
participating,0.00028
coca,0.00028
tea,0.00028
local,0.00028
march,0.00028
policies,0.00028
stand,0.00028
police,0.00028
city,0.00028
modern,0.00028
second,0.00028
calling,0.00028
disbandment,0.00028
confirmed,0.00028
sucks,0.00028
icecream,0.00028
king,0.00028
crown,0.00028
shit,0.00028
doze,0.00028
volatility,0.00028
fo,0.00028
bitches,0.00028
clean,0.00028
pullbacks,0.00028
trophy,0.00028
short,0.00028
flipping,0.00028
needs,0.00028
son,0.00028
galaxies,0.00028
sentiment,0.00028
hit,0.00028
decided,0.00028
supplier,0.00028
rivals,0.00028
location,0.00028
accept,0.00028
legacy,0.00028
pictures,0.00028
minimum,0.00028
hiring,0.00028
video,0.00028
franchise,0.00028
picking,0.00028
wont,0.00028
future,0.00028
quote,0.00028
flow,0.00028
ko,0.00028
item,0.00028
dairy,0.00028
okay,0.00028
luck,0.00028
whipped,0.00028
care,0.00028
makeup,0.00028
thug,0.00028
wearing,0.00028
mantis,0.00028
killing,0.00028
sitting,0.00028
bravo,0.00028
horizon,0.00028
adult,0.00028
sense,0.00028
martin,0.00028
sprite,0.00028
plant,0.00028
hours,0.00028
part,0.00028
queen,0.00028
evaluating,0.00028
paris,0.00028
dismay,0.00028
ate,0.00028
served,0.00028
doughnuts,0.00028
bee,0.00028
gross,0.00028
roasts,0.00028
zones,0.00028
person,0.00028
cuban,0.00028
looks,0.00028
merchant,0.00028
add,0.00028
difference,0.00028
pride,0.00028
revealed,0.00028
term,0.00028
door,0.00028
ed,0.00028
depends,0.00028
container,0.00028
led,0.00028
briefing,0.00028
sep,0.00028
rice,0.00028
roads,0.00028
invented,0.00028
bos,0.00028
sadness,0.00028
woman,0.00028
appreciated,0.00028
covering,0.00028
climbs,0.00028
knocked,0.00028
teens,0.00028
experience,0.00028
bunny,0.00028
rapper,0.00028
drove,0.00028
racking,0.00028
killer,0.00028
tomorrows,0.00028
invade,0.00028
pressure,0.00028
heights,0.00028
thanks,0.00028
wrap,0.00028
run,0.00028
trying,0.00028
atm,0.00028
grew,0.00028
misled,0.00028
burgers,0.00028
glass,0.00028
pearl,0.00028
century,0.00028
peer,0.00028
size,0.00028
raped,0.00028
worth,0.00028
started,0.00028
internet,0.00028
mb,0.00028
absolute,0.00028
operated,0.00028
congress,0.00028
road,0.00028
couple,0.00028
peddling,0.00028
pair,0.00028
box,0.00028
single,0.00028
knows,0.00028
entering,0.00028
cheese,0.00028
blizzards,0.00028
as,0.00028
cant,0.00028
brother,0.00028
drinking,0.00028
bummer,0.00028
point,0.00028
sweet,0.00028
consensus,0.00028
technology,0.00028
court,0.00028
vanilla,0.00028
mds,0.00028
rep,0.00028
war,0.00028
ordered,0.00028
select,0.00028
lows,0.00028
interview,0.00028
sticker,0.00028
cookies,0.00028
comes,0.00028
resignation,0.00028
racism,0.00028
skirt,0.00028
delicious,0.00028
welfare,0.00028
log,0.00028
press,0.00028
states,0.00028
playing,0.00028
flavor,0.00028
shake,0.00028
selling,0.00028
media,0.00028
combination,0.00028
side,0.00028
cup,0.00028
shows,0.00028
ratings,0.00028
regulations,0.00028
outfits,0.00028
improve,0.00028
neve,0.00028
imply,0.00028
trash,0.00028
says,0.00028
shifted,0.00028
opened,0.00028
pancakes,0.00028
pain,0.00028
shame,0.00028
ready,0.00028
isolating,0.00028
pollution,0.00028
companies,0.00028
allegations,0.00028
analyzed,0.00028
muffin,0.00028
background,0.00028
commercials,0.00028
mcs,0.00028
rape,0.00028
majority,0.00028
chips,0.00028
photo,0.00028
puts,0.00028
weight,0.00028
event,0.00028
passes,0.00028
yea,0.00028
priority,0.00028
comprehensive,0.00028
tomorrow,0.00028
returned,0.00028
student,0.00028
date,0.00028
option,0.00028
email,0.00028
survivor,0.00028
break,0.00028
child,0.00028
lie,0.00028
style,0.00028
moment,0.00028
corruption,0.00028
opportunities,0.00028
rig,0.00028
attention,0.00028
stopped,0.00028
lifetime,0.00028
rainbow,0.00028
west,0.00028
nonsense,0.00028
quality,0.00028
wins,0.00028
exceeded,0.00028
rate,0.00028
mother,0.00028
pharma,0.00028
judge,0.00028
lunch,0.00028
pm,0.00028
field,0.00028
mac,0.00028
bag,0.00028
dj,0.00028
competition,0.00028
coke,0.00028
dessert,0.00028
onion,0.00028
little,0.00028
power,0.00028
holding,0.00028
dreams,0.00028
slip,0.00028
standards,0.00028
setup,0.00028
activity,0.00028
possible,0.00028
theater,0.00028
bill,0.00028
salaries,0.00028
earth,0.00028
lose,0.00028
surprise,0.00028
nights,0.00028
detailed,0.00028
pics,0.00028
overreaction,0.00028
clarity,0.00028
link,0.00028
front,0.00028
ring,0.00028
wars,0.00028
bobs,0.00028
positions,0.00028
friends,0.00028
mas,0.00028
comments,0.00028
hearts,0.00028
bears,0.00028
costing,0.00028
fried,0.00028
choices,0.00028
limited,0.00028
investors,0.00028
forgot,0.00028
using,0.00028
pie,0.00028
detail,0.00028
rick,0.00028
crying,0.00028
attorney,0.00028
smacks,0.00028
eat,0.00028
career,0.00028
store,0.00028
products,0.00028
justices,0.00028
trample,0.00028
converging,0.00028
