co,0.02808
https,0.02393
stocks,0.01718
points,0.01263
stock,0.01043
week,0.00956
flow,0.00926
inc,0.00909
market,0.00846
shares,0.00842
index,0.00772
said,0.00759
top,0.00755
day,0.00689
futures,0.00672
buy,0.00668
highs,0.00582
fell,0.00582
earnings,0.00555
rose,0.00555
investors,0.00551
york,0.00531
sell,0.00508
trading,0.00505
year,0.00468
street,0.00468
corp,0.00418
last,0.00414
ratio,0.00408
energy,0.00404
high,0.00401
investment,0.00391
data,0.00388
today,0.00371
composite,0.00364
stimulus,0.00351
companies,0.00351
lows,0.00348
exchange,0.00348
average,0.00341
lower,0.00341
volume,0.00328
markets,0.00328
closed,0.00318
future,0.00318
growth,0.00314
wall,0.00314
live,0.00314
quarter,0.00304
issues,0.00297
animated,0.00294
file,0.00291
time,0.00287
sector,0.00287
mini,0.00287
amp,0.00284
trump,0.00277
photo,0.00274
price,0.00271
record,0.00264
news,0.00261
weekly,0.00257
house,0.00257
indexes,0.00254
president,0.00251
sign,0.00251
technology,0.00244
pandemic,0.00241
posted,0.00237
month,0.00237
package,0.00237
group,0.00227
see,0.00227
wednesday,0.00221
first,0.00221
election,0.00221
recovery,0.00221
quarterly,0.00221
prices,0.00214
profit,0.00211
gains,0.00211
vaccine,0.00211
single,0.00211
third,0.00207
jumped,0.00204
yields,0.00197
expectations,0.00197
added,0.00197
apple,0.00194
major,0.00194
treasury,0.00191
gained,0.00191
low,0.00187
recorded,0.00187
deal,0.00187
main,0.00187
relief,0.00184
favored,0.0018
value,0.0018
chief,0.00177
outnumbered,0.00177
economy,0.00177
like,0.00174
support,0.00174
according,0.00174
days,0.00174
tech,0.0017
lost,0.0017
rise,0.0017
dropped,0.0017
hit,0.0017
long,0.00167
back,0.00167
results,0.00167
trade,0.00167
sectors,0.00167
crude,0.00167
bank,0.00164
session,0.00164
short,0.0016
amazon,0.0016
showed,0.0016
still,0.00157
company,0.00157
drop,0.00154
advancing,0.00154
tesla,0.00154
declining,0.0015
including,0.0015
close,0.0015
report,0.00147
aid,0.00144
go,0.00144
reporting,0.0014
inflation,0.0014
oil,0.0014
weeks,0.00137
going,0.00134
volatility,0.00134
demand,0.00134
home,0.0013
sales,0.0013
term,0.0013
traders,0.00127
rising,0.00127
alphabet,0.00124
bond,0.00124
due,0.00124
hopes,0.00124
states,0.00124
get,0.00124
resistance,0.00124
forecast,0.0012
gold,0.0012
equities,0.0012
estimates,0.0012
federal,0.0012
level,0.0012
leading,0.00117
analysts,0.00117
ones,0.00117
united,0.00117
oct,0.00117
months,0.00114
much,0.00114
daily,0.00114
work,0.00114
european,0.00114
advancers,0.00114
climbed,0.0011
full,0.0011
fund,0.0011
bill,0.00107
reported,0.00107
season,0.00107
business,0.00107
window,0.00107
reports,0.00107
fourth,0.00104
consumer,0.00104
worst,0.00104
yield,0.00104
type,0.00104
think,0.00104
march,0.001
potential,0.001
coming,0.001
expected,0.001
take,0.001
percentage,0.001
slipped,0.001
total,0.00097
fears,0.00097
blog,0.00097
revenue,0.00097
falling,0.00097
talks,0.00097
looking,0.00097
vs,0.00097
benchmark,0.00097
exchanges,0.00097
airlines,0.00097
editing,0.00097
losses,0.00097
near,0.00094
maker,0.00094
services,0.00094
labor,0.00094
past,0.00094
fall,0.00094
cases,0.00094
capital,0.00094
deposit,0.00094
google,0.0009
white,0.0009
senate,0.0009
strategist,0.0009
city,0.0009
related,0.0009
rates,0.0009
management,0.0009
set,0.0009
led,0.0009
helped,0.00087
secretary,0.00087
concerns,0.00087
progress,0.00087
surged,0.00087
beat,0.00087
years,0.00087
funds,0.00087
making,0.00084
cash,0.00084
heavy,0.00084
democrats,0.00084
income,0.00084
latest,0.00084
even,0.00084
small,0.00084
money,0.00084
interest,0.00084
ended,0.00084
meanwhile,0.00084
building,0.00084
second,0.00084
backing,0.00084
point,0.00084
levels,0.0008
people,0.0008
positive,0.0008
post,0.0008
administration,0.0008
january,0.0008
valuation,0.0008
traded,0.0008
drug,0.0008
americans,0.0008
focus,0.0008
indices,0.0008
valuations,0.0008
indicate,0.0008
monday,0.0008
bell,0.0008
breaching,0.0008
canadian,0.00077
agreement,0.00077
sentiment,0.00077
leaders,0.00077
rally,0.00077
private,0.00077
reserve,0.00077
plan,0.00077
watch,0.00077
moving,0.00077
spending,0.00077
cost,0.00074
head,0.00074
electric,0.00074
rebound,0.00074
restrictions,0.00074
activity,0.00074
track,0.00074
policy,0.00074
key,0.00074
remained,0.00074
decline,0.00074
declines,0.00074
look,0.0007
end,0.0007
final,0.0007
holdings,0.0007
open,0.0007
current,0.0007
uncertainty,0.0007
banks,0.0007
lagging,0.0007
investing,0.0007
well,0.0007
closing,0.0007
tuesday,0.00067
good,0.00067
straight,0.00067
increased,0.00067
loss,0.00067
updates,0.00067
expect,0.00067
options,0.00067
gain,0.00067
channel,0.00067
momentum,0.00067
barrel,0.00067
world,0.00067
sharp,0.00067
risk,0.00067
products,0.00067
thursday,0.00064
speaker,0.00064
round,0.00064
share,0.00064
pullback,0.00064
art,0.00064
sensitive,0.00064
send,0.00064
gmt,0.00064
asset,0.00064
health,0.00064
system,0.00064
equity,0.00064
october,0.00064
resources,0.00064
percent,0.00064
tumbled,0.0006
know,0.0006
jobs,0.0006
got,0.0006
volatile,0.0006
silver,0.0006
outside,0.0006
friday,0.0006
min,0.0006
run,0.0006
lawmakers,0.0006
following,0.0006
manufacturing,0.0006
stay,0.0006
republican,0.0006
chip,0.0006
congress,0.0006
list,0.0006
investor,0.0006
tomorrow,0.0006
original,0.00057
move,0.00057
way,0.00057
etf,0.00057
off,0.00057
bottom,0.00057
start,0.00057
amd,0.00057
investments,0.00057
despite,0.00057
falls,0.00057
optimism,0.00057
made,0.00057
little,0.00057
representatives,0.00057
intermediate,0.00057
firms,0.00057
bay,0.00057
gauge,0.00057
annual,0.00057
upbeat,0.00057
west,0.00057
materials,0.00057
mark,0.00057
reached,0.00057
debate,0.00057
bets,0.00057
blue,0.00057
offers,0.00053
research,0.00053
director,0.00053
national,0.00053
remain,0.00053
claims,0.00053
call,0.00053
declined,0.00053
number,0.00053
flag,0.00053
portfolio,0.00053
cap,0.00053
signs,0.00053
securities,0.00053
selling,0.00053
moves,0.00053
deco,0.00053
poised,0.00053
software,0.00053
better,0.00053
regular,0.00053
car,0.00053
manager,0.00053
part,0.0005
change,0.0005
includes,0.0005
state,0.0005
challenger,0.0005
government,0.0005
buying,0.0005
right,0.0005
dipped,0.0005
come,0.0005
afternoon,0.0005
net,0.0005
real,0.0005
comment,0.0005
outlook,0.0005
september,0.0005
officer,0.0005
focused,0.0005
tweet,0.0005
targets,0.0005
tracking,0.0005
adds,0.0005
continue,0.0005
comments,0.0005
crash,0.00047
analysis,0.00047
returns,0.00047
dm,0.00047
free,0.00047
lot,0.00047
december,0.00047
adp,0.00047
return,0.00047
broker,0.00047
best,0.00047
media,0.00047
pictured,0.00047
rises,0.00047
bonus,0.00047
infections,0.00047
averages,0.00047
bought,0.00047
assets,0.00047
increase,0.00047
great,0.00047
times,0.00047
signal,0.00047
wrap,0.00047
unemployment,0.00047
sessions,0.00043
country,0.00043
proposal,0.00043
target,0.00043
say,0.00043
communications,0.00043
benefits,0.00043
industry,0.00043
up,0.00043
dividend,0.00043
getting,0.00043
chart,0.00043
metals,0.00043
trend,0.00043
selloff,0.00043
opening,0.00043
video,0.00043
saw,0.00043
need,0.00043
continued,0.00043
weighed,0.00043
taking,0.00043
agreed,0.00043
board,0.00043
managing,0.00043
article,0.00043
make,0.00043
majority,0.00043
department,0.0004
chain,0.0004
veracity,0.0004
feb,0.0004
monthly,0.0004
cannabis,0.0004
members,0.0004
legislation,0.0004
advanced,0.0004
find,0.0004
performers,0.0004
surge,0.0004
boosted,0.0004
pep,0.0004
yesterday,0.0004
announced,0.0004
international,0.0004
analyst,0.0004
pushed,0.0004
store,0.0004
hold,0.0004
gainers,0.0004
gave,0.0004
case,0.0004
twitter,0.0004
remains,0.0004
looks,0.0004
tell,0.0004
jump,0.00037
virus,0.00037
strategy,0.00037
shows,0.00037
systems,0.00037
alliance,0.00037
course,0.00037
slid,0.00037
put,0.00037
win,0.00037
starting,0.00037
reversal,0.00037
raise,0.00037
emergency,0.00037
large,0.00037
caps,0.00037
premium,0.00037
saying,0.00037
reach,0.00037
june,0.00037
pressure,0.00037
losing,0.00037
streaming,0.00037
means,0.00037
leader,0.00037
firm,0.00037
details,0.00037
help,0.00037
negotiations,0.00037
miners,0.00037
floor,0.00037
flying,0.00037
china,0.00033
parent,0.00033
mixed,0.00033
posting,0.00033
trending,0.00033
zoom,0.00033
executive,0.00033
flat,0.00033
dollar,0.00033
seeing,0.00033
cloud,0.00033
jersey,0.00033
follow,0.00033
correction,0.00033
elections,0.00033
mu,0.00033
trials,0.00033
emerging,0.00033
keep,0.00033
disease,0.00033
utilities,0.00033
vaccines,0.00033
continues,0.00033
inside,0.00033
businesses,0.00033
direct,0.00033
weighing,0.00033
shed,0.00033
travel,0.00033
estate,0.00033
entertainment,0.00033
depot,0.00033
show,0.00033
power,0.00033
chair,0.00033
expects,0.00033
finance,0.00033
edged,0.00033
forward,0.00033
visit,0.00033
base,0.00033
midday,0.00033
zone,0.00033
front,0.00033
fear,0.0003
profits,0.0003
es,0.0003
use,0.0003
meeting,0.0003
weekend,0.0003
orange,0.0003
trades,0.0003
november,0.0003
prospects,0.0003
quick,0.0003
at,0.0003
american,0.0003
partner,0.0003
flight,0.0003
finished,0.0003
race,0.0003
ready,0.0003
employment,0.0003
using,0.0003
payrolls,0.0003
candlestick,0.0003
line,0.0003
register,0.0003
opens,0.0003
mining,0.0003
dominion,0.0003
candidate,0.0003
mean,0.0003
improvement,0.0003
missed,0.0003
polls,0.0003
airline,0.0003
performing,0.0003
possible,0.0003
vaccination,0.0003
surging,0.0003
approval,0.0003
least,0.0003
account,0.0003
communication,0.0003
sunday,0.0003
bad,0.0003
bit,0.0003
senior,0.0003
social,0.0003
rotation,0.0003
central,0.0003
retailers,0.00027
filing,0.00027
advance,0.00027
battleground,0.00027
borough,0.00027
working,0.00027
production,0.00027
therapeutics,0.00027
natural,0.00027
pattern,0.00027
test,0.00027
presidency,0.00027
patent,0.00027
life,0.00027
fas,0.00027
cisco,0.00027
pointing,0.00027
riot,0.00027
food,0.00027
review,0.00027
victory,0.00027
cvs,0.00027
candlesticks,0.00027
staples,0.00027
approved,0.00027
overall,0.00027
series,0.00027
discuss,0.00027
loan,0.00027
alert,0.00027
pace,0.00027
signals,0.00027
want,0.00027
marathon,0.00027
treatment,0.00027
source,0.00027
lack,0.00027
efforts,0.00027
triggered,0.00027
july,0.00027
turn,0.00027
same,0.00027
give,0.00027
winners,0.00027
warned,0.00027
pass,0.00027
bulls,0.00027
took,0.00027
gainer,0.00027
service,0.00027
join,0.00027
gap,0.00027
shopping,0.00027
hurt,0.00027
manhattan,0.00027
driven,0.00027
macro,0.00027
reading,0.00027
participants,0.00027
extended,0.00027
worth,0.00027
semiconductor,0.00027
technologies,0.00027
sending,0.00027
officials,0.00027
public,0.00027
air,0.00023
topped,0.00023
wealth,0.00023
extending,0.00023
antibody,0.00023
vehicle,0.00023
featuring,0.00023
proposed,0.00023
broke,0.00023
star,0.00023
beating,0.00023
peak,0.00023
platform,0.00023
streets,0.00023
told,0.00023
benefit,0.00023
technical,0.00023
cluster,0.00023
costs,0.00023
rests,0.00023
pairs,0.00023
factor,0.00023
left,0.00023
eased,0.00023
action,0.00023
birthday,0.00023
client,0.00023
calling,0.00023
europe,0.00023
reaching,0.00023
performance,0.00023
hope,0.00023
red,0.00023
bonds,0.00023
todays,0.00023
announcement,0.00023
spy,0.00023
dollars,0.00023
beginning,0.00023
oriented,0.00023
elevated,0.00023
reversed,0.00023
messaging,0.00023
august,0.00023
closer,0.00023
commerce,0.00023
mrna,0.00023
hedge,0.00023
willing,0.00023
sold,0.00023
started,0.00023
buyers,0.00023
morning,0.00023
lenders,0.00023
staff,0.00023
comprehensive,0.00023
chairman,0.00023
break,0.00023
slide,0.00023
increasing,0.00023
steep,0.00023
enough,0.00023
worries,0.00023
individual,0.00023
slump,0.00023
lead,0.00023
stretch,0.00023
asia,0.00023
worried,0.00023
women,0.00023
retailer,0.00023
measures,0.00023
developer,0.00023
holding,0.00023
position,0.0002
study,0.0002
patients,0.0002
night,0.0002
lockdowns,0.0002
true,0.0002
producer,0.0002
betting,0.0002
came,0.0002
row,0.0002
fueled,0.0002
began,0.0002
strategists,0.0002
iowa,0.0002
north,0.0002
become,0.0002
hours,0.0002
consider,0.0002
range,0.0002
ending,0.0002
inflows,0.0002
view,0.0002
pts,0.0002
ride,0.0002
click,0.0002
developed,0.0002
prediction,0.0002
whole,0.0002
fast,0.0002
light,0.0002
feedback,0.0002
trillium,0.0002
trial,0.0002
wellness,0.0002
cautioned,0.0002
idea,0.0002
shot,0.0002
holiday,0.0002
miner,0.0002
thanks,0.0002
kept,0.0002
lines,0.0002
passed,0.0002
damage,0.0002
silva,0.0002
network,0.0002
warning,0.0002
husky,0.0002
spike,0.0002
push,0.0002
anil,0.0002
allow,0.0002
controlled,0.0002
shift,0.0002
stand,0.0002
minutes,0.0002
adding,0.0002
outperformed,0.0002
general,0.0002
fifth,0.0002
powered,0.0002
side,0.0002
wholesale,0.0002
rate,0.0002
disappointing,0.0002
passage,0.0002
graphic,0.0002
boosting,0.0002
etfs,0.0002
countries,0.0002
initial,0.0002
testing,0.0002
offer,0.0002
things,0.0002
banking,0.0002
images,0.0002
sports,0.0002
areas,0.0002
green,0.0002
drugs,0.0002
pharmaceuticals,0.0002
trader,0.0002
soared,0.0002
rut,0.0002
fed,0.0002
play,0.0002
decade,0.0002
soaring,0.00017
races,0.00017
happen,0.00017
pharmacy,0.00017
core,0.00017
inverse,0.00017
flows,0.00017
royal,0.00017
shortage,0.00017
became,0.00017
brand,0.00017
owner,0.00017
pulled,0.00017
reverse,0.00017
center,0.00017
defensive,0.00017
showing,0.00017
derivatives,0.00017
question,0.00017
eye,0.00017
entry,0.00017
extend,0.00017
possibility,0.00017
divergence,0.00017
face,0.00017
meadows,0.00017
prime,0.00017
note,0.00017
called,0.00017
changed,0.00017
let,0.00017
territory,0.00017
elect,0.00017
roll,0.00017
so,0.00017
masks,0.00017
performer,0.00017
underlying,0.00017
response,0.00017
movers,0.00017
former,0.00017
recession,0.00017
peter,0.00017
michael,0.00017
half,0.00017
pressured,0.00017
campaigning,0.00017
managers,0.00017
infrastructure,0.00017
beta,0.00017
boom,0.00017
add,0.00017
clients,0.00017
factory,0.00017
retreated,0.00017
voted,0.00017
include,0.00017
speaking,0.00017
domestic,0.00017
wake,0.00017
jan,0.00017
family,0.00017
indian,0.00017
millions,0.00017
locked,0.00017
dec,0.00017
limited,0.00017
expressed,0.00017
slack,0.00017
nearing,0.00017
giant,0.00017
talking,0.00017
sustainability,0.00017
voting,0.00017
raising,0.00017
area,0.00017
heavyweights,0.00017
broad,0.00017
step,0.00017
driving,0.00017
believe,0.00017
edge,0.00017
stop,0.00017
television,0.00017
cautious,0.00017
bounce,0.00017
rout,0.00017
slowing,0.00017
surges,0.00017
committee,0.00017
environment,0.00017
begin,0.00017
raised,0.00017
medical,0.00017
scaled,0.00017
mobile,0.00017
brent,0.00017
book,0.00017
attention,0.00017
fuel,0.00017
swing,0.00017
begins,0.00017
black,0.00017
slow,0.00017
becoming,0.00017
mines,0.00017
orders,0.00017
steam,0.00017
signaled,0.00017
growers,0.00017
safe,0.00017
republicans,0.00017
theres,0.00017
developing,0.00017
supply,0.00017
payments,0.00017
consumers,0.00017
benefited,0.00017
rebounded,0.00017
vermilion,0.00017
improving,0.00017
operations,0.00017
tested,0.00017
plunging,0.00017
wearing,0.00017
appeared,0.00017
sixth,0.00017
losers,0.00017
cruise,0.00017
joins,0.00017
hospital,0.00017
swift,0.00017
forecasts,0.00017
variants,0.00017
information,0.00017
leads,0.00017
taxes,0.00013
effort,0.00013
motors,0.00013
signed,0.00013
check,0.00013
worker,0.00013
likes,0.00013
feels,0.00013
read,0.00013
image,0.00013
profile,0.00013
aims,0.00013
putting,0.00013
differences,0.00013
hour,0.00013
hitting,0.00013
frenzy,0.00013
waiting,0.00013
love,0.00013
dimmed,0.00013
chase,0.00013
operator,0.00013
divided,0.00013
ark,0.00013
swings,0.00013
induced,0.00013
billions,0.00013
suffered,0.00013
governments,0.00013
timeline,0.00013
seems,0.00013
person,0.00013
invested,0.00013
calm,0.00013
re,0.00013
tom,0.00013
combined,0.00013
integral,0.00013
wells,0.00013
strategies,0.00013
commodities,0.00013
workers,0.00013
keeping,0.00013
aviation,0.00013
club,0.00013
transition,0.00013
force,0.00013
held,0.00013
personal,0.00013
portfolios,0.00013
calls,0.00013
elements,0.00013
paragraph,0.00013
hovered,0.00013
control,0.00013
vote,0.00013
relative,0.00013
crushed,0.00013
security,0.00013
wage,0.00013
stalling,0.00013
intelligence,0.00013
outflows,0.00013
quotation,0.00013
phase,0.00013
stood,0.00013
sets,0.00013
gets,0.00013
margins,0.00013
turned,0.00013
charlotte,0.00013
devices,0.00013
treasuries,0.00013
reason,0.00013
constituents,0.00013
checks,0.00013
outcome,0.00013
approached,0.00013
approve,0.00013
healthcare,0.00013
aggregate,0.00013
displaying,0.00013
competition,0.00013
output,0.00013
scenario,0.00013
entered,0.00013
western,0.00013
lifted,0.00013
interesting,0.00013
plans,0.00013
picked,0.00013
normal,0.00013
boost,0.00013
debt,0.00013
bolstered,0.00013
dropping,0.00013
nears,0.00013
caused,0.00013
development,0.00013
economists,0.00013
delivery,0.00013
records,0.00013
expecting,0.00013
rallied,0.00013
issue,0.00013
vice,0.00013
hopeful,0.00013
bounced,0.00013
trust,0.00013
swapped,0.00013
cst,0.00013
minimum,0.00013
quote,0.00013
cancer,0.00013
downturn,0.00013
max,0.00013
thin,0.00013
followed,0.00013
lifting,0.00013
drove,0.00013
risen,0.00013
poll,0.00013
negative,0.00013
gaining,0.00013
spiraling,0.00013
running,0.00013
james,0.00013
semiconductors,0.00013
infection,0.00013
impact,0.00013
kind,0.00013
returned,0.00013
lane,0.00013
assistance,0.00013
law,0.00013
game,0.00013
recovering,0.00013
advisors,0.00013
doubts,0.00013
occidental,0.00013
underscored,0.00013
touched,0.00013
decide,0.00013
drivers,0.00013
drag,0.00013
breakout,0.00013
adjusted,0.00013
hogan,0.00013
sharing,0.00013
chevron,0.00013
petroleum,0.00013
marks,0.00013
district,0.00013
breakthroughs,0.00013
buyout,0.00013
sustained,0.00013
figures,0.00013
liquid,0.00013
corporations,0.00013
ground,0.00013
addition,0.00013
chance,0.00013
digested,0.00013
order,0.00013
reopen,0.00013
ab,0.00013
payment,0.00013
headline,0.00013
measure,0.00013
supporting,0.00013
ts,0.00013
writing,0.00013
woods,0.00013
campaign,0.00013
setting,0.00013
slumped,0.00013
hayes,0.00013
disruptions,0.00013
sank,0.00013
looked,0.00013
care,0.00013
leave,0.00013
breaking,0.00013
beverage,0.00013
hoped,0.00013
worse,0.00013
wood,0.00013
machines,0.00013
winning,0.00013
welcome,0.00013
verify,0.00013
prior,0.00013
multiple,0.00013
concern,0.00013
cant,0.00013
consensus,0.00013
pockets,0.00013
currency,0.00013
resumed,0.00013
sciences,0.00013
event,0.00013
desk,0.00013
pickup,0.00013
separate,0.00013
tightening,0.00013
developments,0.00013
tobacco,0.0001
registered,0.0001
out,0.0001
capped,0.0001
countered,0.0001
eldorado,0.0001
rejected,0.0001
takes,0.0001
incoming,0.0001
assumption,0.0001
girl,0.0001
charts,0.0001
turns,0.0001
dividends,0.0001
homes,0.0001
extra,0.0001
story,0.0001
moved,0.0001
carrier,0.0001
spoke,0.0001
sought,0.0001
turning,0.0001
heavyweight,0.0001
matter,0.0001
decisions,0.0001
pointed,0.0001
wrote,0.0001
agree,0.0001
plunge,0.0001
discharged,0.0001
euro,0.0001
cycle,0.0001
appears,0.0001
games,0.0001
complete,0.0001
rules,0.0001
makers,0.0001
fashion,0.0001
diversify,0.0001
resume,0.0001
job,0.0001
in,0.0001
struggling,0.0001
technicals,0.0001
stance,0.0001
virgin,0.0001
slowed,0.0001
lift,0.0001
happening,0.0001
sidelines,0.0001
approach,0.0001
grew,0.0001
remarks,0.0001
size,0.0001
announcing,0.0001
entering,0.0001
shy,0.0001
values,0.0001
housing,0.0001
entire,0.0001
powering,0.0001
pressures,0.0001
counsel,0.0001
panic,0.0001
fridays,0.0001
date,0.0001
invest,0.0001
plunged,0.0001
surprise,0.0001
sept,0.0001
dip,0.0001
contain,0.0001
delivering,0.0001
yrs,0.0001
tec,0.0001
prescription,0.0001
inoculation,0.0001
update,0.0001
1990s,0.0001
paid,0.0001
trigger,0.0001
grow,0.0001
chasing,0.0001
reserves,0.0001
sort,0.0001
founder,0.0001
commission,0.0001
continuation,0.0001
boosts,0.0001
compounded,0.0001
promising,0.0001
rich,0.0001
sees,0.0001
proposals,0.0001
mike,0.0001
tweets,0.0001
closure,0.0001
medications,0.0001
try,0.0001
authorization,0.0001
room,0.0001
acquired,0.0001
deliveries,0.0001
purchases,0.0001
accounts,0.0001
tools,0.0001
survey,0.0001
launches,0.0001
simulation,0.0001
risked,0.0001
turnover,0.0001
individuals,0.0001
alerts,0.0001
parts,0.0001
transportation,0.0001
exposure,0.0001
request,0.0001
local,0.0001
thinking,0.0001
watching,0.0001
clean,0.0001
se,0.0001
musk,0.0001
martin,0.0001
subscribers,0.0001
period,0.0001
ounce,0.0001
fading,0.0001
continuing,0.0001
spartan,0.0001
numbers,0.0001
dented,0.0001
budget,0.0001
blocks,0.0001
notable,0.0001
helping,0.0001
views,0.0001
court,0.0001
thing,0.0001
fact,0.0001
goal,0.0001
beaten,0.0001
regulator,0.0001
material,0.0001
weather,0.0001
compromise,0.0001
picture,0.0001
scoop,0.0001
released,0.0001
achieved,0.0001
economist,0.0001
anticipation,0.0001
backed,0.0001
voters,0.0001
mood,0.0001
suggestions,0.0001
shale,0.0001
tax,0.0001
monitored,0.0001
doubled,0.0001
longer,0.0001
muscle,0.0001
sent,0.0001
bet,0.0001
seasonal,0.0001
wiping,0.0001
empty,0.0001
deficiency,0.0001
obsessed,0.0001
canopy,0.0001
ms,0.0001
minis,0.0001
polled,0.0001
linked,0.0001
halls,0.0001
winding,0.0001
pick,0.0001
safety,0.0001
vaccinations,0.0001
spokesman,0.0001
pared,0.0001
ease,0.0001
unveiled,0.0001
goes,0.0001
kohl,0.0001
apply,0.0001
disorder,0.0001
preparing,0.0001
enthusiasm,0.0001
firmed,0.0001
streak,0.0001
drifted,0.0001
halt,0.0001
growing,0.0001
lagged,0.0001
flagship,0.0001
class,0.0001
weighted,0.0001
simulators,0.0001
easing,0.0001
april,0.0001
flash,0.0001
treated,0.0001
interview,0.0001
buys,0.0001
pro,0.0001
raises,0.0001
euros,0.0001
summer,0.0001
partners,0.0001
shipping,0.0001
revised,0.0001
na,0.0001
juggled,0.0001
german,0.0001
sliding,0.0001
ne,0.0001
clarity,0.0001
threatening,0.0001
positions,0.0001
sale,0.0001
wedge,0.0001
mondays,0.0001
cars,0.0001
provide,0.0001
opec,0.0001
anss,0.0001
doctors,0.0001
logged,0.0001
tracked,0.0001
wave,0.0001
names,0.0001
notes,0.0001
clocking,0.0001
slowdown,0.0001
release,0.0001
protein,0.0001
member,0.0001
block,0.0001
applications,0.0001
reckoning,0.0001
moments,0.0001
received,0.0001
fundamentals,0.0001
rock,0.0001
climbing,0.0001
reflecting,0.0001
gild,0.0001
fill,0.0001
senators,0.0001
contracted,0.0001
community,0.0001
hand,0.0001
pushing,0.0001
transport,0.0001
act,0.0001
jumping,0.0001
crept,0.0001
dueling,0.0001
reminder,0.0001
needs,0.0001
perform,0.0001
medium,0.0001
supported,0.0001
sitting,0.0001
testimony,0.0001
mar,0.0001
vehicles,0.0001
speculators,0.0001
properties,0.0001
rights,0.0001
norwegian,0.0001
starts,0.0001
century,0.0001
hire,0.0001
reasons,0.0001
trends,0.0001
bull,0.0001
effects,0.0001
amount,0.0001
threat,0.0001
strength,0.0001
town,0.0001
automaker,0.0001
workplace,0.0001
covered,0.0001
opposed,0.0001
represents,0.0001
failed,0.0001
suggests,0.0001
drags,0.0001
margin,0.0001
aurora,0.0001
slip,0.0001
swung,0.0001
military,0.0001
coupled,0.0001
opportunity,0.0001
teamed,0.0001
changes,0.0001
illness,7e-05
indecision,7e-05
tend,7e-05
perspective,7e-05
parcel,7e-05
activist,7e-05
gaps,7e-05
diamond,7e-05
device,7e-05
catalyst,7e-05
congratulations,7e-05
problems,7e-05
spark,7e-05
suggesting,7e-05
gauges,7e-05
clutch,7e-05
shock,7e-05
distribution,7e-05
hear,7e-05
lasting,7e-05
rotated,7e-05
accompanying,7e-05
movies,7e-05
crystallizing,7e-05
havoc,7e-05
burst,7e-05
happens,7e-05
nations,7e-05
wants,7e-05
advertisers,7e-05
heading,7e-05
commercial,7e-05
slipping,7e-05
provided,7e-05
theme,7e-05
cross,7e-05
disappointment,7e-05
holds,7e-05
matchup,7e-05
thirds,7e-05
pricing,7e-05
tumbling,7e-05
bout,7e-05
pivot,7e-05
liked,7e-05
wrangling,7e-05
credit,7e-05
pressuring,7e-05
treatments,7e-05
therapy,7e-05
discovery,7e-05
vet,7e-05
creating,7e-05
cable,7e-05
multiples,7e-05
active,7e-05
feeding,7e-05
shorting,7e-05
passengers,7e-05
breaks,7e-05
campaigns,7e-05
encouraged,7e-05
conditions,7e-05
consists,7e-05
police,7e-05
contest,7e-05
south,7e-05
plodding,7e-05
insurer,7e-05
conservative,7e-05
spot,7e-05
hiring,7e-05
wont,7e-05
broken,7e-05
faring,7e-05
turnout,7e-05
sweeping,7e-05
agreeing,7e-05
benefiting,7e-05
hospitalisation,7e-05
surprised,7e-05
balance,7e-05
weights,7e-05
ultimate,7e-05
vanguard,7e-05
batch,7e-05
expenses,7e-05
match,7e-05
polling,7e-05
violation,7e-05
unit,7e-05
office,7e-05
venues,7e-05
math,7e-05
sap,7e-05
profitability,7e-05
tone,7e-05
contacts,7e-05
dampened,7e-05
create,7e-05
cues,7e-05
pins,7e-05
resolution,7e-05
worsening,7e-05
headway,7e-05
inflicting,7e-05
wait,7e-05
dot,7e-05
weakening,7e-05
pound,7e-05
horizontal,7e-05
providing,7e-05
notched,7e-05
none,7e-05
particular,7e-05
solution,7e-05
weighs,7e-05
ism,7e-05
nothing,7e-05
content,7e-05
tired,7e-05
justice,7e-05
spectrum,7e-05
regained,7e-05
double,7e-05
arts,7e-05
weakened,7e-05
climb,7e-05
fang,7e-05
struck,7e-05
ok,7e-05
accepting,7e-05
illustration,7e-05
heres,7e-05
hotels,7e-05
gs,7e-05
boo,7e-05
aircraft,7e-05
participate,7e-05
body,7e-05
citing,7e-05
managed,7e-05
curbs,7e-05
february,7e-05
conversations,7e-05
principal,7e-05
assuming,7e-05
baseball,7e-05
sir,7e-05
rebounds,7e-05
flopping,7e-05
parks,7e-05
history,7e-05
scheduled,7e-05
shied,7e-05
hedges,7e-05
physician,7e-05
maintaining,7e-05
employers,7e-05
customers,7e-05
decades,7e-05
reinforced,7e-05
cutting,7e-05
focusing,7e-05
fun,7e-05
borrowing,7e-05
brunt,7e-05
fail,7e-05
th,7e-05
reeling,7e-05
drugstore,7e-05
politics,7e-05
graham,7e-05
surface,7e-05
photographer,7e-05
remarked,7e-05
condition,7e-05
ranks,7e-05
deadline,7e-05
asian,7e-05
sparked,7e-05
ideal,7e-05
symptoms,7e-05
offset,7e-05
cascades,7e-05
coating,7e-05
reality,7e-05
deemed,7e-05
spin,7e-05
terms,7e-05
motor,7e-05
included,7e-05
wild,7e-05
approves,7e-05
brokerages,7e-05
ballots,7e-05
twin,7e-05
mi,7e-05
matt,7e-05
bullets,7e-05
accelerate,7e-05
causing,7e-05
player,7e-05
spread,7e-05
joining,7e-05
roiling,7e-05
ba,7e-05
dipping,7e-05
learn,7e-05
spotlight,7e-05
extension,7e-05
yes,7e-05
watt,7e-05
recoup,7e-05
port,7e-05
kid,7e-05
turnaround,7e-05
eld,7e-05
edition,7e-05
headed,7e-05
opinion,7e-05
releases,7e-05
suggested,7e-05
approaching,7e-05
diminishing,7e-05
allocations,7e-05
challenge,7e-05
aided,7e-05
sun,7e-05
product,7e-05
independent,7e-05
stuck,7e-05
site,7e-05
tv,7e-05
hustle,7e-05
asking,7e-05
wiped,7e-05
meet,7e-05
allocation,7e-05
favouring,7e-05
gaming,7e-05
gross,7e-05
approaches,7e-05
discussions,7e-05
cr,7e-05
neared,7e-05
counterpart,7e-05
spiral,7e-05
seemed,7e-05
projections,7e-05
climbs,7e-05
effect,7e-05
decelerating,7e-05
glitches,7e-05
purchased,7e-05
improved,7e-05
facts,7e-05
candidates,7e-05
compiled,7e-05
old,7e-05
comes,7e-05
projects,7e-05
stores,7e-05
be,7e-05
died,7e-05
rocket,7e-05
reassured,7e-05
dgs,7e-05
meme,7e-05
solutions,7e-05
foods,7e-05
jitters,7e-05
expired,7e-05
prospect,7e-05
pulling,7e-05
went,7e-05
neck,7e-05
trajectory,7e-05
affected,7e-05
mexican,7e-05
neutral,7e-05
talk,7e-05
heart,7e-05
alpha,7e-05
rejections,7e-05
canceled,7e-05
suggest,7e-05
reviewing,7e-05
fizzling,7e-05
acquisition,7e-05
turbulence,7e-05
simple,7e-05
lying,7e-05
dominance,7e-05
treasurys,7e-05
operators,7e-05
brief,7e-05
kicked,7e-05
rent,7e-05
evening,7e-05
evolve,7e-05
supports,7e-05
favorites,7e-05
makeover,7e-05
spokesperson,7e-05
limit,7e-05
counted,7e-05
crisis,7e-05
gi,7e-05
appearing,7e-05
bouncing,7e-05
registering,7e-05
resurgence,7e-05
weakness,7e-05
hovering,7e-05
movements,7e-05
bolster,7e-05
tied,7e-05
statue,7e-05
learning,7e-05
chicago,7e-05
weeklys,7e-05
antiviral,7e-05
milestone,7e-05
space,7e-05
nas,7e-05
favor,7e-05
groups,7e-05
tm,7e-05
innovation,7e-05
places,7e-05
pot,7e-05
surpassed,7e-05
drops,7e-05
aside,7e-05
rotations,7e-05
search,7e-05
rival,7e-05
participant,7e-05
provider,7e-05
faded,7e-05
confidence,7e-05
avenue,7e-05
guide,7e-05
warren,7e-05
poured,7e-05
pence,7e-05
discount,7e-05
adss,7e-05
result,7e-05
lesson,7e-05
booking,7e-05
calmed,7e-05
preparations,7e-05
chinese,7e-05
decided,7e-05
legacy,7e-05
shared,7e-05
funding,7e-05
indicating,7e-05
bookings,7e-05
citizens,7e-05
benchmarks,7e-05
bailey,7e-05
staying,7e-05
reopening,7e-05
fallout,7e-05
unnerved,7e-05
reacting,7e-05
gate,7e-05
exposures,7e-05
grill,7e-05
revealed,7e-05
god,7e-05
castor,7e-05
rumors,7e-05
facilitating,7e-05
threshold,7e-05
design,7e-05
ill,7e-05
tapped,7e-05
goals,7e-05
halting,7e-05
talked,7e-05
roaring,7e-05
underscoring,7e-05
empire,7e-05
techs,7e-05
exceeding,7e-05
flip,7e-05
flyers,7e-05
meaning,7e-05
stoked,7e-05
combination,7e-05
fade,7e-05
telephone,7e-05
mail,7e-05
ninth,7e-05
owners,7e-05
peaks,7e-05
hammered,7e-05
frame,7e-05
abandoned,7e-05
version,7e-05
reaffirmed,7e-05
style,7e-05
tolerate,7e-05
piling,7e-05
odds,7e-05
publisher,7e-05
reversing,7e-05
bearing,7e-05
sticking,7e-05
earned,7e-05
computing,7e-05
denier,7e-05
packages,7e-05
vi,7e-05
human,7e-05
bidding,7e-05
euphoria,7e-05
logging,7e-05
form,7e-05
delays,7e-05
battered,7e-05
clear,7e-05
purging,7e-05
paused,7e-05
appetite,7e-05
oracle,7e-05
used,7e-05
expansion,7e-05
nation,7e-05
launch,7e-05
hailing,7e-05
generations,7e-05
outbreak,7e-05
square,7e-05
contracts,7e-05
hampered,7e-05
channels,7e-05
planning,7e-05
consumption,7e-05
warn,7e-05
baked,7e-05
bug,7e-05
stalled,7e-05
component,7e-05
agency,7e-05
books,7e-05
pledged,7e-05
headlines,7e-05
valley,7e-05
shareholder,7e-05
enact,7e-05
mind,7e-05
trough,7e-05
sooner,7e-05
cancel,7e-05
cheat,7e-05
plumb,7e-05
sparking,7e-05
waited,7e-05
blackberry,7e-05
overvalued,7e-05
stoking,7e-05
standing,7e-05
hands,7e-05
sprucing,7e-05
saturday,7e-05
wireless,7e-05
raft,7e-05
votes,7e-05
leaf,7e-05
piece,7e-05
gas,7e-05
tracks,7e-05
indexs,7e-05
killing,7e-05
stands,7e-05
british,7e-05
bar,7e-05
mania,7e-05
cord,7e-05
ruled,7e-05
save,7e-05
videos,7e-05
choose,7e-05
waning,7e-05
encouraging,7e-05
cruises,7e-05
avoided,7e-05
failure,7e-05
stalemate,7e-05
spurred,7e-05
acknowledged,7e-05
equipment,7e-05
spent,7e-05
bucking,7e-05
baker,7e-05
spate,7e-05
inclined,7e-05
outperforming,7e-05
lip,7e-05
devon,7e-05
float,7e-05
steps,7e-05
minerals,7e-05
cos,7e-05
outs,7e-05
says,7e-05
opened,7e-05
loose,7e-05
forum,7e-05
background,7e-05
priority,7e-05
shoulder,7e-05
option,7e-05
loads,7e-05
metal,7e-05
water,7e-05
buoyed,7e-05
tilted,7e-05
happened,7e-05
rumor,7e-05
experts,7e-05
ad,7e-05
breakdown,7e-05
pump,7e-05
judge,7e-05
gifts,7e-05
aim,7e-05
resource,7e-05
produce,7e-05
democrat,7e-05
darkened,7e-05
governors,7e-05
bears,7e-05
holidays,7e-05
afterglow,7e-05
cornerstone,7e-05
ability,7e-05
rebounding,7e-05
reinstated,7e-05
defined,7e-05
privacy,3e-05
relationship,3e-05
walk,3e-05
worked,3e-05
impasse,3e-05
railway,3e-05
valuable,3e-05
assured,3e-05
resorts,3e-05
movie,3e-05
thoughts,3e-05
aversion,3e-05
replace,3e-05
tutorial,3e-05
factors,3e-05
feature,3e-05
denials,3e-05
ditched,3e-05
stemming,3e-05
skew,3e-05
guns,3e-05
spokeswoman,3e-05
visa,3e-05
rest,3e-05
fueling,3e-05
amendments,3e-05
flurry,3e-05
dog,3e-05
downbeat,3e-05
computer,3e-05
place,3e-05
auto,3e-05
lights,3e-05
prepare,3e-05
flooded,3e-05
hedging,3e-05
glance,3e-05
wipeout,3e-05
filings,3e-05
rack,3e-05
addicted,3e-05
train,3e-05
correlation,3e-05
volumes,3e-05
components,3e-05
plowed,3e-05
placed,3e-05
shipments,3e-05
storming,3e-05
auger,3e-05
shrink,3e-05
muted,3e-05
impacts,3e-05
wonder,3e-05
sponsored,3e-05
recall,3e-05
gives,3e-05
curb,3e-05
decision,3e-05
capitalizations,3e-05
electronics,3e-05
terminals,3e-05
pull,3e-05
nova,3e-05
shooting,3e-05
partisan,3e-05
amplifying,3e-05
shapes,3e-05
spreading,3e-05
delaying,3e-05
tops,3e-05
found,3e-05
unmanned,3e-05
thus,3e-05
leverage,3e-05
airways,3e-05
inherit,3e-05
finding,3e-05
hurricane,3e-05
climate,3e-05
rating,3e-05
lock,3e-05
assurances,3e-05
crescent,3e-05
fizzled,3e-05
gear,3e-05
guys,3e-05
satisfied,3e-05
shutdowns,3e-05
earn,3e-05
toss,3e-05
contributed,3e-05
compound,3e-05
dated,3e-05
kraft,3e-05
trucks,3e-05
contrast,3e-05
bidens,3e-05
capitalization,3e-05
emotions,3e-05
sellers,3e-05
corners,3e-05
winter,3e-05
quiet,3e-05
institute,3e-05
turmoil,3e-05
questioned,3e-05
scalping,3e-05
analyzing,3e-05
unsettled,3e-05
problem,3e-05
districts,3e-05
owing,3e-05
aide,3e-05
fleet,3e-05
maple,3e-05
insights,3e-05
common,3e-05
truck,3e-05
tag,3e-05
slim,3e-05
comp,3e-05
surrounding,3e-05
inching,3e-05
stretched,3e-05
facing,3e-05
hardware,3e-05
stake,3e-05
sink,3e-05
attempt,3e-05
shaved,3e-05
inflating,3e-05
access,3e-05
topic,3e-05
dumped,3e-05
bb,3e-05
proprietary,3e-05
hail,3e-05
pored,3e-05
marked,3e-05
ge,3e-05
fraud,3e-05
table,3e-05
deals,3e-05
participation,3e-05
viewing,3e-05
tug,3e-05
gm,3e-05
guaranteed,3e-05
pullbacks,3e-05
anticipated,3e-05
producers,3e-05
meltdown,3e-05
rivals,3e-05
audience,3e-05
determine,3e-05
boon,3e-05
correct,3e-05
guy,3e-05
defaults,3e-05
letter,3e-05
lit,3e-05
estimate,3e-05
dear,3e-05
bursting,3e-05
prevailing,3e-05
spring,3e-05
allied,3e-05
hinted,3e-05
skidded,3e-05
connectivity,3e-05
trailing,3e-05
allowed,3e-05
resolved,3e-05
piled,3e-05
donate,3e-05
brands,3e-05
fanatic,3e-05
rallies,3e-05
slew,3e-05
trainer,3e-05
brings,3e-05
ed,3e-05
land,3e-05
scare,3e-05
storm,3e-05
speed,3e-05
knocked,3e-05
experience,3e-05
rouge,3e-05
adjustment,3e-05
digits,3e-05
classic,3e-05
surpassing,3e-05
generic,3e-05
weekends,3e-05
evacuated,3e-05
assuage,3e-05
curbed,3e-05
someone,3e-05
husband,3e-05
carnage,3e-05
legislature,3e-05
follows,3e-05
irrational,3e-05
scenarios,3e-05
provides,3e-05
quantum,3e-05
risks,3e-05
pos,3e-05
budding,3e-05
demo,3e-05
stabilization,3e-05
projection,3e-05
iron,3e-05
slopes,3e-05
wick,3e-05
morgan,3e-05
hikes,3e-05
japanese,3e-05
pay,3e-05
ticks,3e-05
puzzled,3e-05
deploying,3e-05
visits,3e-05
protesters,3e-05
passing,3e-05
gauging,3e-05
minds,3e-05
chopping,3e-05
words,3e-05
cup,3e-05
governance,3e-05
narrow,3e-05
equality,3e-05
helps,3e-05
abated,3e-05
genesis,3e-05
laptops,3e-05
calculus,3e-05
saudi,3e-05
builder,3e-05
imp,3e-05
kicking,3e-05
cheered,3e-05
booming,3e-05
rape,3e-05
drive,3e-05
regaining,3e-05
confines,3e-05
degree,3e-05
dictated,3e-05
laboratories,3e-05
equal,3e-05
behind,3e-05
jack,3e-05
quelling,3e-05
splitting,3e-05
master,3e-05
beats,3e-05
fixed,3e-05
concluded,3e-05
punch,3e-05
medicines,3e-05
dick,3e-05
swarms,3e-05
overheating,3e-05
founded,3e-05
dips,3e-05
trouble,3e-05
heroes,3e-05
contested,3e-05
spree,3e-05
packed,3e-05
underpinned,3e-05
theater,3e-05
dado,3e-05
burn,3e-05
definition,3e-05
boot,3e-05
contenders,3e-05
leaves,3e-05
unknowns,3e-05
temporary,3e-05
age,3e-05
remember,3e-05
workhorse,3e-05
dives,3e-05
cents,3e-05
springs,3e-05
joke,3e-05
therapeutic,3e-05
needy,3e-05
favoring,3e-05
plus,3e-05
disparaged,3e-05
compounding,3e-05
displayed,3e-05
closures,3e-05
burrito,3e-05
quarantine,3e-05
factories,3e-05
ear,3e-05
fails,3e-05
referring,3e-05
winner,3e-05
allure,3e-05
craters,3e-05
depressed,3e-05
convincing,3e-05
blamed,3e-05
storms,3e-05
meg,3e-05
inflated,3e-05
inning,3e-05
chat,3e-05
conglomerate,3e-05
capping,3e-05
word,3e-05
hinting,3e-05
micron,3e-05
requiring,3e-05
stabilizing,3e-05
card,3e-05
biotech,3e-05
periods,3e-05
man,3e-05
appealing,3e-05
startups,3e-05
shattering,3e-05
threatens,3e-05
considered,3e-05
stronghold,3e-05
novel,3e-05
coverage,3e-05
tranches,3e-05
upside,3e-05
generated,3e-05
delay,3e-05
executing,3e-05
fight,3e-05
committed,3e-05
karen,3e-05
jolted,3e-05
weed,3e-05
chartist,3e-05
shut,3e-05
failing,3e-05
rattled,3e-05
bread,3e-05
favorite,3e-05
worrying,3e-05
revise,3e-05
constant,3e-05
controls,3e-05
algorithms,3e-05
sterling,3e-05
special,3e-05
negotiating,3e-05
resurfaced,3e-05
guarantees,3e-05
mode,3e-05
phenomenon,3e-05
jets,3e-05
outweighed,3e-05
remove,3e-05
manufacture,3e-05
trip,3e-05
pact,3e-05
exhaustion,3e-05
sera,3e-05
split,3e-05
ties,3e-05
doom,3e-05
young,3e-05
build,3e-05
merger,3e-05
disappointed,3e-05
ev,3e-05
bellwethers,3e-05
uncertainties,3e-05
cleans,3e-05
posts,3e-05
payroll,3e-05
inflow,3e-05
scored,3e-05
amazons,3e-05
commentary,3e-05
moon,3e-05
estates,3e-05
sugar,3e-05
counts,3e-05
prepares,3e-05
submit,3e-05
opponent,3e-05
disasters,3e-05
admitted,3e-05
lakes,3e-05
miller,3e-05
bills,3e-05
marking,3e-05
snapping,3e-05
peaking,3e-05
rejection,3e-05
locking,3e-05
senates,3e-05
assessed,3e-05
pause,3e-05
please,3e-05
judgment,3e-05
liquidity,3e-05
certify,3e-05
hotel,3e-05
thrived,3e-05
perspectives,3e-05
mentioned,3e-05
nominee,3e-05
recordings,3e-05
arizona,3e-05
planned,3e-05
pies,3e-05
nick,3e-05
filed,3e-05
downplayed,3e-05
appreciate,3e-05
northern,3e-05
difficulties,3e-05
stunning,3e-05
adjusting,3e-05
plants,3e-05
veteran,3e-05
king,3e-05
noted,3e-05
leisure,3e-05
gamble,3e-05
staged,3e-05
asias,3e-05
instrument,3e-05
inflection,3e-05
capitol,3e-05
supporters,3e-05
aug,3e-05
settle,3e-05
advantage,3e-05
prompted,3e-05
burnt,3e-05
matched,3e-05
hurting,3e-05
fly,3e-05
flashing,3e-05
attitude,3e-05
subdued,3e-05
purchase,3e-05
halving,3e-05
candle,3e-05
cell,3e-05
sense,3e-05
slammed,3e-05
plant,3e-05
bankers,3e-05
load,3e-05
remaining,3e-05
express,3e-05
outpacing,3e-05
injection,3e-05
tail,3e-05
lipstick,3e-05
pips,3e-05
seat,3e-05
cry,3e-05
downgraded,3e-05
bed,3e-05
countrys,3e-05
jet,3e-05
dawn,3e-05
cover,3e-05
sa,3e-05
stride,3e-05
urged,3e-05
rejecting,3e-05
logistics,3e-05
brewery,3e-05
directors,3e-05
pin,3e-05
returning,3e-05
nov,3e-05
han,3e-05
adjust,3e-05
hospitalization,3e-05
averted,3e-05
underperformed,3e-05
purchasing,3e-05
internet,3e-05
relations,3e-05
doubt,3e-05
sides,3e-05
overhang,3e-05
nato,3e-05
transfer,3e-05
budged,3e-05
box,3e-05
whipsaw,3e-05
invests,3e-05
children,3e-05
pivoting,3e-05
businessmen,3e-05
have,3e-05
brother,3e-05
wire,3e-05
cycles,3e-05
ta,3e-05
thought,3e-05
ticket,3e-05
mountain,3e-05
curves,3e-05
chemicals,3e-05
massachusetts,3e-05
economies,3e-05
incumbent,3e-05
war,3e-05
integrate,3e-05
piles,3e-05
positioned,3e-05
officers,3e-05
deep,3e-05
insurance,3e-05
fixes,3e-05
fetching,3e-05
occurs,3e-05
trailed,3e-05
aisle,3e-05
crashes,3e-05
regulations,3e-05
floating,3e-05
conducted,3e-05
approvals,3e-05
tough,3e-05
basket,3e-05
http,3e-05
shorts,3e-05
sister,3e-05
accelerated,3e-05
analyzed,3e-05
pct,3e-05
pledge,3e-05
copper,3e-05
aging,3e-05
spelling,3e-05
reopens,3e-05
threatened,3e-05
warm,3e-05
played,3e-05
opportunities,3e-05
attack,3e-05
consulting,3e-05
african,3e-05
reduced,3e-05
upgraded,3e-05
lunch,3e-05
predicted,3e-05
buyer,3e-05
highlights,3e-05
wind,3e-05
totalled,3e-05
setup,3e-05
flags,3e-05
pedals,3e-05
settled,3e-05
protracted,3e-05
inflate,3e-05
recognizing,3e-05
characteristics,3e-05
incapacitated,3e-05
engineering,3e-05
haircut,3e-05
oilfield,3e-05
beneficiaries,3e-05
subsided,3e-05
sm,3e-05
spouses,3e-05
blowing,3e-05
ward,3e-05
pushes,3e-05
monitor,3e-05
talent,3e-05
accomplished,3e-05
throwing,3e-05
dive,3e-05
gathered,3e-05
overcoming,3e-05
caution,3e-05
objections,3e-05
sunlight,3e-05
missing,3e-05
craze,3e-05
adviser,3e-05
armor,3e-05
contract,3e-05
bloody,3e-05
grounded,3e-05
colliers,3e-05
underpinning,3e-05
cast,3e-05
segment,3e-05
tsa,3e-05
lean,3e-05
prolonged,3e-05
gather,3e-05
redemption,3e-05
recipient,3e-05
acceleration,3e-05
wow,3e-05
eclipsing,3e-05
provisions,3e-05
rolled,3e-05
brightening,3e-05
raced,3e-05
latter,3e-05
buildings,3e-05
skewed,3e-05
pausing,3e-05
peace,3e-05
raw,3e-05
marijuana,3e-05
licenses,3e-05
inspired,3e-05
charges,3e-05
display,3e-05
exterior,3e-05
super,3e-05
shorted,3e-05
cut,3e-05
roi,3e-05
iv,3e-05
sizes,3e-05
absorbed,3e-05
pepper,3e-05
behavior,3e-05
stayed,3e-05
poverty,3e-05
distressed,3e-05
hunt,3e-05
nature,3e-05
prove,3e-05
evidence,3e-05
gathering,3e-05
reaction,3e-05
cuts,3e-05
suite,3e-05
generation,3e-05
felt,3e-05
manifestations,3e-05
buff,3e-05
battle,3e-05
inputs,3e-05
involved,3e-05
delivered,3e-05
spurs,3e-05
grind,3e-05
heartening,3e-05
entrenched,3e-05
claiming,3e-05
inoculations,3e-05
folks,3e-05
swelling,3e-05
claim,3e-05
wholesaler,3e-05
bath,3e-05
observations,3e-05
swirl,3e-05
bid,3e-05
weighting,3e-05
joint,3e-05
reined,3e-05
intent,3e-05
walked,3e-05
makes,3e-05
proceeds,3e-05
labeled,3e-05
deficit,3e-05
receipt,3e-05
launched,3e-05
miracle,3e-05
belief,3e-05
travelers,3e-05
property,3e-05
carriers,3e-05
issuing,3e-05
construction,3e-05
commonwealth,3e-05
requires,3e-05
ford,3e-05
pleading,3e-05
dearth,3e-05
beneficiary,3e-05
pave,3e-05
roar,3e-05
digesting,3e-05
additions,3e-05
geared,3e-05
reliance,3e-05
dampening,3e-05
trail,3e-05
floated,3e-05
essential,3e-05
friendly,3e-05
bikes,3e-05
automakers,3e-05
da,3e-05
partial,3e-05
mins,3e-05
confirmed,3e-05
glad,3e-05
dealership,3e-05
inched,3e-05
recovered,3e-05
consolidate,3e-05
team,3e-05
fo,3e-05
ray,3e-05
instructions,3e-05
cl,3e-05
lawsuit,3e-05
tide,3e-05
behemoth,3e-05
utterance,3e-05
limping,3e-05
looming,3e-05
stormed,3e-05
plenty,3e-05
hearing,3e-05
eyes,3e-05
spiking,3e-05
rolling,3e-05
stagnated,3e-05
cards,3e-05
appeal,3e-05
ko,3e-05
okay,3e-05
develop,3e-05
army,3e-05
dictate,3e-05
treating,3e-05
niggers,3e-05
hoping,3e-05
carrot,3e-05
horizon,3e-05
railroad,3e-05
boys,3e-05
prompting,3e-05
clamped,3e-05
incarnation,3e-05
organization,3e-05
skinny,3e-05
perception,3e-05
positioning,3e-05
updated,3e-05
pen,3e-05
feeling,3e-05
organic,3e-05
wreaked,3e-05
briefing,3e-05
machinery,3e-05
ascending,3e-05
appreciation,3e-05
advertising,3e-05
automobile,3e-05
deliberations,3e-05
ripple,3e-05
vision,3e-05
lineups,3e-05
corrected,3e-05
nominal,3e-05
hang,3e-05
needles,3e-05
pharmaceutical,3e-05
battled,3e-05
seconds,3e-05
trying,3e-05
indicator,3e-05
responded,3e-05
dwindling,3e-05
peer,3e-05
bumper,3e-05
composition,3e-05
instance,3e-05
glimpse,3e-05
shrugging,3e-05
drama,3e-05
slumping,3e-05
tire,3e-05
signifying,3e-05
quashed,3e-05
lockstep,3e-05
dominate,3e-05
targeting,3e-05
moderate,3e-05
noise,3e-05
articles,3e-05
southwest,3e-05
snag,3e-05
viewed,3e-05
containing,3e-05
spooked,3e-05
knock,3e-05
stays,3e-05
situation,3e-05
wrapping,3e-05
narrative,3e-05
staging,3e-05
path,3e-05
cop,3e-05
bigwigs,3e-05
inventories,3e-05
experiencing,3e-05
professional,3e-05
crosses,3e-05
playing,3e-05
exit,3e-05
tonight,3e-05
pr,3e-05
improve,3e-05
vials,3e-05
tests,3e-05
ceo,3e-05
swinging,3e-05
dissipated,3e-05
party,3e-05
pain,3e-05
excited,3e-05
spur,3e-05
machine,3e-05
accounted,3e-05
bringing,3e-05
democratizing,3e-05
devaluation,3e-05
puts,3e-05
blown,3e-05
scalp,3e-05
sheet,3e-05
hits,3e-05
ego,3e-05
offseting,3e-05
melting,3e-05
had,3e-05
lie,3e-05
patterns,3e-05
chambers,3e-05
gdp,3e-05
offered,3e-05
ins,3e-05
raging,3e-05
exceeded,3e-05
pharma,3e-05
tends,3e-05
governor,3e-05
shocks,3e-05
regulators,3e-05
marketing,3e-05
shaking,3e-05
disclosed,3e-05
faces,3e-05
struggled,3e-05
breed,3e-05
link,3e-05
jumps,3e-05
alternative,3e-05
prepared,3e-05
plastic,3e-05
protection,3e-05
xi,3e-05
seeks,3e-05
closes,3e-05
count,3e-05
detail,3e-05
comprises,3e-05
recycled,3e-05
plowing,3e-05
mounting,3e-05
horse,3e-05
distance,3e-05
adobe,3e-05
ramifications,3e-05
reference,3e-05
reducing,3e-05
halted,3e-05
gen,3e-05
harmonic,3e-05
regarding,3e-05
fa,3e-05
dominated,3e-05
corner,3e-05
surprises,3e-05
efficacy,3e-05
reinforcing,3e-05
takeover,3e-05
blow,3e-05
gins,3e-05
positives,3e-05
comeback,3e-05
collectible,3e-05
spreads,3e-05
down,3e-05
ew,3e-05
switch,3e-05
hypocrite,3e-05
expanding,3e-05
cushioning,3e-05
overweight,3e-05
stick,3e-05
dia,3e-05
constructs,3e-05
smoking,3e-05
ticker,3e-05
la,3e-05
sum,3e-05
coinciding,3e-05
paving,3e-05
champion,3e-05
cdc,3e-05
promotions,3e-05
sweep,3e-05
error,3e-05
manifestation,3e-05
dates,3e-05
heightened,3e-05
complex,3e-05
variant,3e-05
persuade,3e-05
monitoring,3e-05
pouring,3e-05
handle,3e-05
mitigated,3e-05
brought,3e-05
gotten,3e-05
bump,3e-05
farm,3e-05
derail,3e-05
french,3e-05
sapped,3e-05
ranger,3e-05
warehouse,3e-05
switched,3e-05
headwinds,3e-05
zs,3e-05
wear,3e-05
productivity,3e-05
command,3e-05
staggering,3e-05
underperforming,3e-05
cashing,3e-05
acceptance,3e-05
genius,3e-05
suspect,3e-05
superimposed,3e-05
draw,3e-05
chugged,3e-05
scrutiny,3e-05
conference,3e-05
stall,3e-05
contained,3e-05
regulation,3e-05
drives,3e-05
propel,3e-05
element,3e-05
partials,3e-05
id,3e-05
lets,3e-05
quelled,3e-05
italian,3e-05
declared,3e-05
mitigate,3e-05
accustomed,3e-05
confirm,3e-05
bottles,3e-05
warnings,3e-05
suvs,3e-05
consequences,3e-05
barometer,3e-05
creation,3e-05
fend,3e-05
gearing,3e-05
narratives,3e-05
rubber,3e-05
nominated,3e-05
indication,3e-05
application,3e-05
poi,3e-05
findings,3e-05
laden,3e-05
hello,3e-05
breached,3e-05
acquire,3e-05
applied,3e-05
protect,3e-05
drawing,3e-05
driver,3e-05
coiled,3e-05
backbone,3e-05
paper,3e-05
revolution,3e-05
ushers,3e-05
dose,3e-05
suit,3e-05
substantive,3e-05
arks,3e-05
braced,3e-05
reform,3e-05
sentence,3e-05
drew,3e-05
arm,3e-05
increases,3e-05
industries,3e-05
clawing,3e-05
amplify,3e-05
bubbles,3e-05
protests,3e-05
tear,3e-05
footing,3e-05
touch,3e-05
walks,3e-05
keeps,3e-05
leg,3e-05
covers,3e-05
middle,3e-05
designer,3e-05
fortunes,3e-05
dashed,3e-05
exuberance,3e-05
stakeholders,3e-05
variety,3e-05
policies,3e-05
topping,3e-05
scope,3e-05
beige,3e-05
speculation,3e-05
witnessed,3e-05
tapering,3e-05
success,3e-05
crow,3e-05
snacks,3e-05
bandages,3e-05
russian,3e-05
unemployed,3e-05
unseating,3e-05
caught,3e-05
snipe,3e-05
cleared,3e-05
region,3e-05
stuff,3e-05
violated,3e-05
landing,3e-05
snap,3e-05
likelihood,3e-05
lockdown,3e-05
tempered,3e-05
sagged,3e-05
spell,3e-05
anima,3e-05
makeup,3e-05
rapid,3e-05
dangling,3e-05
beef,3e-05
dragging,3e-05
boomed,3e-05
sing,3e-05
signaling,3e-05
powerhouses,3e-05
carmaker,3e-05
striking,3e-05
casino,3e-05
cad,3e-05
aerial,3e-05
hundreds,3e-05
door,3e-05
bias,3e-05
depends,3e-05
lady,3e-05
fair,3e-05
fiat,3e-05
principles,3e-05
midnight,3e-05
peers,3e-05
stack,3e-05
est,3e-05
anxiety,3e-05
casualty,3e-05
emerge,3e-05
contesting,3e-05
titan,3e-05
thou,3e-05
removed,3e-05
vac,3e-05
unloaded,3e-05
timing,3e-05
gripped,3e-05
tap,3e-05
sanguine,3e-05
impetus,3e-05
road,3e-05
cancellations,3e-05
reduce,3e-05
exercise,3e-05
visualizing,3e-05
stage,3e-05
agriculture,3e-05
wife,3e-05
filled,3e-05
assembly,3e-05
styles,3e-05
demonstrated,3e-05
shocking,3e-05
restarted,3e-05
ordered,3e-05
fifths,3e-05
deadlock,3e-05
clothes,3e-05
weigh,3e-05
pharmaceutic,3e-05
ipos,3e-05
las,3e-05
seventh,3e-05
runs,3e-05
bled,3e-05
stages,3e-05
sos,3e-05
cracked,3e-05
harvest,3e-05
possibles,3e-05
collects,3e-05
overhaul,3e-05
brain,3e-05
inflicted,3e-05
string,3e-05
sawed,3e-05
weight,3e-05
hints,3e-05
spiked,3e-05
needed,3e-05
formation,3e-05
paying,3e-05
pummeled,3e-05
tiring,3e-05
tune,3e-05
practice,3e-05
vertex,3e-05
forge,3e-05
wins,3e-05
clues,3e-05
chances,3e-05
thick,3e-05
ticked,3e-05
ranges,3e-05
dj,3e-05
ecosystems,3e-05
weaver,3e-05
joined,3e-05
clashed,3e-05
overshadowing,3e-05
russ,3e-05
downdraft,3e-05
catch,3e-05
wanted,3e-05
cohort,3e-05
centers,3e-05
shifts,3e-05
dominating,3e-05
assessment,3e-05
kss,3e-05
renting,3e-05
syringes,3e-05
