said,0.01267
rose,0.01188
stocks,0.01144
co,0.01116
year,0.01023
index,0.01006
japan,0.01006
dollar,0.00989
day,0.00944
markets,0.00876
fell,0.00876
https,0.00865
shares,0.00859
futures,0.00821
gains,0.00762
week,0.00711
market,0.00707
gained,0.00663
investors,0.00649
york,0.00594
high,0.00591
data,0.00584
prices,0.00563
vaccine,0.0056
crude,0.00522
stock,0.00508
asia,0.00505
european,0.00491
last,0.00491
tuesday,0.00477
stimulus,0.00467
rising,0.00443
points,0.00433
earnings,0.00426
yield,0.00426
barrel,0.00422
yields,0.00416
world,0.00416
record,0.00412
oil,0.00412
pandemic,0.00409
average,0.00409
lower,0.00409
japanese,0.00405
election,0.00402
hit,0.00392
news,0.00388
treasury,0.00381
gold,0.00378
asian,0.00374
street,0.00371
trading,0.00361
helped,0.00357
month,0.00357
trade,0.00357
added,0.00354
benchmark,0.00347
major,0.00326
dropped,0.00326
inc,0.00323
bond,0.00316
trump,0.00316
monday,0.00316
bank,0.00302
package,0.00295
sentiment,0.00288
months,0.00288
brent,0.00285
second,0.00282
positive,0.00278
chief,0.00275
expectations,0.00268
price,0.00258
risk,0.00258
back,0.00254
jumped,0.00254
states,0.0024
china,0.00237
wall,0.00237
economy,0.00237
deal,0.0023
recovery,0.0023
investor,0.0023
end,0.00227
hitting,0.00227
numbers,0.00227
exchange,0.00227
strategist,0.00223
hopes,0.00223
currencies,0.00223
president,0.0022
optimism,0.0022
cases,0.0022
forecasts,0.0022
outside,0.00216
settled,0.00216
composite,0.00213
equity,0.00213
close,0.00213
losses,0.00213
still,0.00209
government,0.00209
euro,0.00206
indexes,0.00206
demand,0.00206
case,0.00206
session,0.00206
relief,0.00206
yen,0.00203
boost,0.00203
currency,0.00203
central,0.00203
lost,0.00199
photo,0.00199
file,0.00196
united,0.00196
level,0.00192
main,0.00189
transport,0.00185
daily,0.00182
talks,0.00179
notes,0.00179
near,0.00175
low,0.00175
first,0.00172
state,0.00168
time,0.00168
well,0.00168
railway,0.00165
basket,0.00165
boosted,0.00165
australian,0.00161
forecast,0.00161
little,0.00161
showed,0.00161
ounce,0.00158
firms,0.00155
closed,0.00155
gauge,0.00155
concerns,0.00151
led,0.00151
house,0.00148
start,0.00144
trial,0.00144
results,0.00141
rise,0.00141
investment,0.00141
chinese,0.00141
firm,0.00141
profit,0.00137
aid,0.00137
holdings,0.00137
climbed,0.00137
business,0.00137
infection,0.00137
graphic,0.00137
airlines,0.00137
blue,0.00137
leading,0.00134
spot,0.00134
full,0.00131
large,0.00131
asset,0.00131
travel,0.00131
move,0.00127
curve,0.00127
dipped,0.00127
uncertainty,0.00127
management,0.00127
friday,0.00124
emergency,0.00124
lifted,0.00124
ended,0.00124
even,0.0012
infections,0.0012
closes,0.0012
companies,0.0012
share,0.00117
motor,0.00117
west,0.00117
showing,0.00113
part,0.00113
progress,0.00113
globe,0.00113
weeks,0.00113
growth,0.00113
open,0.00113
solid,0.00113
keep,0.00113
official,0.00113
became,0.0011
highs,0.0011
interim,0.0011
europe,0.0011
safe,0.0011
levels,0.00106
country,0.00106
short,0.00106
change,0.00106
cents,0.00106
surge,0.00106
development,0.00106
vaccines,0.00106
van,0.00103
thursday,0.00103
jobs,0.00103
tech,0.00103
head,0.00103
underpinned,0.00103
inflation,0.00103
following,0.00103
sign,0.00103
equities,0.00103
corp,0.00103
jump,0.001
potential,0.001
wednesday,0.001
greenback,0.001
number,0.001
bonds,0.001
sector,0.001
german,0.001
basis,0.001
days,0.001
better,0.001
virus,0.00096
maker,0.00096
straight,0.00096
restrictions,0.00096
weekly,0.00096
assets,0.00096
benchmarks,0.00096
continued,0.00096
congress,0.00096
mark,0.00096
worries,0.00096
edged,0.00096
set,0.00096
ticked,0.00096
continue,0.00096
loss,0.00093
past,0.00093
friendly,0.00093
tesla,0.00093
followed,0.00093
morning,0.00093
get,0.00093
way,0.00089
march,0.00089
energy,0.00089
despite,0.00089
see,0.00089
reached,0.00089
slipped,0.00089
launching,0.00089
midpoint,0.00089
buoyed,0.00089
white,0.00086
democrats,0.00086
people,0.00086
report,0.00086
feb,0.00086
top,0.00086
cap,0.00086
cut,0.00086
ceo,0.00086
fund,0.00086
initial,0.00086
supply,0.00086
closing,0.00086
declines,0.00086
developments,0.00086
long,0.00082
sell,0.00082
strategy,0.00082
traded,0.00082
arrest,0.00082
output,0.00082
net,0.00082
bid,0.00082
hire,0.00082
moved,0.00079
agreement,0.00079
increased,0.00079
held,0.00079
sterling,0.00079
best,0.00079
much,0.00079
small,0.00079
views,0.00079
fall,0.00079
performance,0.00079
negative,0.00079
names,0.00079
extended,0.00079
steepened,0.00079
quarter,0.00076
clouded,0.00076
pound,0.00076
reporting,0.00076
advanced,0.00076
massachusetts,0.00076
steady,0.00076
outlook,0.00076
rates,0.00076
hold,0.00076
stage,0.00076
rotation,0.00076
union,0.00076
production,0.00072
today,0.00072
coming,0.00072
november,0.00072
conglomerate,0.00072
compromise,0.00072
emerging,0.00072
due,0.00072
sectors,0.00072
edge,0.00072
rally,0.00072
gaining,0.00072
negotiations,0.00072
measures,0.00072
parent,0.00069
google,0.00069
access,0.00069
defaults,0.00069
attitudes,0.00069
bill,0.00069
group,0.00069
assuming,0.00069
battery,0.00069
half,0.00069
population,0.00069
domestic,0.00069
gmt,0.00069
chips,0.00069
resurgence,0.00069
term,0.00069
indications,0.00069
moves,0.00069
surging,0.00069
taking,0.00069
october,0.00069
sparking,0.00069
policy,0.00069
tunnel,0.00069
bull,0.00069
electronics,0.00065
alphabet,0.00065
analysts,0.00065
sales,0.00065
going,0.00065
view,0.00065
latest,0.00065
ana,0.00065
east,0.00065
finished,0.00065
fourth,0.00065
triggered,0.00065
rallied,0.00065
city,0.00065
june,0.00065
hang,0.00065
regions,0.00065
hayes,0.00065
editing,0.00065
moving,0.00065
mixed,0.00062
upper,0.00062
support,0.00062
hours,0.00062
flat,0.00062
changed,0.00062
squeeze,0.00062
erased,0.00062
supplying,0.00062
seeking,0.00062
annual,0.00062
shed,0.00062
brokerage,0.00062
raised,0.00062
losing,0.00062
pushed,0.00062
capital,0.00062
yuan,0.00062
images,0.00062
hand,0.00062
british,0.00062
spending,0.00062
defense,0.00058
face,0.00058
off,0.00058
lack,0.00058
real,0.00058
confidence,0.00058
republican,0.00058
board,0.00058
senior,0.00058
front,0.00058
heavy,0.00055
senate,0.00055
secretary,0.00055
note,0.00055
claims,0.00055
money,0.00055
pictured,0.00055
years,0.00055
intermediate,0.00055
polls,0.00055
saw,0.00055
private,0.00055
great,0.00055
federal,0.00055
worried,0.00055
drop,0.00052
range,0.00052
territory,0.00052
reported,0.00052
traders,0.00052
run,0.00052
elections,0.00052
employment,0.00052
come,0.00052
interest,0.00052
adding,0.00052
upbeat,0.00052
begin,0.00052
gap,0.00052
member,0.00052
supported,0.00052
wearing,0.00052
manager,0.00052
comments,0.00052
national,0.00048
speaker,0.00048
ones,0.00048
take,0.00048
survey,0.00048
announcement,0.00048
limited,0.00048
representatives,0.00048
weakness,0.00048
debt,0.00048
reaction,0.00048
americans,0.00048
growing,0.00048
possible,0.00048
setting,0.00048
tested,0.00048
managing,0.00048
peers,0.00048
remained,0.00048
catalyst,0.00045
possibility,0.00045
administration,0.00045
size,0.00045
weakened,0.00045
rebound,0.00045
sensitive,0.00045
labor,0.00045
worst,0.00045
japans,0.00045
opening,0.00045
technology,0.00045
staff,0.00045
approval,0.00045
oct,0.00045
italian,0.00045
bit,0.00045
region,0.00045
zone,0.00045
parties,0.00041
lockdowns,0.00041
shock,0.00041
free,0.00041
south,0.00041
prospects,0.00041
southeast,0.00041
course,0.00041
continuation,0.00041
ask,0.00041
control,0.00041
pulls,0.00041
defeat,0.00041
neared,0.00041
outcome,0.00041
including,0.00041
gatherings,0.00041
hedge,0.00041
touching,0.00041
inched,0.00041
screen,0.00041
weighed,0.00041
inventories,0.00041
officer,0.00041
game,0.00041
sale,0.00041
provide,0.00041
countries,0.00041
twitter,0.00041
key,0.00041
place,0.00038
eu,0.00038
posted,0.00038
mask,0.00038
operator,0.00038
governments,0.00038
december,0.00038
january,0.00038
commodities,0.00038
expected,0.00038
citing,0.00038
bullion,0.00038
elect,0.00038
decades,0.00038
monthly,0.00038
mode,0.00038
turnaround,0.00038
add,0.00038
budget,0.00038
find,0.00038
adviser,0.00038
payrolls,0.00038
direction,0.00038
sent,0.00038
space,0.00038
pared,0.00038
warned,0.00038
gain,0.00038
indices,0.00038
increase,0.00038
firmed,0.00038
slowing,0.00038
reserve,0.00038
weakens,0.00038
impact,0.00038
show,0.00038
breather,0.00038
third,0.00038
republicans,0.00038
reports,0.00038
bets,0.00038
officials,0.00038
tend,0.00034
reactions,0.00034
wealth,0.00034
fears,0.00034
wants,0.00034
battleground,0.00034
pulled,0.00034
good,0.00034
department,0.00034
volume,0.00034
hungarian,0.00034
seeing,0.00034
round,0.00034
benefit,0.00034
prime,0.00034
surged,0.00034
rotate,0.00034
american,0.00034
man,0.00034
veto,0.00034
fast,0.00034
grabbed,0.00034
authorities,0.00034
members,0.00034
declined,0.00034
factory,0.00034
regulator,0.00034
hope,0.00034
according,0.00034
beneficiaries,0.00034
recommend,0.00034
consumer,0.00034
vetoes,0.00034
normalisation,0.00034
signs,0.00034
premium,0.00034
propelled,0.00034
preparing,0.00034
analyst,0.00034
related,0.00034
reopening,0.00034
polish,0.00034
running,0.00034
system,0.00034
opec,0.00034
figures,0.00034
cashing,0.00034
component,0.00034
stall,0.00034
ground,0.00034
reflect,0.00034
advancers,0.00034
lead,0.00034
keeps,0.00034
finalised,0.00034
string,0.00034
perched,0.00034
democrat,0.00034
decline,0.00034
public,0.00034
like,0.00031
core,0.00031
making,0.00031
look,0.00031
distribution,0.00031
sought,0.00031
seems,0.00031
land,0.00031
storm,0.00031
electric,0.00031
lows,0.00031
graph,0.00031
vote,0.00031
security,0.00031
former,0.00031
recession,0.00031
uncertainties,0.00031
michael,0.00031
boil,0.00031
overall,0.00031
turned,0.00031
kept,0.00031
affiliates,0.00031
line,0.00031
getting,0.00031
disease,0.00031
afternoon,0.00031
bullet,0.00031
announced,0.00031
sub,0.00031
businesses,0.00031
vice,0.00031
chip,0.00031
securities,0.00031
medical,0.00031
connecting,0.00031
strengthened,0.00031
carter,0.00031
chance,0.00031
trains,0.00031
climbing,0.00031
fed,0.00031
tumbled,0.00027
profits,0.00027
strike,0.00027
phone,0.00027
overshadowed,0.00027
remain,0.00027
outcomes,0.00027
told,0.00027
jersey,0.00027
cheered,0.00027
say,0.00027
leaving,0.00027
surprise,0.00027
partner,0.00027
left,0.00027
eased,0.00027
apple,0.00027
suggested,0.00027
havens,0.00027
sides,0.00027
economies,0.00027
accelerated,0.00027
economist,0.00027
seasonal,0.00027
believe,0.00027
safety,0.00027
minister,0.00027
strengthening,0.00027
airline,0.00027
reach,0.00027
join,0.00027
focused,0.00027
attention,0.00027
advisors,0.00027
struggled,0.00027
go,0.00027
disappointing,0.00027
education,0.00027
outbreak,0.00027
wave,0.00027
future,0.00027
car,0.00027
night,0.00024
borough,0.00024
waiting,0.00024
ends,0.00024
surrounding,0.00024
job,0.00024
commodity,0.00024
grew,0.00024
counsel,0.00024
promising,0.00024
light,0.00024
releases,0.00024
volatility,0.00024
shot,0.00024
retreated,0.00024
raise,0.00024
season,0.00024
falling,0.00024
hanging,0.00024
libyan,0.00024
pace,0.00024
health,0.00024
talking,0.00024
allies,0.00024
meant,0.00024
closer,0.00024
challenging,0.00024
looking,0.00024
economists,0.00024
underperformers,0.00024
minutes,0.00024
company,0.00024
probability,0.00024
refineries,0.00024
party,0.00024
partners,0.00024
lane,0.00024
glitch,0.00024
steam,0.00024
gave,0.00024
manhattan,0.00024
rebounded,0.00024
campaign,0.00024
think,0.00024
slumped,0.00024
help,0.00024
breaking,0.00024
concern,0.00024
point,0.00024
make,0.00024
factors,0.00021
topped,0.00021
worker,0.00021
suggesting,0.00021
canadian,0.00021
research,0.00021
dated,0.00021
wrote,0.00021
winter,0.00021
came,0.00021
lot,0.00021
person,0.00021
meeting,0.00021
executive,0.00021
re,0.00021
leaders,0.00021
office,0.00021
text,0.00021
narrow,0.00021
masks,0.00021
investments,0.00021
repeats,0.00021
focusing,0.00021
review,0.00021
victory,0.00021
terms,0.00021
amazon,0.00021
starting,0.00021
opinion,0.00021
local,0.00021
subscribers,0.00021
clobbered,0.00021
absent,0.00021
dented,0.00021
portfolio,0.00021
weather,0.00021
red,0.00021
ready,0.00021
swiss,0.00021
lawmakers,0.00021
longer,0.00021
saying,0.00021
curtailed,0.00021
turn,0.00021
focus,0.00021
surpassed,0.00021
makes,0.00021
international,0.00021
hopeful,0.00021
shift,0.00021
result,0.00021
stand,0.00021
performing,0.00021
committee,0.00021
pressure,0.00021
trying,0.00021
experiencing,0.00021
side,0.00021
hits,0.00021
leader,0.00021
break,0.00021
worry,0.00021
underscored,0.00021
begins,0.00021
switch,0.00021
appetite,0.00021
slowdown,0.00021
slump,0.00021
processed,0.00021
percentage,0.00021
software,0.00021
debate,0.00021
appeared,0.00021
norwegian,0.00021
cruise,0.00021
dragged,0.00021
emailed,0.00021
water,0.00021
drags,0.00021
tai,0.00021
leads,0.00021
rating,0.00017
heading,0.00017
home,0.00017
working,0.00017
pricing,0.00017
center,0.00017
director,0.00017
income,0.00017
creating,0.00017
posting,0.00017
post,0.00017
reflected,0.00017
volatile,0.00017
assumed,0.00017
shy,0.00017
drive,0.00017
negotiators,0.00017
trades,0.00017
return,0.00017
final,0.00017
grow,0.00017
benefits,0.00017
spread,0.00017
win,0.00017
marking,0.00017
stood,0.00017
approaching,0.00017
treasuries,0.00017
series,0.00017
race,0.00017
fact,0.00017
media,0.00017
expect,0.00017
talk,0.00017
western,0.00017
dollars,0.00017
crisis,0.00017
cuts,0.00017
willing,0.00017
yesterday,0.00017
caused,0.00017
continues,0.00017
work,0.00017
pence,0.00017
stable,0.00017
opposition,0.00017
trust,0.00017
finale,0.00017
decided,0.00017
halt,0.00017
pass,0.00017
general,0.00017
freeze,0.00017
rate,0.00017
vaccination,0.00017
decide,0.00017
track,0.00017
consumers,0.00017
order,0.00017
type,0.00017
industries,0.00017
mini,0.00017
act,0.00017
sharp,0.00017
remains,0.00017
unemployment,0.00017
floor,0.00017
threat,0.00017
majority,0.00017
adds,0.00017
resistance,0.00017
impending,0.00017
flying,0.00017
walk,0.00014
aversion,0.00014
effort,0.00014
motors,0.00014
capped,0.00014
takes,0.00014
lasting,0.00014
sessions,0.00014
tops,0.00014
chains,0.00014
analysis,0.00014
advance,0.00014
putting,0.00014
differences,0.00014
pointed,0.00014
reverse,0.00014
use,0.00014
in,0.00014
soar,0.00014
steepening,0.00014
struggling,0.00014
swings,0.00014
determine,0.00014
become,0.00014
fared,0.00014
piled,0.00014
peak,0.00014
tamped,0.00014
trails,0.00014
conflict,0.00014
test,0.00014
proxy,0.00014
follows,0.00014
resolution,0.00014
diagnosed,0.00014
export,0.00014
pressures,0.00014
troubled,0.00014
particular,0.00014
services,0.00014
dip,0.00014
force,0.00014
rebounds,0.00014
paring,0.00014
slid,0.00014
agenda,0.00014
factor,0.00014
symptoms,0.00014
try,0.00014
authorization,0.00014
haven,0.00014
put,0.00014
pop,0.00014
posts,0.00014
roiling,0.00014
parts,0.00014
buying,0.00014
managers,0.00014
margins,0.00014
stuck,0.00014
site,0.00014
reversal,0.00014
tv,0.00014
progressing,0.00014
softened,0.00014
bolstering,0.00014
reaching,0.00014
feel,0.00014
urged,0.00014
correction,0.00014
made,0.00014
nov,0.00014
relations,0.00014
legislation,0.00014
war,0.00014
approve,0.00014
deep,0.00014
updates,0.00014
up,0.00014
displaying,0.00014
trials,0.00014
jan,0.00014
threatened,0.00014
scenario,0.00014
dec,0.00014
mood,0.00014
plans,0.00014
evening,0.00014
caution,0.00014
network,0.00014
treatment,0.00014
gambling,0.00014
area,0.00014
retailing,0.00014
reversed,0.00014
broad,0.00014
mrna,0.00014
opens,0.00014
driving,0.00014
bought,0.00014
options,0.00014
funds,0.00014
faded,0.00014
trend,0.00014
suspended,0.00014
issue,0.00014
cautious,0.00014
recovered,0.00014
weighing,0.00014
streak,0.00014
indicating,0.00014
appeal,0.00014
recouped,0.00014
expanded,0.00014
paris,0.00014
recouping,0.00014
demonstrates,0.00014
easing,0.00014
pac,0.00014
avert,0.00014
april,0.00014
triggering,0.00014
started,0.00014
leadership,0.00014
couple,0.00014
bombshell,0.00014
book,0.00014
improve,0.00014
kind,0.00014
extreme,0.00014
gdp,0.00014
offered,0.00014
estimates,0.00014
bell,0.00014
faces,0.00014
times,0.00014
tweet,0.00014
packages,0.00014
touched,0.00014
imports,0.00014
surprises,0.00014
sweep,0.00014
wrong,0.00014
hobble,0.00014
chair,0.00014
testing,0.00014
shanghai,0.00014
contained,0.00014
addition,0.00014
offer,0.00014
benefited,0.00014
agreed,0.00014
pushing,0.00014
retreating,0.00014
policies,0.00014
trader,0.00014
soared,0.00014
slight,0.00014
depends,0.00014
value,0.00014
reasons,0.00014
preference,0.00014
wife,0.00014
outperforming,0.00014
restarted,0.00014
opened,0.00014
doubted,0.00014
deaths,0.00014
portion,0.00014
separate,0.00014
negotiator,0.00014
serves,0.00014
supposed,0.0001
schools,0.0001
registered,0.0001
taxes,0.0001
auto,0.0001
pan,0.0001
cash,0.0001
curb,0.0001
pull,0.0001
read,0.0001
chinas,0.0001
treaded,0.0001
nations,0.0001
thirds,0.0001
advancing,0.0001
agree,0.0001
frenzy,0.0001
problem,0.0001
teased,0.0001
makers,0.0001
began,0.0001
wrangling,0.0001
credit,0.0001
resume,0.0001
inching,0.0001
tug,0.0001
question,0.0001
contest,0.0001
met,0.0001
induced,0.0001
billions,0.0001
threats,0.0001
speed,0.0001
announcing,0.0001
entering,0.0001
risks,0.0001
protesters,0.0001
laptops,0.0001
saudi,0.0001
behind,0.0001
fixed,0.0001
keeping,0.0001
prod,0.0001
curbs,0.0001
exporting,0.0001
korean,0.0001
paid,0.0001
toll,0.0001
periods,0.0001
amp,0.0001
calls,0.0001
proposals,0.0001
repeat,0.0001
medics,0.0001
shut,0.0001
rough,0.0001
sparked,0.0001
sera,0.0001
stalling,0.0001
disappointed,0.0001
payroll,0.0001
challenger,0.0001
offering,0.0001
quotation,0.0001
bills,0.0001
phase,0.0001
pressured,0.0001
yes,0.0001
hammer,0.0001
approved,0.0001
downs,0.0001
prompted,0.0001
crews,0.0001
period,0.0001
remaining,0.0001
checks,0.0001
gasoline,0.0001
voted,0.0001
purchasing,0.0001
include,0.0001
helping,0.0001
cause,0.0001
aggregate,0.0001
student,0.0001
current,0.0001
expressed,0.0001
athletes,0.0001
giant,0.0001
beginning,0.0001
brief,0.0001
nagging,0.0001
overhauling,0.0001
stockpiles,0.0001
warning,0.0001
august,0.0001
midst,0.0001
dropping,0.0001
aspect,0.0001
eroded,0.0001
overwhelmed,0.0001
vaccinations,0.0001
launched,0.0001
nightmare,0.0001
digesting,0.0001
trail,0.0001
stay,0.0001
sherry,0.0001
bounce,0.0001
clamped,0.0001
cities,0.0001
flattened,0.0001
organization,0.0001
outperformed,0.0001
thin,0.0001
need,0.0001
took,0.0001
interview,0.0001
stoked,0.0001
september,0.0001
comprehensive,0.0001
targeted,0.0001
momentum,0.0001
governor,0.0001
fuel,0.0001
activity,0.0001
doubts,0.0001
events,0.0001
coup,0.0001
clarity,0.0001
protection,0.0001
increasing,0.0001
jacob,0.0001
banks,0.0001
buffeted,0.0001
swing,0.0001
plummeting,0.0001
regarding,0.0001
becoming,0.0001
enlisting,0.0001
grappled,0.0001
least,0.0001
petroleum,0.0001
gulf,0.0001
meanwhile,0.0001
communication,0.0001
angst,0.0001
deteriorating,0.0001
poised,0.0001
banking,0.0001
applied,0.0001
headline,0.0001
waited,0.0001
braced,0.0001
contracted,0.0001
increases,0.0001
rein,0.0001
protests,0.0001
walks,0.0001
coal,0.0001
precision,0.0001
improving,0.0001
rapid,0.0001
retailer,0.0001
looks,0.0001
handling,0.0001
aides,0.0001
lady,0.0001
motion,0.0001
exceed,0.0001
impetus,0.0001
equipment,0.0001
single,0.0001
journalist,0.0001
weight,0.0001
spiked,0.0001
needed,0.0001
information,0.0001
maintained,0.0001
program,0.0001
metal,0.0001
fundamental,0.0001
busy,0.0001
buy,0.0001
tightening,0.0001
air,7e-05
study,7e-05
fear,7e-05
turbulences,7e-05
flurry,7e-05
computer,7e-05
flows,7e-05
cost,7e-05
halts,7e-05
screens,7e-05
mired,7e-05
voluntary,7e-05
bands,7e-05
subversion,7e-05
economics,7e-05
backers,7e-05
decision,7e-05
story,7e-05
profile,7e-05
filing,7e-05
willingness,7e-05
owner,7e-05
provided,7e-05
competitor,7e-05
contributed,7e-05
contrast,7e-05
genres,7e-05
troubling,7e-05
producer,7e-05
cease,7e-05
tumbling,7e-05
betting,7e-05
games,7e-05
meal,7e-05
love,7e-05
complete,7e-05
aide,7e-05
defensive,7e-05
fueled,7e-05
tag,7e-05
drift,7e-05
announcements,7e-05
shorting,7e-05
strained,7e-05
chase,7e-05
lira,7e-05
police,7e-05
stance,7e-05
anticipated,7e-05
pounds,7e-05
intention,7e-05
john,7e-05
slowed,7e-05
goods,7e-05
troubles,7e-05
ebs,7e-05
highlighted,7e-05
lift,7e-05
north,7e-05
arctic,7e-05
music,7e-05
are,7e-05
got,7e-05
skidded,7e-05
allowed,7e-05
beating,7e-05
vaccinating,7e-05
surgeries,7e-05
themes,7e-05
influence,7e-05
surprised,7e-05
turkey,7e-05
zoom,7e-05
statement,7e-05
introduce,7e-05
streets,7e-05
maoists,7e-05
renewed,7e-05
atm,7e-05
meadows,7e-05
remarks,7e-05
accelerating,7e-05
sight,7e-05
tallies,7e-05
calming,7e-05
object,7e-05
proposal,7e-05
dampened,7e-05
vocal,7e-05
weekend,7e-05
arrivals,7e-05
preferred,7e-05
dozens,7e-05
postponing,7e-05
challengers,7e-05
justice,7e-05
writes,7e-05
bottom,7e-05
climb,7e-05
horrifying,7e-05
sept,7e-05
calms,7e-05
gs,7e-05
dimming,7e-05
ai,7e-05
blew,7e-05
sits,7e-05
ride,7e-05
pointing,7e-05
sour,7e-05
fails,7e-05
trigger,7e-05
te,7e-05
roll,7e-05
sinking,7e-05
restore,7e-05
sort,7e-05
shied,7e-05
underlying,7e-05
grabs,7e-05
compounded,7e-05
frost,7e-05
personal,7e-05
borrowing,7e-05
snapped,7e-05
onus,7e-05
underlining,7e-05
drooped,7e-05
atms,7e-05
whole,7e-05
hovered,7e-05
food,7e-05
tweets,7e-05
closure,7e-05
resulted,7e-05
falls,7e-05
call,7e-05
relative,7e-05
deadline,7e-05
offset,7e-05
assurance,7e-05
special,7e-05
tools,7e-05
wild,7e-05
trimming,7e-05
narrowing,7e-05
native,7e-05
peter,7e-05
beat,7e-05
joining,7e-05
bristling,7e-05
exposure,7e-05
gets,7e-05
obstacles,7e-05
noted,7e-05
resumes,7e-05
watching,7e-05
industry,7e-05
capitol,7e-05
infrastructure,7e-05
conviction,7e-05
se,7e-05
purchase,7e-05
widened,7e-05
robot,7e-05
meet,7e-05
continuing,7e-05
approaches,7e-05
discussions,7e-05
difference,7e-05
spiral,7e-05
cripples,7e-05
narrowed,7e-05
fearing,7e-05
approached,7e-05
holders,7e-05
wire,7e-05
minded,7e-05
dry,7e-05
healthcare,7e-05
recover,7e-05
casanova,7e-05
beaten,7e-05
keen,7e-05
jitters,7e-05
approvals,7e-05
pulling,7e-05
went,7e-05
tempering,7e-05
exceptions,7e-05
houses,7e-05
copper,7e-05
family,7e-05
watched,7e-05
rises,7e-05
played,7e-05
pentagon,7e-05
want,7e-05
mine,7e-05
tonne,7e-05
urging,7e-05
nearing,7e-05
tropes,7e-05
elevated,7e-05
charged,7e-05
border,7e-05
contract,7e-05
source,7e-05
spokesperson,7e-05
tax,7e-05
doubled,7e-05
caps,7e-05
seem,7e-05
manufacturers,7e-05
soured,7e-05
buybacks,7e-05
deployment,7e-05
movements,7e-05
bolster,7e-05
philippines,7e-05
stayed,7e-05
specialise,7e-05
spike,7e-05
milestone,7e-05
felt,7e-05
mining,7e-05
guessing,7e-05
battle,7e-05
favor,7e-05
pick,7e-05
averages,7e-05
candidate,7e-05
spokesman,7e-05
outlooks,7e-05
delivery,7e-05
sold,7e-05
metals,7e-05
ease,7e-05
movement,7e-05
push,7e-05
draws,7e-05
aside,7e-05
partnership,7e-05
goes,7e-05
edging,7e-05
controlled,7e-05
comment,7e-05
improvement,7e-05
canceling,7e-05
selloff,7e-05
cl,7e-05
lawsuit,7e-05
wobbles,7e-05
stormed,7e-05
toilet,7e-05
stopping,7e-05
cushion,7e-05
gate,7e-05
revealed,7e-05
visions,7e-05
glut,7e-05
feeling,7e-05
drove,7e-05
role,7e-05
estate,7e-05
promise,7e-05
cat,7e-05
operated,7e-05
fifth,7e-05
articles,7e-05
sweet,7e-05
gainer,7e-05
faced,7e-05
combination,7e-05
spur,7e-05
heartened,7e-05
peaks,7e-05
hammered,7e-05
stopped,7e-05
hurricanes,7e-05
recovering,7e-05
reversing,7e-05
positions,7e-05
revisions,7e-05
seeks,7e-05
indicated,7e-05
ag,7e-05
schedule,7e-05
reducing,7e-05
black,7e-05
exporter,7e-05
advisory,7e-05
breakout,7e-05
slow,7e-05
battered,7e-05
down,7e-05
clear,7e-05
figure,7e-05
ban,7e-05
etfs,7e-05
recommendations,7e-05
verge,7e-05
manifestation,7e-05
tracked,7e-05
signaled,7e-05
gainers,7e-05
release,7e-05
scrutiny,7e-05
traction,7e-05
regulation,7e-05
oscillating,7e-05
elvis,7e-05
continent,7e-05
conservatives,7e-05
households,7e-05
shareholder,7e-05
macro,7e-05
opposing,7e-05
tapas,7e-05
formal,7e-05
acquire,7e-05
fuelling,7e-05
measure,7e-05
supporting,7e-05
brushing,7e-05
fusing,7e-05
live,7e-05
drugs,7e-05
participating,7e-05
dashed,7e-05
disruptions,7e-05
affair,7e-05
piece,7e-05
social,7e-05
escalates,7e-05
runoff,7e-05
likelihood,7e-05
lockdown,7e-05
indexs,7e-05
budging,7e-05
leave,7e-05
stands,7e-05
testimony,7e-05
lifts,7e-05
hoped,7e-05
worse,7e-05
chemical,7e-05
backing,7e-05
cad,7e-05
forward,7e-05
winning,7e-05
miners,7e-05
midnight,7e-05
handover,7e-05
contributor,7e-05
encouraging,7e-05
participants,7e-05
dizzying,7e-05
emerge,7e-05
losers,7e-05
sputtering,7e-05
spurred,7e-05
enter,7e-05
timing,7e-05
trends,7e-05
reduce,7e-05
knows,7e-05
play,7e-05
appliances,7e-05
smile,7e-05
ordered,7e-05
dispute,7e-05
designated,7e-05
semiconductor,7e-05
seesawed,7e-05
harvest,7e-05
variants,7e-05
suffer,7e-05
forum,7e-05
formation,7e-05
coalition,7e-05
failed,7e-05
chances,7e-05
holding,7e-05
seats,7e-05
slip,7e-05
quarterly,7e-05
lose,7e-05
decade,7e-05
sending,7e-05
nestle,7e-05
military,7e-05
speech,7e-05
percent,7e-05
panels,7e-05
products,7e-05
illness,3e-05
soaring,3e-05
valuable,3e-05
position,3e-05
indecision,3e-05
researchers,3e-05
tobacco,3e-05
removing,3e-05
telegraph,3e-05
exporters,3e-05
name,3e-05
files,3e-05
spokeswoman,3e-05
arms,3e-05
downbeat,3e-05
layoffs,3e-05
diamond,3e-05
prepare,3e-05
preceded,3e-05
deficits,3e-05
hedging,3e-05
out,3e-05
autos,3e-05
countered,3e-05
calibrated,3e-05
train,3e-05
extending,3e-05
glancing,3e-05
rejected,3e-05
antibody,3e-05
shipments,3e-05
gauges,3e-05
likes,3e-05
muted,3e-05
impacts,3e-05
manage,3e-05
total,3e-05
sponsored,3e-05
hoya,3e-05
shedding,3e-05
turns,3e-05
elevator,3e-05
hawk,3e-05
sapping,3e-05
stumbled,3e-05
dividends,3e-05
crash,3e-05
freelance,3e-05
homes,3e-05
extra,3e-05
faltered,3e-05
spoke,3e-05
hurricane,3e-05
lock,3e-05
blueprint,3e-05
assurances,3e-05
score,3e-05
slanted,3e-05
carmakers,3e-05
shutdowns,3e-05
matter,3e-05
theme,3e-05
drought,3e-05
reasserting,3e-05
searching,3e-05
liquidations,3e-05
gut,3e-05
shifting,3e-05
ravaged,3e-05
plunge,3e-05
ammunition,3e-05
hoist,3e-05
blog,3e-05
pivot,3e-05
violence,3e-05
capacity,3e-05
estimated,3e-05
ditches,3e-05
know,3e-05
appears,3e-05
turmoil,3e-05
consolidated,3e-05
vaulted,3e-05
tantrum,3e-05
common,3e-05
slim,3e-05
surgery,3e-05
title,3e-05
grown,3e-05
shutter,3e-05
harbour,3e-05
discovery,3e-05
facing,3e-05
headwind,3e-05
marked,3e-05
conditions,3e-05
celebrated,3e-05
deals,3e-05
participation,3e-05
lee,3e-05
aiming,3e-05
reopened,3e-05
sway,3e-05
depending,3e-05
marshall,3e-05
trophy,3e-05
producers,3e-05
reflation,3e-05
eye,3e-05
dived,3e-05
rivals,3e-05
conservative,3e-05
correct,3e-05
broke,3e-05
extend,3e-05
bridge,3e-05
crazy,3e-05
self,3e-05
language,3e-05
pattern,3e-05
chiefs,3e-05
peso,3e-05
spring,3e-05
cancelling,3e-05
sidelines,3e-05
resolved,3e-05
nudge,3e-05
chain,3e-05
centred,3e-05
steadied,3e-05
comfort,3e-05
twist,3e-05
disposable,3e-05
batch,3e-05
intervened,3e-05
europes,3e-05
fad,3e-05
tighten,3e-05
surpassing,3e-05
approach,3e-05
combined,3e-05
reporters,3e-05
exports,3e-05
pleased,3e-05
tailwinds,3e-05
presidency,3e-05
combat,3e-05
unit,3e-05
budding,3e-05
life,3e-05
outbreaks,3e-05
clothing,3e-05
tone,3e-05
silver,3e-05
technical,3e-05
helps,3e-05
forcing,3e-05
message,3e-05
wait,3e-05
ending,3e-05
dot,3e-05
unwinding,3e-05
reclaimed,3e-05
weakening,3e-05
floors,3e-05
gam,3e-05
outage,3e-05
easings,3e-05
expressing,3e-05
plunged,3e-05
precautions,3e-05
project,3e-05
regained,3e-05
travelling,3e-05
fang,3e-05
loosening,3e-05
players,3e-05
valuation,3e-05
friends,3e-05
favourite,3e-05
costs,3e-05
pullback,3e-05
nowhere,3e-05
task,3e-05
welcomed,3e-05
inaugural,3e-05
yielding,3e-05
resumption,3e-05
suspension,3e-05
managed,3e-05
thb,3e-05
delayed,3e-05
closures,3e-05
guard,3e-05
factories,3e-05
baseball,3e-05
curtail,3e-05
stepping,3e-05
so,3e-05
reserves,3e-05
blamed,3e-05
eyebrows,3e-05
commission,3e-05
nec,3e-05
downside,3e-05
word,3e-05
availability,3e-05
stimulate,3e-05
crossing,3e-05
movers,3e-05
issues,3e-05
employers,3e-05
rich,3e-05
harrowing,3e-05
boy,3e-05
israeli,3e-05
fail,3e-05
th,3e-05
tan,3e-05
sees,3e-05
generated,3e-05
batteries,3e-05
politics,3e-05
surface,3e-05
cannabis,3e-05
razor,3e-05
likening,3e-05
listing,3e-05
complying,3e-05
microcosm,3e-05
boasted,3e-05
guarantees,3e-05
spigot,3e-05
purchases,3e-05
exploring,3e-05
dionysia,3e-05
pact,3e-05
perceived,3e-05
ties,3e-05
fired,3e-05
meetings,3e-05
maintains,3e-05
stem,3e-05
action,3e-05
worsen,3e-05
build,3e-05
launches,3e-05
deb,3e-05
cleans,3e-05
segments,3e-05
outflows,3e-05
racing,3e-05
stories,3e-05
corporation,3e-05
regain,3e-05
subject,3e-05
diversity,3e-05
supporter,3e-05
miller,3e-05
eighth,3e-05
setbacks,3e-05
steadying,3e-05
capture,3e-05
pause,3e-05
nominee,3e-05
headed,3e-05
filed,3e-05
film,3e-05
calling,3e-05
administered,3e-05
earning,3e-05
pedestrians,3e-05
scuttled,3e-05
cartwheeling,3e-05
challenge,3e-05
son,3e-05
poses,3e-05
advantage,3e-05
fractal,3e-05
picking,3e-05
tracing,3e-05
candle,3e-05
eyed,3e-05
fanned,3e-05
musk,3e-05
sense,3e-05
charlotte,3e-05
favouring,3e-05
plant,3e-05
holiday,3e-05
hurdles,3e-05
adjustments,3e-05
boom,3e-05
fading,3e-05
summit,3e-05
lives,3e-05
revival,3e-05
electron,3e-05
seemed,3e-05
woman,3e-05
junta,3e-05
animated,3e-05
reason,3e-05
send,3e-05
dependence,3e-05
thanks,3e-05
flag,3e-05
blocks,3e-05
hospitalization,3e-05
weathered,3e-05
candidates,3e-05
endorse,3e-05
masa,3e-05
court,3e-05
chemicals,3e-05
ra,3e-05
drug,3e-05
mbs,3e-05
comes,3e-05
dent,3e-05
ignoring,3e-05
occurs,3e-05
crashes,3e-05
regulations,3e-05
median,3e-05
disclosure,3e-05
panel,3e-05
demon,3e-05
picture,3e-05
pledge,3e-05
convenience,3e-05
scoop,3e-05
diagnosis,3e-05
undercutting,3e-05
recorded,3e-05
competition,3e-05
dreams,3e-05
locked,3e-05
backed,3e-05
entered,3e-05
outnumbered,3e-05
detailed,3e-05
heel,3e-05
discussing,3e-05
battling,3e-05
survive,3e-05
spots,3e-05
lying,3e-05
revitalized,3e-05
engineering,3e-05
socialising,3e-05
daniel,3e-05
tension,3e-05
kicked,3e-05
sustainability,3e-05
shakeup,3e-05
citadel,3e-05
picked,3e-05
favorites,3e-05
raising,3e-05
claw,3e-05
normal,3e-05
limit,3e-05
wow,3e-05
elite,3e-05
forces,3e-05
raced,3e-05
gi,3e-05
efforts,3e-05
pausing,3e-05
heavyweights,3e-05
manufacturing,3e-05
appearing,3e-05
ruling,3e-05
episodes,3e-05
adopted,3e-05
empty,3e-05
corrects,3e-05
july,3e-05
retreat,3e-05
commerce,3e-05
over,3e-05
bolstered,3e-05
chart,3e-05
confounding,3e-05
polled,3e-05
lull,3e-05
cold,3e-05
roses,3e-05
gathering,3e-05
generation,3e-05
prompt,3e-05
reviving,3e-05
winding,3e-05
entrenched,3e-05
ventures,3e-05
hydrogen,3e-05
inoculations,3e-05
folks,3e-05
perked,3e-05
give,3e-05
settling,3e-05
joint,3e-05
cent,3e-05
drops,3e-05
reflects,3e-05
ambassador,3e-05
expecting,3e-05
billionaire,3e-05
junk,3e-05
construction,3e-05
commonwealth,3e-05
looms,3e-05
recoveries,3e-05
confusion,3e-05
downgrade,3e-05
interviewed,3e-05
violets,3e-05
operation,3e-05
hung,3e-05
warren,3e-05
dispersed,3e-05
baht,3e-05
missed,3e-05
prolong,3e-05
bounced,3e-05
preparations,3e-05
logo,3e-05
scrambled,3e-05
team,3e-05
extrapolating,3e-05
enthusiasm,3e-05
thai,3e-05
looming,3e-05
hearing,3e-05
eyes,3e-05
funding,3e-05
frustration,3e-05
fisheries,3e-05
missiles,3e-05
ko,3e-05
valuations,3e-05
develop,3e-05
attributed,3e-05
hoping,3e-05
lagged,3e-05
avoid,3e-05
bailey,3e-05
rout,3e-05
island,3e-05
prompting,3e-05
escalated,3e-05
surges,3e-05
reiterated,3e-05
bounces,3e-05
positioning,3e-05
fuller,3e-05
celebration,3e-05
mag,3e-05
programs,3e-05
stops,3e-05
sea,3e-05
miami,3e-05
bulls,3e-05
powerhouse,3e-05
haters,3e-05
lifting,3e-05
fire,3e-05
pharmaceutical,3e-05
risen,3e-05
indicator,3e-05
prince,3e-05
threshold,3e-05
drama,3e-05
exchanges,3e-05
bow,3e-05
talked,3e-05
roaring,3e-05
underscoring,3e-05
mobile,3e-05
path,3e-05
means,3e-05
created,3e-05
dulling,3e-05
aditya,3e-05
ceremony,3e-05
powered,3e-05
entertainment,3e-05
ratings,3e-05
establish,3e-05
euros,3e-05
telephone,3e-05
summer,3e-05
pr,3e-05
tests,3e-05
links,3e-05
threaten,3e-05
semiconductors,3e-05
airport,3e-05
pain,3e-05
doubles,3e-05
ninth,3e-05
grips,3e-05
tuned,3e-05
puts,3e-05
exclusive,3e-05
submitted,3e-05
departure,3e-05
buoys,3e-05
fbi,3e-05
returned,3e-05
revised,3e-05
neutrality,3e-05
chairman,3e-05
gamma,3e-05
reaffirmed,3e-05
assistance,3e-05
auction,3e-05
slugged,3e-05
moment,3e-05
slide,3e-05
plan,3e-05
paycheck,3e-05
list,3e-05
tends,3e-05
slayer,3e-05
settlement,3e-05
power,3e-05
imposed,3e-05
earth,3e-05
disclosed,3e-05
sliding,3e-05
fraction,3e-05
teetering,3e-05
jumps,3e-05
kill,3e-05
prepared,3e-05
ratio,3e-05
wedge,3e-05
flush,3e-05
count,3e-05
memes,3e-05
paralysis,3e-05
mend,3e-05
mounting,3e-05
store,3e-05
divorce,3e-05
mondays,3e-05
legislators,3e-05
executives,3e-05
opportunism,3e-05
steep,3e-05
passage,3e-05
dominated,3e-05
tracking,3e-05
scores,3e-05
slides,3e-05
comeback,3e-05
singaporean,3e-05
assess,3e-05
stick,3e-05
cautions,3e-05
expansion,3e-05
directs,3e-05
orders,3e-05
paving,3e-05
ds,3e-05
enough,3e-05
explained,3e-05
district,3e-05
reporter,3e-05
breakthroughs,3e-05
derail,3e-05
french,3e-05
shrug,3e-05
consolidation,3e-05
sustained,3e-05
counterparts,3e-05
enemy,3e-05
corporations,3e-05
phd,3e-05
signal,3e-05
stalled,3e-05
conference,3e-05
yielded,3e-05
developing,3e-05
expects,3e-05
hurt,3e-05
payments,3e-05
allowing,3e-05
reprieve,3e-05
investing,3e-05
mitigate,3e-05
li,3e-05
measurements,3e-05
dyer,3e-05
familiar,3e-05
ploughed,3e-05
baulked,3e-05
pray,3e-05
escalation,3e-05
received,3e-05
things,3e-05
driven,3e-05
rock,3e-05
feds,3e-05
reopen,3e-05
reflecting,3e-05
finance,3e-05
buzz,3e-05
drawing,3e-05
driver,3e-05
protest,3e-05
sunday,3e-05
dose,3e-05
normalizing,3e-05
substantive,3e-05
withstand,3e-05
addiction,3e-05
hands,3e-05
lunchtime,3e-05
ceos,3e-05
earns,3e-05
globes,3e-05
sources,3e-05
footing,3e-05
covers,3e-05
middle,3e-05
excuse,3e-05
totalling,3e-05
building,3e-05
jumping,3e-05
pumped,3e-05
speculation,3e-05
hi,3e-05
bad,3e-05
squirming,3e-05
sank,3e-05
moderates,3e-05
incomes,3e-05
giving,3e-05
fuelled,3e-05
realize,3e-05
accept,3e-05
heats,3e-05
clashes,3e-05
visibility,3e-05
tempered,3e-05
aphorisms,3e-05
looked,3e-05
ss,3e-05
sagged,3e-05
fan,3e-05
care,3e-05
killing,3e-05
sitting,3e-05
morale,3e-05
dragging,3e-05
signaling,3e-05
favourites,3e-05
council,3e-05
explanation,3e-05
bias,3e-05
fair,3e-05
hike,3e-05
vowed,3e-05
milestones,3e-05
anxiety,3e-05
refined,3e-05
chairs,3e-05
exposing,3e-05
recruit,3e-05
failure,3e-05
shutdown,3e-05
apparel,3e-05
ni,3e-05
worth,3e-05
minus,3e-05
tap,3e-05
acknowledged,3e-05
sprint,3e-05
stripes,3e-05
article,3e-05
spent,3e-05
exercise,3e-05
categorized,3e-05
voter,3e-05
booked,3e-05
consensus,3e-05
amount,3e-05
strength,3e-05
corrective,3e-05
watchers,3e-05
minerals,3e-05
ways,3e-05
demanded,3e-05
accusing,3e-05
feud,3e-05
democracies,3e-05
giants,3e-05
says,3e-05
resumed,3e-05
produced,3e-05
pipeline,3e-05
presentations,3e-05
loser,3e-05
impulse,3e-05
shin,3e-05
midday,3e-05
experienced,3e-05
themed,3e-05
option,3e-05
suggests,3e-05
soccer,3e-05
clues,3e-05
ad,3e-05
breakdown,3e-05
coast,3e-05
produce,3e-05
prize,3e-05
joined,3e-05
ha,3e-05
craft,3e-05
walls,3e-05
bears,3e-05
holidays,3e-05
dead,3e-05
shaped,3e-05
detained,3e-05
cornerstone,3e-05
ability,3e-05
charge,3e-05
opportunity,3e-05
smacks,3e-05
