co,0.07494
https,0.07139
share,0.01728
amp,0.01241
destination,0.00858
wan,0.0073
ill,0.00713
son,0.00704
eat,0.00702
stand,0.00696
day,0.00696
gods,0.0069
gospel,0.00685
week,0.0066
year,0.00556
great,0.005
said,0.005
make,0.0047
trumps,0.00458
go,0.00422
mr,0.00383
gas,0.00383
like,0.00372
promise,0.00349
manufacturing,0.00338
centerpiece,0.0033
tampax,0.00299
power,0.00299
month,0.00285
el,0.00285
good,0.0028
demand,0.00271
photo,0.00268
exports,0.00257
total,0.00254
current,0.00254
remember,0.00246
todays,0.00243
time,0.00238
man,0.00235
get,0.00232
play,0.00229
last,0.00226
people,0.00224
today,0.00221
joke,0.00221
hub,0.00221
fire,0.00221
sarcasm,0.00218
first,0.00218
lyrics,0.00218
prices,0.00215
editorial,0.00215
love,0.0021
lh,0.0021
ideology,0.0021
products,0.00207
got,0.00201
see,0.00196
know,0.00179
fans,0.00179
company,0.00179
way,0.00173
special,0.00173
long,0.00168
black,0.00168
want,0.00165
days,0.00165
risk,0.00165
much,0.00159
trump,0.00159
average,0.00159
weather,0.00157
supply,0.00157
natural,0.00154
trip,0.00154
wednesday,0.00151
puts,0.00151
house,0.00148
appear,0.00145
introducing,0.00145
let,0.00143
plant,0.00143
latest,0.00143
back,0.0014
best,0.0014
years,0.00137
world,0.00137
boycott,0.00134
york,0.00134
say,0.00131
family,0.00131
atlantis,0.00131
part,0.00129
going,0.00129
look,0.00126
right,0.00126
states,0.00126
think,0.00126
island,0.00123
came,0.0012
weakened,0.0012
feel,0.0012
voting,0.0012
need,0.0012
join,0.0012
news,0.0012
seats,0.0012
free,0.00117
election,0.00117
game,0.00117
swift,0.00117
high,0.00115
still,0.00115
output,0.00115
business,0.00115
well,0.00115
chance,0.00115
order,0.00115
card,0.00112
season,0.00112
talk,0.00112
futures,0.00112
giving,0.00112
help,0.00112
mew,0.00112
keep,0.00109
main,0.00109
oct,0.00109
level,0.00109
state,0.00106
party,0.00106
energy,0.00103
destroying,0.00103
top,0.00103
forecasts,0.00103
finishes,0.00103
north,0.00101
post,0.00101
take,0.00101
rise,0.00101
pillar,0.00101
fuel,0.00101
mind,0.00101
guys,0.00098
gift,0.00098
answer,0.00098
old,0.00098
public,0.00095
heating,0.00092
baby,0.00092
south,0.00092
county,0.00092
head,0.00092
according,0.00092
looking,0.00092
stay,0.00092
record,0.00092
check,0.00089
norm,0.00089
coming,0.00089
vote,0.00089
due,0.00089
work,0.00089
link,0.00089
imports,0.00089
major,0.00089
home,0.00087
witches,0.00087
sales,0.00087
reader,0.00087
books,0.00087
full,0.00084
even,0.00084
white,0.00081
gamble,0.00081
find,0.00081
little,0.00081
including,0.00081
live,0.00081
www,0.00081
welcome,0.00081
front,0.00081
winds,0.00078
job,0.00078
re,0.00078
product,0.00078
dry,0.00078
come,0.00078
team,0.00078
fund,0.00078
third,0.00078
female,0.00078
end,0.00075
hour,0.00075
pop,0.00075
tea,0.00075
low,0.00075
real,0.00075
monday,0.00075
west,0.00075
care,0.00075
use,0.00073
lot,0.00073
nothing,0.00073
start,0.00073
yes,0.00073
thing,0.00073
morning,0.00073
rising,0.00073
times,0.00073
rose,0.00073
night,0.0007
production,0.0007
someone,0.0007
whole,0.0007
members,0.0007
wind,0.0007
attention,0.0007
person,0.00067
life,0.00067
change,0.00067
price,0.00067
persons,0.00067
magic,0.00067
offer,0.00067
tender,0.00067
sleeping,0.00067
homes,0.00064
behind,0.00064
spirit,0.00064
plants,0.00064
thanks,0.00064
caused,0.00064
data,0.00064
second,0.00064
close,0.00064
single,0.00064
ge,0.00061
feet,0.00061
group,0.00061
accounts,0.00061
founders,0.00061
believe,0.00061
city,0.00061
book,0.00061
kids,0.00061
show,0.00061
plan,0.00061
semitic,0.00061
campaign,0.00061
british,0.00061
weekend,0.00059
export,0.00059
shares,0.00059
weeks,0.00059
market,0.00059
benefits,0.00059
open,0.00059
run,0.00059
grantees,0.00059
school,0.00059
sent,0.00059
amazing,0.00059
vs,0.00059
stock,0.00059
twitter,0.00059
hit,0.00059
better,0.00059
whispered,0.00059
read,0.00056
analysis,0.00056
despite,0.00056
shut,0.00056
weekly,0.00056
getting,0.00056
daily,0.00056
idf,0.00056
storage,0.00056
averaged,0.00056
episode,0.00056
looks,0.00056
point,0.00056
amount,0.00056
true,0.00053
country,0.00053
men,0.00053
support,0.00053
letter,0.00053
wildfires,0.00053
cents,0.00053
word,0.00053
introduced,0.00053
president,0.00053
cause,0.00053
hope,0.00053
united,0.00053
super,0.00053
provider,0.00053
ng,0.00053
service,0.00053
stocks,0.00053
extreme,0.00053
system,0.00053
october,0.00053
fell,0.00053
women,0.00053
brain,0.00053
name,0.0005
vehicle,0.0005
research,0.0005
leading,0.0005
commercial,0.0005
announcing,0.0005
electric,0.0005
told,0.0005
reporting,0.0005
call,0.0005
chickens,0.0005
money,0.0005
consumer,0.0005
chicago,0.0005
makes,0.0005
initials,0.0005
god,0.0005
markets,0.0005
buyers,0.0005
crawl,0.0005
id,0.0005
lets,0.0005
track,0.0005
killing,0.0005
visit,0.0005
acres,0.0005
distribution,0.00048
chief,0.00048
cocks,0.00048
wells,0.00048
bs,0.00048
results,0.00048
half,0.00048
cooling,0.00048
boosted,0.00048
riding,0.00048
using,0.00048
dominion,0.00048
fires,0.00048
classrooms,0.00048
units,0.00048
consumption,0.00048
fan,0.00048
editing,0.00048
ft,0.00048
event,0.00048
congratulations,0.00045
megawatt,0.00045
star,0.00045
unit,0.00045
trading,0.00045
american,0.00045
customers,0.00045
left,0.00045
thermal,0.00045
government,0.00045
completing,0.00045
shot,0.00045
pipe,0.00045
clorox,0.00045
cut,0.00045
welsh,0.00045
video,0.00045
college,0.00045
algonquin,0.00045
lower,0.00045
hand,0.00045
social,0.00045
tomorrow,0.00045
brand,0.00042
profile,0.00042
hurricane,0.00042
wants,0.00042
drop,0.00042
creating,0.00042
department,0.00042
goods,0.00042
face,0.00042
miles,0.00042
ones,0.00042
wait,0.00042
degree,0.00042
personnel,0.00042
approved,0.00042
small,0.00042
thought,0.00042
fall,0.00042
projects,0.00042
alert,0.00042
health,0.00042
voters,0.00042
scenes,0.00042
line,0.00042
give,0.00042
cedar,0.00042
added,0.00042
version,0.00042
release,0.00042
henry,0.00042
watch,0.00042
making,0.00039
residents,0.00039
center,0.00039
senate,0.00039
national,0.00039
conditions,0.00039
brands,0.00039
meeting,0.00039
office,0.00039
target,0.00039
forecast,0.00039
mass,0.00039
view,0.00039
light,0.00039
favorite,0.00039
action,0.00039
traders,0.00039
flag,0.00039
lines,0.00039
tapes,0.00039
wildfire,0.00039
sign,0.00039
discussion,0.00039
interest,0.00039
april,0.00039
playing,0.00039
possible,0.00039
faces,0.00039
form,0.00039
least,0.00039
features,0.00039
bit,0.00039
breaking,0.00039
article,0.00039
turns,0.00036
putting,0.00036
move,0.00036
reverse,0.00036
grid,0.00036
risks,0.00036
entire,0.00036
november,0.00036
prod,0.00036
ride,0.00036
history,0.00036
reported,0.00036
students,0.00036
stray,0.00036
filed,0.00036
made,0.00036
chicken,0.00036
trade,0.00036
park,0.00036
talking,0.00036
pandemic,0.00036
warning,0.00036
flowing,0.00036
destruction,0.00036
result,0.00036
increase,0.00036
girls,0.00036
goals,0.00036
ceo,0.00036
staff,0.00036
safe,0.00036
things,0.00036
spray,0.00036
coal,0.00036
appeared,0.00036
buy,0.00036
ha,0.00036
duke,0.00036
core,0.00034
virus,0.00034
found,0.00034
treasure,0.00034
working,0.00034
file,0.00034
in,0.00034
positive,0.00034
report,0.00034
question,0.00034
beauty,0.00034
return,0.00034
pointing,0.00034
gold,0.00034
follow,0.00034
th,0.00034
food,0.00034
birthday,0.00034
art,0.00034
song,0.00034
reactors,0.00034
idea,0.00034
shit,0.00034
feat,0.00034
employs,0.00034
red,0.00034
australians,0.00034
mining,0.00034
turn,0.00034
league,0.00034
selling,0.00034
protection,0.00034
sale,0.00034
green,0.00034
save,0.00034
tell,0.00034
float,0.00034
platforms,0.00034
wars,0.00034
printed,0.00031
shoulders,0.00031
happen,0.00031
sell,0.00031
story,0.00031
climate,0.00031
quarter,0.00031
sec,0.00031
posted,0.00031
row,0.00031
hours,0.00031
dream,0.00031
tired,0.00031
content,0.00031
double,0.00031
club,0.00031
friends,0.00031
mas,0.00031
gs,0.00031
try,0.00031
growth,0.00031
tools,0.00031
put,0.00031
packaging,0.00031
artist,0.00031
poetry,0.00031
player,0.00031
summary,0.00031
please,0.00031
starting,0.00031
thinking,0.00031
clean,0.00031
university,0.00031
number,0.00031
east,0.00031
court,0.00031
media,0.00031
fuck,0.00031
http,0.00031
proctor,0.00031
debt,0.00031
reaction,0.00031
gop,0.00031
mean,0.00031
funds,0.00031
stop,0.00031
issue,0.00031
republican,0.00031
respect,0.00031
pro,0.00031
corp,0.00031
wrong,0.00031
thousands,0.00031
cargo,0.00031
future,0.00031
timing,0.00031
en,0.00031
cancellations,0.00031
spent,0.00031
companies,0.00031
adds,0.00031
ad,0.00031
investors,0.00031
earnings,0.00028
place,0.00028
cash,0.00028
games,0.00028
makers,0.00028
march,0.00028
utility,0.00028
near,0.00028
guy,0.00028
abs,0.00028
coil,0.00028
storm,0.00028
pay,0.00028
hectares,0.00028
words,0.00028
project,0.00028
ok,0.00028
streams,0.00028
body,0.00028
course,0.00028
mc,0.00028
young,0.00028
local,0.00028
insider,0.00028
war,0.00028
tough,0.00028
ready,0.00028
went,0.00028
choice,0.00028
deal,0.00028
contract,0.00028
area,0.00028
longer,0.00028
fucking,0.00028
claim,0.00028
partnership,0.00028
options,0.00028
businesses,0.00028
okay,0.00028
term,0.00028
feeling,0.00028
trying,0.00028
interview,0.00028
flyers,0.00028
summer,0.00028
heat,0.00028
list,0.00028
activity,0.00028
tweet,0.00028
shampoo,0.00028
education,0.00028
cool,0.00028
orders,0.00028
launch,0.00028
hold,0.00028
sells,0.00028
electricity,0.00028
french,0.00028
metro,0.00028
suit,0.00028
causes,0.00028
mini,0.00028
lincoln,0.00028
hi,0.00028
bad,0.00028
needs,0.00028
jumped,0.00028
led,0.00028
forward,0.00028
reading,0.00028
road,0.00028
blue,0.00028
cautioning,0.00028
jump,0.00025
tuesday,0.00025
acquisitions,0.00025
girl,0.00025
death,0.00025
spill,0.00025
drought,0.00025
thursday,0.00025
soul,0.00025
dear,0.00025
volume,0.00025
liquefied,0.00025
date,0.00025
prime,0.00025
buses,0.00025
age,0.00025
hygiene,0.00025
held,0.00025
months,0.00025
truth,0.00025
boss,0.00025
forestry,0.00025
outages,0.00025
humidity,0.00025
rap,0.00025
brother,0.00025
comes,0.00025
serving,0.00025
email,0.00025
damage,0.00025
battling,0.00025
wow,0.00025
saying,0.00025
worst,0.00025
safety,0.00025
afternoon,0.00025
net,0.00025
tips,0.00025
standard,0.00025
minutes,0.00025
hate,0.00025
growing,0.00025
saw,0.00025
sea,0.00025
readers,0.00025
partners,0.00025
focused,0.00025
moment,0.00025
governor,0.00025
count,0.00025
grade,0.00025
tried,0.00025
autumn,0.00025
initial,0.00025
developing,0.00025
case,0.00025
consumers,0.00025
session,0.00025
asia,0.00025
cancel,0.00025
increases,0.00025
board,0.00025
details,0.00025
leave,0.00025
hundreds,0.00025
firefighters,0.00025
starts,0.00025
al,0.00025
delta,0.00025
street,0.00025
living,0.00025
officials,0.00025
training,0.00022
google,0.00022
male,0.00022
bring,0.00022
dm,0.00022
blog,0.00022
complete,0.00022
showing,0.00022
solo,0.00022
deals,0.00022
spot,0.00022
platform,0.00022
potential,0.00022
administration,0.00022
jr,0.00022
vocals,0.00022
present,0.00022
page,0.00022
prefer,0.00022
update,0.00022
lost,0.00022
room,0.00022
survey,0.00022
moon,0.00022
causing,0.00022
corrupt,0.00022
northern,0.00022
series,0.00022
cc,0.00022
add,0.00022
nrc,0.00022
numbers,0.00022
past,0.00022
parents,0.00022
portfolio,0.00022
race,0.00022
fact,0.00022
pm,0.00022
simple,0.00022
blowing,0.00022
beginning,0.00022
plans,0.00022
sustainability,0.00022
foundation,0.00022
cast,0.00022
following,0.00022
official,0.00022
spokesman,0.00022
degrees,0.00022
international,0.00022
charted,0.00022
reach,0.00022
class,0.00022
mph,0.00022
continued,0.00022
indicator,0.00022
started,0.00022
awards,0.00022
took,0.00022
means,0.00022
ph,0.00022
scientists,0.00022
marketing,0.00022
kill,0.00022
taking,0.00022
federal,0.00022
ti,0.00022
wave,0.00022
names,0.00022
meanwhile,0.00022
expects,0.00022
bottles,0.00022
images,0.00022
mandate,0.00022
spell,0.00022
users,0.00022
set,0.00022
sep,0.00022
msgs,0.00022
guess,0.00022
listed,0.00022
lots,0.00022
majority,0.00022
tune,0.00022
aim,0.00022
coast,0.00022
moving,0.00022
oil,0.00022
misleading,0.00022
declines,0.00022
walk,0.0002
cost,0.0002
cleaning,0.0002
lysol,0.0002
synthesizer,0.0002
wash,0.0002
issued,0.0002
winter,0.0002
ass,0.0002
problem,0.0002
hunter,0.0002
maker,0.0002
happening,0.0002
seems,0.0002
smart,0.0002
experience,0.0002
size,0.0002
md,0.0002
grids,0.0002
range,0.0002
message,0.0002
orange,0.0002
expected,0.0002
reject,0.0002
sour,0.0002
traded,0.0002
paid,0.0002
sg,0.0002
click,0.0002
commission,0.0002
issues,0.0002
personal,0.0002
fast,0.0002
fight,0.0002
remove,0.0002
build,0.0002
bitch,0.0002
win,0.0002
division,0.0002
recommends,0.0002
prompted,0.0002
turned,0.0002
ensure,0.0002
pumpkin,0.0002
reason,0.0002
fourth,0.0002
gmt,0.0002
heart,0.0002
announcement,0.0002
pinged,0.0002
bachs,0.0002
interesting,0.0002
source,0.0002
firms,0.0002
indicators,0.0002
closed,0.0002
nature,0.0002
custom,0.0002
yesterday,0.0002
continues,0.0002
sold,0.0002
destroyed,0.0002
woke,0.0002
guide,0.0002
quiz,0.0002
comment,0.0002
friend,0.0002
miss,0.0002
hearing,0.0002
pass,0.0002
adult,0.0002
boys,0.0002
facilities,0.0002
spend,0.0002
general,0.0002
side,0.0002
september,0.0002
officer,0.0002
shop,0.0002
odds,0.0002
troll,0.0002
pa,0.0002
mark,0.0002
square,0.0002
planning,0.0002
teaser,0.0002
agency,0.0002
dropped,0.0002
deposit,0.0002
exchange,0.0002
keeps,0.0002
sharks,0.0002
region,0.0002
stuff,0.0002
key,0.0002
stockholders,0.0002
earrings,0.0002
thread,0.0002
extended,0.0002
value,0.0002
prior,0.0002
reduce,0.0002
swimming,0.0002
gp,0.0002
says,0.0002
information,0.0002
water,0.0002
chances,0.0002
abuse,0.0002
contact,0.00017
hes,0.00017
feature,0.00017
patients,0.00017
flows,0.00017
levels,0.00017
shooting,0.00017
criminal,0.00017
built,0.00017
earn,0.00017
matter,0.00017
wrote,0.00017
director,0.00017
waiting,0.00017
lies,0.00017
acting,0.00017
strategy,0.00017
knowledge,0.00017
police,0.00017
maximum,0.00017
jam,0.00017
code,0.00017
spring,0.00017
match,0.00017
seeing,0.00017
dynamite,0.00017
maintenance,0.00017
secondary,0.00017
equality,0.00017
technical,0.00017
dozens,0.00017
field,0.00017
force,0.00017
academic,0.00017
polo,0.00017
flames,0.00017
outside,0.00017
friday,0.00017
calls,0.00017
review,0.00017
former,0.00017
laid,0.00017
spread,0.00017
edition,0.00017
film,0.00017
calling,0.00017
sense,0.00017
hell,0.00017
evil,0.00017
giveaway,0.00017
plays,0.00017
died,0.00017
performance,0.00017
blazes,0.00017
picture,0.00017
controller,0.00017
jan,0.00017
scoop,0.00017
pics,0.00017
mine,0.00017
collapse,0.00017
limited,0.00017
elevated,0.00017
picked,0.00017
pc,0.00017
purple,0.00017
prophet,0.00017
july,0.00017
utilities,0.00017
reveal,0.00017
announced,0.00017
launched,0.00017
gain,0.00017
challenges,0.00017
benchmark,0.00017
spice,0.00017
reliability,0.00017
rs,0.00017
army,0.00017
expanded,0.00017
channel,0.00017
advertising,0.00017
poll,0.00017
design,0.00017
situation,0.00017
schedule,0.00017
regarding,0.00017
buffalo,0.00017
camp,0.00017
becoming,0.00017
die,0.00017
equity,0.00017
la,0.00017
wolf,0.00017
nation,0.00017
collection,0.00017
gap,0.00017
enemy,0.00017
account,0.00017
capital,0.00017
lord,0.00017
conference,0.00017
letters,0.00017
burns,0.00017
warnings,0.00017
cargoes,0.00017
rock,0.00017
hello,0.00017
church,0.00017
sunday,0.00017
measure,0.00017
theory,0.00017
pains,0.00017
hands,0.00017
votes,0.00017
middle,0.00017
senior,0.00017
mom,0.00017
authority,0.00017
headaches,0.00017
refill,0.00017
equipment,0.00017
pack,0.00017
knows,0.00017
earthquakes,0.00017
sketch,0.00017
posed,0.00017
union,0.00017
showed,0.00017
earthquake,0.00014
rest,0.00014
temperatures,0.00014
mess,0.00014
interested,0.00014
mountains,0.00014
supervision,0.00014
killed,0.00014
dumpster,0.00014
hitting,0.00014
bout,0.00014
trusted,0.00014
democrats,0.00014
analysts,0.00014
began,0.00014
common,0.00014
completed,0.00014
porridge,0.00014
mask,0.00014
campaigns,0.00014
fitness,0.00014
lee,0.00014
phone,0.00014
grievance,0.00014
met,0.00014
srs,0.00014
evacuations,0.00014
correct,0.00014
bridge,0.00014
crazy,0.00014
self,0.00014
works,0.00014
music,0.00014
threats,0.00014
donate,0.00014
statement,0.00014
executive,0.00014
romantic,0.00014
classic,0.00014
structure,0.00014
mb,0.00014
greeting,0.00014
concentrating,0.00014
closet,0.00014
voice,0.00014
mention,0.00014
systems,0.00014
pound,0.00014
progress,0.00014
justice,0.00014
services,0.00014
declares,0.00014
players,0.00014
burn,0.00014
shirt,0.00014
sir,0.00014
teacher,0.00014
storms,0.00014
quick,0.00014
investments,0.00014
fun,0.00014
tweets,0.00014
squad,0.00014
terms,0.00014
authorities,0.00014
rings,0.00014
justify,0.00014
defeat,0.00014
bottle,0.00014
champ,0.00014
premier,0.00014
sanitizing,0.00014
sleep,0.00014
kid,0.00014
mason,0.00014
grand,0.00014
modern,0.00014
king,0.00014
noted,0.00014
function,0.00014
petition,0.00014
challenge,0.00014
celebrating,0.00014
site,0.00014
purchase,0.00014
blame,0.00014
meet,0.00014
period,0.00014
wings,0.00014
rule,0.00014
copy,0.00014
football,0.00014
ana,0.00014
flight,0.00014
children,0.00014
ta,0.00014
inc,0.00014
talks,0.00014
seeking,0.00014
noble,0.00014
up,0.00014
cap,0.00014
student,0.00014
expect,0.00014
reduced,0.00014
le,0.00014
nights,0.00014
cpu,0.00014
dividend,0.00014
forgot,0.00014
engineering,0.00014
talent,0.00014
bay,0.00014
courage,0.00014
peace,0.00014
gig,0.00014
step,0.00014
evidence,0.00014
prompt,0.00014
bank,0.00014
jay,0.00014
christian,0.00014
focus,0.00014
smith,0.00014
knew,0.00014
development,0.00014
candidate,0.00014
innovation,0.00014
delivery,0.00014
jail,0.00014
goes,0.00014
confused,0.00014
da,0.00014
poor,0.00014
glad,0.00014
instructions,0.00014
analyst,0.00014
haydn,0.00014
process,0.00014
phi,0.00014
stupid,0.00014
related,0.00014
private,0.00014
updated,0.00014
kph,0.00014
role,0.00014
dance,0.00014
butter,0.00014
presence,0.00014
running,0.00014
pr,0.00014
links,0.00014
kind,0.00014
gun,0.00014
distrust,0.00014
studies,0.00014
ended,0.00014
espousing,0.00014
bell,0.00014
romance,0.00014
intervals,0.00014
store,0.00014
begins,0.00014
slow,0.00014
contracts,0.00014
brought,0.00014
gulf,0.00014
theres,0.00014
sabine,0.00014
gave,0.00014
applications,0.00014
regions,0.00014
perfect,0.00014
driven,0.00014
science,0.00014
latin,0.00014
type,0.00014
reactor,0.00014
registrar,0.00014
beatnik,0.00014
writing,0.00014
community,0.00014
loves,0.00014
album,0.00014
flu,0.00014
immunity,0.00014
html,0.00014
council,0.00014
gusts,0.00014
rights,0.00014
heard,0.00014
economy,0.00014
press,0.00014
society,0.00014
fake,0.00014
experienced,0.00014
specs,0.00014
receiving,0.00014
option,0.00014
wins,0.00014
judge,0.00014
dj,0.00014
bag,0.00014
interviews,0.00014
zone,0.00014
decline,0.00014
wanted,0.00014
opportunity,0.00014
enjoyed,0.00011
position,0.00011
gay,0.00011
rip,0.00011
inventing,0.00011
china,0.00011
damaged,0.00011
parent,0.00011
eu,0.00011
signed,0.00011
problems,0.00011
taste,0.00011
takes,0.00011
likes,0.00011
gives,0.00011
decision,0.00011
es,0.00011
playoffs,0.00011
detergent,0.00011
nip,0.00011
original,0.00011
rating,0.00011
chile,0.00011
score,0.00011
gang,0.00011
nursing,0.00011
enhancers,0.00011
seas,0.00011
erupted,0.00011
defensive,0.00011
insights,0.00011
credit,0.00011
cake,0.00011
facing,0.00011
courses,0.00011
tells,0.00011
saved,0.00011
short,0.00011
inspiration,0.00011
straight,0.00011
become,0.00011
december,0.00011
enjoyment,0.00011
striker,0.00011
np,0.00011
land,0.00011
chain,0.00011
speed,0.00011
covering,0.00011
coordination,0.00011
flat,0.00011
provides,0.00011
leaders,0.00011
democracy,0.00011
round,0.00011
tl,0.00011
learned,0.00011
brown,0.00011
helps,0.00011
abated,0.00011
ending,0.00011
searches,0.00011
providing,0.00011
master,0.00011
medicines,0.00011
called,0.00011
dutch,0.00011
ex,0.00011
devastating,0.00011
noon,0.00011
boo,0.00011
model,0.00011
recycling,0.00011
yrs,0.00011
supplements,0.00011
fellowship,0.00011
damn,0.00011
dope,0.00011
stash,0.00011
repeat,0.00011
committed,0.00011
surface,0.00011
kindness,0.00011
reality,0.00011
endured,0.00011
structures,0.00011
matching,0.00011
sender,0.00011
models,0.00011
launches,0.00011
professor,0.00011
spanish,0.00011
offering,0.00011
alerts,0.00011
joining,0.00011
bankruptcy,0.00011
liquidity,0.00011
stood,0.00011
buying,0.00011
gets,0.00011
asked,0.00011
fossil,0.00011
request,0.00011
opinion,0.00011
clocked,0.00011
watching,0.00011
independent,0.00011
pictures,0.00011
license,0.00011
hurting,0.00011
hug,0.00011
enlightened,0.00011
blood,0.00011
participated,0.00011
lives,0.00011
shredded,0.00011
woman,0.00011
hills,0.00011
binding,0.00011
cover,0.00011
discuss,0.00011
snow,0.00011
populism,0.00011
expectations,0.00011
explains,0.00011
fixes,0.00011
conducted,0.00011
sister,0.00011
questions,0.00011
attenuated,0.00011
large,0.00011
literacy,0.00011
indian,0.00011
package,0.00011
missouri,0.00011
attack,0.00011
coach,0.00011
authoritarian,0.00011
suggest,0.00011
millions,0.00011
dame,0.00011
beach,0.00011
dec,0.00011
warriors,0.00011
giant,0.00011
hip,0.00011
desert,0.00011
network,0.00011
gd,0.00011
agents,0.00011
normal,0.00011
externalizing,0.00011
ig,0.00011
efforts,0.00011
bet,0.00011
wit,0.00011
inspired,0.00011
boost,0.00011
branded,0.00011
weakness,0.00011
hs,0.00011
charges,0.00011
constructed,0.00011
broke,0.00011
reset,0.00011
cold,0.00011
prospectus,0.00011
rail,0.00011
generation,0.00011
bids,0.00011
pasta,0.00011
shield,0.00011
driving,0.00011
noticed,0.00011
blackout,0.00011
pick,0.00011
racist,0.00011
folks,0.00011
bought,0.00011
sars,0.00011
illustrating,0.00011
movement,0.00011
gained,0.00011
search,0.00011
property,0.00011
inside,0.00011
anti,0.00011
mathematics,0.00011
hop,0.00011
dc,0.00011
ford,0.00011
dark,0.00011
forget,0.00011
grasp,0.00011
knowing,0.00011
nobody,0.00011
allow,0.00011
princess,0.00011
guests,0.00011
ps,0.00011
fo,0.00011
trust,0.00011
demise,0.00011
opening,0.00011
eyes,0.00011
drilling,0.00011
embarrassing,0.00011
outlook,0.00011
environment,0.00011
sex,0.00011
securities,0.00011
raised,0.00011
cat,0.00011
created,0.00011
tonight,0.00011
mail,0.00011
classes,0.00011
exclusive,0.00011
idle,0.00011
chairman,0.00011
pink,0.00011
child,0.00011
lie,0.00011
mix,0.00011
rate,0.00011
hod,0.00011
salaries,0.00011
events,0.00011
memorial,0.00011
organised,0.00011
touched,0.00011
corner,0.00011
instant,0.00011
draft,0.00011
clear,0.00011
ban,0.00011
sharing,0.00011
used,0.00011
enough,0.00011
canyons,0.00011
points,0.00011
firm,0.00011
individual,0.00011
member,0.00011
block,0.00011
li,0.00011
except,0.00011
lead,0.00011
implicated,0.00011
teams,0.00011
considering,0.00011
dig,0.00011
dad,0.00011
underclass,0.00011
lessons,0.00011
setting,0.00011
protests,0.00011
covers,0.00011
monster,0.00011
arctic,0.00011
variety,0.00011
listen,0.00011
bounty,0.00011
russian,0.00011
piece,0.00011
looked,0.00011
bar,0.00011
chapter,0.00011
pregnancy,0.00011
escape,0.00011
worse,0.00011
meltdowns,0.00011
slipped,0.00011
videos,0.00011
motion,0.00011
investigation,0.00011
winning,0.00011
excess,0.00011
resists,0.00011
spurred,0.00011
worth,0.00011
hospital,0.00011
baker,0.00011
stage,0.00011
cant,0.00011
snps,0.00011
styles,0.00011
remained,0.00011
floor,0.00011
threat,0.00011
ordered,0.00011
town,0.00011
villa,0.00011
mo,0.00011
forum,0.00011
background,0.00011
emails,0.00011
needed,0.00011
midday,0.00011
losses,0.00011
practice,0.00011
soph,0.00011
experts,0.00011
car,0.00011
holding,0.00011
medicare,0.00011
lose,0.00011
sending,0.00011
governors,0.00011
dead,0.00011
teamed,0.00011
specific,0.00011
changes,0.00011
worked,8e-05
songs,8e-05
valuable,8e-05
advice,8e-05
spokeswoman,8e-05
flights,8e-05
revolutionary,8e-05
washing,8e-05
magazine,8e-05
out,8e-05
animal,8e-05
collaboration,8e-05
spark,8e-05
train,8e-05
hrs,8e-05
awakening,8e-05
throw,8e-05
eternity,8e-05
brave,8e-05
secretarys,8e-05
lockdowns,8e-05
wonder,8e-05
lightning,8e-05
equivalent,8e-05
bung,8e-05
initiative,8e-05
is,8e-05
advertisers,8e-05
willingness,8e-05
ball,8e-05
gear,8e-05
shutdowns,8e-05
compares,8e-05
theme,8e-05
souls,8e-05
thank,8e-05
competitor,8e-05
cross,8e-05
phoenix,8e-05
agree,8e-05
emotions,8e-05
differentiation,8e-05
carrying,8e-05
capacity,8e-05
quiet,8e-05
institute,8e-05
incentives,8e-05
drink,8e-05
chaser,8e-05
mp,8e-05
therapy,8e-05
twitch,8e-05
breaks,8e-05
hawks,8e-05
access,8e-05
dumped,8e-05
skip,8e-05
ideas,8e-05
sounds,8e-05
realities,8e-05
providers,8e-05
bobcat,8e-05
struggling,8e-05
agreement,8e-05
cole,8e-05
audience,8e-05
necessary,8e-05
lift,8e-05
governments,8e-05
character,8e-05
disposals,8e-05
sweeping,8e-05
allowed,8e-05
camera,8e-05
remake,8e-05
demands,8e-05
labels,8e-05
combined,8e-05
independence,8e-05
dollar,8e-05
comics,8e-05
shareholders,8e-05
islam,8e-05
presidency,8e-05
lows,8e-05
january,8e-05
gains,8e-05
silver,8e-05
reviews,8e-05
jersey,8e-05
shutting,8e-05
footage,8e-05
drive,8e-05
enjoy,8e-05
stream,8e-05
tattoo,8e-05
founded,8e-05
frequent,8e-05
impossible,8e-05
leaving,8e-05
note,8e-05
definition,8e-05
charred,8e-05
thriving,8e-05
heres,8e-05
favourite,8e-05
chess,8e-05
workshop,8e-05
includes,8e-05
frank,8e-05
career,8e-05
fuels,8e-05
petrol,8e-05
final,8e-05
pork,8e-05
fr,8e-05
charm,8e-05
forced,8e-05
gene,8e-05
internships,8e-05
disaster,8e-05
example,8e-05
realised,8e-05
underlying,8e-05
straws,8e-05
generating,8e-05
buddy,8e-05
pairs,8e-05
playlist,8e-05
delay,8e-05
parched,8e-05
control,8e-05
consequence,8e-05
crushed,8e-05
security,8e-05
landslide,8e-05
hill,8e-05
replied,8e-05
included,8e-05
wild,8e-05
preliminary,8e-05
sausage,8e-05
listened,8e-05
posts,8e-05
mi,8e-05
scored,8e-05
blocked,8e-05
stories,8e-05
beat,8e-05
corporation,8e-05
individuals,8e-05
subject,8e-05
min,8e-05
disasters,8e-05
amazon,8e-05
ba,8e-05
bills,8e-05
learn,8e-05
parts,8e-05
phase,8e-05
bear,8e-05
hotel,8e-05
planned,8e-05
headed,8e-05
stadium,8e-05
managers,8e-05
deforestation,8e-05
bandit,8e-05
suggested,8e-05
branch,8e-05
mendacity,8e-05
industry,8e-05
sun,8e-05
pill,8e-05
hazards,8e-05
asking,8e-05
donors,8e-05
martin,8e-05
conclusion,8e-05
dude,8e-05
permanent,8e-05
seemed,8e-05
website,8e-05
bullshit,8e-05
clients,8e-05
factory,8e-05
cooler,8e-05
europe,8e-05
dawn,8e-05
maria,8e-05
spreading,8e-05
returning,8e-05
beggars,8e-05
voted,8e-05
nov,8e-05
ranked,8e-05
raise,8e-05
effect,8e-05
box,8e-05
facts,8e-05
speaking,8e-05
archives,8e-05
mountain,8e-05
views,8e-05
finished,8e-05
economies,8e-05
presentation,8e-05
stores,8e-05
gat,8e-05
mellow,8e-05
healthcare,8e-05
wake,8e-05
consumed,8e-05
dare,8e-05
solutions,8e-05
material,8e-05
bulldozers,8e-05
dogs,8e-05
speak,8e-05
accelerated,8e-05
offsets,8e-05
campus,8e-05
pledge,8e-05
pace,8e-05
kilometres,8e-05
drip,8e-05
ring,8e-05
bench,8e-05
print,8e-05
meanings,8e-05
monopolies,8e-05
counter,8e-05
wanting,8e-05
ballot,8e-05
underpinning,8e-05
stockpiles,8e-05
daddy,8e-05
seem,8e-05
po,8e-05
hair,8e-05
stalker,8e-05
meant,8e-05
august,8e-05
texans,8e-05
injuries,8e-05
offices,8e-05
cod,8e-05
joking,8e-05
statue,8e-05
ms,8e-05
felt,8e-05
sound,8e-05
caption,8e-05
favor,8e-05
claiming,8e-05
backup,8e-05
minister,8e-05
treat,8e-05
notice,8e-05
ho,8e-05
audiences,8e-05
edge,8e-05
places,8e-05
changing,8e-05
records,8e-05
reorganization,8e-05
healing,8e-05
muslim,8e-05
lecture,8e-05
injury,8e-05
brothers,8e-05
sites,8e-05
mum,8e-05
compliance,8e-05
duty,8e-05
vice,8e-05
preparing,8e-05
television,8e-05
concept,8e-05
shift,8e-05
partial,8e-05
habits,8e-05
confirmed,8e-05
logo,8e-05
clippers,8e-05
tide,8e-05
forecaster,8e-05
bouts,8e-05
crush,8e-05
shout,8e-05
ko,8e-05
juniper,8e-05
cancer,8e-05
travel,8e-05
june,8e-05
reserve,8e-05
facility,8e-05
groove,8e-05
desire,8e-05
celebration,8e-05
profiles,8e-05
miami,8e-05
bulls,8e-05
accordance,8e-05
warming,8e-05
pressure,8e-05
medical,8e-05
enjoying,8e-05
exchanges,8e-05
epic,8e-05
sweet,8e-05
technology,8e-05
path,8e-05
commitment,8e-05
flip,8e-05
professional,8e-05
stoked,8e-05
ratings,8e-05
injured,8e-05
excited,8e-05
airport,8e-05
plaza,8e-05
hits,8e-05
returned,8e-05
lane,8e-05
leader,8e-05
na,8e-05
style,8e-05
chill,8e-05
quality,8e-05
law,8e-05
windows,8e-05
grove,8e-05
onion,8e-05
earth,8e-05
threatening,8e-05
photos,8e-05
positions,8e-05
lived,8e-05
prepared,8e-05
plastic,8e-05
deception,8e-05
banks,8e-05
inches,8e-05
human,8e-05
gentle,8e-05
reducing,8e-05
gen,8e-05
juice,8e-05
ramping,8e-05
approval,8e-05
switch,8e-05
figure,8e-05
upset,8e-05
believing,8e-05
locations,8e-05
doctors,8e-05
outbreak,8e-05
chi,8e-05
kingdom,8e-05
enabled,8e-05
assistant,8e-05
wear,8e-05
born,8e-05
signal,8e-05
picks,8e-05
draw,8e-05
republicans,8e-05
discord,8e-05
meteorologists,8e-05
ground,8e-05
investing,8e-05
addition,8e-05
canyon,8e-05
ki,8e-05
fairy,8e-05
valley,8e-05
combs,8e-05
sports,8e-05
struggle,8e-05
formal,8e-05
stretch,8e-05
finance,8e-05
protect,8e-05
driver,8e-05
protest,8e-05
landscape,8e-05
hoover,8e-05
areas,8e-05
sources,8e-05
reminder,8e-05
flame,8e-05
farmers,8e-05
studying,8e-05
medium,8e-05
remains,8e-05
stands,8e-05
madness,8e-05
lifts,8e-05
hospitalized,8e-05
remnants,8e-05
monad,8e-05
band,8e-05
tackle,8e-05
management,8e-05
debate,8e-05
fair,8e-05
burned,8e-05
principles,8e-05
lasts,8e-05
exposing,8e-05
glass,8e-05
multiple,8e-05
tap,8e-05
reasons,8e-05
scorched,8e-05
trends,8e-05
exercise,8e-05
brainwashed,8e-05
wife,8e-05
raged,8e-05
journalist,8e-05
ls,8e-05
flings,8e-05
japan,8e-05
guiding,8e-05
closing,8e-05
twins,8e-05
program,8e-05
resources,8e-05
iowans,8e-05
mac,8e-05
deaths,8e-05
produce,8e-05
slip,8e-05
separate,8e-05
technique,8e-05
iii,8e-05
walls,8e-05
manager,8e-05
catch,8e-05
continue,8e-05
culture,8e-05
costing,8e-05
pros,8e-05
tackles,8e-05
assessment,8e-05
sport,8e-05
exits,8e-05
advertised,8e-05
hospitals,8e-05
spending,8e-05
privacy,6e-05
disposed,6e-05
illness,6e-05
air,6e-05
movie,6e-05
replace,6e-05
deputy,6e-05
accommodation,6e-05
root,6e-05
fear,6e-05
ditched,6e-05
topped,6e-05
variance,6e-05
beth,6e-05
dog,6e-05
diamond,6e-05
schools,6e-05
prepare,6e-05
royal,6e-05
grandma,6e-05
parties,6e-05
fantasy,6e-05
filings,6e-05
mouth,6e-05
adhering,6e-05
worker,6e-05
components,6e-05
became,6e-05
van,6e-05
placed,6e-05
saint,6e-05
replay,6e-05
stuart,6e-05
suggesting,6e-05
baba,6e-05
feels,6e-05
ghost,6e-05
propaganda,6e-05
yellow,6e-05
wounded,6e-05
hear,6e-05
elevator,6e-05
retailers,6e-05
bacteria,6e-05
featuring,6e-05
denied,6e-05
competitions,6e-05
ohm,6e-05
vibe,6e-05
movies,6e-05
embarked,6e-05
extra,6e-05
image,6e-05
announces,6e-05
profit,6e-05
swapping,6e-05
sortition,6e-05
filing,6e-05
sessions,6e-05
moved,6e-05
trimmers,6e-05
canadian,6e-05
bathroom,6e-05
faith,6e-05
thus,6e-05
pbs,6e-05
taught,6e-05
mammoth,6e-05
author,6e-05
iq,6e-05
arrested,6e-05
satisfied,6e-05
turning,6e-05
outlaws,6e-05
eating,6e-05
unfortunate,6e-05
alphabet,6e-05
haunted,6e-05
holds,6e-05
tremor,6e-05
stakeholder,6e-05
ranking,6e-05
pastiche,6e-05
exam,6e-05
staring,6e-05
cycle,6e-05
employee,6e-05
corners,6e-05
strikes,6e-05
enforcement,6e-05
appears,6e-05
duo,6e-05
reins,6e-05
procession,6e-05
rules,6e-05
quake,6e-05
ends,6e-05
conversation,6e-05
surrounding,6e-05
pitch,6e-05
resume,6e-05
title,6e-05
grown,6e-05
accused,6e-05
urge,6e-05
radical,6e-05
bags,6e-05
commodity,6e-05
screaming,6e-05
tech,6e-05
coward,6e-05
terror,6e-05
iowa,6e-05
jimmy,6e-05
producers,6e-05
virgin,6e-05
kick,6e-05
fort,6e-05
extend,6e-05
affirmation,6e-05
renewal,6e-05
language,6e-05
hats,6e-05
prof,6e-05
are,6e-05
soap,6e-05
epiphany,6e-05
utter,6e-05
peak,6e-05
yay,6e-05
politicians,6e-05
refund,6e-05
nigerian,6e-05
surprised,6e-05
refer,6e-05
liver,6e-05
ultimate,6e-05
ee,6e-05
mills,6e-05
tries,6e-05
tom,6e-05
dealing,6e-05
rocking,6e-05
digits,6e-05
switching,6e-05
evacuated,6e-05
remain,6e-05
conflict,6e-05
mm,6e-05
test,6e-05
cited,6e-05
techno,6e-05
transposed,6e-05
entering,6e-05
actions,6e-05
renewals,6e-05
patent,6e-05
toe,6e-05
consider,6e-05
sap,6e-05
recruitment,6e-05
certificate,6e-05
benefit,6e-05
weightlessness,6e-05
clubs,6e-05
recognize,6e-05
clip,6e-05
forcing,6e-05
cure,6e-05
dot,6e-05
humble,6e-05
terry,6e-05
pneumonia,6e-05
nuisance,6e-05
concerns,6e-05
solidarity,6e-05
off,6e-05
workers,6e-05
outage,6e-05
ipo,6e-05
invest,6e-05
rolls,6e-05
none,6e-05
solution,6e-05
shortages,6e-05
memorize,6e-05
alliance,6e-05
nonsense,6e-05
uses,6e-05
monolith,6e-05
petty,6e-05
trades,6e-05
surprise,6e-05
operating,6e-05
accepting,6e-05
illustration,6e-05
changed,6e-05
yahoo,6e-05
leaves,6e-05
costs,6e-05
task,6e-05
arrived,6e-05
ai,6e-05
orion,6e-05
vintage,6e-05
sunset,6e-05
flower,6e-05
ce,6e-05
sb,6e-05
guard,6e-05
foot,6e-05
rebounds,6e-05
te,6e-05
creativity,6e-05
winner,6e-05
toll,6e-05
boycotts,6e-05
bologna,6e-05
goat,6e-05
masks,6e-05
nonprofit,6e-05
sort,6e-05
scheduled,6e-05
bass,6e-05
shine,6e-05
sam,6e-05
prediction,6e-05
grabs,6e-05
tank,6e-05
arc,6e-05
decades,6e-05
imagine,6e-05
spells,6e-05
possession,6e-05
appearances,6e-05
rn,6e-05
focusing,6e-05
lighter,6e-05
fathers,6e-05
boy,6e-05
allows,6e-05
imo,6e-05
aluminium,6e-05
proposals,6e-05
motivated,6e-05
generated,6e-05
mike,6e-05
tournament,6e-05
riddance,6e-05
sums,6e-05
writer,6e-05
addressing,6e-05
limitations,6e-05
hispanic,6e-05
uncle,6e-05
drain,6e-05
counties,6e-05
falls,6e-05
percentages,6e-05
condition,6e-05
peoples,6e-05
rough,6e-05
deadline,6e-05
constant,6e-05
addressed,6e-05
curfew,6e-05
bowl,6e-05
insects,6e-05
mack,6e-05
reply,6e-05
split,6e-05
doom,6e-05
stem,6e-05
homeless,6e-05
er,6e-05
turkish,6e-05
indiana,6e-05
trial,6e-05
resilience,6e-05
meters,6e-05
fascism,6e-05
investigating,6e-05
intelligence,6e-05
matt,6e-05
bark,6e-05
socks,6e-05
blessings,6e-05
pounding,6e-05
bartlett,6e-05
pet,6e-05
wellness,6e-05
crack,6e-05
courts,6e-05
exams,6e-05
plotting,6e-05
kitchens,6e-05
supplies,6e-05
bob,6e-05
cautioned,6e-05
arizona,6e-05
xl,6e-05
massacre,6e-05
hall,6e-05
releases,6e-05
seed,6e-05
conspiracy,6e-05
trumpet,6e-05
generators,6e-05
disturbing,6e-05
hypocrisy,6e-05
prison,6e-05
spare,6e-05
oversight,6e-05
highs,6e-05
conviction,6e-05
se,6e-05
downs,6e-05
composed,6e-05
fly,6e-05
overall,6e-05
declined,6e-05
tv,6e-05
married,6e-05
thinks,6e-05
viruses,6e-05
portraits,6e-05
luck,6e-05
honey,6e-05
oath,6e-05
household,6e-05
menu,6e-05
teen,6e-05
express,6e-05
seating,6e-05
wishing,6e-05
cr,6e-05
aspects,6e-05
button,6e-05
bishop,6e-05
cashed,6e-05
circuit,6e-05
chileans,6e-05
deceased,6e-05
airs,6e-05
bed,6e-05
loving,6e-05
climbs,6e-05
reaching,6e-05
sa,6e-05
echoing,6e-05
send,6e-05
foxes,6e-05
analyzer,6e-05
finds,6e-05
foster,6e-05
flintstones,6e-05
outcome,6e-05
doubt,6e-05
include,6e-05
tankers,6e-05
roasted,6e-05
concert,6e-05
helping,6e-05
ra,6e-05
dp,6e-05
cells,6e-05
goal,6e-05
protections,6e-05
loan,6e-05
honor,6e-05
touch,6e-05
regulations,6e-05
meme,6e-05
celebrities,6e-05
keen,6e-05
foods,6e-05
homework,6e-05
cases,6e-05
hm,6e-05
library,6e-05
solid,6e-05
analyzed,6e-05
fix,6e-05
till,6e-05
houses,6e-05
released,6e-05
signals,6e-05
warm,6e-05
played,6e-05
modesty,6e-05
audio,6e-05
esp,6e-05
heads,6e-05
raider,6e-05
african,6e-05
bonds,6e-05
bird,6e-05
lunch,6e-05
recorded,6e-05
lifted,6e-05
fool,6e-05
cartoon,6e-05
proliferating,6e-05
vampire,6e-05
shoot,6e-05
lying,6e-05
graduation,6e-05
mood,6e-05
dollars,6e-05
ramp,6e-05
stars,6e-05
dragon,6e-05
ages,6e-05
recommend,6e-05
claimed,6e-05
evening,6e-05
shilling,6e-05
purposes,6e-05
caution,6e-05
cats,6e-05
missing,6e-05
coo,6e-05
supports,6e-05
nuts,6e-05
raising,6e-05
buffer,6e-05
liberal,6e-05
unseen,6e-05
kit,6e-05
provisions,6e-05
elite,6e-05
tay,6e-05
crisis,6e-05
gi,6e-05
station,6e-05
babu,6e-05
marijuana,6e-05
premium,6e-05
reputation,6e-05
display,6e-05
episodes,6e-05
draining,6e-05
gizzard,6e-05
autism,6e-05
cocked,6e-05
ten,6e-05
pepper,6e-05
clock,6e-05
register,6e-05
openings,6e-05
assume,6e-05
stayed,6e-05
obsessed,6e-05
bolstered,6e-05
donations,6e-05
chef,6e-05
gauge,6e-05
dropping,6e-05
space,6e-05
grave,6e-05
underground,6e-05
radiology,6e-05
knight,6e-05
grind,6e-05
disrupt,6e-05
equities,6e-05
forty,6e-05
collins,6e-05
steel,6e-05
nowadays,6e-05
database,6e-05
concord,6e-05
tickets,6e-05
splash,6e-05
bid,6e-05
constitution,6e-05
settling,6e-05
warned,6e-05
tsunami,6e-05
intent,6e-05
tour,6e-05
drops,6e-05
checkout,6e-05
bootlickers,6e-05
curry,6e-05
watercolor,6e-05
annual,6e-05
recording,6e-05
bye,6e-05
polygamy,6e-05
unclogged,6e-05
tragedy,6e-05
wee,6e-05
rebels,6e-05
pave,6e-05
cream,6e-05
entertained,6e-05
predictions,6e-05
essential,6e-05
controlled,6e-05
converted,6e-05
dancing,6e-05
missed,6e-05
listening,6e-05
minute,6e-05
guest,6e-05
scared,6e-05
chinese,6e-05
publics,6e-05
ink,6e-05
goodness,6e-05
cl,6e-05
finale,6e-05
decided,6e-05
location,6e-05
minimum,6e-05
interests,6e-05
elected,6e-05
warner,6e-05
citizens,6e-05
hoping,6e-05
benchmarks,6e-05
discovery,6e-05
blessing,6e-05
staying,6e-05
patrol,6e-05
ate,6e-05
droughts,6e-05
styling,6e-05
pt,6e-05
importance,6e-05
organic,6e-05
myth,6e-05
circumstances,6e-05
stops,6e-05
requirement,6e-05
appreciation,6e-05
ringing,6e-05
lineups,6e-05
hang,6e-05
tomb,6e-05
analyses,6e-05
begin,6e-05
victims,6e-05
presented,6e-05
boots,6e-05
pearl,6e-05
radiation,6e-05
losing,6e-05
prince,6e-05
wrath,6e-05
adventures,6e-05
lawyers,6e-05
congress,6e-05
leather,6e-05
proof,6e-05
olive,6e-05
southwest,6e-05
fifth,6e-05
dealers,6e-05
staging,6e-05
colour,6e-05
inventories,6e-05
entrepreneur,6e-05
combination,6e-05
goed,6e-05
scholar,6e-05
pilot,6e-05
euros,6e-05
chose,6e-05
james,6e-05
tests,6e-05
trees,6e-05
pushed,6e-05
pain,6e-05
machine,6e-05
isolating,6e-05
impact,6e-05
there,6e-05
owners,6e-05
usage,6e-05
dental,6e-05
universal,6e-05
submitted,6e-05
containment,6e-05
grooming,6e-05
zion,6e-05
activities,6e-05
situations,6e-05
moves,6e-05
relaxed,6e-05
warmongers,6e-05
bastion,6e-05
break,6e-05
momentum,6e-05
rig,6e-05
chambers,6e-05
bigotry,6e-05
referencing,6e-05
stopped,6e-05
german,6e-05
estimates,6e-05
regulators,6e-05
scheme,6e-05
traveling,6e-05
cheers,6e-05
memories,6e-05
crude,6e-05
rice,6e-05
traffic,6e-05
increasing,6e-05
behaviour,6e-05
window,6e-05
poodle,6e-05
grandchild,6e-05
pie,6e-05
memes,6e-05
recycled,6e-05
cox,6e-05
studio,6e-05
horse,6e-05
elves,6e-05
ag,6e-05
spa,6e-05
renovation,6e-05
targets,6e-05
advisory,6e-05
drag,6e-05
medicine,6e-05
tracking,6e-05
journalists,6e-05
nigga,6e-05
handled,6e-05
steels,6e-05
down,6e-05
transactions,6e-05
sacrifices,6e-05
pants,6e-05
ticker,6e-05
unavailability,6e-05
expansion,6e-05
matters,6e-05
craving,6e-05
forests,6e-05
recommendations,6e-05
amen,6e-05
ds,6e-05
satisfy,6e-05
marks,6e-05
thirty,6e-05
wishes,6e-05
emissions,6e-05
handle,6e-05
choreography,6e-05
gazette,6e-05
comma,6e-05
bump,6e-05
overhead,6e-05
champions,6e-05
notification,6e-05
command,6e-05
exposed,6e-05
womens,6e-05
chair,6e-05
notes,6e-05
shopping,6e-05
worlds,6e-05
era,6e-05
gents,6e-05
scrutiny,6e-05
testing,6e-05
centre,6e-05
skills,6e-05
bratwurst,6e-05
exciting,6e-05
moot,6e-05
mitigate,6e-05
external,6e-05
conservatives,6e-05
primary,6e-05
injected,6e-05
european,6e-05
complaining,6e-05
dentist,6e-05
benefited,6e-05
banned,6e-05
separating,6e-05
identity,6e-05
trains,6e-05
now,6e-05
pennant,6e-05
remaking,6e-05
epa,6e-05
reflecting,6e-05
ab,6e-05
radio,6e-05
payment,6e-05
agreed,6e-05
channeling,6e-05
puma,6e-05
fill,6e-05
analog,6e-05
stain,6e-05
edged,6e-05
cleansing,6e-05
minor,6e-05
serve,6e-05
br,6e-05
fighting,6e-05
cam,6e-05
policy,6e-05
leg,6e-05
seasons,6e-05
excuse,6e-05
plot,6e-05
vessels,6e-05
building,6e-05
stables,6e-05
voltage,6e-05
percentage,6e-05
topping,6e-05
contribution,6e-05
seller,6e-05
gallery,6e-05
guinness,6e-05
governing,6e-05
moderates,6e-05
success,6e-05
whisper,6e-05
becomes,6e-05
workout,6e-05
performed,6e-05
prosecutor,6e-05
tested,6e-05
commitments,6e-05
tracks,6e-05
diesel,6e-05
tended,6e-05
bunch,6e-05
swath,6e-05
exhibit,6e-05
jazz,6e-05
thug,6e-05
secret,6e-05
beef,6e-05
robbery,6e-05
beverage,6e-05
cord,6e-05
retailer,6e-05
recommended,6e-05
gray,6e-05
speculators,6e-05
christmas,6e-05
gravity,6e-05
door,6e-05
format,6e-05
favour,6e-05
stimulus,6e-05
anxiety,6e-05
measures,6e-05
waste,6e-05
removed,6e-05
otis,6e-05
crises,6e-05
sauce,6e-05
minus,6e-05
reshape,6e-05
lands,6e-05
reminds,6e-05
launching,6e-05
linguists,6e-05
socializing,6e-05
clothes,6e-05
status,6e-05
dispute,6e-05
ways,6e-05
apples,6e-05
curiosity,6e-05
runs,6e-05
xt,6e-05
fella,6e-05
travelled,6e-05
doors,6e-05
depth,6e-05
shame,6e-05
loose,6e-05
northeast,6e-05
challenged,6e-05
requirements,6e-05
yea,6e-05
innocent,6e-05
claro,6e-05
metal,6e-05
failed,6e-05
discipline,6e-05
fundamental,6e-05
hamper,6e-05
supermarket,6e-05
resistance,6e-05
busy,6e-05
pi,6e-05
resource,6e-05
teachers,6e-05
injuring,6e-05
dozen,6e-05
mile,6e-05
decade,6e-05
comments,6e-05
central,6e-05
definitions,6e-05
speech,6e-05
hook,6e-05
debut,6e-05
heath,6e-05
fielding,3e-05
legs,3e-05
necklace,3e-05
networks,3e-05
blocker,3e-05
ingredients,3e-05
supposed,3e-05
goons,3e-05
daisy,3e-05
ignore,3e-05
bes,3e-05
followers,3e-05
oversee,3e-05
tissues,3e-05
starvation,3e-05
venom,3e-05
looting,3e-05
slots,3e-05
factors,3e-05
researchers,3e-05
messed,3e-05
tend,3e-05
squat,3e-05
palliative,3e-05
study,3e-05
bakery,3e-05
bone,3e-05
azerbaijanis,3e-05
anomalies,3e-05
hoes,3e-05
disposal,3e-05
mortal,3e-05
ancient,3e-05
stemming,3e-05
tidy,3e-05
gee,3e-05
journals,3e-05
guns,3e-05
arms,3e-05
paradise,3e-05
horror,3e-05
insight,3e-05
activist,3e-05
limits,3e-05
migrating,3e-05
answers,3e-05
cheating,3e-05
conduct,3e-05
balcony,3e-05
mysteries,3e-05
featured,3e-05
billboard,3e-05
computer,3e-05
taxes,3e-05
effort,3e-05
signature,3e-05
berber,3e-05
yen,3e-05
proven,3e-05
prosecutors,3e-05
wizard,3e-05
detected,3e-05
kicks,3e-05
leftover,3e-05
daughter,3e-05
alienating,3e-05
vips,3e-05
suppliers,3e-05
roller,3e-05
rejected,3e-05
gc,3e-05
profits,3e-05
entrance,3e-05
pan,3e-05
dickens,3e-05
apr,3e-05
funny,3e-05
broadcaster,3e-05
template,3e-05
fashions,3e-05
plea,3e-05
bonuses,3e-05
remakes,3e-05
thrown,3e-05
forgotten,3e-05
inevitability,3e-05
improvements,3e-05
pledges,3e-05
cloak,3e-05
blight,3e-05
equanimity,3e-05
productions,3e-05
expression,3e-05
lowlife,3e-05
unbound,3e-05
slaughter,3e-05
shock,3e-05
neighbor,3e-05
keyboard,3e-05
counseling,3e-05
electronics,3e-05
brill,3e-05
testament,3e-05
buried,3e-05
pull,3e-05
greenwood,3e-05
dividends,3e-05
crash,3e-05
spellers,3e-05
gpa,3e-05
volleyball,3e-05
poss,3e-05
expressions,3e-05
sc,3e-05
amplifying,3e-05
cleanser,3e-05
cupping,3e-05
garlands,3e-05
enters,3e-05
oral,3e-05
delusions,3e-05
advert,3e-05
reel,3e-05
birthdays,3e-05
one,3e-05
donation,3e-05
faltered,3e-05
fentanyl,3e-05
carrier,3e-05
licence,3e-05
nations,3e-05
airways,3e-05
spoke,3e-05
rex,3e-05
hqs,3e-05
argentine,3e-05
johnny,3e-05
sends,3e-05
cousin,3e-05
imperative,3e-05
lock,3e-05
rider,3e-05
flagellation,3e-05
advance,3e-05
cans,3e-05
coptic,3e-05
cull,3e-05
beginner,3e-05
bk,3e-05
poem,3e-05
embroidered,3e-05
bumpers,3e-05
jv,3e-05
bracket,3e-05
parallel,3e-05
mol,3e-05
obstructions,3e-05
consultation,3e-05
pulled,3e-05
convert,3e-05
torys,3e-05
oak,3e-05
marched,3e-05
heavy,3e-05
trunk,3e-05
returns,3e-05
ravaged,3e-05
peach,3e-05
mushrooms,3e-05
nigerians,3e-05
broads,3e-05
armys,3e-05
pricing,3e-05
expiring,3e-05
guru,3e-05
blacks,3e-05
grads,3e-05
careers,3e-05
institution,3e-05
munch,3e-05
als,3e-05
meal,3e-05
stomach,3e-05
satyr,3e-05
psychic,3e-05
analyzing,3e-05
costa,3e-05
marc,3e-05
beaded,3e-05
keynote,3e-05
rely,3e-05
delighted,3e-05
screw,3e-05
maple,3e-05
attending,3e-05
fronts,3e-05
brewing,3e-05
involvement,3e-05
halo,3e-05
failures,3e-05
tag,3e-05
whites,3e-05
maxwell,3e-05
ravings,3e-05
fashion,3e-05
quota,3e-05
surgery,3e-05
validated,3e-05
routine,3e-05
withholding,3e-05
od,3e-05
dies,3e-05
announcements,3e-05
passwords,3e-05
butler,3e-05
sample,3e-05
pout,3e-05
banner,3e-05
harbour,3e-05
hugs,3e-05
parody,3e-05
raking,3e-05
bra,3e-05
messages,3e-05
yacht,3e-05
vet,3e-05
resident,3e-05
pinpoint,3e-05
feeding,3e-05
wondering,3e-05
mafia,3e-05
temple,3e-05
keepers,3e-05
stake,3e-05
sink,3e-05
scholars,3e-05
glow,3e-05
impregnated,3e-05
pst,3e-05
contribute,3e-05
brick,3e-05
dimension,3e-05
survival,3e-05
ledger,3e-05
introduction,3e-05
crybaby,3e-05
marked,3e-05
chase,3e-05
fraud,3e-05
trenches,3e-05
slough,3e-05
theatrical,3e-05
therapeutics,3e-05
hoop,3e-05
eager,3e-05
lira,3e-05
consists,3e-05
celebrated,3e-05
starters,3e-05
lifetimes,3e-05
englishman,3e-05
introvert,3e-05
surviving,3e-05
drones,3e-05
boyfriends,3e-05
sucks,3e-05
emergencies,3e-05
deeds,3e-05
smooth,3e-05
banger,3e-05
groupie,3e-05
seafood,3e-05
arch,3e-05
blackouts,3e-05
tucker,3e-05
grasses,3e-05
flopped,3e-05
intention,3e-05
john,3e-05
do,3e-05
speaker,3e-05
submissions,3e-05
advising,3e-05
intellectual,3e-05
yr,3e-05
bake,3e-05
operator,3e-05
noting,3e-05
sentiment,3e-05
defense,3e-05
grocery,3e-05
immigrants,3e-05
slowed,3e-05
rivals,3e-05
trainers,3e-05
trending,3e-05
determine,3e-05
pic,3e-05
helped,3e-05
aerosols,3e-05
rhymes,3e-05
loos,3e-05
tumbles,3e-05
leak,3e-05
computers,3e-05
entry,3e-05
tempting,3e-05
golf,3e-05
demons,3e-05
treble,3e-05
bites,3e-05
suffered,3e-05
frogs,3e-05
wont,3e-05
kith,3e-05
crippled,3e-05
bases,3e-05
horseman,3e-05
workshops,3e-05
fiance,3e-05
cigarette,3e-05
estimate,3e-05
optics,3e-05
pattern,3e-05
sleeve,3e-05
oats,3e-05
wreath,3e-05
raping,3e-05
broken,3e-05
restaurant,3e-05
fared,3e-05
olm,3e-05
cried,3e-05
legend,3e-05
cancelling,3e-05
loop,3e-05
supermarkets,3e-05
connectivity,3e-05
sidelines,3e-05
sidewalk,3e-05
tote,3e-05
huddled,3e-05
beating,3e-05
nocs,3e-05
plane,3e-05
grills,3e-05
germ,3e-05
influence,3e-05
stymie,3e-05
emerged,3e-05
rot,3e-05
sup,3e-05
siphon,3e-05
rallies,3e-05
evolution,3e-05
cozy,3e-05
calm,3e-05
journalism,3e-05
trainer,3e-05
pupils,3e-05
brings,3e-05
terminologies,3e-05
balance,3e-05
loans,3e-05
toast,3e-05
ed,3e-05
planet,3e-05
mercies,3e-05
hardening,3e-05
protecting,3e-05
volatile,3e-05
turkey,3e-05
consultancy,3e-05
routines,3e-05
comfort,3e-05
homage,3e-05
fields,3e-05
unification,3e-05
lovers,3e-05
processes,3e-05
smell,3e-05
hosted,3e-05
understand,3e-05
teens,3e-05
assumed,3e-05
essays,3e-05
europes,3e-05
trails,3e-05
evaluation,3e-05
ping,3e-05
sentences,3e-05
rejects,3e-05
turks,3e-05
hogs,3e-05
cabbages,3e-05
weekends,3e-05
approach,3e-05
atm,3e-05
grew,3e-05
despair,3e-05
disappeared,3e-05
phs,3e-05
polling,3e-05
cherry,3e-05
pony,3e-05
memory,3e-05
liability,3e-05
increased,3e-05
latino,3e-05
enemies,3e-05
noddles,3e-05
husband,3e-05
welder,3e-05
hangovers,3e-05
beds,3e-05
fry,3e-05
aliens,3e-05
cloud,3e-05
sharps,3e-05
sgs,3e-05
eyebrow,3e-05
curbside,3e-05
folk,3e-05
chutney,3e-05
bravery,3e-05
stead,3e-05
severity,3e-05
pos,3e-05
stove,3e-05
homo,3e-05
assignment,3e-05
shy,3e-05
boyfriend,3e-05
blessed,3e-05
collaborations,3e-05
intro,3e-05
transmission,3e-05
baloney,3e-05
examine,3e-05
juniors,3e-05
venue,3e-05
clone,3e-05
gula,3e-05
cons,3e-05
brains,3e-05
rpm,3e-05
personality,3e-05
phony,3e-05
randomized,3e-05
morgan,3e-05
debacle,3e-05
japanese,3e-05
racism,3e-05
tone,3e-05
rico,3e-05
color,3e-05
shoes,3e-05
grief,3e-05
greys,3e-05
infusion,3e-05
awareness,3e-05
wires,3e-05
pathway,3e-05
passing,3e-05
resiliency,3e-05
pins,3e-05
diaries,3e-05
gauging,3e-05
arrangements,3e-05
imagining,3e-05
resolution,3e-05
plate,3e-05
hidden,3e-05
glasses,3e-05
secretary,3e-05
cup,3e-05
sat,3e-05
shows,3e-05
governance,3e-05
values,3e-05
graph,3e-05
intimidating,3e-05
genesis,3e-05
outfits,3e-05
shell,3e-05
eras,3e-05
tentacles,3e-05
canned,3e-05
imp,3e-05
edited,3e-05
flexibility,3e-05
preventative,3e-05
lineup,3e-05
engaging,3e-05
allegations,3e-05
housing,3e-05
epis,3e-05
refused,3e-05
laws,3e-05
hysterectomies,3e-05
floors,3e-05
skim,3e-05
negotiators,3e-05
panic,3e-05
sue,3e-05
repentance,3e-05
quaker,3e-05
kg,3e-05
jack,3e-05
bingo,3e-05
belt,3e-05
blob,3e-05
shredding,3e-05
demanding,3e-05
readings,3e-05
decay,3e-05
genders,3e-05
beats,3e-05
particular,3e-05
smash,3e-05
concluded,3e-05
reeves,3e-05
feats,3e-05
keeping,3e-05
bran,3e-05
spoken,3e-05
dick,3e-05
pendant,3e-05
passive,3e-05
spectrum,3e-05
bottom,3e-05
motorcycle,3e-05
items,3e-05
guarantee,3e-05
egg,3e-05
argument,3e-05
trouble,3e-05
proportion,3e-05
advocacy,3e-05
struck,3e-05
cycling,3e-05
aviation,3e-05
slamming,3e-05
removal,3e-05
russians,3e-05
theater,3e-05
bill,3e-05
stupidity,3e-05
dado,3e-05
kidding,3e-05
catering,3e-05
lemmings,3e-05
mv,3e-05
grabbing,3e-05
hospitalize,3e-05
transition,3e-05
brooded,3e-05
dissection,3e-05
keeper,3e-05
arsehole,3e-05
roadblock,3e-05
typeface,3e-05
garter,3e-05
parliament,3e-05
prophets,3e-05
symbiosis,3e-05
pts,3e-05
choices,3e-05
swirls,3e-05
campaigners,3e-05
restructuring,3e-05
offended,3e-05
flashbacks,3e-05
fox,3e-05
nowhere,3e-05
dirt,3e-05
rethinking,3e-05
feb,3e-05
dives,3e-05
crying,3e-05
discouraged,3e-05
pages,3e-05
terminal,3e-05
lips,3e-05
retention,3e-05
vacation,3e-05
progressive,3e-05
someones,3e-05
colds,3e-05
ks,3e-05
mf,3e-05
captured,3e-05
antibiotics,3e-05
contain,3e-05
prospects,3e-05
engineers,3e-05
miler,3e-05
reshaping,3e-05
polaroid,3e-05
citing,3e-05
checked,3e-05
grabing,3e-05
nelson,3e-05
traveled,3e-05
highschool,3e-05
producing,3e-05
waterfall,3e-05
interacting,3e-05
victories,3e-05
trap,3e-05
misery,3e-05
gin,3e-05
territory,3e-05
conversations,3e-05
tasting,3e-05
delayed,3e-05
salad,3e-05
builders,3e-05
brush,3e-05
devil,3e-05
sexuality,3e-05
shriek,3e-05
saviour,3e-05
prescription,3e-05
assuming,3e-05
puffs,3e-05
crook,3e-05
donna,3e-05
southeast,3e-05
trigger,3e-05
grow,3e-05
appeals,3e-05
roll,3e-05
snowboarding,3e-05
depressed,3e-05
lab,3e-05
hen,3e-05
ladies,3e-05
hg,3e-05
farms,3e-05
oils,3e-05
chat,3e-05
developed,3e-05
merging,3e-05
observed,3e-05
plastics,3e-05
adams,3e-05
bankrupt,3e-05
boosts,3e-05
salesmen,3e-05
endure,3e-05
response,3e-05
perfection,3e-05
godfather,3e-05
rinse,3e-05
alum,3e-05
reuse,3e-05
tomatoes,3e-05
agenda,3e-05
paints,3e-05
periods,3e-05
motivation,3e-05
frost,3e-05
forwarded,3e-05
sown,3e-05
azerbaijani,3e-05
startups,3e-05
shattering,3e-05
grants,3e-05
threader,3e-05
diseases,3e-05
cutting,3e-05
rich,3e-05
palace,3e-05
scalability,3e-05
whales,3e-05
trusting,3e-05
novel,3e-05
info,3e-05
loss,3e-05
fail,3e-05
objectives,3e-05
emeralds,3e-05
partner,3e-05
saddlery,3e-05
referrals,3e-05
smiles,3e-05
einstein,3e-05
elements,3e-05
rb,3e-05
questioning,3e-05
executing,3e-05
batteries,3e-05
tint,3e-05
airplane,3e-05
foisting,3e-05
fluke,3e-05
karen,3e-05
weed,3e-05
politics,3e-05
netting,3e-05
claims,3e-05
cannabis,3e-05
deviations,3e-05
listing,3e-05
revise,3e-05
worrying,3e-05
comedy,3e-05
asian,3e-05
trolls,3e-05
churches,3e-05
madame,3e-05
ideal,3e-05
offset,3e-05
fat,3e-05
meets,3e-05
suicide,3e-05
tradition,3e-05
sis,3e-05
hotspur,3e-05
victory,3e-05
critics,3e-05
judiciary,3e-05
cvs,3e-05
km,3e-05
spin,3e-05
propose,3e-05
debated,3e-05
eggplant,3e-05
dissolved,3e-05
kilowatt,3e-05
overbearing,3e-05
accidents,3e-05
maniac,3e-05
ties,3e-05
fired,3e-05
eased,3e-05
dura,3e-05
ballots,3e-05
babys,3e-05
merger,3e-05
chandler,3e-05
psa,3e-05
silence,3e-05
loot,3e-05
ev,3e-05
editor,3e-05
screwed,3e-05
readership,3e-05
tempted,3e-05
oldie,3e-05
hangs,3e-05
apple,3e-05
spaced,3e-05
waking,3e-05
cinnamon,3e-05
explain,3e-05
bells,3e-05
poster,3e-05
chic,3e-05
submitting,3e-05
throbbing,3e-05
cocaine,3e-05
languages,3e-05
shots,3e-05
sugar,3e-05
peter,3e-05
reps,3e-05
rv,3e-05
scholarship,3e-05
rush,3e-05
awarded,3e-05
ml,3e-05
swedish,3e-05
counts,3e-05
zeta,3e-05
reimbursements,3e-05
reb,3e-05
penalties,3e-05
opponent,3e-05
sovereign,3e-05
billboards,3e-05
admitted,3e-05
teeth,3e-05
cereals,3e-05
lap,3e-05
procedures,3e-05
venus,3e-05
boa,3e-05
boyhood,3e-05
refunds,3e-05
boycotting,3e-05
guinea,3e-05
pigeons,3e-05
verse,3e-05
telling,3e-05
pressured,3e-05
pops,3e-05
collector,3e-05
sensitive,3e-05
baking,3e-05
specialty,3e-05
tho,3e-05
extension,3e-05
moan,3e-05
historian,3e-05
represented,3e-05
snippet,3e-05
tam,3e-05
littered,3e-05
exposure,3e-05
duel,3e-05
circus,3e-05
colloquium,3e-05
sets,3e-05
leo,3e-05
nasa,3e-05
port,3e-05
recordings,3e-05
swag,3e-05
brew,3e-05
chuckling,3e-05
appoint,3e-05
staples,3e-05
chart,3e-05
vaporizer,3e-05
frustrated,3e-05
appreciate,3e-05
alts,3e-05
difficulties,3e-05
cancelled,3e-05
labor,3e-05
stunning,3e-05
mans,3e-05
breast,3e-05
cutthroat,3e-05
quests,3e-05
veteran,3e-05
mates,3e-05
journey,3e-05
ignored,3e-05
figured,3e-05
vans,3e-05
climbed,3e-05
volatility,3e-05
mainframe,3e-05
relying,3e-05
waters,3e-05
beanies,3e-05
viewers,3e-05
oar,3e-05
threw,3e-05
neighbors,3e-05
hide,3e-05
types,3e-05
sourcing,3e-05
infrastructure,3e-05
spiritual,3e-05
screening,3e-05
turk,3e-05
aug,3e-05
realm,3e-05
falco,3e-05
settle,3e-05
northwest,3e-05
sponsorship,3e-05
stare,3e-05
californians,3e-05
matched,3e-05
freckles,3e-05
porter,3e-05
reversal,3e-05
supplying,3e-05
gigabit,3e-05
embracing,3e-05
extrusion,3e-05
moms,3e-05
raided,3e-05
den,3e-05
succulents,3e-05
checking,3e-05
engine,3e-05
candle,3e-05
trembling,3e-05
paired,3e-05
studios,3e-05
crime,3e-05
pumpkins,3e-05
cell,3e-05
dodge,3e-05
sludges,3e-05
completes,3e-05
robot,3e-05
replacement,3e-05
potato,3e-05
revering,3e-05
gaming,3e-05
overpass,3e-05
recruits,3e-05
divine,3e-05
holiday,3e-05
tutorials,3e-05
carving,3e-05
remaining,3e-05
gorilla,3e-05
paisley,3e-05
gross,3e-05
thrilled,3e-05
resort,3e-05
tail,3e-05
rescue,3e-05
brigades,3e-05
continuing,3e-05
trilogy,3e-05
glimpses,3e-05
summit,3e-05
discussions,3e-05
cry,3e-05
nomination,3e-05
difference,3e-05
manipulate,3e-05
freedoms,3e-05
smokes,3e-05
hole,3e-05
spiral,3e-05
cypher,3e-05
spaghetti,3e-05
resisting,3e-05
impacting,3e-05
classics,3e-05
singles,3e-05
blaze,3e-05
laughed,3e-05
carnival,3e-05
jet,3e-05
thyroid,3e-05
mold,3e-05
sanitization,3e-05
crew,3e-05
salespeople,3e-05
struggles,3e-05
sip,3e-05
predicting,3e-05
soundtrack,3e-05
harmonies,3e-05
numbing,3e-05
caramelized,3e-05
alien,3e-05
telegram,3e-05
con,3e-05
yearning,3e-05
budget,3e-05
overtake,3e-05
playgrounds,3e-05
grandparent,3e-05
burgers,3e-05
hms,3e-05
fe,3e-05
bookmark,3e-05
warp,3e-05
velvet,3e-05
han,3e-05
approached,3e-05
population,3e-05
bobby,3e-05
smuggling,3e-05
underperformed,3e-05
purchasing,3e-05
accountability,3e-05
outdoors,3e-05
fabric,3e-05
sides,3e-05
grandmother,3e-05
preparation,3e-05
transfer,3e-05
gore,3e-05
collected,3e-05
plead,3e-05
seriousness,3e-05
manges,3e-05
demographics,3e-05
minded,3e-05
candidates,3e-05
dolphins,3e-05
basic,3e-05
balloons,3e-05
cycles,3e-05
ticket,3e-05
linked,3e-05
licking,3e-05
mission,3e-05
goose,3e-05
pe,3e-05
massachusetts,3e-05
dug,3e-05
melissa,3e-05
emergency,3e-05
ecosystem,3e-05
cityscape,3e-05
elections,3e-05
domestic,3e-05
kept,3e-05
cheering,3e-05
pressed,3e-05
warns,3e-05
deep,3e-05
sideline,3e-05
accidental,3e-05
patch,3e-05
influenza,3e-05
smack,3e-05
ignoring,3e-05
hanging,3e-05
referendum,3e-05
arena,3e-05
regulator,3e-05
bud,3e-05
litigation,3e-05
liberals,3e-05
conflicting,3e-05
wales,3e-05
disclosure,3e-05
catchword,3e-05
prospect,3e-05
defenders,3e-05
polymer,3e-05
achieving,3e-05
interior,3e-05
mps,3e-05
rope,3e-05
reasoning,3e-05
panel,3e-05
angels,3e-05
respondents,3e-05
lad,3e-05
spoiled,3e-05
tickers,3e-05
booth,3e-05
owl,3e-05
amend,3e-05
matches,3e-05
sketching,3e-05
mexican,3e-05
junior,3e-05
surge,3e-05
rises,3e-05
threatened,3e-05
throwback,3e-05
philosophy,3e-05
passed,3e-05
glitters,3e-05
framework,3e-05
perseverance,3e-05
yogurt,3e-05
retrofitting,3e-05
utmost,3e-05
alpha,3e-05
pagan,3e-05
basketball,3e-05
rifles,3e-05
anticipation,3e-05
competition,3e-05
landfall,3e-05
attended,3e-05
scrap,3e-05
aristocrat,3e-05
plum,3e-05
predicted,3e-05
grace,3e-05
backed,3e-05
entered,3e-05
employment,3e-05
colored,3e-05
setup,3e-05
flies,3e-05
mount,3e-05
cousins,3e-05
acknowledge,3e-05
award,3e-05
motives,3e-05
equation,3e-05
masculinity,3e-05
settled,3e-05
kite,3e-05
neighborhoods,3e-05
racks,3e-05
slot,3e-05
mineral,3e-05
reinsurance,3e-05
silva,3e-05
foam,3e-05
lease,3e-05
section,3e-05
semi,3e-05
emerging,3e-05
advisor,3e-05
chen,3e-05
dominates,3e-05
dominance,3e-05
residing,3e-05
curved,3e-05
slack,3e-05
postgraduate,3e-05
monopoly,3e-05
appropriate,3e-05
sm,3e-05
maxi,3e-05
cauliflowers,3e-05
daniel,3e-05
biology,3e-05
loved,3e-05
rounding,3e-05
seeds,3e-05
operators,3e-05
ward,3e-05
monitor,3e-05
participating,3e-05
caged,3e-05
boat,3e-05
lotion,3e-05
dive,3e-05
kicked,3e-05
column,3e-05
minority,3e-05
proving,3e-05
overcoming,3e-05
newspapers,3e-05
baiting,3e-05
pandas,3e-05
acts,3e-05
charged,3e-05
beans,3e-05
idol,3e-05
lights,3e-05
nutrition,3e-05
suggestions,3e-05
treatment,3e-05
refrain,3e-05
finals,3e-05
grounded,3e-05
carver,3e-05
gossip,3e-05
claw,3e-05
storyline,3e-05
wise,3e-05
strategist,3e-05
direction,3e-05
gambling,3e-05
tax,3e-05
jordanian,3e-05
lack,3e-05
seizing,3e-05
limit,3e-05
obligation,3e-05
pets,3e-05
recipient,3e-05
lions,3e-05
beast,3e-05
praying,3e-05
hurts,3e-05
caps,3e-05
professions,3e-05
restoration,3e-05
yogi,3e-05
coaches,3e-05
salvaging,3e-05
forces,3e-05
spikes,3e-05
iranian,3e-05
universals,3e-05
ordering,3e-05
urgency,3e-05
muscle,3e-05
clicks,3e-05
sleaze,3e-05
apprentices,3e-05
documentaries,3e-05
latter,3e-05
buildings,3e-05
donating,3e-05
unions,3e-05
pod,3e-05
pallets,3e-05
graduated,3e-05
raw,3e-05
scream,3e-05
bonus,3e-05
enterprise,3e-05
islands,3e-05
choosing,3e-05
geology,3e-05
drinks,3e-05
heritage,3e-05
temperature,3e-05
bite,3e-05
wags,3e-05
taxpayers,3e-05
carbon,3e-05
bitter,3e-05
twelve,3e-05
hat,3e-05
rank,3e-05
highways,3e-05
closer,3e-05
casualties,3e-05
owner,3e-05
philippines,3e-05
oversaw,3e-05
commerce,3e-05
attacked,3e-05
hedge,3e-05
over,3e-05
commander,3e-05
challenging,3e-05
learning,3e-05
soups,3e-05
slicker,3e-05
nass,3e-05
inequalities,3e-05
prove,3e-05
fines,3e-05
dunce,3e-05
finishing,3e-05
telecom,3e-05
wannabe,3e-05
discography,3e-05
grant,3e-05
cuts,3e-05
fruit,3e-05
crowded,3e-05
indie,3e-05
willing,3e-05
literal,3e-05
vowels,3e-05
copping,3e-05
dynamics,3e-05
finch,3e-05
scrunches,3e-05
treasures,3e-05
naming,3e-05
guessing,3e-05
lurched,3e-05
pipes,3e-05
battle,3e-05
americans,3e-05
involved,3e-05
par,3e-05
bush,3e-05
winding,3e-05
adhesives,3e-05
moa,3e-05
pose,3e-05
yards,3e-05
museum,3e-05
evacuation,3e-05
devastated,3e-05
commenting,3e-05
write,3e-05
cannon,3e-05
fine,3e-05
snowstorm,3e-05
shelves,3e-05
occur,3e-05
crowd,3e-05
zombie,3e-05
groups,3e-05
horizons,3e-05
recap,3e-05
sops,3e-05
peninsula,3e-05
minimize,3e-05
buildup,3e-05
tm,3e-05
ruminating,3e-05
achievements,3e-05
trolling,3e-05
yolk,3e-05
bullet,3e-05
liabilities,3e-05
mercenaries,3e-05
alternate,3e-05
casing,3e-05
yield,3e-05
bible,3e-05
bath,3e-05
fortune,3e-05
ada,3e-05
swirl,3e-05
epitomizes,3e-05
execution,3e-05
employees,3e-05
pot,3e-05
accusations,3e-05
priests,3e-05
loosing,3e-05
pissing,3e-05
proceeds,3e-05
migration,3e-05
babe,3e-05
unveiled,3e-05
particle,3e-05
rave,3e-05
push,3e-05
aside,3e-05
defender,3e-05
flop,3e-05
ga,3e-05
strengthening,3e-05
yeas,3e-05
kills,3e-05
profligacy,3e-05
miracle,3e-05
billionaire,3e-05
designs,3e-05
vacancies,3e-05
grandson,3e-05
commonwealth,3e-05
prizes,3e-05
mornings,3e-05
requires,3e-05
apply,3e-05
references,3e-05
mfs,3e-05
arsenal,3e-05
trick,3e-05
crust,3e-05
avenue,3e-05
neutering,3e-05
trend,3e-05
maximize,3e-05
loading,3e-05
trail,3e-05
bugs,3e-05
confusing,3e-05
ben,3e-05
hart,3e-05
fury,3e-05
inconvenience,3e-05
needing,3e-05
wallpaper,3e-05
bust,3e-05
warren,3e-05
pence,3e-05
responds,3e-05
delivered,3e-05
funk,3e-05
ruth,3e-05
polls,3e-05
uncertainty,3e-05
finger,3e-05
mins,3e-05
rain,3e-05
michigan,3e-05
direct,3e-05
descending,3e-05
villain,3e-05
ret,3e-05
beings,3e-05
ratepayers,3e-05
shelters,3e-05
consolidate,3e-05
weighing,3e-05
stooges,3e-05
ray,3e-05
festival,3e-05
aspect,3e-05
swapped,3e-05
wrestling,3e-05
scanner,3e-05
lake,3e-05
fingers,3e-05
knee,3e-05
pastoral,3e-05
attendees,3e-05
bureau,3e-05
kits,3e-05
reception,3e-05
inquiries,3e-05
memorized,3e-05
cart,3e-05
repercussions,3e-05
thai,3e-05
madam,3e-05
looming,3e-05
plenty,3e-05
parade,3e-05
hijabs,3e-05
pools,3e-05
prints,3e-05
frustration,3e-05
quotes,3e-05
pans,3e-05
esteemed,3e-05
cards,3e-05
worship,3e-05
quote,3e-05
punic,3e-05
prosecution,3e-05
walker,3e-05
flow,3e-05
bookings,3e-05
bounce,3e-05
whos,3e-05
blocking,3e-05
brunch,3e-05
recognition,3e-05
attributed,3e-05
adding,3e-05
stone,3e-05
carrot,3e-05
bravo,3e-05
gantry,3e-05
horizon,3e-05
pander,3e-05
coincidence,3e-05
coffee,3e-05
popped,3e-05
hoosiers,3e-05
forecourts,3e-05
slowing,3e-05
mvps,3e-05
meals,3e-05
pharaohs,3e-05
stitch,3e-05
prompting,3e-05
garland,3e-05
pisces,3e-05
dagger,3e-05
surges,3e-05
absurd,3e-05
activists,3e-05
organization,3e-05
subs,3e-05
complaints,3e-05
newspaper,3e-05
notation,3e-05
advantages,3e-05
clause,3e-05
prohibits,3e-05
shooters,3e-05
essentials,3e-05
gate,3e-05
upbeat,3e-05
grill,3e-05
sand,3e-05
adventure,3e-05
max,3e-05
academy,3e-05
determination,3e-05
regret,3e-05
urges,3e-05
mag,3e-05
gaffe,3e-05
petting,3e-05
diorama,3e-05
programs,3e-05
thin,3e-05
calmness,3e-05
achievement,3e-05
followed,3e-05
tickle,3e-05
blanket,3e-05
environmentalists,3e-05
easing,3e-05
discounts,3e-05
vision,3e-05
ambiance,3e-05
snoop,3e-05
phrase,3e-05
lifting,3e-05
eleventh,3e-05
racking,3e-05
substance,3e-05
lp,3e-05
depression,3e-05
context,3e-05
semester,3e-05
encourage,3e-05
merits,3e-05
province,3e-05
reek,3e-05
tes,3e-05
seconds,3e-05
estate,3e-05
geniuses,3e-05
responded,3e-05
victor,3e-05
ankle,3e-05
greed,3e-05
avert,3e-05
mitt,3e-05
weighed,3e-05
impresses,3e-05
argue,3e-05
chronicle,3e-05
paws,3e-05
slick,3e-05
peer,3e-05
negative,3e-05
ru,3e-05
mrs,3e-05
toys,3e-05
weasels,3e-05
lifes,3e-05
brad,3e-05
drama,3e-05
operated,3e-05
practices,3e-05
programming,3e-05
leadership,3e-05
couple,3e-05
compliment,3e-05
napa,3e-05
sash,3e-05
revealed,3e-05
macron,3e-05
succumbed,3e-05
flash,3e-05
talked,3e-05
lockstep,3e-05
faithful,3e-05
fucked,3e-05
venezuelan,3e-05
streaming,3e-05
articles,3e-05
encountering,3e-05
treated,3e-05
fault,3e-05
lays,3e-05
knock,3e-05
gaining,3e-05
gainer,3e-05
palm,3e-05
occasions,3e-05
distributed,3e-05
stale,3e-05
exculpation,3e-05
wrapping,3e-05
accs,3e-05
moral,3e-05
niners,3e-05
cookies,3e-05
sticker,3e-05
champagne,3e-05
buys,3e-05
donee,3e-05
illinois,3e-05
manufactured,3e-05
vegetation,3e-05
experiencing,3e-05
creek,3e-05
exact,3e-05
overrated,3e-05
awe,3e-05
entertainment,3e-05
salesperson,3e-05
exit,3e-05
babies,3e-05
fade,3e-05
expectancy,3e-05
pacers,3e-05
father,3e-05
undergoing,3e-05
sword,3e-05
hogg,3e-05
fights,3e-05
flashed,3e-05
abortion,3e-05
threaten,3e-05
caricature,3e-05
batting,3e-05
turner,3e-05
sobs,3e-05
doubles,3e-05
associates,3e-05
haircare,3e-05
sequel,3e-05
infection,3e-05
norms,3e-05
fluency,3e-05
bringing,3e-05
ice,3e-05
smirk,3e-05
joy,3e-05
turf,3e-05
depot,3e-05
wholesale,3e-05
comprehensive,3e-05
shoppers,3e-05
grandfathers,3e-05
gurney,3e-05
feed,3e-05
complementary,3e-05
colleagues,3e-05
stalking,3e-05
superman,3e-05
raves,3e-05
birds,3e-05
upstage,3e-05
spider,3e-05
shopper,3e-05
ins,3e-05
spiced,3e-05
raging,3e-05
greenhouse,3e-05
accident,3e-05
exceeded,3e-05
hurricanes,3e-05
tinder,3e-05
cringe,3e-05
reforms,3e-05
acronym,3e-05
rainbows,3e-05
physics,3e-05
salute,3e-05
punk,3e-05
codeine,3e-05
horses,3e-05
gel,3e-05
anger,3e-05
shaking,3e-05
doubts,3e-05
somerset,3e-05
tissue,3e-05
turbines,3e-05
reefer,3e-05
cultists,3e-05
titans,3e-05
seniors,3e-05
samaritans,3e-05
fraction,3e-05
sensation,3e-05
clarity,3e-05
awake,3e-05
suck,3e-05
jumps,3e-05
imperiling,3e-05
estimation,3e-05
bai,3e-05
ashes,3e-05
handcuffed,3e-05
reads,3e-05
censoring,3e-05
hosts,3e-05
arseholes,3e-05
colleges,3e-05
weird,3e-05
swing,3e-05
basis,3e-05
mounting,3e-05
nails,3e-05
defended,3e-05
watermark,3e-05
distance,3e-05
bolivians,3e-05
snub,3e-05
lodge,3e-05
decide,3e-05
smells,3e-05
judges,3e-05
chants,3e-05
representing,3e-05
fa,3e-05
pub,3e-05
banknotes,3e-05
innovators,3e-05
ropes,3e-05
monkey,3e-05
scores,3e-05
avail,3e-05
lords,3e-05
blow,3e-05
shower,3e-05
amendment,3e-05
implications,3e-05
holy,3e-05
spreads,3e-05
ew,3e-05
zero,3e-05
topics,3e-05
powder,3e-05
idiots,3e-05
salted,3e-05
determined,3e-05
dearest,3e-05
dashes,3e-05
involves,3e-05
smoking,3e-05
oracle,3e-05
described,3e-05
sum,3e-05
doctor,3e-05
morons,3e-05
internship,3e-05
meadow,3e-05
paving,3e-05
chevron,3e-05
candlelight,3e-05
champion,3e-05
learnings,3e-05
verge,3e-05
modal,3e-05
dancer,3e-05
untouchable,3e-05
grandsons,3e-05
cyberpunk,3e-05
advertisement,3e-05
gabriel,3e-05
lads,3e-05
heightened,3e-05
balboa,3e-05
complex,3e-05
reed,3e-05
teenagers,3e-05
fork,3e-05
prioritizes,3e-05
mitigated,3e-05
explained,3e-05
blasphemy,3e-05
birth,3e-05
district,3e-05
spices,3e-05
pouches,3e-05
worries,3e-05
lesbian,3e-05
farm,3e-05
stress,3e-05
deliverable,3e-05
countries,3e-05
english,3e-05
rods,3e-05
invites,3e-05
stepped,3e-05
denial,3e-05
downtown,3e-05
sandwich,3e-05
tales,3e-05
chara,3e-05
polyester,3e-05
burning,3e-05
artwork,3e-05
tweeted,3e-05
upload,3e-05
radar,3e-05
jacket,3e-05
tons,3e-05
liquid,3e-05
measles,3e-05
stations,3e-05
deck,3e-05
corporations,3e-05
offensive,3e-05
morocco,3e-05
scoring,3e-05
fences,3e-05
rated,3e-05
competence,3e-05
fee,3e-05
soles,3e-05
swarm,3e-05
disruption,3e-05
loo,3e-05
outlining,3e-05
hatch,3e-05
complaint,3e-05
speeder,3e-05
swimwear,3e-05
remind,3e-05
fit,3e-05
attracted,3e-05
traction,3e-05
programmes,3e-05
deciding,3e-05
regulation,3e-05
drives,3e-05
pity,3e-05
hurt,3e-05
greens,3e-05
separation,3e-05
neighboring,3e-05
dynamic,3e-05
responsibility,3e-05
continent,3e-05
flick,3e-05
polygon,3e-05
aluminum,3e-05
hypotheticals,3e-05
bars,3e-05
plaid,3e-05
whining,3e-05
reflect,3e-05
slander,3e-05
determining,3e-05
households,3e-05
overturned,3e-05
communication,3e-05
advised,3e-05
contends,3e-05
cay,3e-05
shareholder,3e-05
moments,3e-05
yuan,3e-05
doubters,3e-05
shape,3e-05
mirrors,3e-05
received,3e-05
fundamentals,3e-05
cellphone,3e-05
thais,3e-05
councilman,3e-05
fascinating,3e-05
creates,3e-05
assessments,3e-05
nominated,3e-05
application,3e-05
findings,3e-05
feds,3e-05
banning,3e-05
wedding,3e-05
badger,3e-05
entries,3e-05
idiot,3e-05
cables,3e-05
exhibited,3e-05
referred,3e-05
begging,3e-05
girlfriend,3e-05
watches,3e-05
highlighting,3e-05
dedication,3e-05
indulge,3e-05
niggas,3e-05
quest,3e-05
sick,3e-05
headline,3e-05
drawing,3e-05
fuelling,3e-05
superior,3e-05
antithesis,3e-05
cheat,3e-05
operative,3e-05
paper,3e-05
bas,3e-05
senators,3e-05
obits,3e-05
hyphen,3e-05
supporting,3e-05
consent,3e-05
river,3e-05
ts,3e-05
normalizing,3e-05
braced,3e-05
patio,3e-05
hitman,3e-05
fitting,3e-05
standing,3e-05
reform,3e-05
published,3e-05
contracted,3e-05
marker,3e-05
wireless,3e-05
verb,3e-05
slap,3e-05
birthing,3e-05
viewfinder,3e-05
circles,3e-05
cottage,3e-05
explosions,3e-05
boast,3e-05
herd,3e-05
pushing,3e-05
butterfly,3e-05
scandal,3e-05
act,3e-05
storefront,3e-05
lemon,3e-05
iranians,3e-05
uniform,3e-05
seesaw,3e-05
jumping,3e-05
wiz,3e-05
tears,3e-05
policies,3e-05
clue,3e-05
hedgehog,3e-05
foul,3e-05
blend,3e-05
plug,3e-05
valentine,3e-05
speculation,3e-05
alumni,3e-05
ravine,3e-05
affiliated,3e-05
signposting,3e-05
opponents,3e-05
populisms,3e-05
selection,3e-05
engines,3e-05
argued,3e-05
flannel,3e-05
realist,3e-05
leaf,3e-05
packers,3e-05
roles,3e-05
oscar,3e-05
cls,3e-05
riders,3e-05
realize,3e-05
reward,3e-05
px,3e-05
accept,3e-05
predator,3e-05
stud,3e-05
imam,3e-05
operations,3e-05
sheer,3e-05
violated,3e-05
designate,3e-05
preview,3e-05
clashes,3e-05
birdie,3e-05
cfo,3e-05
heats,3e-05
supported,3e-05
sham,3e-05
ladder,3e-05
fin,3e-05
snap,3e-05
tasks,3e-05
item,3e-05
alzheimers,3e-05
ss,3e-05
swear,3e-05
icons,3e-05
sequence,3e-05
mvp,3e-05
wearing,3e-05
soared,3e-05
bucket,3e-05
pal,3e-05
attacking,3e-05
imperialist,3e-05
spic,3e-05
probation,3e-05
convocation,3e-05
qualifications,3e-05
pocketbook,3e-05
garden,3e-05
queen,3e-05
fiction,3e-05
headphones,3e-05
halloween,3e-05
rebellion,3e-05
similarities,3e-05
lem,3e-05
sing,3e-05
fountain,3e-05
syndicate,3e-05
served,3e-05
jab,3e-05
corruption,3e-05
install,3e-05
dodgers,3e-05
slight,3e-05
managing,3e-05
mistake,3e-05
timelines,3e-05
striking,3e-05
corpses,3e-05
anticipating,3e-05
detectives,3e-05
thriller,3e-05
cuban,3e-05
crunch,3e-05
rockets,3e-05
stakes,3e-05
ii,3e-05
recommendation,3e-05
chills,3e-05
caliphate,3e-05
educated,3e-05
hindi,3e-05
lady,3e-05
cheer,3e-05
bethel,3e-05
pursuing,3e-05
dazzled,3e-05
m2,3e-05
scale,3e-05
rantings,3e-05
headquarters,3e-05
horrors,3e-05
pad,3e-05
distribute,3e-05
midnight,3e-05
cheek,3e-05
laced,3e-05
appreciated,3e-05
rattle,3e-05
choose,3e-05
attend,3e-05
crest,3e-05
hike,3e-05
est,3e-05
captain,3e-05
yoga,3e-05
dermatologist,3e-05
contributor,3e-05
encouraging,3e-05
phones,3e-05
chairs,3e-05
heartbreak,3e-05
wallet,3e-05
producer,3e-05
kin,3e-05
vac,3e-05
printing,3e-05
ni,3e-05
pto,3e-05
bots,3e-05
exceed,3e-05
afp,3e-05
citations,3e-05
joins,3e-05
mere,3e-05
acknowledged,3e-05
contrasting,3e-05
parsons,3e-05
ton,3e-05
concern,3e-05
whopper,3e-05
combinations,3e-05
dying,3e-05
pizzicato,3e-05
cultures,3e-05
connections,3e-05
promotion,3e-05
bombs,3e-05
base,3e-05
as,3e-05
ems,3e-05
concerts,3e-05
db,3e-05
proficiency,3e-05
lounge,3e-05
demonstrated,3e-05
stipend,3e-05
consensus,3e-05
effects,3e-05
cordial,3e-05
funerals,3e-05
basement,3e-05
bodies,3e-05
trapping,3e-05
strength,3e-05
lettered,3e-05
breakfast,3e-05
smile,3e-05
remade,3e-05
incident,3e-05
dos,3e-05
elderly,3e-05
deserved,3e-05
feather,3e-05
faction,3e-05
describe,3e-05
cos,3e-05
fees,3e-05
lowers,3e-05
unwrapped,3e-05
melody,3e-05
impressed,3e-05
soup,3e-05
ron,3e-05
crinkle,3e-05
britons,3e-05
youth,3e-05
guidance,3e-05
intimacy,3e-05
lung,3e-05
triple,3e-05
layout,3e-05
regular,3e-05
unknown,3e-05
outs,3e-05
giants,3e-05
dress,3e-05
trance,3e-05
opened,3e-05
sorts,3e-05
desired,3e-05
vending,3e-05
rolled,3e-05
gambit,3e-05
produced,3e-05
apartment,3e-05
engage,3e-05
overhaul,3e-05
discussed,3e-05
symbol,3e-05
plateau,3e-05
pipeline,3e-05
mansion,3e-05
barkers,3e-05
meteorologist,3e-05
string,3e-05
bisque,3e-05
sculpture,3e-05
weight,3e-05
represents,3e-05
hero,3e-05
mate,3e-05
slaps,3e-05
priority,3e-05
paying,3e-05
translates,3e-05
biscuits,3e-05
wpm,3e-05
lobbies,3e-05
wilt,3e-05
hoe,3e-05
soccer,3e-05
belong,3e-05
algebra,3e-05
outlets,3e-05
subjectivities,3e-05
bundles,3e-05
kc,3e-05
appearance,3e-05
cares,3e-05
happened,3e-05
tip,3e-05
peacock,3e-05
candy,3e-05
wei,3e-05
pump,3e-05
maths,3e-05
toddler,3e-05
citys,3e-05
owe,3e-05
haul,3e-05
ranges,3e-05
armenian,3e-05
veggie,3e-05
forging,3e-05
consistency,3e-05
franc,3e-05
shampoos,3e-05
joined,3e-05
identities,3e-05
shifts,3e-05
celebrity,3e-05
nds,3e-05
hearts,3e-05
tract,3e-05
connected,3e-05
teapot,3e-05
leads,3e-05
nim,3e-05
drone,3e-05
elegance,3e-05
greatness,3e-05
skiing,3e-05
vandal,3e-05
ability,3e-05
torch,3e-05
gis,3e-05
flying,3e-05
charge,3e-05
panels,3e-05
insomnia,3e-05
zip,3e-05
origins,3e-05
sued,3e-05
comply,3e-05
latches,3e-05
