co,0.11689
https,0.08126
today,0.06955
help,0.06881
local,0.06613
raised,0.06564
reach,0.06442
goal,0.04978
index,0.03831
price,0.02294
rub,0.02074
trading,0.01196
dollar,0.00683
market,0.00586
cad,0.00464
trade,0.0039
area,0.00342
members,0.00342
indices,0.00317
world,0.00293
waves,0.00268
showing,0.00244
minimum,0.00244
lows,0.00244
see,0.0022
week,0.0022
milestone,0.0022
close,0.0022
still,0.0022
shirt,0.00195
dynamic,0.00195
session,0.00195
vs,0.00195
short,0.00195
platinum,0.00195
get,0.00195
start,0.00171
year,0.00171
dynamics,0.00171
good,0.00171
low,0.00171
instrument,0.00171
happening,0.00171
extreme,0.00171
like,0.00146
long,0.00146
amp,0.00146
time,0.00146
chart,0.00146
hour,0.00146
euro,0.00146
areas,0.00146
latest,0.00146
remain,0.00146
day,0.00146
range,0.00146
stocks,0.00146
yen,0.00122
explained,0.00122
weakness,0.00122
offer,0.00122
futures,0.00122
idea,0.00122
entry,0.00122
support,0.00122
bounce,0.00122
welcome,0.00122
negative,0.00122
morning,0.00122
side,0.00122
last,0.00122
right,0.00122
month,0.00098
token,0.00098
group,0.00098
scores,0.00098
bunker,0.00098
clear,0.00098
prices,0.00098
finals,0.00098
charity,0.00098
york,0.00098
whole,0.00098
fee,0.00098
donation,0.00098
main,0.00098
record,0.00098
move,0.00098
turkish,0.00098
daily,0.00098
setting,0.00098
stay,0.00098
lira,0.00098
consists,0.00098
said,0.00098
traders,0.00098
funding,0.00098
remains,0.00098
peak,0.00098
hubs,0.00098
rates,0.00098
value,0.00098
seeing,0.00098
ice,0.00098
gift,0.00098
buy,0.00098
backed,0.00098
taking,0.00073
gold,0.00073
instruments,0.00073
keep,0.00073
grow,0.00073
direction,0.00073
place,0.00073
major,0.00073
reached,0.00073
card,0.00073
bonus,0.00073
pairs,0.00073
look,0.00073
first,0.00073
sessions,0.00073
try,0.00073
well,0.00073
continues,0.00073
waiting,0.00073
deposit,0.00073
buying,0.00073
live,0.00073
report,0.00073
increase,0.00073
approaching,0.00073
eye,0.00073
interest,0.00073
spot,0.00073
high,0.00073
key,0.00073
overall,0.00073
turned,0.00073
commitments,0.00073
code,0.00073
weighted,0.00073
term,0.00073
recovery,0.00073
markets,0.00073
enter,0.00073
entering,0.00073
better,0.00073
sweet,0.00073
watch,0.00073
economies,0.00073
situation,0.00073
silver,0.00073
technical,0.00073
performance,0.00073
fuck,0.00073
ending,0.00073
date,0.00073
say,0.00073
health,0.00073
lose,0.00073
limited,0.00073
let,0.00049
captured,0.00049
name,0.00049
raising,0.00049
china,0.00049
pandemic,0.00049
weeks,0.00049
warning,0.00049
cash,0.00049
reported,0.00049
getting,0.00049
sell,0.00049
total,0.00049
monthly,0.00049
lower,0.00049
closer,0.00049
wave,0.00049
read,0.00049
extra,0.00049
reaction,0.00049
call,0.00049
leverage,0.00049
analysis,0.00049
months,0.00049
turning,0.00049
looking,0.00049
survey,0.00049
violence,0.00049
metals,0.00049
inflation,0.00049
reps,0.00049
sick,0.00049
open,0.00049
fell,0.00049
extension,0.00049
work,0.00049
composite,0.00049
trend,0.00049
revenue,0.00049
assets,0.00049
spare,0.00049
highs,0.00049
challenge,0.00049
accepted,0.00049
hit,0.00049
trending,0.00049
swings,0.00049
analyst,0.00049
supported,0.00049
tracks,0.00049
become,0.00049
part,0.00049
sidelines,0.00049
sequences,0.00049
even,0.00049
weekly,0.00049
looks,0.00049
led,0.00049
re,0.00049
reaching,0.00049
stimulus,0.00049
role,0.00049
starts,0.00049
administration,0.00049
worth,0.00049
money,0.00049
head,0.00049
talked,0.00049
point,0.00049
buyers,0.00049
life,0.00049
cot,0.00049
falling,0.00049
means,0.00049
economy,0.00049
currency,0.00049
loan,0.00049
risk,0.00049
forecast,0.00049
lending,0.00049
kids,0.00049
http,0.00049
forum,0.00049
coming,0.00049
systems,0.00049
convenience,0.00049
calendar,0.00049
plan,0.00049
bonds,0.00049
view,0.00049
game,0.00049
spy,0.00049
pi,0.00049
street,0.00049
trades,0.00049
bill,0.00049
sale,0.00049
go,0.00049
defined,0.00049
gen,0.00024
pushes,0.00024
coin,0.00024
decide,0.00024
black,0.00024
lowered,0.00024
provide,0.00024
factors,0.00024
tuesday,0.00024
assuming,0.00024
treatment,0.00024
supports,0.00024
rebounds,0.00024
setups,0.00024
die,0.00024
trigger,0.00024
certification,0.00024
confirmation,0.00024
paths,0.00024
convertible,0.00024
cool,0.00024
following,0.00024
tried,0.00024
launch,0.00024
downside,0.00024
crisis,0.00024
bound,0.00024
making,0.00024
retail,0.00024
placed,0.00024
takes,0.00024
manufacturing,0.00024
welcomes,0.00024
man,0.00024
meant,0.00024
follow,0.00024
ruling,0.00024
results,0.00024
collection,0.00024
indicators,0.00024
consolidation,0.00024
take,0.00024
deepens,0.00024
girl,0.00024
rn,0.00024
debt,0.00024
closed,0.00024
explorers,0.00024
decision,0.00024
th,0.00024
issuance,0.00024
proposals,0.00024
tweets,0.00024
points,0.00024
thousands,0.00024
back,0.00024
affect,0.00024
depend,0.00024
worst,0.00024
testing,0.00024
left,0.00024
inspection,0.00024
lost,0.00024
happens,0.00024
theres,0.00024
finding,0.00024
bank,0.00024
member,0.00024
catalogue,0.00024
author,0.00024
ground,0.00024
block,0.00024
wants,0.00024
devalued,0.00024
growth,0.00024
reply,0.00024
matter,0.00024
european,0.00024
verification,0.00024
safety,0.00024
development,0.00024
inclusions,0.00024
put,0.00024
models,0.00024
bucks,0.00024
hitting,0.00024
sellers,0.00024
working,0.00024
order,0.00024
cycle,0.00024
hangs,0.00024
mean,0.00024
spanish,0.00024
pivot,0.00024
estimated,0.00024
days,0.00024
know,0.00024
way,0.00024
games,0.00024
finance,0.00024
webpage,0.00024
payment,0.00024
acting,0.00024
strengthening,0.00024
regains,0.00024
launched,0.00024
amazon,0.00024
sunday,0.00024
bond,0.00024
paper,0.00024
mt,0.00024
turkeys,0.00024
supporting,0.00024
tag,0.00024
government,0.00024
theory,0.00024
curve,0.00024
yes,0.00024
industries,0.00024
people,0.00024
data,0.00024
br,0.00024
port,0.00024
free,0.00024
allow,0.00024
inflating,0.00024
controlled,0.00024
rally,0.00024
tether,0.00024
herd,0.00024
negotiated,0.00024
keeps,0.00024
boxes,0.00024
positive,0.00024
building,0.00024
march,0.00024
benchmark,0.00024
stagflation,0.00024
participation,0.00024
pioneering,0.00024
near,0.00024
calling,0.00024
lot,0.00024
bad,0.00024
team,0.00024
seller,0.00024
immunity,0.00024
tapering,0.00024
industry,0.00024
chinese,0.00024
petition,0.00024
agreement,0.00024
explaining,0.00024
anticipated,0.00024
queens,0.00024
assist,0.00024
types,0.00024
minutes,0.00024
company,0.00024
yr,0.00024
sentiment,0.00024
pic,0.00024
opening,0.00024
reversal,0.00024
video,0.00024
shared,0.00024
fly,0.00024
declined,0.00024
crush,0.00024
extend,0.00024
www,0.00024
cards,0.00024
dairy,0.00024
fare,0.00024
pizza,0.00024
receive,0.00024
constrains,0.00024
best,0.00024
related,0.00024
breaking,0.00024
gaming,0.00024
hours,0.00024
medal,0.00024
period,0.00024
much,0.00024
stopping,0.00024
stock,0.00024
series,0.00024
channel,0.00024
cr,0.00024
mentioning,0.00024
difference,0.00024
ana,0.00024
evolution,0.00024
videos,0.00024
small,0.00024
chain,0.00024
outreach,0.00024
winning,0.00024
fiat,0.00024
speed,0.00024
miners,0.00024
appear,0.00024
performing,0.00024
covering,0.00024
attestation,0.00024
great,0.00024
phrase,0.00024
milestones,0.00024
streets,0.00024
need,0.00024
pharmaceutical,0.00024
potential,0.00024
pressure,0.00024
trump,0.00024
budget,0.00024
pool,0.00024
indicator,0.00024
structure,0.00024
made,0.00024
april,0.00024
attempting,0.00024
relief,0.00024
test,0.00024
doubt,0.00024
raise,0.00024
maturities,0.00024
provides,0.00024
fed,0.00024
extremes,0.00024
play,0.00024
chemicals,0.00024
finished,0.00024
added,0.00024
round,0.00024
mobile,0.00024
path,0.00024
corrective,0.00024
old,0.00024
guess,0.00024
investment,0.00024
news,0.00024
fact,0.00024
target,0.00024
raises,0.00024
selling,0.00024
swimming,0.00024
touch,0.00024
gmt,0.00024
solutions,0.00024
book,0.00024
covered,0.00024
says,0.00024
voice,0.00024
mo,0.00024
present,0.00024
pulling,0.00024
rising,0.00024
going,0.00024
ready,0.00024
sister,0.00024
can,0.00024
impact,0.00024
phases,0.00024
weakening,0.00024
change,0.00024
concerns,0.00024
fund,0.00024
weight,0.00024
hints,0.00024
containment,0.00024
hero,0.00024
hits,0.00024
expected,0.00024
activities,0.00024
dream,0.00024
lines,0.00024
show,0.00024
ipo,0.00024
frame,0.00024
moves,0.00024
backdrop,0.00024
majors,0.00024
affecting,0.00024
metal,0.00024
signals,0.00024
losses,0.00024
played,0.00024
sector,0.00024
break,0.00024
progress,0.00024
auction,0.00024
opportunities,0.00024
expect,0.00024
blue,0.00024
busy,0.00024
quality,0.00024
law,0.00024
list,0.00024
weakened,0.00024
german,0.00024
misguided,0.00024
dips,0.00024
current,0.00024
todays,0.00024
deal,0.00024
little,0.00024
moving,0.00024
highlights,0.00024
employment,0.00024
possible,0.00024
doubts,0.00024
earth,0.00024
events,0.00024
definition,0.00024
ripped,0.00024
link,0.00024
sending,0.00024
heres,0.00024
bears,0.00024
tightening,0.00024
return,0.00024
pullback,0.00024
central,0.00024
speech,0.00024
feb,0.00024
due,0.00024
store,0.00024
products,0.00024
vaccination,0.00024
interesting,0.00024
fuels,0.00024
