oil,0.03605
crude,0.02357
co,0.02344
https,0.01989
futures,0.01441
week,0.01041
prices,0.00972
said,0.00935
brent,0.00898
year,0.00785
fell,0.0073
barrel,0.00703
market,0.00679
barrels,0.00627
rose,0.00597
energy,0.00585
gold,0.00555
last,0.00545
price,0.00513
day,0.00513
index,0.00486
demand,0.00481
long,0.00434
production,0.00397
output,0.00397
dollar,0.00387
york,0.00385
trading,0.00368
stocks,0.00368
month,0.0036
markets,0.00358
recovery,0.00348
photo,0.00338
file,0.00331
high,0.00331
cents,0.00331
love,0.00328
short,0.00323
investors,0.00321
shares,0.00308
supply,0.00308
data,0.00306
points,0.00306
european,0.00304
west,0.00291
hit,0.00291
stimulus,0.00289
amp,0.00276
intermediate,0.00276
stock,0.00276
positions,0.00267
cases,0.00259
petroleum,0.00252
low,0.00249
world,0.00247
opec,0.00244
back,0.00239
due,0.00237
gas,0.00237
funds,0.00232
today,0.00229
gasoline,0.00229
deal,0.00222
lower,0.0022
hedge,0.00217
rise,0.00215
trump,0.00215
weeks,0.00205
settled,0.00202
time,0.00202
net,0.00202
gained,0.00202
second,0.00202
package,0.002
gains,0.00197
pandemic,0.00195
rising,0.00195
yen,0.00192
average,0.00192
cuts,0.00192
inventories,0.00192
states,0.00192
concerns,0.0019
first,0.0019
analysts,0.00188
expectations,0.00188
countries,0.00188
president,0.00185
election,0.00185
benchmark,0.00183
yields,0.0018
trade,0.0018
treasury,0.00178
news,0.00178
house,0.00178
managers,0.00175
exchange,0.00175
near,0.00173
still,0.00173
volatility,0.00173
increased,0.0017
gmt,0.0017
showed,0.0017
pips,0.00165
ending,0.00163
group,0.00163
united,0.00163
get,0.0016
contracts,0.0016
months,0.00158
added,0.00158
china,0.00153
free,0.00153
even,0.00153
analyst,0.00153
see,0.00153
increase,0.00151
end,0.00148
aid,0.00148
buying,0.00148
support,0.00141
going,0.00138
much,0.00138
relief,0.00138
close,0.00138
risk,0.00138
profit,0.00133
vaccine,0.00133
session,0.00133
hopes,0.00131
street,0.00131
march,0.00128
government,0.00128
outlook,0.00128
dropped,0.00128
economy,0.00128
tuesday,0.00126
wednesday,0.00126
open,0.00126
weekly,0.00126
money,0.00126
bank,0.00126
major,0.00126
contract,0.00123
record,0.00123
levels,0.00121
strike,0.00121
inflation,0.00121
japan,0.00121
thursday,0.00118
december,0.00118
reason,0.00118
options,0.00118
join,0.00118
gulf,0.00118
natural,0.00116
volume,0.00116
exporting,0.00116
traders,0.00116
surge,0.00116
organization,0.00116
like,0.00114
bbl,0.00114
forecast,0.00114
signals,0.00114
main,0.00114
spreads,0.00114
decline,0.00114
know,0.00111
producers,0.00111
commodities,0.00111
feelings,0.00111
allies,0.00111
april,0.00111
make,0.00111
currencies,0.00111
total,0.00109
copper,0.00109
yield,0.00109
fund,0.00109
buy,0.00109
good,0.00106
report,0.00106
meeting,0.00106
friday,0.00106
take,0.00106
infections,0.00106
bond,0.00104
composite,0.00104
inc,0.00104
talks,0.00104
delivery,0.00104
ice,0.00104
pump,0.00104
quarter,0.00101
despite,0.00101
think,0.00101
companies,0.00101
following,0.00099
monday,0.00099
helped,0.00096
growth,0.00096
diesel,0.00096
spot,0.00094
start,0.00094
climbed,0.00094
highs,0.00094
fall,0.00094
june,0.00094
consumption,0.00094
asian,0.00091
term,0.00091
activity,0.00091
reached,0.00091
canadian,0.00089
restrictions,0.00089
lost,0.00089
took,0.00089
sector,0.00089
administration,0.00086
fallen,0.00086
heart,0.00086
go,0.00086
asia,0.00086
jumped,0.00086
led,0.00086
virus,0.00084
equivalent,0.00084
agreement,0.00084
exports,0.00084
lows,0.00084
shut,0.00084
growing,0.00084
well,0.00084
democrats,0.00081
silver,0.00081
industry,0.00081
ounce,0.00081
front,0.00081
heating,0.00079
saudi,0.00079
coming,0.00079
outside,0.00079
latest,0.00079
little,0.00079
years,0.00079
closed,0.00079
safe,0.00079
third,0.00079
behind,0.00076
birthday,0.00076
congress,0.00076
days,0.00076
policy,0.00076
move,0.00074
secretary,0.00074
length,0.00074
basket,0.00074
according,0.00074
positioning,0.00074
level,0.00074
slipped,0.00074
chief,0.00072
drop,0.00072
commodity,0.00072
jack,0.00072
cut,0.00072
international,0.00072
company,0.00072
senior,0.00072
losses,0.00072
products,0.00072
white,0.00069
weekend,0.00069
issues,0.00069
optimism,0.00069
past,0.00069
want,0.00069
including,0.00069
stockpiles,0.00069
carbon,0.00069
looking,0.00069
oct,0.00069
fears,0.00067
irony,0.00067
sales,0.00067
life,0.00067
target,0.00067
purchased,0.00067
libyan,0.00067
jan,0.00067
business,0.00067
related,0.00067
reach,0.00067
september,0.00067
fuel,0.00067
mark,0.00067
emissions,0.00067
worries,0.00067
position,0.00064
speaker,0.00064
storm,0.00064
january,0.00064
falls,0.00064
purchases,0.00064
half,0.00064
falling,0.00064
portfolio,0.00064
rates,0.00064
plan,0.00064
rate,0.00064
negotiations,0.00064
remained,0.00064
moving,0.00064
earnings,0.00062
structure,0.00062
workers,0.00062
reported,0.00062
small,0.00062
august,0.00062
wall,0.00062
basin,0.00062
chinese,0.00062
forecasts,0.00062
director,0.00059
potential,0.00059
technical,0.00059
investment,0.00059
minister,0.00059
rally,0.00059
recovered,0.00059
interest,0.00059
drilling,0.00059
morning,0.00059
rig,0.00059
federal,0.00059
middle,0.00059
union,0.00059
central,0.00059
sell,0.00057
euro,0.00057
sentiment,0.00057
part,0.00057
spread,0.00057
rises,0.00057
sign,0.00057
drops,0.00057
continue,0.00057
tightening,0.00057
lockdowns,0.00054
look,0.00054
capacity,0.00054
view,0.00054
note,0.00054
bill,0.00054
november,0.00054
shot,0.00054
number,0.00054
europe,0.00054
run,0.00054
current,0.00054
deficit,0.00054
reserve,0.00054
easing,0.00054
edged,0.00054
night,0.00052
way,0.00052
country,0.00052
positive,0.00052
county,0.00052
expected,0.00052
return,0.00052
supplies,0.00052
loving,0.00052
asset,0.00052
representatives,0.00052
getting,0.00052
real,0.00052
mordant,0.00052
cautious,0.00052
republican,0.00052
selling,0.00052
hold,0.00052
key,0.00052
analysis,0.00049
refining,0.00049
post,0.00049
told,0.00049
share,0.00049
traded,0.00049
sun,0.00049
expressed,0.00049
keep,0.00049
gauge,0.00049
daily,0.00049
refinery,0.00049
gain,0.00049
continued,0.00049
pressure,0.00049
value,0.00049
worth,0.00049
information,0.00049
coast,0.00049
hurricane,0.00047
north,0.00047
remain,0.00047
settles,0.00047
off,0.00047
services,0.00047
refiners,0.00047
partner,0.00047
indexes,0.00047
ready,0.00047
boost,0.00047
cl,0.00047
channel,0.00047
storage,0.00047
hits,0.00047
ended,0.00047
corp,0.00047
wave,0.00047
meanwhile,0.00047
consumers,0.00047
winter,0.00044
lot,0.00044
john,0.00044
straight,0.00044
flat,0.00044
risks,0.00044
range,0.00044
state,0.00044
american,0.00044
call,0.00044
sterling,0.00044
settle,0.00044
views,0.00044
hope,0.00044
columns,0.00044
large,0.00044
dollars,0.00044
strategist,0.00044
wit,0.00044
chart,0.00044
believe,0.00044
adding,0.00044
pushed,0.00044
lifetime,0.00044
settlement,0.00044
taking,0.00044
ground,0.00044
inventory,0.00044
measures,0.00044
wife,0.00044
percentile,0.00042
heavy,0.00042
common,0.00042
possibility,0.00042
peak,0.00042
australian,0.00042
head,0.00042
tanks,0.00042
top,0.00042
greenback,0.00042
product,0.00042
kept,0.00042
weather,0.00042
bonds,0.00042
announcement,0.00042
worst,0.00042
records,0.00042
rallied,0.00042
uncertainty,0.00042
buyers,0.00042
freeze,0.00042
show,0.00042
german,0.00042
possible,0.00042
increasing,0.00042
basis,0.00042
surging,0.00042
october,0.00042
building,0.00042
help,0.00042
point,0.00042
animal,0.00039
read,0.00039
research,0.00039
came,0.00039
become,0.00039
plunged,0.00039
globe,0.00039
eased,0.00039
build,0.00039
local,0.00039
declined,0.00039
widened,0.00039
up,0.00039
boosted,0.00039
shift,0.00039
opening,0.00039
power,0.00039
ratio,0.00039
graphic,0.00039
equity,0.00039
appetite,0.00039
least,0.00039
capital,0.00039
member,0.00039
track,0.00039
headlines,0.00039
caught,0.00039
closing,0.00039
check,0.00037
worker,0.00037
male,0.00037
scalping,0.00037
curve,0.00037
prod,0.00037
monthly,0.00037
antlers,0.00037
permanent,0.00037
hospitalization,0.00037
pace,0.00037
manufacturing,0.00037
cold,0.00037
come,0.00037
turn,0.00037
touching,0.00037
saw,0.00037
travel,0.00037
stops,0.00037
sea,0.00037
need,0.00037
negative,0.00037
captive,0.00037
tweet,0.00037
images,0.00037
increases,0.00037
reports,0.00037
supported,0.00037
breeding,0.00037
fed,0.00037
better,0.00037
currency,0.00037
delta,0.00037
canines,0.00037
blue,0.00037
moved,0.00035
people,0.00035
midland,0.00035
grew,0.00035
change,0.00035
majors,0.00035
field,0.00035
feb,0.00035
curbs,0.00035
rebound,0.00035
concentrated,0.00035
labor,0.00035
factory,0.00035
sides,0.00035
yesterday,0.00035
confidence,0.00035
city,0.00035
benchmarks,0.00035
probability,0.00035
risen,0.00035
poll,0.00035
impact,0.00035
momentum,0.00035
link,0.00035
imports,0.00035
slow,0.00035
notes,0.00035
signal,0.00035
theres,0.00035
case,0.00035
www,0.00035
remains,0.00035
rut,0.00035
buoyed,0.00035
decision,0.00032
crudes,0.00032
commercial,0.00032
home,0.00032
advancing,0.00032
hitting,0.00032
national,0.00032
fields,0.00032
covering,0.00032
seeing,0.00032
epidemic,0.00032
resumption,0.00032
recession,0.00032
members,0.00032
period,0.00032
nd,0.00032
tankers,0.00032
curves,0.00032
war,0.00032
positioned,0.00032
deep,0.00032
pictured,0.00032
beginning,0.00032
consumer,0.00032
signs,0.00032
area,0.00032
bolstered,0.00032
vaccines,0.00032
discount,0.00032
tesla,0.00032
committee,0.00032
general,0.00032
refineries,0.00032
path,0.00032
shipping,0.00032
staff,0.00032
moves,0.00032
reducing,0.00032
hedgefunds,0.00032
opened,0.00032
found,0.0003
leading,0.0003
reverse,0.0003
busting,0.0003
face,0.0003
japanese,0.0003
progress,0.0003
say,0.0003
prime,0.0003
managed,0.0003
claims,0.0003
accounts,0.0003
put,0.0003
woman,0.0003
made,0.0003
expect,0.0003
processing,0.0003
firms,0.0003
line,0.0003
document,0.0003
saying,0.0003
issue,0.0003
polls,0.0003
drill,0.0003
minutes,0.0003
raised,0.0003
running,0.0003
associates,0.0003
touched,0.0003
complex,0.0003
carter,0.0003
sources,0.0003
disruptions,0.0003
set,0.0003
norwegian,0.0003
baker,0.0003
relationship,0.00027
making,0.00027
volumes,0.00027
curb,0.00027
sessions,0.00027
wrote,0.00027
true,0.00027
posted,0.00027
waiting,0.00027
got,0.00027
universe,0.00027
ones,0.00027
called,0.00027
changed,0.00027
final,0.00027
control,0.00027
victory,0.00027
margins,0.00027
overall,0.00027
adjustments,0.00027
havens,0.00027
returning,0.00027
legislation,0.00027
economies,0.00027
domestic,0.00027
race,0.00027
accelerated,0.00027
picture,0.00027
steady,0.00027
americans,0.00027
continues,0.00027
announced,0.00027
work,0.00027
assets,0.00027
selloff,0.00027
brokerage,0.00027
paris,0.00027
ceo,0.00027
puts,0.00027
attention,0.00027
provide,0.00027
enough,0.00027
expects,0.00027
fundamentals,0.00027
bit,0.00027
fuelled,0.00027
looks,0.00027
participants,0.00027
concern,0.00027
status,0.00027
association,0.00027
holding,0.00027
officials,0.00027
changes,0.00027
original,0.00025
differences,0.00025
returns,0.00025
institute,0.00025
showing,0.00025
strategy,0.00025
proposed,0.00025
seems,0.00025
jersey,0.00025
shows,0.00025
export,0.00025
date,0.00025
double,0.00025
surged,0.00025
trades,0.00025
instruments,0.00025
update,0.00025
held,0.00025
reporting,0.00025
survey,0.00025
decreased,0.00025
full,0.00025
prompted,0.00025
cover,0.00025
wake,0.00025
prospect,0.00025
distillate,0.00025
talk,0.00025
counter,0.00025
forces,0.00025
dipped,0.00025
rigs,0.00025
prompt,0.00025
equities,0.00025
movement,0.00025
businesses,0.00025
nobody,0.00025
result,0.00025
upbeat,0.00025
weighed,0.00025
started,0.00025
exchanges,0.00025
regulators,0.00025
events,0.00025
halted,0.00025
becoming,0.00025
boosting,0.00025
lets,0.00025
reflecting,0.00025
board,0.00025
trader,0.00025
future,0.00025
rapid,0.00025
sing,0.00025
management,0.00025
est,0.00025
smile,0.00025
meantime,0.00025
suggesting,0.00022
voluntary,0.00022
story,0.00022
grouping,0.00022
agree,0.00022
cycle,0.00022
began,0.00022
stretched,0.00022
tech,0.00022
lift,0.00022
music,0.00022
hinted,0.00022
defying,0.00022
climb,0.00022
aviation,0.00022
force,0.00022
includes,0.00022
bullion,0.00022
commission,0.00022
oils,0.00022
grades,0.00022
passenger,0.00022
offering,0.00022
moon,0.00022
parts,0.00022
pressured,0.00022
starting,0.00022
hub,0.00022
reversal,0.00022
east,0.00022
numbers,0.00022
thanks,0.00022
writhing,0.00022
season,0.00022
wheat,0.00022
helping,0.00022
elections,0.00022
threatened,0.00022
passed,0.00022
lifted,0.00022
caution,0.00022
underpinning,0.00022
normal,0.00022
bay,0.00022
july,0.00022
aspect,0.00022
pared,0.00022
economists,0.00022
weighing,0.00022
rs,0.00022
great,0.00022
losing,0.00022
gaining,0.00022
officer,0.00022
kind,0.00022
returned,0.00022
break,0.00022
chambers,0.00022
clear,0.00022
allowing,0.00022
chance,0.00022
except,0.00022
rock,0.00022
agreed,0.00022
mini,0.00022
percentage,0.00022
needs,0.00022
sharp,0.00022
forward,0.00022
unemployment,0.00022
base,0.00022
says,0.00022
platforms,0.00022
dj,0.00022
comments,0.00022
waylaying,0.0002
initiating,0.0002
death,0.0002
eating,0.0002
producer,0.0002
pricing,0.0002
in,0.0002
reopened,0.0002
anticipated,0.0002
maker,0.0002
re,0.0002
approach,0.0002
weakening,0.0002
weakened,0.0002
leaving,0.0002
leopards,0.0002
producing,0.0002
man,0.0002
wage,0.0002
trial,0.0002
languages,0.0002
art,0.0002
marking,0.0002
exposure,0.0002
noted,0.0002
approaching,0.0002
retreated,0.0002
reaching,0.0002
send,0.0002
fourth,0.0002
favored,0.0002
right,0.0002
mine,0.0002
source,0.0002
langurs,0.0002
wow,0.0002
longer,0.0002
synergies,0.0002
sent,0.0002
indicators,0.0002
spike,0.0002
disease,0.0002
dropping,0.0002
afternoon,0.0002
sold,0.0002
metals,0.0002
pessimism,0.0002
stoke,0.0002
makes,0.0002
ease,0.0002
indicating,0.0002
jacks,0.0002
trying,0.0002
extreme,0.0002
focused,0.0002
leader,0.0002
materials,0.0002
quotas,0.0002
lagging,0.0002
strengthened,0.0002
figures,0.0002
gainers,0.0002
deco,0.0002
offer,0.0002
lead,0.0002
live,0.0002
ships,0.0002
depends,0.0002
reduce,0.0002
failed,0.0002
competitors,0.0002
resources,0.0002
sending,0.0002
percent,0.0002
spending,0.0002
air,0.00017
jump,0.00017
flows,0.00017
temperatures,0.00017
eu,0.00017
wealth,0.00017
profits,0.00017
crash,0.00017
senate,0.00017
attempt,0.00017
phone,0.00017
operator,0.00017
hubby,0.00017
goods,0.00017
lumber,0.00017
extend,0.00017
governments,0.00017
broken,0.00017
allied,0.00017
threats,0.00017
beating,0.00017
person,0.00017
balance,0.00017
size,0.00017
graph,0.00017
shifted,0.00017
drive,0.00017
pressures,0.00017
pound,0.00017
nothing,0.00017
surprise,0.00017
response,0.00017
focusing,0.00017
loss,0.00017
crevice,0.00017
left,0.00017
light,0.00017
pact,0.00017
action,0.00017
challenger,0.00017
peter,0.00017
causing,0.00017
tweak,0.00017
outages,0.00017
downs,0.00017
meet,0.00017
arabian,0.00017
raise,0.00017
performance,0.00017
solid,0.00017
choice,0.00017
health,0.00017
curfews,0.00017
employment,0.00017
emerging,0.00017
oilfield,0.00017
upturn,0.00017
plans,0.00017
picked,0.00017
direction,0.00017
lack,0.00017
sectors,0.00017
reversed,0.00017
raced,0.00017
resurgence,0.00017
husky,0.00017
crud,0.00017
official,0.00017
mining,0.00017
pick,0.00017
bid,0.00017
annual,0.00017
loading,0.00017
bounced,0.00017
throws,0.00017
halt,0.00017
appeal,0.00017
shed,0.00017
downturn,0.00017
weighted,0.00017
bulls,0.00017
lifting,0.00017
promise,0.00017
couple,0.00017
interview,0.00017
side,0.00017
infection,0.00017
gdp,0.00017
reversing,0.00017
banks,0.00017
count,0.00017
swing,0.00017
vaccination,0.00017
blow,0.00017
orders,0.00017
disruption,0.00017
mind,0.00017
blockade,0.00017
areas,0.00017
minor,0.00017
repurchasing,0.00017
russian,0.00017
region,0.00017
british,0.00017
debate,0.00017
winning,0.00017
miners,0.00017
extended,0.00017
article,0.00017
widen,0.00017
amount,0.00017
threat,0.00017
statistics,0.00017
ticked,0.00017
place,0.00015
google,0.00015
cash,0.00015
distillates,0.00015
sec,0.00015
shutdowns,0.00015
dated,0.00015
borough,0.00015
pointed,0.00015
liquidations,0.00015
problem,0.00015
active,0.00015
therapeutics,0.00015
south,0.00015
struggling,0.00015
posting,0.00015
estimate,0.00015
surprised,0.00015
comfort,0.00015
office,0.00015
consider,0.00015
pay,0.00015
wells,0.00015
dick,0.00015
illustration,0.00015
let,0.00015
pointing,0.00015
brokers,0.00015
calls,0.00015
threatens,0.00015
upside,0.00015
delay,0.00015
food,0.00015
offset,0.00015
comb,0.00015
special,0.00015
woof,0.00015
authorities,0.00015
thousand,0.00015
uncertainties,0.00015
win,0.00015
wellness,0.00015
plants,0.00015
challenge,0.00015
galaxies,0.00015
progressing,0.00015
holiday,0.00015
gross,0.00015
wish,0.00015
flight,0.00015
seemed,0.00015
clients,0.00015
spreading,0.00015
outcome,0.00015
advanced,0.00015
freezing,0.00015
lance,0.00015
red,0.00015
displaying,0.00015
cap,0.00015
opportunities,0.00015
dec,0.00015
limited,0.00015
nearing,0.00015
elevated,0.00015
warning,0.00015
ramps,0.00015
focus,0.00015
caused,0.00015
units,0.00015
trend,0.00015
pence,0.00015
hopeful,0.00015
avoid,0.00015
slowing,0.00015
technology,0.00015
operates,0.00015
stoked,0.00015
bringing,0.00015
customs,0.00015
candles,0.00015
moment,0.00015
recovering,0.00015
freight,0.00015
struggled,0.00015
black,0.00015
exporter,0.00015
approval,0.00015
form,0.00015
wishes,0.00015
monitoring,0.00015
programmes,0.00015
developing,0.00015
regions,0.00015
received,0.00015
things,0.00015
macro,0.00015
rebounded,0.00015
hand,0.00015
industries,0.00015
pit,0.00015
investor,0.00015
tested,0.00015
wearing,0.00015
slight,0.00015
excess,0.00015
sixth,0.00015
oxford,0.00015
denying,0.00015
editing,0.00015
floor,0.00015
bets,0.00015
mon,0.00015
lots,0.00015
pipeline,0.00015
needed,0.00015
metal,0.00015
margin,0.00015
produce,0.00015
collide,0.00015
extent,0.00015
public,0.00015
factors,0.00012
prima,0.00012
royal,0.00012
tumbled,0.00012
extending,0.00012
became,0.00012
distribution,0.00012
charts,0.00012
filing,0.00012
wants,0.00012
willingness,0.00012
killed,0.00012
matter,0.00012
putting,0.00012
plunge,0.00012
sellers,0.00012
appears,0.00012
defensive,0.00012
jobs,0.00012
resume,0.00012
creating,0.00012
mask,0.00012
entry,0.00012
broke,0.00012
happening,0.00012
evacuated,0.00012
conflict,0.00012
electric,0.00012
shell,0.00012
fridays,0.00012
dado,0.00012
dip,0.00012
costs,0.00012
february,0.00012
paid,0.00012
paring,0.00012
course,0.00012
downside,0.00012
loonie,0.00012
employers,0.00012
battery,0.00012
cutting,0.00012
cannabis,0.00012
meets,0.00012
terms,0.00012
trillium,0.00012
nickel,0.00012
benefits,0.00012
summary,0.00012
resolve,0.00012
bear,0.00012
extension,0.00012
shrinking,0.00012
idea,0.00012
planned,0.00012
filed,0.00012
thinking,0.00012
modern,0.00012
conviction,0.00012
infected,0.00012
fly,0.00012
best,0.00012
remaining,0.00012
corn,0.00012
jet,0.00012
budget,0.00012
doubt,0.00012
include,0.00012
recover,0.00012
solutions,0.00012
find,0.00012
aggregate,0.00012
trials,0.00012
family,0.00012
scenario,0.00012
western,0.00012
using,0.00012
interesting,0.00012
lawmakers,0.00012
talking,0.00012
missing,0.00012
treatment,0.00012
shale,0.00012
tax,0.00012
crisis,0.00012
evacuating,0.00012
station,0.00012
weakness,0.00012
debt,0.00012
amazing,0.00012
linked,0.00012
battle,0.00012
favor,0.00012
driving,0.00012
give,0.00012
claim,0.00012
edge,0.00012
joint,0.00012
expecting,0.00012
construction,0.00012
dark,0.00012
guests,0.00012
vice,0.00012
preparing,0.00012
streak,0.00012
airline,0.00012
bounce,0.00012
facilities,0.00012
province,0.00012
role,0.00012
securities,0.00012
seconds,0.00012
curbing,0.00012
sweet,0.00012
situation,0.00012
raises,0.00012
imposing,0.00012
euros,0.00012
shook,0.00012
comprehensive,0.00012
wholesale,0.00012
style,0.00012
slide,0.00012
odds,0.00012
doubts,0.00012
sliding,0.00012
times,0.00012
packages,0.00012
extends,0.00012
ramping,0.00012
tin,0.00012
ranging,0.00012
described,0.00012
sustained,0.00012
armed,0.00012
firm,0.00012
release,0.00012
stall,0.00012
pledged,0.00012
gave,0.00012
reflect,0.00012
benefited,0.00012
supporting,0.00012
contracted,0.00012
walks,0.00012
bad,0.00012
improving,0.00012
giving,0.00012
html,0.00012
operations,0.00012
snap,0.00012
tempered,0.00012
secured,0.00012
aerial,0.00012
handling,0.00012
multiple,0.00012
hospital,0.00012
equipment,0.00012
watch,0.00012
maintained,0.00012
resistance,0.00012
joined,0.00012
democrat,0.00012
specific,0.00012
exporters,0.0001
capped,0.0001
pull,0.0001
happens,0.0001
rating,0.0001
pulled,0.0001
selected,0.0001
rhino,0.0001
contrast,0.0001
pivot,0.0001
estimated,0.0001
use,0.0001
wrangling,0.0001
chartered,0.0001
access,0.0001
department,0.0001
stance,0.0001
reflation,0.0001
slowed,0.0001
bridge,0.0001
differentials,0.0001
overshadowed,0.0001
protecting,0.0001
assumed,0.0001
streets,0.0001
meadows,0.0001
announcing,0.0001
unit,0.0001
morgan,0.0001
values,0.0001
straw,0.0001
worsening,0.0001
excluding,0.0001
systems,0.0001
negotiators,0.0001
providing,0.0001
hans,0.0001
bottom,0.0001
dutch,0.0001
ex,0.0001
pts,0.0001
nowhere,0.0001
granted,0.0001
rebounds,0.0001
toll,0.0001
roll,0.0001
so,0.0001
periods,0.0001
investments,0.0001
personal,0.0001
plains,0.0001
fail,0.0001
modernization,0.0001
repeat,0.0001
sparked,0.0001
try,0.0001
broker,0.0001
deliveries,0.0001
perceived,0.0001
conservation,0.0001
stem,0.0001
former,0.0001
merger,0.0001
cared,0.0001
counts,0.0001
quotation,0.0001
crack,0.0001
overproducing,0.0001
hammer,0.0001
sets,0.0001
gets,0.0001
headed,0.0001
approved,0.0001
vibes,0.0001
capitol,0.0001
independent,0.0001
pent,0.0001
stuck,0.0001
declining,0.0001
treasuries,0.0001
wings,0.0001
tiger,0.0001
alexander,0.0001
urged,0.0001
correction,0.0001
population,0.0001
insider,0.0001
court,0.0001
comes,0.0001
approve,0.0001
stated,0.0001
panel,0.0001
went,0.0001
boring,0.0001
neutral,0.0001
damage,0.0001
spy,0.0001
forecasting,0.0001
voters,0.0001
mood,0.0001
efficiency,0.0001
ramp,0.0001
engineering,0.0001
differential,0.0001
limit,0.0001
seem,0.0001
efforts,0.0001
balanced,0.0001
stayed,0.0001
tigress,0.0001
willing,0.0001
felt,0.0001
reviving,0.0001
photograph,0.0001
dominion,0.0001
groups,0.0001
safety,0.0001
shipped,0.0001
japans,0.0001
mean,0.0001
warned,0.0001
surpassed,0.0001
push,0.0001
discussion,0.0001
strengthening,0.0001
vs,0.0001
compliance,0.0001
trail,0.0001
flirting,0.0001
stand,0.0001
direct,0.0001
anchors,0.0001
sanctions,0.0001
exempt,0.0001
import,0.0001
thin,0.0001
ill,0.0001
treated,0.0001
fifth,0.0001
meaning,0.0001
service,0.0001
book,0.0001
improve,0.0001
threaten,0.0001
lane,0.0001
assistance,0.0001
lie,0.0001
operate,0.0001
quality,0.0001
advisors,0.0001
cheers,0.0001
sticking,0.0001
plummeting,0.0001
targets,0.0001
breakout,0.0001
surprises,0.0001
increments,0.0001
slides,0.0001
bunker,0.0001
glitch,0.0001
bushel,0.0001
figure,0.0001
la,0.0001
nation,0.0001
scaling,0.0001
steam,0.0001
republicans,0.0001
shanghai,0.0001
contained,0.0001
id,0.0001
hopper,0.0001
investing,0.0001
manhattan,0.0001
slump,0.0001
communication,0.0001
perfect,0.0001
deteriorating,0.0001
tripoli,0.0001
driven,0.0001
assessments,0.0001
crossed,0.0001
climbing,0.0001
sunday,0.0001
twitter,0.0001
campaign,0.0001
keeps,0.0001
dashed,0.0001
slumped,0.0001
policies,0.0001
blend,0.0001
vermilion,0.0001
rarefied,0.0001
looked,0.0001
mediator,0.0001
vehicles,0.0001
reduction,0.0001
aides,0.0001
appeared,0.0001
scale,0.0001
refined,0.0001
encouraging,0.0001
century,0.0001
en,0.0001
preference,0.0001
single,0.0001
consensus,0.0001
ordered,0.0001
expectation,0.0001
mo,0.0001
developer,0.0001
majority,0.0001
adds,0.0001
tomorrow,0.0001
program,0.0001
suggests,0.0001
water,0.0001
fundamental,0.0001
happened,0.0001
zone,0.0001
heels,0.0001
separate,0.0001
military,0.0001
declines,0.0001
hes,7e-05
ignore,7e-05
numb,7e-05
tobacco,7e-05
fear,7e-05
name,7e-05
grappling,7e-05
prepare,7e-05
cost,7e-05
deflation,7e-05
muted,7e-05
impacts,7e-05
shedding,7e-05
extra,7e-05
bring,7e-05
spoke,7e-05
guys,7e-05
turning,7e-05
battleground,7e-05
trucks,7e-05
thirds,7e-05
hour,7e-05
bidens,7e-05
betting,7e-05
blog,7e-05
noc,7e-05
tantrum,7e-05
surrounding,7e-05
quota,7e-05
income,7e-05
breaks,7e-05
job,7e-05
revenue,7e-05
utility,7e-05
tug,7e-05
saudis,7e-05
steepening,7e-05
iowa,7e-05
necessary,7e-05
route,7e-05
fared,7e-05
are,7e-05
hours,7e-05
sweeping,7e-05
sidelines,7e-05
resolved,7e-05
discover,7e-05
emerged,7e-05
nigerian,7e-05
rallies,7e-05
implying,7e-05
tighten,7e-05
accord,7e-05
round,7e-05
benefit,7e-05
arrivals,7e-05
words,7e-05
forcing,7e-05
tonnes,7e-05
present,7e-05
project,7e-05
underpinned,7e-05
sept,7e-05
operating,7e-05
erasing,7e-05
howl,7e-05
heres,7e-05
achieve,7e-05
pullback,7e-05
soybeans,7e-05
terminal,7e-05
petrol,7e-05
prospects,7e-05
forced,7e-05
sour,7e-05
grow,7e-05
attacks,7e-05
prediction,7e-05
follow,7e-05
results,7e-05
rich,7e-05
boy,7e-05
factor,7e-05
sees,7e-05
proposals,7e-05
whole,7e-05
hovered,7e-05
fast,7e-05
vote,7e-05
peoples,7e-05
deadline,7e-05
haven,7e-05
acquired,7e-05
subsidies,7e-05
remove,7e-05
committing,7e-05
holdings,7e-05
ties,7e-05
young,7e-05
stalling,7e-05
simulation,7e-05
mars,7e-05
payroll,7e-05
ml,7e-05
laid,7e-05
bills,7e-05
learn,7e-05
pause,7e-05
bob,7e-05
liquidity,7e-05
loses,7e-05
mentioned,7e-05
opinion,7e-05
calling,7e-05
journey,7e-05
watching,7e-05
waters,7e-05
spare,7e-05
nonessential,7e-05
infrastructure,7e-05
supporters,7e-05
beta,7e-05
turned,7e-05
ensure,7e-05
plant,7e-05
rule,7e-05
continuing,7e-05
difference,7e-05
add,7e-05
dented,7e-05
discuss,7e-05
holders,7e-05
propagate,7e-05
cause,7e-05
tightened,7e-05
drug,7e-05
thing,7e-05
healthcare,7e-05
dateline,7e-05
crop,7e-05
concentration,7e-05
compromise,7e-05
pulling,7e-05
http,7e-05
till,7e-05
trajectory,7e-05
economist,7e-05
african,7e-05
todays,7e-05
predicted,7e-05
millions,7e-05
outnumbered,7e-05
collapse,7e-05
triangle,7e-05
adviser,7e-05
lean,7e-05
peace,7e-05
deployment,7e-05
charges,7e-05
broad,7e-05
empty,7e-05
movements,7e-05
closer,7e-05
host,7e-05
over,7e-05
inputs,7e-05
disrupt,7e-05
development,7e-05
vaccinations,7e-05
bought,7e-05
cent,7e-05
goes,7e-05
essential,7e-05
improvement,7e-05
stay,7e-05
missed,7e-05
indices,7e-05
stable,7e-05
opposition,7e-05
friend,7e-05
screen,7e-05
enthusiasm,7e-05
firmed,7e-05
restart,7e-05
ports,7e-05
video,7e-05
eyes,7e-05
develop,7e-05
cancer,7e-05
chip,7e-05
facility,7e-05
conservationists,7e-05
gate,7e-05
glut,7e-05
simulators,7e-05
followed,7e-05
performing,7e-05
estate,7e-05
responded,7e-05
halting,7e-05
targeting,7e-05
means,7e-05
playing,7e-05
sacrifice,7e-05
combination,7e-05
lingering,7e-05
blown,7e-05
phenomena,7e-05
targeted,7e-05
projecting,7e-05
list,7e-05
system,7e-05
hurricanes,7e-05
estimates,7e-05
protection,7e-05
disappointing,7e-05
presidents,7e-05
decide,7e-05
singaporean,7e-05
down,7e-05
mines,7e-05
blast,7e-05
consolidation,7e-05
kingdom,7e-05
exposed,7e-05
names,7e-05
draw,7e-05
element,7e-05
dating,7e-05
households,7e-05
advancers,7e-05
yuan,7e-05
order,7e-05
indication,7e-05
considering,7e-05
drawing,7e-05
type,7e-05
fuelling,7e-05
worried,7e-05
community,7e-05
green,7e-05
revived,7e-05
butterfly,7e-05
henry,7e-05
success,7e-05
becomes,7e-05
social,7e-05
lingered,7e-05
tracks,7e-05
breaking,7e-05
unfolding,7e-05
beverage,7e-05
anticipating,7e-05
backing,7e-05
cad,7e-05
thread,7e-05
pad,7e-05
failure,7e-05
starts,7e-05
exceed,7e-05
minus,7e-05
prior,7e-05
dragged,7e-05
stage,7e-05
tesseract,7e-05
play,7e-05
rotation,7e-05
strength,7e-05
seventh,7e-05
ax,7e-05
resumed,7e-05
cub,7e-05
event,7e-05
hints,7e-05
option,7e-05
rumor,7e-05
celebrates,7e-05
slip,7e-05
lose,7e-05
manager,7e-05
decade,7e-05
screamed,7e-05
labour,7e-05
drone,7e-05
assessment,7e-05
coupled,7e-05
opportunity,7e-05
soaring,5e-05
deputy,5e-05
disregarded,5e-05
tend,5e-05
surprising,5e-05
nog,5e-05
baby,5e-05
denounced,5e-05
perspective,5e-05
condensate,5e-05
spokeswoman,5e-05
topped,5e-05
normalization,5e-05
rest,5e-05
flurry,5e-05
taxes,5e-05
effort,5e-05
hedging,5e-05
detected,5e-05
intensify,5e-05
placed,5e-05
assumption,5e-05
corresponding,5e-05
earmark,5e-05
pan,5e-05
species,5e-05
fashions,5e-05
feels,5e-05
economics,5e-05
ghost,5e-05
shock,5e-05
turns,5e-05
terminals,5e-05
rotated,5e-05
brand,5e-05
homes,5e-05
chinas,5e-05
spill,5e-05
exempted,5e-05
nations,5e-05
repurchased,5e-05
assurances,5e-05
throne,5e-05
roubles,5e-05
built,5e-05
provided,5e-05
competitor,5e-05
holds,5e-05
surplus,5e-05
newborn,5e-05
hoist,5e-05
knocks,5e-05
frenzy,5e-05
proceed,5e-05
meal,5e-05
vaulted,5e-05
complete,5e-05
row,5e-05
lies,5e-05
dimmed,5e-05
fueled,5e-05
ends,5e-05
credit,5e-05
tag,5e-05
slim,5e-05
conversation,5e-05
pressuring,5e-05
knowledge,5e-05
waits,5e-05
discovery,5e-05
vet,5e-05
impede,5e-05
shorting,5e-05
facing,5e-05
accused,5e-05
sink,5e-05
bb,5e-05
chase,5e-05
soar,5e-05
anthem,5e-05
pounded,5e-05
assumptions,5e-05
soul,5e-05
feet,5e-05
met,5e-05
pounds,5e-05
induced,5e-05
tumbles,5e-05
billions,5e-05
fort,5e-05
pattern,5e-05
exclude,5e-05
spring,5e-05
allowed,5e-05
piled,5e-05
zones,5e-05
foreigners,5e-05
calm,5e-05
tamped,5e-05
beauty,5e-05
statement,5e-05
twist,5e-05
knocked,5e-05
digits,5e-05
renewed,5e-05
accelerating,5e-05
husband,5e-05
follows,5e-05
proxy,5e-05
provides,5e-05
stabilization,5e-05
text,5e-05
tone,5e-05
dampened,5e-05
protesters,5e-05
soybean,5e-05
vocal,5e-05
resolution,5e-05
cheered,5e-05
housing,5e-05
opinions,5e-05
refused,5e-05
restraints,5e-05
counsel,5e-05
floors,5e-05
calf,5e-05
horizontal,5e-05
outage,5e-05
taper,5e-05
shuttered,5e-05
importer,5e-05
solution,5e-05
content,5e-05
dips,5e-05
proportion,5e-05
struck,5e-05
loosening,5e-05
players,5e-05
transition,5e-05
mas,5e-05
temporary,5e-05
remember,5e-05
squeeze,5e-05
welcomed,5e-05
dimming,5e-05
ai,5e-05
yielding,5e-05
blew,5e-05
engineers,5e-05
citing,5e-05
expand,5e-05
rotate,5e-05
territory,5e-05
eyeing,5e-05
fails,5e-05
trigger,5e-05
winner,5e-05
curtail,5e-05
reserves,5e-05
restore,5e-05
example,5e-05
slid,5e-05
tank,5e-05
buildups,5e-05
wished,5e-05
customers,5e-05
repeats,5e-05
borrowing,5e-05
harrowing,5e-05
imposition,5e-05
th,5e-05
mike,5e-05
tweets,5e-05
closure,5e-05
communications,5e-05
resulted,5e-05
politics,5e-05
review,5e-05
loaded,5e-05
photographer,5e-05
presents,5e-05
thugs,5e-05
assurance,5e-05
authorization,5e-05
negotiating,5e-05
mode,5e-05
reality,5e-05
aberration,5e-05
petrochemical,5e-05
tools,5e-05
structures,5e-05
owed,5e-05
biodiversity,5e-05
trimming,5e-05
posts,5e-05
corporation,5e-05
beat,5e-05
acknowledging,5e-05
sovereign,5e-05
setbacks,5e-05
peaking,5e-05
sensitive,5e-05
assessed,5e-05
please,5e-05
savings,5e-05
invalid,5e-05
asked,5e-05
turnaround,5e-05
cheaters,5e-05
grand,5e-05
northern,5e-05
scuttled,5e-05
clean,5e-05
aided,5e-05
aug,5e-05
advantage,5e-05
pumping,5e-05
site,5e-05
soy,5e-05
derivative,5e-05
sulfur,5e-05
sense,5e-05
charlotte,5e-05
allocation,5e-05
favouring,5e-05
associated,5e-05
express,5e-05
boom,5e-05
rescue,5e-05
approaches,5e-05
spiral,5e-05
narrowed,5e-05
miner,5e-05
hills,5e-05
climbs,5e-05
columnist,5e-05
feel,5e-05
stride,5e-05
orchid,5e-05
hurdle,5e-05
checks,5e-05
voted,5e-05
nov,5e-05
bren,5e-05
effect,5e-05
oscillator,5e-05
box,5e-05
flocked,5e-05
argus,5e-05
attempts,5e-05
pe,5e-05
category,5e-05
emergency,5e-05
goal,5e-05
updates,5e-05
warehouses,5e-05
ignoring,5e-05
jitters,5e-05
riots,5e-05
tough,5e-05
shorts,5e-05
pct,5e-05
linking,5e-05
affected,5e-05
played,5e-05
skyrocket,5e-05
reduced,5e-05
sends,5e-05
highlights,5e-05
locked,5e-05
backed,5e-05
swiss,5e-05
dominates,5e-05
dominance,5e-05
urging,5e-05
operators,5e-05
established,5e-05
brief,5e-05
recognizes,5e-05
bonded,5e-05
evening,5e-05
sustainability,5e-05
grains,5e-05
payrolls,5e-05
certification,5e-05
rim,5e-05
doubled,5e-05
acceleration,5e-05
eclipsing,5e-05
doomed,5e-05
spikes,5e-05
iranian,5e-05
clicks,5e-05
bound,5e-05
retail,5e-05
seasonal,5e-05
bet,5e-05
raw,5e-05
semblance,5e-05
premium,5e-05
appearing,5e-05
ruling,5e-05
hs,5e-05
super,5e-05
equivalents,5e-05
extracted,5e-05
register,5e-05
discharge,5e-05
dismissed,5e-05
arbitrage,5e-05
reaction,5e-05
dynamics,5e-05
curtailed,5e-05
underground,5e-05
eroded,5e-05
hydrogen,5e-05
smith,5e-05
anas,5e-05
overturn,5e-05
candidate,5e-05
meds,5e-05
spokesman,5e-05
flowing,5e-05
placing,5e-05
musical,5e-05
mammals,5e-05
pot,5e-05
reined,5e-05
reflects,5e-05
sub,5e-05
weapons,5e-05
resuming,5e-05
vacancies,5e-05
tourists,5e-05
mornings,5e-05
thwart,5e-05
predominate,5e-05
operation,5e-05
enacts,5e-05
guide,5e-05
duty,5e-05
bust,5e-05
destruction,5e-05
challenges,5e-05
anticipate,5e-05
avalanche,5e-05
preparations,5e-05
inched,5e-05
trust,5e-05
abetting,5e-05
process,5e-05
stormed,5e-05
shipment,5e-05
blocking,5e-05
alloys,5e-05
hoping,5e-05
lagged,5e-05
pass,5e-05
flagship,5e-05
rout,5e-05
boys,5e-05
prompting,5e-05
cushion,5e-05
bounces,5e-05
advantages,5e-05
revealed,5e-05
discourse,5e-05
breakthrough,5e-05
importance,5e-05
dislocated,5e-05
markers,5e-05
hang,5e-05
counting,5e-05
fire,5e-05
cat,5e-05
succumbed,5e-05
sen,5e-05
dealers,5e-05
gainer,5e-05
vicinity,5e-05
dat,5e-05
respect,5e-05
commitment,5e-05
exceeding,5e-05
buys,5e-05
sunrise,5e-05
experiencing,5e-05
powered,5e-05
faced,5e-05
ores,5e-05
renewing,5e-05
establish,5e-05
undergoing,5e-05
pr,5e-05
fights,5e-05
vacuuming,5e-05
party,5e-05
escalating,5e-05
spur,5e-05
heartened,5e-05
partners,5e-05
hammered,5e-05
slips,5e-05
revised,5e-05
thursdays,5e-05
worry,5e-05
bell,5e-05
hod,5e-05
emirates,5e-05
teetering,5e-05
threatening,5e-05
lived,5e-05
prepared,5e-05
sale,5e-05
wedge,5e-05
indicated,5e-05
flush,5e-05
signalled,5e-05
concentrates,5e-05
steep,5e-05
regarding,5e-05
advisory,5e-05
banknotes,5e-05
dominated,5e-05
lacks,5e-05
handled,5e-05
delays,5e-05
battered,5e-05
stick,5e-05
grappled,5e-05
limiting,5e-05
expansion,5e-05
tried,5e-05
sweep,5e-05
marks,5e-05
generations,5e-05
agencies,5e-05
proclivity,5e-05
tracked,5e-05
signaled,5e-05
district,5e-05
neighbouring,5e-05
collection,5e-05
liquid,5e-05
account,5e-05
tale,5e-05
agency,5e-05
regulation,5e-05
oscillating,5e-05
quoted,5e-05
reprieve,5e-05
continent,5e-05
breaching,5e-05
addition,5e-05
applications,5e-05
averaged,5e-05
cargoes,5e-05
escalation,5e-05
bulk,5e-05
opposing,5e-05
gearing,5e-05
dale,5e-05
trough,5e-05
arrival,5e-05
tapas,5e-05
stretch,5e-05
finance,5e-05
mt,5e-05
measure,5e-05
waited,5e-05
balances,5e-05
suit,5e-05
filling,5e-05
woods,5e-05
discusses,5e-05
serve,5e-05
unrest,5e-05
protests,5e-05
raft,5e-05
pushing,5e-05
totalling,5e-05
act,5e-05
retreating,5e-05
hi,5e-05
sulphur,5e-05
reductions,5e-05
mom,5e-05
accept,5e-05
piece,5e-05
heats,5e-05
likelihood,5e-05
lockdown,5e-05
tactics,5e-05
restrain,5e-05
soared,5e-05
testimony,5e-05
mar,5e-05
hoped,5e-05
rivers,5e-05
slows,5e-05
wildlife,5e-05
managing,5e-05
recommended,5e-05
rhetoric,5e-05
speculators,5e-05
gravity,5e-05
save,5e-05
properties,5e-05
bias,5e-05
fair,5e-05
welcome,5e-05
peers,5e-05
verify,5e-05
reading,5e-05
hike,5e-05
contributor,5e-05
ans,5e-05
exposing,5e-05
swathe,5e-05
spurred,5e-05
timing,5e-05
reasons,5e-05
trends,5e-05
bull,5e-05
al,5e-05
cant,5e-05
fda,5e-05
rewards,5e-05
restarted,5e-05
guess,5e-05
minerals,5e-05
offsetting,5e-05
bargain,5e-05
seesawed,5e-05
guidance,5e-05
triple,5e-05
outs,5e-05
variants,5e-05
formed,5e-05
hospitalizations,5e-05
loose,5e-05
discussed,5e-05
plateau,5e-05
completion,5e-05
trim,5e-05
crippling,5e-05
spiked,5e-05
challenged,5e-05
mate,5e-05
promised,5e-05
priority,5e-05
paying,5e-05
experienced,5e-05
proved,5e-05
doubted,5e-05
calendar,5e-05
temper,5e-05
car,5e-05
mother,5e-05
deaths,5e-05
ha,5e-05
living,5e-05
negotiator,5e-05
flying,5e-05
developments,5e-05
metaphor,2e-05
walk,2e-05
worked,2e-05
fcc,2e-05
cio,2e-05
railway,2e-05
networks,2e-05
movie,2e-05
thoughts,2e-05
plaguing,2e-05
eclipsed,2e-05
study,2e-05
risking,2e-05
disposal,2e-05
removing,2e-05
revising,2e-05
files,2e-05
voiced,2e-05
ambitions,2e-05
gaps,2e-05
restraint,2e-05
downbeat,2e-05
layoffs,2e-05
schools,2e-05
registered,2e-05
lights,2e-05
damaged,2e-05
strip,2e-05
deficits,2e-05
chilis,2e-05
countered,2e-05
signed,2e-05
halts,2e-05
eldorado,2e-05
taste,2e-05
beard,2e-05
suppliers,2e-05
rejected,2e-05
van,2e-05
takes,2e-05
vanda,2e-05
stuart,2e-05
vehicle,2e-05
frozen,2e-05
magnitude,2e-05
forgotten,2e-05
wonder,2e-05
sponsored,2e-05
animals,2e-05
slumps,2e-05
stutters,2e-05
featuring,2e-05
specialists,2e-05
nova,2e-05
outnumber,2e-05
shooting,2e-05
jerry,2e-05
torture,2e-05
image,2e-05
investigate,2e-05
profile,2e-05
nailing,2e-05
enters,2e-05
tops,2e-05
unmanned,2e-05
inspection,2e-05
suppose,2e-05
thus,2e-05
bashing,2e-05
climate,2e-05
mixed,2e-05
sought,2e-05
advance,2e-05
is,2e-05
capabilities,2e-05
gear,2e-05
heavyweight,2e-05
dumpster,2e-05
consultation,2e-05
cross,2e-05
issued,2e-05
crushing,2e-05
searching,2e-05
gut,2e-05
troubling,2e-05
rely,2e-05
divides,2e-05
working,2e-05
crawling,2e-05
cease,2e-05
guru,2e-05
employee,2e-05
bout,2e-05
center,2e-05
revenues,2e-05
games,2e-05
upper,2e-05
realizations,2e-05
aide,2e-05
grid,2e-05
rules,2e-05
fleet,2e-05
delighted,2e-05
insights,2e-05
crops,2e-05
truck,2e-05
integrated,2e-05
fashion,2e-05
surgery,2e-05
equaling,2e-05
ess,2e-05
announce,2e-05
nets,2e-05
cake,2e-05
inching,2e-05
martins,2e-05
hangover,2e-05
correcting,2e-05
decrease,2e-05
popping,2e-05
feeding,2e-05
wondering,2e-05
hardware,2e-05
mao,2e-05
ranged,2e-05
widening,2e-05
anchored,2e-05
compass,2e-05
conditions,2e-05
eighties,2e-05
ideas,2e-05
lee,2e-05
gm,2e-05
question,2e-05
drones,2e-05
react,2e-05
sucks,2e-05
depending,2e-05
mix,2e-05
saved,2e-05
appendix,2e-05
blackouts,2e-05
eye,2e-05
noting,2e-05
ebs,2e-05
kick,2e-05
spout,2e-05
suffered,2e-05
maximising,2e-05
crazy,2e-05
reinforce,2e-05
lit,2e-05
fantail,2e-05
mound,2e-05
arctic,2e-05
chiefs,2e-05
undermining,2e-05
peso,2e-05
etf,2e-05
quantities,2e-05
stockpiling,2e-05
skidded,2e-05
cancelling,2e-05
reflected,2e-05
star,2e-05
brisk,2e-05
agreeing,2e-05
cope,2e-05
vanity,2e-05
politicians,2e-05
raiser,2e-05
chipmunk,2e-05
planet,2e-05
maize,2e-05
volatile,2e-05
speed,2e-05
ultimate,2e-05
steadied,2e-05
lovers,2e-05
platform,2e-05
executive,2e-05
tom,2e-05
constraints,2e-05
ping,2e-05
argentina,2e-05
explosion,2e-05
combined,2e-05
attendant,2e-05
correlate,2e-05
test,2e-05
releasing,2e-05
mitigations,2e-05
digging,2e-05
scenarios,2e-05
calming,2e-05
severity,2e-05
quantum,2e-05
leaders,2e-05
presidency,2e-05
slumber,2e-05
budding,2e-05
acquiring,2e-05
relax,2e-05
miles,2e-05
object,2e-05
iron,2e-05
prophecy,2e-05
wick,2e-05
unwound,2e-05
surveyed,2e-05
squadron,2e-05
warranting,2e-05
cup,2e-05
helps,2e-05
fulfilled,2e-05
gravy,2e-05
wait,2e-05
construct,2e-05
reclaimed,2e-05
orange,2e-05
utilization,2e-05
complicate,2e-05
rape,2e-05
rewarding,2e-05
skin,2e-05
dulled,2e-05
cluster,2e-05
signalling,2e-05
dream,2e-05
easings,2e-05
expressing,2e-05
fixed,2e-05
particular,2e-05
weighs,2e-05
corruption,2e-05
keeping,2e-05
alliance,2e-05
items,2e-05
discounting,2e-05
neocons,2e-05
fang,2e-05
contested,2e-05
motorcade,2e-05
spree,2e-05
estimating,2e-05
ordnance,2e-05
impose,2e-05
hampering,2e-05
page,2e-05
yahoo,2e-05
inflections,2e-05
valuation,2e-05
leaves,2e-05
default,2e-05
sac,2e-05
gs,2e-05
frank,2e-05
progressive,2e-05
favours,2e-05
fuels,2e-05
sunset,2e-05
contain,2e-05
favoring,2e-05
iraqi,2e-05
maintain,2e-05
nelson,2e-05
propane,2e-05
thb,2e-05
fr,2e-05
conversations,2e-05
guard,2e-05
amounting,2e-05
assuming,2e-05
jean,2e-05
referring,2e-05
chasing,2e-05
disaster,2e-05
sinking,2e-05
potter,2e-05
heaven,2e-05
masks,2e-05
founder,2e-05
sort,2e-05
performer,2e-05
relation,2e-05
scheduled,2e-05
shied,2e-05
meg,2e-05
quick,2e-05
transit,2e-05
inflated,2e-05
diluent,2e-05
grey,2e-05
hinting,2e-05
word,2e-05
bankrupt,2e-05
sam,2e-05
boosts,2e-05
evaporated,2e-05
at,2e-05
mesmerizing,2e-05
compounded,2e-05
bs,2e-05
buddy,2e-05
maintaining,2e-05
frost,2e-05
compensation,2e-05
answer,2e-05
rests,2e-05
snapped,2e-05
novel,2e-05
info,2e-05
underlining,2e-05
knocking,2e-05
usa,2e-05
drooped,2e-05
generated,2e-05
streaking,2e-05
victim,2e-05
medics,2e-05
downtime,2e-05
contracting,2e-05
surface,2e-05
failing,2e-05
erased,2e-05
condition,2e-05
complying,2e-05
exponents,2e-05
abo,2e-05
observers,2e-05
revise,2e-05
gates,2e-05
enterprises,2e-05
fades,2e-05
cascades,2e-05
cohesion,2e-05
microcosm,2e-05
toda,2e-05
spin,2e-05
debated,2e-05
fired,2e-05
meetings,2e-05
wild,2e-05
brokerages,2e-05
pleasure,2e-05
boss,2e-05
shore,2e-05
disappointed,2e-05
torn,2e-05
ev,2e-05
progresses,2e-05
silence,2e-05
pulls,2e-05
mi,2e-05
apple,2e-05
shots,2e-05
sugar,2e-05
michael,2e-05
accelerate,2e-05
regain,2e-05
ballroom,2e-05
bitch,2e-05
prepares,2e-05
diversity,2e-05
occurred,2e-05
joining,2e-05
ba,2e-05
dipping,2e-05
bankruptcy,2e-05
sanctuary,2e-05
telling,2e-05
pops,2e-05
mapping,2e-05
yes,2e-05
stood,2e-05
recommends,2e-05
nominee,2e-05
borders,2e-05
obstacles,2e-05
zebra,2e-05
eld,2e-05
southwestern,2e-05
completing,2e-05
film,2e-05
hall,2e-05
alts,2e-05
releases,2e-05
installations,2e-05
suggested,2e-05
contraction,2e-05
lag,2e-05
suddenness,2e-05
hide,2e-05
restricting,2e-05
paint,2e-05
cheques,2e-05
granting,2e-05
matched,2e-05
sights,2e-05
restrict,2e-05
lurking,2e-05
rap,2e-05
refiner,2e-05
crime,2e-05
alarm,2e-05
cell,2e-05
attracts,2e-05
blood,2e-05
ethnic,2e-05
gaming,2e-05
lurk,2e-05
load,2e-05
bridles,2e-05
copy,2e-05
discussions,2e-05
revival,2e-05
pinning,2e-05
aspects,2e-05
extract,2e-05
describing,2e-05
pike,2e-05
touches,2e-05
marines,2e-05
forecasters,2e-05
stirring,2e-05
auctions,2e-05
cola,2e-05
butt,2e-05
adjust,2e-05
approached,2e-05
purchasing,2e-05
objective,2e-05
preparation,2e-05
ditch,2e-05
transshipment,2e-05
snow,2e-05
facts,2e-05
weathered,2e-05
relates,2e-05
businessmen,2e-05
archives,2e-05
managements,2e-05
ta,2e-05
cycles,2e-05
mbs,2e-05
old,2e-05
explains,2e-05
dependent,2e-05
receded,2e-05
pyx,2e-05
fact,2e-05
insurance,2e-05
loan,2e-05
honor,2e-05
media,2e-05
accumulated,2e-05
touch,2e-05
crashes,2e-05
alert,2e-05
regulator,2e-05
scratching,2e-05
wellheads,2e-05
keen,2e-05
floating,2e-05
median,2e-05
material,2e-05
seeking,2e-05
defenders,2e-05
nerves,2e-05
chips,2e-05
forming,2e-05
questions,2e-05
pledge,2e-05
student,2e-05
backdrop,2e-05
indian,2e-05
pipelines,2e-05
email,2e-05
watched,2e-05
throwback,2e-05
achieved,2e-05
heads,2e-05
attack,2e-05
schizophrenics,2e-05
diagnosis,2e-05
arising,2e-05
pm,2e-05
anticipation,2e-05
le,2e-05
cites,2e-05
entered,2e-05
totalled,2e-05
setup,2e-05
breaches,2e-05
acknowledge,2e-05
arab,2e-05
detailed,2e-05
fri,2e-05
beach,2e-05
tonne,2e-05
gradual,2e-05
alternatives,2e-05
survive,2e-05
park,2e-05
characteristics,2e-05
sm,2e-05
giant,2e-05
lowered,2e-05
dive,2e-05
gathered,2e-05
while,2e-05
retreats,2e-05
deploy,2e-05
acts,2e-05
progressed,2e-05
dock,2e-05
hamstring,2e-05
bastards,2e-05
prolonged,2e-05
mock,2e-05
caps,2e-05
propagandists,2e-05
incorporate,2e-05
rolled,2e-05
buildings,2e-05
ensuring,2e-05
modeling,2e-05
logs,2e-05
reputation,2e-05
meant,2e-05
episodes,2e-05
abuser,2e-05
draining,2e-05
temperature,2e-05
ambling,2e-05
shark,2e-05
hovering,2e-05
buyi,2e-05
tad,2e-05
isis,2e-05
ikon,2e-05
shivering,2e-05
tied,2e-05
casualties,2e-05
behavior,2e-05
propelled,2e-05
commerce,2e-05
bin,2e-05
canopy,2e-05
affect,2e-05
nature,2e-05
evidence,2e-05
brie,2e-05
grant,2e-05
rail,2e-05
cyclone,2e-05
breach,2e-05
nas,2e-05
yang,2e-05
guessing,2e-05
cas,2e-05
delivered,2e-05
doubling,2e-05
winding,2e-05
christian,2e-05
utilities,2e-05
occur,2e-05
overwhelmed,2e-05
averages,2e-05
buildup,2e-05
reflection,2e-05
prisons,2e-05
places,2e-05
settling,2e-05
wrinkles,2e-05
normalise,2e-05
degrees,2e-05
ship,2e-05
aside,2e-05
ga,2e-05
freedom,2e-05
retraced,2e-05
molar,2e-05
whopping,2e-05
arresting,2e-05
property,2e-05
inside,2e-05
anti,2e-05
notching,2e-05
nightmare,2e-05
sites,2e-05
confused,2e-05
pda,2e-05
standard,2e-05
faded,2e-05
primed,2e-05
exploration,2e-05
destroyed,2e-05
trick,2e-05
cream,2e-05
disciplined,2e-05
tar,2e-05
stop,2e-05
avenue,2e-05
woke,2e-05
suspended,2e-05
allow,2e-05
edging,2e-05
controlled,2e-05
socialist,2e-05
ben,2e-05
intimidate,2e-05
clockwork,2e-05
utilized,2e-05
partial,2e-05
baht,2e-05
coca,2e-05
sherry,2e-05
mins,2e-05
calmed,2e-05
beings,2e-05
logo,2e-05
guest,2e-05
expires,2e-05
fo,2e-05
satellite,2e-05
socialized,2e-05
fingers,2e-05
finale,2e-05
decided,2e-05
thai,2e-05
plenty,2e-05
crush,2e-05
quotes,2e-05
cards,2e-05
missiles,2e-05
guards,2e-05
flow,2e-05
arb,2e-05
valuations,2e-05
undertaking,2e-05
treating,2e-05
humanity,2e-05
plain,2e-05
staying,2e-05
named,2e-05
class,2e-05
island,2e-05
reopening,2e-05
surges,2e-05
private,2e-05
mover,2e-05
reiterated,2e-05
flattened,2e-05
recouping,2e-05
pt,2e-05
updated,2e-05
fuller,2e-05
disagreed,2e-05
feeling,2e-05
shade,2e-05
programs,2e-05
god,2e-05
battering,2e-05
stranded,2e-05
environment,2e-05
nominal,2e-05
sharper,2e-05
apache,2e-05
explode,2e-05
encourage,2e-05
begin,2e-05
czech,2e-05
cajun,2e-05
blurb,2e-05
advises,2e-05
medical,2e-05
boots,2e-05
strains,2e-05
dwindling,2e-05
mr,2e-05
enjoying,2e-05
prince,2e-05
threshold,2e-05
operated,2e-05
drama,2e-05
dance,2e-05
mandatory,2e-05
talked,2e-05
catches,2e-05
alarms,2e-05
spooked,2e-05
empire,2e-05
weakens,2e-05
mobile,2e-05
wavered,2e-05
spectacular,2e-05
created,2e-05
dealt,2e-05
restriction,2e-05
input,2e-05
require,2e-05
fretting,2e-05
entertainment,2e-05
banana,2e-05
pro,2e-05
exit,2e-05
tonight,2e-05
summer,2e-05
james,2e-05
grips,2e-05
lu,2e-05
bracing,2e-05
departure,2e-05
tensions,2e-05
frame,2e-05
chairman,2e-05
plaintiffs,2e-05
seek,2e-05
shopper,2e-05
birds,2e-05
patterns,2e-05
stopped,2e-05
lay,2e-05
offered,2e-05
ins,2e-05
totaling,2e-05
paycheck,2e-05
exceeded,2e-05
rushed,2e-05
depths,2e-05
shocks,2e-05
imposed,2e-05
marketing,2e-05
rallying,2e-05
disclosed,2e-05
ne,2e-05
dispelled,2e-05
postponed,2e-05
fence,2e-05
jumps,2e-05
kill,2e-05
traffic,2e-05
jacob,2e-05
pads,2e-05
closes,2e-05
will,2e-05
detail,2e-05
mend,2e-05
mounting,2e-05
grade,2e-05
pa,2e-05
education,2e-05
produces,2e-05
fusion,2e-05
legislators,2e-05
opportunism,2e-05
oilfields,2e-05
harmonic,2e-05
drag,2e-05
adjusted,2e-05
avail,2e-05
exemptions,2e-05
implications,2e-05
outpaced,2e-05
roots,2e-05
switch,2e-05
oversupply,2e-05
enlisting,2e-05
ticker,2e-05
ban,2e-05
impromptu,2e-05
sum,2e-05
lovely,2e-05
attainment,2e-05
chevron,2e-05
exited,2e-05
doctors,2e-05
champion,2e-05
ds,2e-05
salvage,2e-05
constrained,2e-05
outbreak,2e-05
recorded,2e-05
handle,2e-05
brought,2e-05
sells,2e-05
hampered,2e-05
indicative,2e-05
thesis,2e-05
processors,2e-05
stress,2e-05
french,2e-05
wrong,2e-05
takin,2e-05
buyout,2e-05
planning,2e-05
benefitting,2e-05
strewn,2e-05
gap,2e-05
hobble,2e-05
assistant,2e-05
groundwork,2e-05
counterparts,2e-05
notification,2e-05
initial,2e-05
liter,2e-05
chair,2e-05
thousands,2e-05
worlds,2e-05
era,2e-05
suspect,2e-05
slowdown,2e-05
stalled,2e-05
complaint,2e-05
discord,2e-05
emergence,2e-05
traction,2e-05
deciding,2e-05
drives,2e-05
hurt,2e-05
purpose,2e-05
elvis,2e-05
helplessness,2e-05
conservatives,2e-05
colleague,2e-05
determining,2e-05
drilled,2e-05
firth,2e-05
compensating,2e-05
hanuman,2e-05
brethren,2e-05
poised,2e-05
woofer,2e-05
reopen,2e-05
laden,2e-05
struggle,2e-05
acquire,2e-05
ab,2e-05
headline,2e-05
galaxy,2e-05
driver,2e-05
differentiated,2e-05
pokes,2e-05
lawyer,2e-05
blackberry,2e-05
normalizing,2e-05
arbitration,2e-05
braced,2e-05
withstand,2e-05
tanker,2e-05
heavens,2e-05
hands,2e-05
cocoa,2e-05
drew,2e-05
teamwork,2e-05
saturday,2e-05
brushed,2e-05
causes,2e-05
rein,2e-05
ceos,2e-05
setting,2e-05
deposits,2e-05
fighting,2e-05
excuse,2e-05
transport,2e-05
blethering,2e-05
vessels,2e-05
lea,2e-05
jumping,2e-05
coal,2e-05
paranoid,2e-05
airlines,2e-05
pharmaceuticals,2e-05
topping,2e-05
speculation,2e-05
beige,2e-05
confuse,2e-05
cargo,2e-05
reminder,2e-05
moderates,2e-05
argued,2e-05
precision,2e-05
medium,2e-05
realize,2e-05
reward,2e-05
diagonal,2e-05
deprived,2e-05
details,2e-05
sheer,2e-05
summers,2e-05
graphics,2e-05
stuff,2e-05
petrochemicals,2e-05
duration,2e-05
hotspot,2e-05
software,2e-05
sagged,2e-05
spell,2e-05
care,2e-05
budging,2e-05
leave,2e-05
stands,2e-05
secret,2e-05
merchandise,2e-05
dragging,2e-05
worse,2e-05
laggards,2e-05
pride,2e-05
ii,2e-05
ran,2e-05
cleaner,2e-05
recommendation,2e-05
cheer,2e-05
motion,2e-05
pursuing,2e-05
tens,2e-05
sep,2e-05
sounding,2e-05
headquarters,2e-05
depressing,2e-05
waning,2e-05
tell,2e-05
rode,2e-05
fins,2e-05
strings,2e-05
numbered,2e-05
losers,2e-05
wrap,2e-05
avoided,2e-05
removed,2e-05
stalemate,2e-05
mill,2e-05
glass,2e-05
bots,2e-05
gripped,2e-05
visit,2e-05
impetus,2e-05
road,2e-05
rome,2e-05
nugget,2e-05
exercise,2e-05
rippled,2e-05
knows,2e-05
connections,2e-05
liquidation,2e-05
swift,2e-05
agriculture,2e-05
moloch,2e-05
filled,2e-05
bombs,2e-05
as,2e-05
booked,2e-05
outperforming,2e-05
reminds,2e-05
skyrocketing,2e-05
cocktail,2e-05
basement,2e-05
remark,2e-05
devon,2e-05
shrunk,2e-05
corrective,2e-05
watchers,2e-05
heard,2e-05
crashing,2e-05
leeches,2e-05
ways,2e-05
town,2e-05
powers,2e-05
technologies,2e-05
press,2e-05
somewhere,2e-05
shake,2e-05
runs,2e-05
britons,2e-05
supplied,2e-05
drifts,2e-05
plates,2e-05
explosive,2e-05
harvest,2e-05
ministers,2e-05
server,2e-05
desired,2e-05
shame,2e-05
speak,2e-05
ar,2e-05
produced,2e-05
forum,2e-05
oilers,2e-05
unity,2e-05
emails,2e-05
fake,2e-05
healed,2e-05
retained,2e-05
oilseeds,2e-05
coalition,2e-05
pussy,2e-05
tune,2e-05
why,2e-05
discipline,2e-05
bloc,2e-05
tilted,2e-05
forge,2e-05
rats,2e-05
tread,2e-05
clues,2e-05
wins,2e-05
busy,2e-05
experts,2e-05
forms,2e-05
ad,2e-05
breakdown,2e-05
judge,2e-05
specialist,2e-05
haul,2e-05
aurora,2e-05
ramped,2e-05
ticking,2e-05
interviews,2e-05
stalls,2e-05
warmer,2e-05
impending,2e-05
catch,2e-05
wanted,2e-05
sands,2e-05
nestle,2e-05
oas,2e-05
shifts,2e-05
holidays,2e-05
dead,2e-05
leads,2e-05
burden,2e-05
congestion,2e-05
rebounding,2e-05
smacks,2e-05
attribute,2e-05
disrupting,2e-05
