co,0.08348
https,0.07263
cisco,0.06036
security,0.00629
amp,0.00604
see,0.00543
network,0.00518
cloud,0.0047
collaboration,0.00379
technology,0.00368
access,0.00364
leader,0.00357
research,0.00353
like,0.00348
business,0.00346
get,0.00346
work,0.00342
solutions,0.00335
data,0.00335
market,0.00322
use,0.00311
internet,0.00309
future,0.00304
join,0.00302
wan,0.00296
time,0.00291
playing,0.00289
growth,0.00282
city,0.0028
edge,0.0028
communities,0.0028
year,0.0028
small,0.00262
innovation,0.00262
put,0.0026
threats,0.0026
canopy,0.00258
sessions,0.00258
help,0.00256
fall,0.00249
part,0.00249
stop,0.00247
good,0.00232
partner,0.00229
infrastructure,0.00229
rest,0.00227
mole,0.00221
whack,0.00221
service,0.00218
businesses,0.00216
world,0.00212
meeting,0.00207
providers,0.00205
times,0.00201
continues,0.00196
today,0.00196
need,0.00194
week,0.00194
live,0.0019
software,0.0019
traffic,0.00187
engineering,0.00185
look,0.00183
row,0.00181
day,0.00181
video,0.00179
thirteen,0.00176
networking,0.00176
powering,0.00174
first,0.00174
routing,0.00172
got,0.00172
tradition,0.00172
facilitating,0.00172
great,0.00172
people,0.0017
partners,0.0017
dna,0.0017
systems,0.00168
tech,0.00165
key,0.00165
magic,0.00163
centers,0.00163
ready,0.00163
high,0.00163
latest,0.00161
segment,0.00161
age,0.00161
add,0.00159
said,0.00159
emerging,0.00159
teams,0.00159
post,0.00157
finds,0.00154
net,0.00152
os,0.0015
power,0.0015
innovations,0.0015
integration,0.00148
take,0.00148
gdp,0.00146
workforce,0.00146
love,0.00146
best,0.00143
days,0.00143
news,0.00143
make,0.00141
companies,0.00139
summit,0.00139
remote,0.00139
game,0.00139
trm,0.00135
quarter,0.00135
go,0.00135
last,0.00135
free,0.00135
know,0.00135
center,0.00132
series,0.00132
back,0.00126
employee,0.00126
industry,0.00126
devices,0.00124
home,0.00124
room,0.00124
working,0.00124
stock,0.00121
still,0.00119
user,0.00119
top,0.00117
way,0.00117
bridge,0.00117
want,0.00117
customers,0.00117
even,0.00115
government,0.00115
safe,0.00115
students,0.00115
check,0.00115
transformation,0.00115
names,0.00115
event,0.0011
think,0.0011
defined,0.00108
team,0.00108
years,0.00106
equipment,0.00106
platforms,0.00104
exam,0.00104
share,0.00104
company,0.00104
trading,0.00104
feel,0.00101
code,0.00101
catalyst,0.00101
management,0.00101
much,0.00099
learning,0.00099
better,0.00099
re,0.00099
ownership,0.00099
pandemic,0.00099
healthcare,0.00099
shares,0.00097
going,0.00097
things,0.00097
increase,0.00095
continuity,0.00093
report,0.00093
right,0.00093
find,0.0009
group,0.0009
platform,0.0009
changing,0.00088
workspace,0.00086
well,0.00086
communications,0.00086
stocks,0.00084
public,0.00084
rooms,0.00084
training,0.00084
flash,0.00084
return,0.00082
analysis,0.00082
fund,0.00082
study,0.00082
services,0.00082
session,0.00079
boundaries,0.00079
read,0.00079
earnings,0.00079
reach,0.00079
defining,0.00079
booking,0.00079
careers,0.00079
getting,0.00079
using,0.00077
book,0.00077
kid,0.00077
deploys,0.00077
say,0.00077
change,0.00077
frequency,0.00077
end,0.00077
introducing,0.00075
money,0.00075
impact,0.00075
full,0.00075
employees,0.00075
experience,0.00075
investment,0.00075
win,0.00073
office,0.00073
let,0.00073
hacking,0.00073
privacy,0.00073
man,0.00073
stay,0.00073
users,0.00073
engineer,0.00073
pentagon,0.00073
rethinking,0.00073
portfolio,0.00071
organizations,0.00071
black,0.00071
looking,0.00071
coming,0.00071
keep,0.00071
register,0.00071
real,0.00071
networks,0.00071
apple,0.00068
solution,0.00068
unified,0.00068
interface,0.00068
health,0.00068
vulnerability,0.00066
challenge,0.00066
storage,0.00064
support,0.00064
trust,0.00064
care,0.00064
ciscos,0.00064
plan,0.00064
including,0.00064
ps,0.00064
move,0.00062
insights,0.00062
made,0.00062
project,0.00062
months,0.00062
connectivity,0.00062
family,0.00062
come,0.0006
track,0.0006
third,0.0006
markets,0.0006
investors,0.0006
investments,0.0006
bought,0.0006
building,0.0006
participants,0.0006
trying,0.0006
in,0.00057
web,0.00057
needs,0.00057
hope,0.00057
role,0.00057
azure,0.00057
request,0.00057
tomorrow,0.00057
show,0.00057
congress,0.00057
cc,0.00057
winning,0.00057
workplace,0.00057
strategy,0.00057
past,0.00057
blogs,0.00057
skills,0.00055
fucking,0.00055
http,0.00055
meet,0.00055
worth,0.00055
blog,0.00055
funds,0.00055
normal,0.00055
mean,0.00055
second,0.00055
nexus,0.00055
wireless,0.00055
fuck,0.00055
makes,0.00055
showed,0.00055
stake,0.00053
filing,0.00053
risk,0.00053
reliance,0.00053
thanks,0.00053
exams,0.00053
control,0.00053
changes,0.00053
routers,0.00053
starting,0.00053
excited,0.00053
lot,0.00053
automation,0.00053
bad,0.00051
making,0.00051
google,0.00051
wait,0.00051
console,0.00051
tonight,0.00051
experts,0.00051
complete,0.00051
location,0.00051
providing,0.00051
ceo,0.00051
hybrid,0.00051
figure,0.00051
watch,0.00049
points,0.00049
disco,0.00049
social,0.00049
house,0.00049
amazing,0.00049
investing,0.00049
month,0.00049
trends,0.00049
protection,0.00049
defense,0.00049
survey,0.00049
build,0.00049
speed,0.00049
enterprise,0.00049
director,0.00049
python,0.00049
sales,0.00046
phone,0.00046
design,0.00046
mind,0.00046
results,0.00046
certification,0.00046
offer,0.00046
suite,0.00046
opportunities,0.00046
taking,0.00046
zoom,0.00046
started,0.00046
certifications,0.00046
short,0.00046
chance,0.00046
daily,0.00046
star,0.00046
safety,0.00046
job,0.00046
system,0.00044
october,0.00044
learn,0.00044
dollar,0.00044
oil,0.00044
long,0.00044
wired,0.00044
idea,0.00044
certified,0.00044
adapter,0.00044
operations,0.00044
keeping,0.00044
hiring,0.00044
friends,0.00044
meetings,0.00044
major,0.00044
ad,0.00044
bumps,0.00044
view,0.00044
open,0.00044
development,0.00044
shit,0.00044
life,0.00044
began,0.00044
pass,0.00042
miss,0.00042
cut,0.00042
morning,0.00042
old,0.00042
annual,0.00042
start,0.00042
fsb,0.00042
watching,0.00042
resources,0.00042
career,0.00042
twitter,0.00042
hackers,0.00042
products,0.00042
case,0.00042
looks,0.00042
prince,0.0004
content,0.0004
focused,0.0004
young,0.0004
computing,0.0004
result,0.0004
little,0.0004
manager,0.0004
rate,0.0004
sovereign,0.0004
wave,0.0004
point,0.0004
demand,0.0004
flow,0.0004
close,0.0004
switches,0.0004
customer,0.0004
fo,0.0004
line,0.0004
field,0.0004
fourth,0.0004
fast,0.0004
takes,0.0004
potential,0.0004
le,0.0004
state,0.0004
operator,0.00037
night,0.00037
multiple,0.00037
thought,0.00037
mds,0.00037
starts,0.00037
led,0.00037
fans,0.00037
experienced,0.00037
resiliency,0.00037
sold,0.00037
choice,0.00037
photo,0.00037
light,0.00037
managed,0.00037
class,0.00037
process,0.00037
order,0.00037
exchange,0.00037
amazon,0.00037
program,0.00037
type,0.00037
workers,0.00037
mobile,0.00037
heres,0.00037
space,0.00037
dodgers,0.00037
smart,0.00037
cause,0.00037
fundamental,0.00037
application,0.00037
ne,0.00037
projects,0.00037
current,0.00037
weeks,0.00037
lets,0.00037
course,0.00035
practice,0.00035
left,0.00035
holding,0.00035
hate,0.00035
level,0.00035
board,0.00035
success,0.00035
switch,0.00035
march,0.00035
college,0.00035
distribution,0.00035
minority,0.00035
profit,0.00035
comes,0.00035
improving,0.00035
talk,0.00035
lab,0.00035
stage,0.00035
enough,0.00035
weekend,0.00035
national,0.00035
lows,0.00035
place,0.00035
fire,0.00035
dell,0.00035
term,0.00035
file,0.00035
price,0.00035
play,0.00035
trend,0.00035
education,0.00035
attack,0.00035
talking,0.00035
quantum,0.00035
product,0.00035
pension,0.00033
option,0.00033
central,0.00033
marketing,0.00033
value,0.00033
lan,0.00033
due,0.00033
give,0.00033
reports,0.00033
lakes,0.00033
monday,0.00033
doubled,0.00033
hit,0.00033
expert,0.00033
inc,0.00033
thing,0.00033
patent,0.00033
welcome,0.00033
issues,0.00033
guess,0.00033
sector,0.00033
fun,0.00033
connected,0.00033
economy,0.00033
premier,0.00033
channel,0.00033
told,0.00033
numbers,0.00033
equities,0.00033
took,0.00033
kind,0.00033
firm,0.00033
call,0.00031
insight,0.00031
steaming,0.00031
revenue,0.00031
umbrella,0.00031
nothing,0.00031
firms,0.00031
buy,0.00031
players,0.00031
kill,0.00031
question,0.00031
announcing,0.00031
thinking,0.00031
east,0.00031
step,0.00031
round,0.00031
features,0.00031
rose,0.00031
clear,0.00031
attending,0.00031
middle,0.00031
opportunity,0.00031
perfect,0.00031
average,0.00031
medical,0.00031
technical,0.00031
cracked,0.00031
reduce,0.00031
information,0.00031
consumer,0.00031
according,0.00031
gain,0.00031
iris,0.00031
leave,0.00031
believe,0.00031
configuration,0.00031
architecture,0.00031
north,0.00031
helps,0.00031
face,0.00031
terms,0.00031
utilities,0.00031
expand,0.00031
path,0.00029
advantage,0.00029
wealth,0.00029
interest,0.00029
article,0.00029
forward,0.00029
visibility,0.00029
highs,0.00029
reasons,0.00029
challenges,0.00029
moving,0.00029
preparing,0.00029
answer,0.00029
main,0.00029
performance,0.00029
losing,0.00029
expanding,0.00029
comment,0.00029
pc,0.00029
says,0.00029
targeting,0.00029
warns,0.00029
diversity,0.00029
technologies,0.00029
helped,0.00029
leaders,0.00029
cli,0.00029
total,0.00029
chief,0.00029
packet,0.00029
discuss,0.00029
th,0.00029
ass,0.00029
associate,0.00029
season,0.00029
dutch,0.00026
behind,0.00026
international,0.00026
president,0.00026
god,0.00026
quality,0.00026
response,0.00026
yes,0.00026
fact,0.00026
organization,0.00026
law,0.00026
con,0.00026
interview,0.00026
leading,0.00026
saw,0.00026
break,0.00026
www,0.00026
remain,0.00026
programs,0.00026
land,0.00026
bank,0.00026
minutes,0.00026
embedded,0.00026
test,0.00026
giving,0.00026
works,0.00026
alto,0.00026
endpoints,0.00026
list,0.00026
computer,0.00026
discovery,0.00026
wanted,0.00026
girl,0.00026
target,0.00026
contact,0.00026
former,0.00026
beat,0.00026
games,0.00026
special,0.00026
policy,0.00026
flaws,0.00026
riyals,0.00026
page,0.00026
router,0.00026
large,0.00026
tools,0.00026
plays,0.00026
cisc,0.00026
books,0.00026
date,0.00026
engineers,0.00024
certificate,0.00024
congratulations,0.00024
monthly,0.00024
sharing,0.00024
bundle,0.00024
provide,0.00024
district,0.00024
sentiment,0.00024
catch,0.00024
monitor,0.00024
ip,0.00024
found,0.00024
journey,0.00024
please,0.00024
problem,0.00024
posted,0.00024
rise,0.00024
increased,0.00024
record,0.00024
up,0.00024
zone,0.00024
seeing,0.00024
simplicity,0.00024
friendship,0.00024
white,0.00024
hand,0.00024
growing,0.00024
pack,0.00024
court,0.00024
featuring,0.00024
proof,0.00024
remember,0.00024
newsletter,0.00024
intelligence,0.00024
community,0.00024
lead,0.00024
streaming,0.00024
receive,0.00024
interesting,0.00024
analysts,0.00024
applications,0.00024
selling,0.00024
sign,0.00024
packers,0.00024
stimulus,0.00024
ways,0.00024
workplaces,0.00024
hes,0.00024
tutorial,0.00024
roles,0.00024
events,0.00024
culture,0.00022
cases,0.00022
matter,0.00022
conference,0.00022
push,0.00022
communication,0.00022
lower,0.00022
country,0.00022
vendors,0.00022
valuations,0.00022
count,0.00022
red,0.00022
hold,0.00022
targets,0.00022
environment,0.00022
ci,0.00022
severity,0.00022
returns,0.00022
goes,0.00022
index,0.00022
gear,0.00022
death,0.00022
options,0.00022
match,0.00022
school,0.00022
calls,0.00022
position,0.00022
action,0.00022
chinese,0.00022
women,0.00022
moved,0.00022
brought,0.00022
giant,0.00022
closer,0.00022
todays,0.00022
booth,0.00022
run,0.00022
street,0.00022
drop,0.00022
food,0.00022
deep,0.00022
true,0.00022
someone,0.00022
champion,0.00022
dumps,0.00022
highlights,0.00022
save,0.00022
media,0.00022
secure,0.00022
switching,0.00022
ft,0.00022
investor,0.00022
tweet,0.00022
backing,0.00022
heart,0.00022
intent,0.00022
protocol,0.00022
members,0.00022
baby,0.00022
device,0.00022
labs,0.00022
american,0.00022
hours,0.00022
capital,0.00022
ton,0.00022
declined,0.00022
half,0.00022
story,0.00022
elite,0.00022
missing,0.00022
partnership,0.00022
enterprises,0.00022
benefits,0.00022
telecom,0.00022
drone,0.00022
questions,0.00022
feels,0.0002
created,0.0002
final,0.0002
dream,0.0002
initiative,0.0002
passed,0.0002
experiences,0.0002
priority,0.0002
despite,0.0002
ii,0.0002
telecommunications,0.0002
vote,0.0002
hires,0.0002
active,0.0002
gains,0.0002
low,0.0002
areas,0.0002
supply,0.0002
ports,0.0002
gets,0.0002
steps,0.0002
protects,0.0002
industries,0.0002
roundup,0.0002
beginning,0.0002
deploying,0.0002
wrong,0.0002
running,0.0002
set,0.0002
cool,0.0002
generation,0.0002
human,0.0002
review,0.0002
capture,0.0002
presentation,0.0002
sense,0.0002
panel,0.0002
head,0.0002
prices,0.0002
perform,0.0002
version,0.0002
gross,0.0002
powered,0.0002
effort,0.0002
caste,0.0002
gb,0.0002
front,0.0002
vulnerabilities,0.0002
number,0.0002
includes,0.0002
begin,0.0002
provides,0.0002
model,0.0002
original,0.0002
pay,0.0002
mistakes,0.0002
bounce,0.0002
gave,0.0002
transport,0.0002
supported,0.0002
scheduling,0.0002
environments,0.0002
pod,0.0002
went,0.0002
practices,0.0002
cio,0.0002
sea,0.0002
follow,0.0002
helping,0.0002
election,0.0002
patients,0.0002
became,0.0002
resident,0.0002
bit,0.0002
hell,0.0002
trial,0.0002
super,0.0002
championship,0.0002
quick,0.0002
worked,0.0002
custom,0.0002
tv,0.0002
agent,0.0002
wednesday,0.0002
rates,0.0002
offices,0.0002
winners,0.0002
guys,0.0002
joined,0.00018
account,0.00018
analyst,0.00018
wifi,0.00018
exciting,0.00018
tool,0.00018
worst,0.00018
launches,0.00018
keeps,0.00018
looked,0.00018
wants,0.00018
advice,0.00018
peers,0.00018
self,0.00018
hardware,0.00018
league,0.00018
travel,0.00018
schools,0.00018
fell,0.00018
trump,0.00018
introduction,0.00018
okay,0.00018
driver,0.00018
include,0.00018
name,0.00018
forecast,0.00018
acquire,0.00018
foundation,0.00018
acquired,0.00018
oracle,0.00018
ok,0.00018
leverage,0.00018
canadian,0.00018
happening,0.00018
learned,0.00018
expectations,0.00018
focus,0.00018
fan,0.00018
developed,0.00018
institutions,0.00018
legacy,0.00018
tell,0.00018
tcp,0.00018
friday,0.00018
stand,0.00018
cis,0.00018
startups,0.00018
green,0.00018
testing,0.00018
rich,0.00018
agency,0.00018
hub,0.00018
agreed,0.00018
war,0.00018
ex,0.00018
gives,0.00018
putting,0.00018
cost,0.00018
commands,0.00018
york,0.00018
wow,0.00018
link,0.00018
quarterly,0.00018
apply,0.00018
sweeping,0.00018
release,0.00018
corp,0.00018
party,0.00018
attendant,0.00018
bring,0.00018
consumers,0.00018
mention,0.00018
imperative,0.00018
allow,0.00018
dos,0.00018
achieve,0.00018
turn,0.00018
units,0.00018
tip,0.00018
try,0.00018
award,0.00018
author,0.00018
operators,0.00018
port,0.00018
breakout,0.00018
hi,0.00018
shirt,0.00018
range,0.00018
valuation,0.00018
area,0.00018
puts,0.00018
estate,0.00018
relations,0.00018
tesla,0.00018
maturity,0.00018
dead,0.00018
bets,0.00018
become,0.00018
select,0.00018
profile,0.00018
monitoring,0.00018
leadership,0.00018
approved,0.00018
benefit,0.00018
stack,0.00018
visit,0.00018
happened,0.00018
local,0.00018
administration,0.00015
size,0.00015
shows,0.00015
increasing,0.00015
stuff,0.00015
reading,0.00015
eyes,0.00015
upbeat,0.00015
talks,0.00015
programming,0.00015
output,0.00015
federal,0.00015
payment,0.00015
calling,0.00015
jobs,0.00015
threat,0.00015
bitch,0.00015
phase,0.00015
inclusion,0.00015
example,0.00015
friend,0.00015
club,0.00015
developing,0.00015
following,0.00015
loved,0.00015
prizes,0.00015
odds,0.00015
yesterday,0.00015
crisis,0.00015
socialist,0.00015
natural,0.00015
knew,0.00015
european,0.00015
inflation,0.00015
draft,0.00015
forms,0.00015
improve,0.00015
attacks,0.00015
living,0.00015
door,0.00015
factors,0.00015
legends,0.00015
pushing,0.00015
estimates,0.00015
managing,0.00015
heat,0.00015
lis,0.00015
general,0.00015
banks,0.00015
chen,0.00015
finance,0.00015
offers,0.00015
fears,0.00015
blue,0.00015
plans,0.00015
labor,0.00015
supposed,0.00015
strategists,0.00015
gm,0.00015
acquisition,0.00015
species,0.00015
cert,0.00015
possible,0.00015
asia,0.00015
shed,0.00015
europe,0.00015
vision,0.00015
hoping,0.00015
hear,0.00015
employers,0.00015
faced,0.00015
guy,0.00015
hands,0.00015
difference,0.00015
bringing,0.00015
securing,0.00015
damn,0.00015
shift,0.00015
funny,0.00015
highlight,0.00015
delivering,0.00015
ai,0.00015
worlds,0.00015
suit,0.00015
host,0.00015
lawmakers,0.00015
matters,0.00015
visa,0.00015
cash,0.00015
discounts,0.00015
fired,0.00015
effects,0.00015
activity,0.00015
music,0.00015
guidance,0.00015
stupid,0.00015
studying,0.00015
becoming,0.00015
funding,0.00015
lost,0.00015
added,0.00015
runs,0.00015
lose,0.00015
celebrating,0.00015
jumped,0.00015
deployment,0.00013
kids,0.00013
pa,0.00013
fight,0.00013
images,0.00013
awareness,0.00013
relief,0.00013
status,0.00013
automate,0.00013
values,0.00013
recording,0.00013
responding,0.00013
tough,0.00013
recovery,0.00013
candy,0.00013
stakes,0.00013
person,0.00013
reality,0.00013
tourism,0.00013
waiting,0.00013
accelerate,0.00013
address,0.00013
weird,0.00013
scope,0.00013
destination,0.00013
farmers,0.00013
card,0.00013
notable,0.00013
subsidiary,0.00013
form,0.00013
facing,0.00013
sectors,0.00013
complexity,0.00013
entertainment,0.00013
means,0.00013
pix,0.00013
zero,0.00013
integrated,0.00013
forging,0.00013
traded,0.00013
history,0.00013
chaired,0.00013
common,0.00013
champ,0.00013
machine,0.00013
side,0.00013
feb,0.00013
sec,0.00013
subscribe,0.00013
graphic,0.00013
moment,0.00013
explore,0.00013
noise,0.00013
fa,0.00013
executives,0.00013
word,0.00013
demo,0.00013
official,0.00013
afternoon,0.00013
birthday,0.00013
outs,0.00013
hp,0.00013
consultancy,0.00013
pt,0.00013
indicator,0.00013
adoption,0.00013
hq,0.00013
personal,0.00013
double,0.00013
contributor,0.00013
expands,0.00013
poor,0.00013
men,0.00013
expected,0.00013
solid,0.00013
saying,0.00013
petition,0.00013
meals,0.00013
disruption,0.00013
dropping,0.00013
couple,0.00013
offloading,0.00013
ventures,0.00013
glad,0.00013
weakness,0.00013
speaking,0.00013
sponsors,0.00013
november,0.00013
continue,0.00013
navigator,0.00013
chapter,0.00013
sponsor,0.00013
expect,0.00013
monte,0.00013
powers,0.00013
connecting,0.00013
mo,0.00013
represents,0.00013
package,0.00013
relationship,0.00013
protesters,0.00013
modern,0.00013
reporting,0.00013
adobe,0.00013
rule,0.00013
backgrounds,0.00013
protect,0.00013
manages,0.00013
ending,0.00013
john,0.00013
motivation,0.00013
inaugural,0.00013
updates,0.00013
song,0.00013
decline,0.00013
pursues,0.00013
countries,0.00013
identified,0.00013
private,0.00013
competition,0.00013
costs,0.00013
near,0.00013
delivery,0.00013
futures,0.00013
announced,0.00013
specialist,0.00013
accelerating,0.00013
broke,0.00013
adding,0.00013
dividend,0.00013
telling,0.00013
generated,0.00013
holdings,0.00013
startup,0.00013
energy,0.00013
workspaces,0.00013
strength,0.00013
inject,0.00013
bulked,0.00013
begins,0.00013
traders,0.00013
materials,0.00013
assassinations,0.00013
firewall,0.00013
fake,0.00013
pm,0.00013
pr,0.00013
seconds,0.00013
china,0.00013
controls,0.00013
used,0.00013
adapt,0.00013
caused,0.00013
supporting,0.00013
overview,0.00013
patents,0.00013
indian,0.00013
ability,0.00013
thursday,0.00013
keynotes,0.00013
judge,0.00013
sale,0.00013
minute,0.00013
creates,0.00013
feature,0.00013
server,0.00011
ball,0.00011
crazy,0.00011
shifted,0.00011
memory,0.00011
globe,0.00011
sap,0.00011
female,0.00011
edition,0.00011
connect,0.00011
exclusive,0.00011
insider,0.00011
listening,0.00011
goal,0.00011
secret,0.00011
radio,0.00011
weapon,0.00011
clinicians,0.00011
claim,0.00011
earth,0.00011
episode,0.00011
joy,0.00011
salaries,0.00011
bond,0.00011
integrating,0.00011
concerns,0.00011
ratio,0.00011
equity,0.00011
jack,0.00011
balance,0.00011
efforts,0.00011
whole,0.00011
risks,0.00011
interested,0.00011
cant,0.00011
reliability,0.00011
ta,0.00011
condition,0.00011
jap,0.00011
campaign,0.00011
deal,0.00011
forecasts,0.00011
recorded,0.00011
preview,0.00011
deployments,0.00011
ha,0.00011
wrote,0.00011
sucks,0.00011
disappointed,0.00011
vaccination,0.00011
wont,0.00011
drive,0.00011
wild,0.00011
wall,0.00011
conversation,0.00011
packages,0.00011
ethernet,0.00011
cat,0.00011
defend,0.00011
optimization,0.00011
children,0.00011
reopen,0.00011
united,0.00011
wondering,0.00011
jump,0.00011
coordinate,0.00011
breaking,0.00011
score,0.00011
lie,0.00011
simplifying,0.00011
peer,0.00011
stream,0.00011
wear,0.00011
listen,0.00011
message,0.00011
consent,0.00011
distance,0.00011
driving,0.00011
becomes,0.00011
lives,0.00011
sensors,0.00011
words,0.00011
football,0.00011
member,0.00011
principal,0.00011
ford,0.00011
initiating,0.00011
progress,0.00011
motion,0.00011
explain,0.00011
reset,0.00011
understand,0.00011
boy,0.00011
longer,0.00011
fancy,0.00011
revenues,0.00011
race,0.00011
insurance,0.00011
core,0.00011
pulled,0.00011
indicators,0.00011
girls,0.00011
produce,0.00011
equality,0.00011
decided,0.00011
practitioners,0.00011
recession,0.00011
addition,0.00011
margin,0.00011
ring,0.00011
hat,0.00011
paycheck,0.00011
bill,0.00011
replacing,0.00011
topics,0.00011
smallholder,0.00011
shut,0.00011
desire,0.00011
reason,0.00011
roll,0.00011
speech,0.00011
lists,0.00011
founder,0.00011
intro,0.00011
slow,0.00011
seems,0.00011
juniper,0.00011
box,0.00011
mark,0.00011
act,0.00011
vs,0.00011
charlotte,0.00011
clients,0.00011
officer,0.00011
harvest,0.00011
reported,0.00011
rupees,0.00011
followers,0.00011
mask,0.00011
ba,0.00011
releases,0.00011
prime,0.00011
honored,0.00011
connections,0.00011
decision,0.00011
silicon,0.00011
en,0.00011
champions,0.00011
creating,0.00011
son,0.00011
flashpoint,0.00011
outlook,0.00011
single,0.00011
male,0.00011
surprising,0.00011
desktop,0.00011
learnt,0.00011
details,0.00011
transfer,0.00011
problems,0.00011
pressure,0.00011
winner,0.00011
license,0.00011
received,0.00011
amd,0.00011
ride,0.00011
agenda,0.00011
turned,0.00011
elections,0.00011
email,0.00011
stares,0.00011
surged,0.00011
sick,0.00011
halloween,0.00011
prevailing,0.00011
discrimination,0.00011
out,0.00011
discussion,0.00011
hello,0.00011
meanwhile,0.00011
positive,0.00011
weekly,0.00011
demos,0.00011
expects,0.00011
dog,0.00011
majority,0.00011
brewers,0.00011
info,0.00011
ar,0.00011
sweet,0.00011
mission,0.00011
spy,0.00011
weather,0.00011
frank,0.00011
block,0.00011
tiers,0.00011
science,9e-05
understanding,9e-05
chevron,9e-05
dude,9e-05
inside,9e-05
thank,9e-05
earn,9e-05
entrepreneur,9e-05
logged,9e-05
desk,9e-05
movement,9e-05
hits,9e-05
seller,9e-05
bye,9e-05
promise,9e-05
material,9e-05
resilience,9e-05
traversal,9e-05
automated,9e-05
turning,9e-05
sell,9e-05
trainers,9e-05
te,9e-05
creation,9e-05
leads,9e-05
filter,9e-05
dear,9e-05
trained,9e-05
bet,9e-05
soup,9e-05
bears,9e-05
engine,9e-05
strategies,9e-05
launch,9e-05
cold,9e-05
excuses,9e-05
matt,9e-05
simple,9e-05
md,9e-05
heard,9e-05
pro,9e-05
wheeler,9e-05
managers,9e-05
capabilities,9e-05
approach,9e-05
peaks,9e-05
pit,9e-05
profitability,9e-05
slipped,9e-05
corporations,9e-05
era,9e-05
campus,9e-05
extra,9e-05
partnered,9e-05
cousin,9e-05
kicks,9e-05
miami,9e-05
protections,9e-05
yards,9e-05
paying,9e-05
sleep,9e-05
grey,9e-05
scoop,9e-05
smoke,9e-05
fueling,9e-05
input,9e-05
holiday,9e-05
emergency,9e-05
university,9e-05
site,9e-05
ensure,9e-05
justice,9e-05
period,9e-05
mf,9e-05
places,9e-05
dm,9e-05
outbreak,9e-05
woman,9e-05
footprint,9e-05
brings,9e-05
flares,9e-05
bulldogs,9e-05
camera,9e-05
discord,9e-05
raise,9e-05
ordered,9e-05
theres,9e-05
chair,9e-05
cards,9e-05
supporter,9e-05
republican,9e-05
guided,9e-05
ed,9e-05
flex,9e-05
driven,9e-05
officials,9e-05
chat,9e-05
chain,9e-05
adds,9e-05
pulling,9e-05
consider,9e-05
opinions,9e-05
reminded,9e-05
truffle,9e-05
worry,9e-05
alerts,9e-05
grit,9e-05
grants,9e-05
somebody,9e-05
displays,9e-05
visitor,9e-05
ends,9e-05
chips,9e-05
demands,9e-05
neutral,9e-05
spent,9e-05
asking,9e-05
provider,9e-05
drink,9e-05
inspiring,9e-05
watched,9e-05
none,9e-05
source,9e-05
ranks,9e-05
least,9e-05
groups,9e-05
apis,9e-05
appliances,9e-05
vis,9e-05
italian,9e-05
tried,9e-05
chairman,9e-05
posts,9e-05
hour,9e-05
fighter,9e-05
telecoms,9e-05
battle,9e-05
slaves,9e-05
ti,9e-05
assets,9e-05
jr,9e-05
spaces,9e-05
measure,9e-05
sex,9e-05
covering,9e-05
fifth,9e-05
miner,9e-05
gained,9e-05
internship,9e-05
explains,9e-05
yellow,9e-05
dogs,9e-05
orders,9e-05
asset,9e-05
percent,9e-05
seat,9e-05
knowledge,9e-05
earned,9e-05
town,9e-05
flaw,9e-05
guide,9e-05
limit,9e-05
ideas,9e-05
spot,9e-05
jan,9e-05
rebound,9e-05
favorite,9e-05
mom,9e-05
graphics,9e-05
student,9e-05
tracer,9e-05
baseball,9e-05
down,9e-05
silence,9e-05
circuit,9e-05
wishes,9e-05
hopes,9e-05
hm,9e-05
validation,9e-05
finding,9e-05
trade,9e-05
seem,9e-05
pullback,9e-05
windows,9e-05
opened,9e-05
finger,9e-05
agility,9e-05
grow,9e-05
cover,9e-05
wise,9e-05
protecting,9e-05
bottom,9e-05
committed,9e-05
amount,9e-05
murder,9e-05
premium,9e-05
volume,9e-05
brand,9e-05
shaping,9e-05
crime,9e-05
dig,9e-05
context,9e-05
sars,9e-05
funded,9e-05
deliver,9e-05
alert,9e-05
wells,9e-05
variants,9e-05
aid,9e-05
truth,9e-05
knock,9e-05
indexes,9e-05
asked,9e-05
riot,9e-05
worse,9e-05
flexibility,9e-05
pace,9e-05
came,9e-05
september,9e-05
maintaining,9e-05
showing,9e-05
glasses,9e-05
bankers,9e-05
secondary,9e-05
classes,9e-05
rock,9e-05
envelope,9e-05
supports,9e-05
wine,9e-05
connector,9e-05
saved,9e-05
lack,9e-05
partnering,9e-05
county,9e-05
democrats,9e-05
enabling,9e-05
vi,9e-05
suck,9e-05
chuck,9e-05
empowering,9e-05
greenback,9e-05
straddle,9e-05
marks,9e-05
brief,9e-05
hosted,9e-05
climbed,9e-05
walks,9e-05
reaching,9e-05
choctaw,9e-05
ask,9e-05
ins,9e-05
maker,9e-05
senior,9e-05
projections,9e-05
landscape,9e-05
sway,9e-05
counts,9e-05
budget,9e-05
liked,9e-05
sizes,9e-05
steal,9e-05
firepower,9e-05
cheating,9e-05
ecosystem,9e-05
changed,9e-05
boss,9e-05
conversations,9e-05
participating,9e-05
sunday,9e-05
movie,9e-05
infused,9e-05
remove,9e-05
workflows,9e-05
trash,7e-05
polls,7e-05
root,7e-05
obituaries,7e-05
mode,7e-05
mystery,7e-05
drivers,7e-05
spread,7e-05
microwave,7e-05
woke,7e-05
gen,7e-05
complex,7e-05
purchases,7e-05
thoughts,7e-05
criminal,7e-05
arrows,7e-05
poll,7e-05
mx,7e-05
gateway,7e-05
body,7e-05
analyzer,7e-05
pull,7e-05
holy,7e-05
comp,7e-05
folks,7e-05
teaching,7e-05
russian,7e-05
explores,7e-05
advancements,7e-05
teacher,7e-05
grits,7e-05
obtained,7e-05
stopped,7e-05
representation,7e-05
creators,7e-05
invest,7e-05
thriving,7e-05
lies,7e-05
ensuring,7e-05
sheet,7e-05
institution,7e-05
lineup,7e-05
imaging,7e-05
firmware,7e-05
comments,7e-05
production,7e-05
servers,7e-05
spending,7e-05
protocols,7e-05
have,7e-05
offering,7e-05
nigerians,7e-05
modernize,7e-05
tips,7e-05
winter,7e-05
generator,7e-05
possibilities,7e-05
tired,7e-05
dipped,7e-05
joining,7e-05
bag,7e-05
censoring,7e-05
specialists,7e-05
sets,7e-05
writing,7e-05
collapse,7e-05
produced,7e-05
giveaway,7e-05
proprietary,7e-05
trill,7e-05
sharp,7e-05
smile,7e-05
rack,7e-05
educator,7e-05
pops,7e-05
structure,7e-05
articles,7e-05
importance,7e-05
outnumbered,7e-05
sam,7e-05
trio,7e-05
links,7e-05
voting,7e-05
income,7e-05
imo,7e-05
cap,7e-05
retribution,7e-05
dad,7e-05
directory,7e-05
signals,7e-05
predicted,7e-05
horse,7e-05
master,7e-05
brands,7e-05
sound,7e-05
virus,7e-05
dumbass,7e-05
base,7e-05
throw,7e-05
offered,7e-05
enjoying,7e-05
dot,7e-05
entries,7e-05
skill,7e-05
finished,7e-05
overall,7e-05
coffee,7e-05
grew,7e-05
hrt,7e-05
aced,7e-05
south,7e-05
placer,7e-05
cities,7e-05
sees,7e-05
trending,7e-05
autumn,7e-05
collection,7e-05
tia,7e-05
mortality,7e-05
troubleshooting,7e-05
shopping,7e-05
optimizing,7e-05
note,7e-05
fighting,7e-05
held,7e-05
reached,7e-05
migration,7e-05
ten,7e-05
bonus,7e-05
piece,7e-05
gathering,7e-05
barracuda,7e-05
coupon,7e-05
prepared,7e-05
prep,7e-05
gmt,7e-05
wit,7e-05
coverage,7e-05
resource,7e-05
butch,7e-05
thriller,7e-05
profits,7e-05
chances,7e-05
thread,7e-05
situation,7e-05
journal,7e-05
rocket,7e-05
dynamic,7e-05
pronounced,7e-05
express,7e-05
announcement,7e-05
triple,7e-05
eating,7e-05
nuts,7e-05
police,7e-05
gaining,7e-05
na,7e-05
issue,7e-05
packets,7e-05
spends,7e-05
classroom,7e-05
agents,7e-05
department,7e-05
format,7e-05
died,7e-05
layer,7e-05
enables,7e-05
husband,7e-05
commercial,7e-05
coo,7e-05
embrace,7e-05
transition,7e-05
measures,7e-05
entire,7e-05
digitization,7e-05
associates,7e-05
shop,7e-05
giants,7e-05
batch,7e-05
decide,7e-05
car,7e-05
misses,7e-05
earning,7e-05
passing,7e-05
maximising,7e-05
failed,7e-05
telephone,7e-05
chart,7e-05
cares,7e-05
var,7e-05
attention,7e-05
title,7e-05
window,7e-05
lessons,7e-05
sought,7e-05
disrupting,7e-05
threatens,7e-05
yield,7e-05
enhanced,7e-05
authentication,7e-05
split,7e-05
solver,7e-05
votes,7e-05
leaving,7e-05
coast,7e-05
americans,7e-05
states,7e-05
cell,7e-05
flat,7e-05
implying,7e-05
eased,7e-05
sports,7e-05
teaming,7e-05
patched,7e-05
al,7e-05
ill,7e-05
ugandan,7e-05
cable,7e-05
mate,7e-05
classified,7e-05
decade,7e-05
dodger,7e-05
basics,7e-05
planet,7e-05
chase,7e-05
chip,7e-05
dubbing,7e-05
boring,7e-05
superiors,7e-05
actions,7e-05
intervenors,7e-05
dive,7e-05
advance,7e-05
parallel,7e-05
las,7e-05
buying,7e-05
border,7e-05
streets,7e-05
cleats,7e-05
landing,7e-05
secretary,7e-05
orchestrator,7e-05
contract,7e-05
west,7e-05
prioritize,7e-05
fizzled,7e-05
august,7e-05
reserve,7e-05
dj,7e-05
jersey,7e-05
types,7e-05
heavy,7e-05
redemption,7e-05
elements,7e-05
scale,7e-05
attempt,7e-05
primer,7e-05
evidence,7e-05
oct,7e-05
hair,7e-05
staying,7e-05
meld,7e-05
marathon,7e-05
toll,7e-05
representatives,7e-05
accounts,7e-05
corporation,7e-05
mike,7e-05
closes,7e-05
send,7e-05
fair,7e-05
olympics,7e-05
drawn,7e-05
thrive,7e-05
cup,7e-05
uncertainty,7e-05
nigerian,7e-05
developments,7e-05
advancement,7e-05
adults,7e-05
hunters,7e-05
treasury,7e-05
peter,7e-05
character,7e-05
knowing,7e-05
arm,7e-05
wasted,7e-05
computers,7e-05
spokesperson,7e-05
personalized,7e-05
meal,7e-05
bola,7e-05
bart,7e-05
falcons,7e-05
depicted,7e-05
killing,7e-05
wearing,7e-05
examining,7e-05
claims,7e-05
racist,7e-05
southwest,7e-05
consequences,7e-05
wish,7e-05
coupons,7e-05
swift,7e-05
sherlock,7e-05
concept,7e-05
attracting,7e-05
victim,7e-05
changer,7e-05
steady,7e-05
mi,7e-05
australian,7e-05
closed,7e-05
audio,7e-05
retirement,7e-05
professional,7e-05
milestone,7e-05
venture,7e-05
charts,7e-05
breach,7e-05
vibes,7e-05
print,7e-05
bust,7e-05
announcements,7e-05
ones,7e-05
argues,7e-05
entered,7e-05
tho,7e-05
playlist,7e-05
dolphins,7e-05
tickers,7e-05
implementing,7e-05
nonprofit,7e-05
climbs,7e-05
addresses,7e-05
musk,7e-05
transparency,7e-05
loaded,7e-05
steam,7e-05
composite,7e-05
reds,7e-05
answers,7e-05
pollution,7e-05
editing,7e-05
calendar,7e-05
replacement,7e-05
ranking,7e-05
sire,7e-05
blow,7e-05
met,7e-05
sponsored,7e-05
reporters,7e-05
enable,7e-05
instrument,7e-05
maintained,7e-05
boosted,7e-05
tag,7e-05
shout,7e-05
adjusted,7e-05
vaccine,7e-05
shot,7e-05
chains,7e-05
goals,7e-05
controller,7e-05
felt,7e-05
suggest,7e-05
beaten,7e-05
direct,7e-05
related,7e-05
buzz,7e-05
charging,7e-05
productivity,7e-05
moves,7e-05
yea,7e-05
accreditations,7e-05
grab,7e-05
patches,7e-05
worried,7e-05
li,7e-05
saturday,7e-05
air,7e-05
consensus,7e-05
cleaning,7e-05
laugh,7e-05
seeks,7e-05
essential,4e-05
pu,4e-05
boyfriend,4e-05
gps,4e-05
pizza,4e-05
prof,4e-05
shied,4e-05
floor,4e-05
grind,4e-05
commander,4e-05
rivals,4e-05
pike,4e-05
guest,4e-05
parliament,4e-05
trip,4e-05
picks,4e-05
ratings,4e-05
segmentation,4e-05
document,4e-05
screen,4e-05
gift,4e-05
teamed,4e-05
anomalies,4e-05
clutch,4e-05
tc,4e-05
dc,4e-05
loan,4e-05
quote,4e-05
stadium,4e-05
exported,4e-05
initial,4e-05
falls,4e-05
happens,4e-05
ev,4e-05
surprised,4e-05
blaming,4e-05
fit,4e-05
consume,4e-05
citizens,4e-05
awards,4e-05
rights,4e-05
introduced,4e-05
credited,4e-05
campground,4e-05
container,4e-05
maximum,4e-05
regulation,4e-05
refer,4e-05
bitter,4e-05
formal,4e-05
monster,4e-05
ham,4e-05
pub,4e-05
pocket,4e-05
shooting,4e-05
sing,4e-05
playoffs,4e-05
objects,4e-05
bunny,4e-05
velocity,4e-05
nsa,4e-05
influence,4e-05
bucks,4e-05
drugs,4e-05
limited,4e-05
blocked,4e-05
academy,4e-05
asks,4e-05
father,4e-05
mars,4e-05
tape,4e-05
warnings,4e-05
goat,4e-05
followed,4e-05
distributors,4e-05
sat,4e-05
writers,4e-05
gay,4e-05
idiot,4e-05
satisfy,4e-05
eye,4e-05
argue,4e-05
tour,4e-05
entry,4e-05
momma,4e-05
centralized,4e-05
touted,4e-05
placed,4e-05
adapting,4e-05
appeals,4e-05
packaging,4e-05
somewhere,4e-05
annoyed,4e-05
lawsuit,4e-05
fundamentals,4e-05
park,4e-05
expiring,4e-05
begging,4e-05
shots,4e-05
nigga,4e-05
decades,4e-05
duck,4e-05
daughter,4e-05
az,4e-05
beating,4e-05
paid,4e-05
poised,4e-05
emails,4e-05
module,4e-05
absolute,4e-05
standard,4e-05
deck,4e-05
reckoning,4e-05
threw,4e-05
soldiers,4e-05
fine,4e-05
metrics,4e-05
outperforms,4e-05
loose,4e-05
joys,4e-05
warned,4e-05
cd,4e-05
increases,4e-05
participated,4e-05
backup,4e-05
tolerate,4e-05
momentum,4e-05
vibe,4e-05
curriculum,4e-05
ab,4e-05
dicks,4e-05
poisoning,4e-05
shortlisted,4e-05
army,4e-05
sourcing,4e-05
borrowing,4e-05
divide,4e-05
bolster,4e-05
fiber,4e-05
honors,4e-05
tear,4e-05
institute,4e-05
courses,4e-05
failure,4e-05
cheat,4e-05
honoured,4e-05
reminds,4e-05
addressing,4e-05
leveraging,4e-05
id,4e-05
fabric,4e-05
draws,4e-05
wins,4e-05
peace,4e-05
grand,4e-05
principles,4e-05
opinion,4e-05
possibility,4e-05
lots,4e-05
cautioned,4e-05
moms,4e-05
alliance,4e-05
sparks,4e-05
validity,4e-05
discontent,4e-05
tie,4e-05
execute,4e-05
confounding,4e-05
survival,4e-05
assistance,4e-05
founders,4e-05
frost,4e-05
sr,4e-05
arts,4e-05
magazine,4e-05
recap,4e-05
sounds,4e-05
conduct,4e-05
messages,4e-05
cars,4e-05
fold,4e-05
mt,4e-05
likes,4e-05
bull,4e-05
sober,4e-05
iq,4e-05
scroll,4e-05
payments,4e-05
acceptance,4e-05
meets,4e-05
engaging,4e-05
recall,4e-05
fore,4e-05
summer,4e-05
cramps,4e-05
depth,4e-05
patch,4e-05
cutler,4e-05
is,4e-05
er,4e-05
boot,4e-05
academic,4e-05
accessories,4e-05
ingredients,4e-05
workout,4e-05
kinds,4e-05
blackberry,4e-05
store,4e-05
needed,4e-05
defy,4e-05
conservative,4e-05
transitioned,4e-05
attracted,4e-05
wade,4e-05
reverse,4e-05
recommend,4e-05
plane,4e-05
stages,4e-05
hayes,4e-05
attract,4e-05
supervisors,4e-05
topic,4e-05
hosting,4e-05
potato,4e-05
regret,4e-05
wrap,4e-05
camp,4e-05
sitting,4e-05
lockdown,4e-05
instructor,4e-05
confirmation,4e-05
navigating,4e-05
employment,4e-05
player,4e-05
israeli,4e-05
otis,4e-05
upside,4e-05
drug,4e-05
biz,4e-05
proportional,4e-05
junior,4e-05
beats,4e-05
automating,4e-05
massacre,4e-05
educators,4e-05
except,4e-05
guard,4e-05
residence,4e-05
cop,4e-05
sister,4e-05
herald,4e-05
retailer,4e-05
bedroom,4e-05
conservatives,4e-05
rf,4e-05
posting,4e-05
speaker,4e-05
reputation,4e-05
aspirations,4e-05
blanket,4e-05
belt,4e-05
fingertips,4e-05
comprising,4e-05
slight,4e-05
dashing,4e-05
insiders,4e-05
vendor,4e-05
horizons,4e-05
extended,4e-05
lockdowns,4e-05
jailing,4e-05
heating,4e-05
corsair,4e-05
pi,4e-05
rally,4e-05
brain,4e-05
directors,4e-05
cybercrime,4e-05
bucked,4e-05
fri,4e-05
securities,4e-05
wires,4e-05
hale,4e-05
deaths,4e-05
saber,4e-05
meantime,4e-05
slaps,4e-05
navigate,4e-05
companys,4e-05
depressed,4e-05
periods,4e-05
grant,4e-05
mine,4e-05
instruments,4e-05
estimate,4e-05
citizen,4e-05
hyped,4e-05
sky,4e-05
logging,4e-05
safeties,4e-05
therapy,4e-05
enhance,4e-05
scores,4e-05
valuable,4e-05
contacts,4e-05
default,4e-05
sb,4e-05
dying,4e-05
shared,4e-05
busy,4e-05
lifting,4e-05
manufacturing,4e-05
chocolate,4e-05
walk,4e-05
greetings,4e-05
click,4e-05
approached,4e-05
swept,4e-05
behaviour,4e-05
patient,4e-05
neighbor,4e-05
weekends,4e-05
jay,4e-05
disclosure,4e-05
endpoint,4e-05
invites,4e-05
cleared,4e-05
covered,4e-05
ct,4e-05
intersex,4e-05
table,4e-05
raspberry,4e-05
vitamin,4e-05
sustaining,4e-05
jawboning,4e-05
documents,4e-05
rebounds,4e-05
miles,4e-05
crackdown,4e-05
prioritizing,4e-05
organisation,4e-05
programme,4e-05
infringement,4e-05
missed,4e-05
smells,4e-05
disruptions,4e-05
touched,4e-05
approves,4e-05
litigation,4e-05
rewards,4e-05
canon,4e-05
rank,4e-05
usa,4e-05
mans,4e-05
born,4e-05
noted,4e-05
founded,4e-05
portuguese,4e-05
one,4e-05
saints,4e-05
seemed,4e-05
dropped,4e-05
towel,4e-05
turbulence,4e-05
agree,4e-05
mobility,4e-05
tout,4e-05
dating,4e-05
delved,4e-05
stall,4e-05
church,4e-05
feeling,4e-05
motors,4e-05
doors,4e-05
spoke,4e-05
moon,4e-05
decisions,4e-05
hitting,4e-05
extending,4e-05
charge,4e-05
bps,4e-05
advancing,4e-05
invitation,4e-05
outline,4e-05
wisdom,4e-05
continued,4e-05
claimed,4e-05
replay,4e-05
aspects,4e-05
fix,4e-05
voted,4e-05
snow,4e-05
outlined,4e-05
cement,4e-05
stash,4e-05
lovers,4e-05
survivors,4e-05
mornings,4e-05
deploy,4e-05
deals,4e-05
shoes,4e-05
considering,4e-05
ducking,4e-05
pence,4e-05
duo,4e-05
accelerated,4e-05
simplify,4e-05
dealing,4e-05
buyout,4e-05
workstations,4e-05
proposal,4e-05
effect,4e-05
mood,4e-05
confused,4e-05
mar,4e-05
snort,4e-05
tea,4e-05
directions,4e-05
cursed,4e-05
january,4e-05
ers,4e-05
accomplished,4e-05
crt,4e-05
corona,4e-05
rig,4e-05
sunshine,4e-05
straight,4e-05
guarantee,4e-05
anxiety,4e-05
sum,4e-05
enhancements,4e-05
tune,4e-05
lb,4e-05
cpi,4e-05
accepted,4e-05
initiatives,4e-05
medium,4e-05
allowing,4e-05
hearing,4e-05
videos,4e-05
transforms,4e-05
accepting,4e-05
parts,4e-05
individuals,4e-05
specific,4e-05
minimum,4e-05
highlighted,4e-05
leaping,4e-05
tweets,4e-05
embarrassed,4e-05
barber,4e-05
passes,4e-05
nobody,4e-05
fate,4e-05
charged,4e-05
remaining,4e-05
slam,4e-05
michael,4e-05
bugs,4e-05
db,4e-05
participate,4e-05
methodologies,4e-05
provoking,4e-05
tender,4e-05
blistering,4e-05
worker,4e-05
shame,4e-05
sinks,4e-05
outside,4e-05
mainstream,4e-05
bridging,4e-05
models,4e-05
legend,4e-05
detection,4e-05
walls,4e-05
licks,4e-05
eligibility,4e-05
woes,4e-05
titi,4e-05
clean,4e-05
files,4e-05
equal,4e-05
boost,4e-05
tasks,4e-05
pst,4e-05
kick,4e-05
titans,4e-05
engagement,4e-05
spend,4e-05
tone,4e-05
kicker,4e-05
explanation,4e-05
buff,4e-05
referring,4e-05
society,4e-05
lightweight,4e-05
picking,4e-05
politician,4e-05
goodbye,4e-05
planning,4e-05
correction,4e-05
afterglow,4e-05
dividends,4e-05
command,4e-05
cst,4e-05
appreciation,4e-05
backdoors,4e-05
trout,4e-05
cannabis,4e-05
donated,4e-05
jinx,4e-05
contest,4e-05
git,4e-05
force,4e-05
headlines,4e-05
spoon,4e-05
soul,4e-05
excuse,4e-05
ease,4e-05
anti,4e-05
divergence,4e-05
blending,4e-05
stealing,4e-05
prayers,4e-05
hubs,4e-05
instant,4e-05
hospitals,4e-05
rip,4e-05
hurting,4e-05
lecture,4e-05
parties,4e-05
licensing,4e-05
equivalent,4e-05
aspiring,4e-05
loans,4e-05
eroding,4e-05
facilitator,4e-05
phon,4e-05
orchestration,4e-05
lord,4e-05
fails,4e-05
legislation,4e-05
signs,4e-05
schedule,4e-05
spring,4e-05
tree,4e-05
lines,4e-05
parsons,4e-05
hints,4e-05
scared,4e-05
granola,4e-05
client,4e-05
traveling,4e-05
jimmy,4e-05
stable,4e-05
tightening,4e-05
signed,4e-05
virtu,4e-05
positions,4e-05
listing,4e-05
candle,4e-05
greenhouse,4e-05
affected,4e-05
publisher,4e-05
dark,4e-05
completes,4e-05
picture,4e-05
mouse,4e-05
wanting,4e-05
image,4e-05
pause,4e-05
crushing,4e-05
arrived,4e-05
fault,4e-05
press,4e-05
evil,4e-05
glitches,4e-05
rays,4e-05
cuts,4e-05
goodies,4e-05
beer,4e-05
chambers,4e-05
forming,4e-05
authorities,4e-05
jabber,4e-05
respect,4e-05
brahmins,4e-05
deserve,4e-05
clocked,4e-05
throwback,4e-05
pie,4e-05
valley,4e-05
fellow,4e-05
underscored,4e-05
infections,4e-05
awake,4e-05
presents,4e-05
trouble,4e-05
sent,4e-05
opposition,4e-05
exchanges,4e-05
forget,4e-05
usage,4e-05
memes,4e-05
cross,4e-05
touching,4e-05
gaming,4e-05
doctor,4e-05
phones,4e-05
gifts,4e-05
graduate,4e-05
debuts,4e-05
aunt,4e-05
lamb,4e-05
mess,4e-05
talent,4e-05
launching,4e-05
corner,4e-05
resolution,4e-05
elan,4e-05
ga,4e-05
noticed,4e-05
hack,4e-05
chrome,4e-05
trey,4e-05
intros,4e-05
attorneys,4e-05
finishing,4e-05
debt,4e-05
efficiency,4e-05
wiped,4e-05
norm,4e-05
turmoil,4e-05
switched,4e-05
daniel,4e-05
pound,4e-05
survived,4e-05
receptionists,4e-05
rep,4e-05
sadness,4e-05
defenses,4e-05
jerry,4e-05
stating,4e-05
offerings,4e-05
gp,4e-05
niggas,4e-05
hrs,4e-05
reaction,4e-05
factory,4e-05
accessory,4e-05
bravado,4e-05
reversal,4e-05
pumpkin,4e-05
ranging,4e-05
walked,4e-05
staples,4e-05
pitch,4e-05
rb,4e-05
abuse,4e-05
reward,4e-05
expanded,4e-05
dubs,4e-05
cake,4e-05
sidelines,4e-05
headquartered,4e-05
trademark,4e-05
responsibility,4e-05
billions,4e-05
bear,4e-05
brother,4e-05
fr,4e-05
pics,4e-05
kremlin,4e-05
virgo,4e-05
opening,4e-05
pressured,4e-05
falling,4e-05
requests,4e-05
baked,4e-05
nds,4e-05
allowed,4e-05
designing,4e-05
agreement,4e-05
rent,4e-05
theft,4e-05
saving,4e-05
counting,4e-05
played,4e-05
owners,4e-05
joins,4e-05
attendees,4e-05
medicine,4e-05
prejudiced,4e-05
inch,4e-05
dental,4e-05
tweeting,4e-05
goth,4e-05
mix,4e-05
operate,4e-05
techno,4e-05
quarters,4e-05
masks,4e-05
sued,4e-05
heels,4e-05
muscle,4e-05
picked,4e-05
blew,4e-05
struggles,4e-05
companion,4e-05
roads,4e-05
wiz,4e-05
targeted,4e-05
ge,4e-05
financing,4e-05
screwed,4e-05
prognoses,4e-05
prod,4e-05
trek,4e-05
killed,4e-05
speakers,4e-05
paris,4e-05
german,4e-05
standards,4e-05
routes,4e-05
cooled,4e-05
scaled,4e-05
hood,4e-05
economist,4e-05
waited,4e-05
japan,4e-05
unites,4e-05
billionaires,4e-05
broadcast,4e-05
tags,4e-05
ipos,4e-05
persons,4e-05
oscar,4e-05
celebration,4e-05
lea,4e-05
rolling,4e-05
punch,4e-05
downtime,4e-05
accelerates,4e-05
slide,4e-05
spyware,4e-05
mandate,4e-05
methods,4e-05
buffalo,4e-05
inventor,4e-05
fucked,4e-05
entrusted,4e-05
stopping,4e-05
fashion,4e-05
liquidity,4e-05
opposed,4e-05
sun,4e-05
drops,4e-05
gas,4e-05
pains,4e-05
maintenance,4e-05
defensive,4e-05
hr,4e-05
cuddle,4e-05
patience,4e-05
acquisitions,4e-05
fox,4e-05
qualified,4e-05
hurts,4e-05
boardroom,4e-05
assigned,4e-05
maximizes,4e-05
purple,4e-05
ips,4e-05
tuesday,4e-05
vestiges,4e-05
sons,4e-05
ko,4e-05
enemies,4e-05
stepped,4e-05
liberal,4e-05
letter,4e-05
dick,4e-05
sanctions,4e-05
runner,4e-05
mouth,4e-05
vice,4e-05
bass,4e-05
hire,4e-05
parameter,4e-05
touchdown,4e-05
currency,4e-05
championships,4e-05
revs,4e-05
pot,4e-05
boutique,4e-05
keys,4e-05
bell,4e-05
junipers,4e-05
uplift,4e-05
echo,4e-05
carter,4e-05
visions,4e-05
motherfuckers,2e-05
built,2e-05
yahoo,2e-05
shrugged,2e-05
palestinian,2e-05
tilting,2e-05
convinced,2e-05
section,2e-05
opens,2e-05
campaigns,2e-05
fluency,2e-05
whos,2e-05
losses,2e-05
chose,2e-05
encryption,2e-05
disc,2e-05
industrys,2e-05
serviced,2e-05
responded,2e-05
snap,2e-05
hermit,2e-05
classic,2e-05
static,2e-05
techniques,2e-05
smell,2e-05
invention,2e-05
destined,2e-05
mc,2e-05
coalition,2e-05
tum,2e-05
goods,2e-05
stores,2e-05
shepherding,2e-05
rallies,2e-05
relay,2e-05
binary,2e-05
trombone,2e-05
acc,2e-05
trader,2e-05
appraisers,2e-05
exercises,2e-05
wipes,2e-05
liquor,2e-05
robots,2e-05
patching,2e-05
coding,2e-05
drew,2e-05
dwindling,2e-05
lures,2e-05
gop,2e-05
export,2e-05
fetish,2e-05
ranges,2e-05
premises,2e-05
youth,2e-05
idiots,2e-05
electronics,2e-05
anna,2e-05
similarities,2e-05
exploits,2e-05
demarcation,2e-05
surfers,2e-05
burst,2e-05
persecuted,2e-05
distressed,2e-05
intelligences,2e-05
achieved,2e-05
autographs,2e-05
pharmaceuticals,2e-05
components,2e-05
digging,2e-05
courtesy,2e-05
daemon,2e-05
comparison,2e-05
spur,2e-05
paradise,2e-05
dragon,2e-05
coals,2e-05
demonstrators,2e-05
contributions,2e-05
chosen,2e-05
beetle,2e-05
nip,2e-05
acquiring,2e-05
pivot,2e-05
hang,2e-05
clinic,2e-05
whispering,2e-05
bolstering,2e-05
taste,2e-05
vintage,2e-05
method,2e-05
boots,2e-05
hangs,2e-05
gold,2e-05
aftermath,2e-05
handle,2e-05
popularity,2e-05
believing,2e-05
preparation,2e-05
dependencies,2e-05
marketplace,2e-05
bath,2e-05
laughing,2e-05
hoodlums,2e-05
arresting,2e-05
dislike,2e-05
smoked,2e-05
tuning,2e-05
warning,2e-05
jury,2e-05
cuss,2e-05
feed,2e-05
napping,2e-05
gui,2e-05
loot,2e-05
senator,2e-05
hawk,2e-05
suggestion,2e-05
corruption,2e-05
clue,2e-05
bones,2e-05
lenders,2e-05
moral,2e-05
whoosh,2e-05
filed,2e-05
newborn,2e-05
propagandist,2e-05
committing,2e-05
involved,2e-05
clothes,2e-05
bus,2e-05
obsessed,2e-05
womens,2e-05
families,2e-05
mecca,2e-05
lurking,2e-05
authors,2e-05
notes,2e-05
advisory,2e-05
ace,2e-05
gambler,2e-05
rematch,2e-05
sight,2e-05
whispers,2e-05
valhalla,2e-05
experiment,2e-05
tom,2e-05
obligation,2e-05
exposing,2e-05
presenting,2e-05
knotted,2e-05
fined,2e-05
symposium,2e-05
stamps,2e-05
obsession,2e-05
briefing,2e-05
trophy,2e-05
flotation,2e-05
honey,2e-05
ifc,2e-05
answering,2e-05
crib,2e-05
evening,2e-05
assessing,2e-05
cf,2e-05
broken,2e-05
shove,2e-05
chi,2e-05
footsteps,2e-05
modeling,2e-05
sth,2e-05
philippines,2e-05
invested,2e-05
expectation,2e-05
boasting,2e-05
expiration,2e-05
pictures,2e-05
ig,2e-05
lipstick,2e-05
acquaintance,2e-05
kota,2e-05
categories,2e-05
archaeologists,2e-05
governments,2e-05
foray,2e-05
notification,2e-05
creator,2e-05
cos,2e-05
softwares,2e-05
clarity,2e-05
trailing,2e-05
depending,2e-05
june,2e-05
pursuit,2e-05
warehouse,2e-05
titty,2e-05
maintain,2e-05
union,2e-05
threshold,2e-05
favourite,2e-05
hart,2e-05
feat,2e-05
waste,2e-05
narrow,2e-05
civilization,2e-05
appeal,2e-05
plug,2e-05
mistake,2e-05
desks,2e-05
checking,2e-05
fireside,2e-05
berlin,2e-05
sisters,2e-05
bummer,2e-05
cry,2e-05
cardinals,2e-05
vehicles,2e-05
comprises,2e-05
chopping,2e-05
bot,2e-05
entering,2e-05
enjoy,2e-05
stinker,2e-05
donations,2e-05
northern,2e-05
lion,2e-05
debate,2e-05
charges,2e-05
shaving,2e-05
bomber,2e-05
footballer,2e-05
injunction,2e-05
forgotten,2e-05
operating,2e-05
transforming,2e-05
lance,2e-05
dirt,2e-05
ground,2e-05
pitches,2e-05
chemistry,2e-05
then,2e-05
exploration,2e-05
surveyed,2e-05
pilgrimage,2e-05
allows,2e-05
roots,2e-05
signaled,2e-05
mvp,2e-05
doubt,2e-05
sweat,2e-05
controllers,2e-05
forge,2e-05
limits,2e-05
patterns,2e-05
described,2e-05
rayon,2e-05
mall,2e-05
heavyweight,2e-05
flowing,2e-05
letting,2e-05
property,2e-05
vacancies,2e-05
ears,2e-05
slander,2e-05
malice,2e-05
climate,2e-05
die,2e-05
authorization,2e-05
incentives,2e-05
efficacy,2e-05
supermarket,2e-05
underperformed,2e-05
partnerships,2e-05
glee,2e-05
rulers,2e-05
substitute,2e-05
loosing,2e-05
wears,2e-05
favorites,2e-05
proposed,2e-05
lit,2e-05
mini,2e-05
bar,2e-05
tuned,2e-05
pic,2e-05
swing,2e-05
relation,2e-05
fuses,2e-05
called,2e-05
diaspora,2e-05
acknowledging,2e-05
brutalise,2e-05
statement,2e-05
boom,2e-05
weds,2e-05
headwinds,2e-05
sept,2e-05
fly,2e-05
prior,2e-05
tl,2e-05
zooms,2e-05
spoilers,2e-05
yawns,2e-05
transformed,2e-05
station,2e-05
toys,2e-05
represent,2e-05
nearing,2e-05
parents,2e-05
superpowers,2e-05
archeologists,2e-05
slut,2e-05
catching,2e-05
movies,2e-05
toaster,2e-05
functionality,2e-05
attraction,2e-05
pacing,2e-05
downgrades,2e-05
striker,2e-05
freezer,2e-05
fantasy,2e-05
tracks,2e-05
storyline,2e-05
mannequin,2e-05
corpses,2e-05
assisted,2e-05
inequality,2e-05
avatar,2e-05
task,2e-05
nasa,2e-05
ng,2e-05
kingdom,2e-05
yesss,2e-05
settlement,2e-05
emailed,2e-05
lied,2e-05
audience,2e-05
adjudication,2e-05
explained,2e-05
tanking,2e-05
interruption,2e-05
ws,2e-05
beg,2e-05
underplaying,2e-05
impossible,2e-05
applicants,2e-05
wed,2e-05
dwelling,2e-05
crowded,2e-05
mahatma,2e-05
administrators,2e-05
forgot,2e-05
construct,2e-05
collectible,2e-05
gates,2e-05
terrorism,2e-05
climb,2e-05
bored,2e-05
percentage,2e-05
volatile,2e-05
upset,2e-05
hall,2e-05
bathe,2e-05
palace,2e-05
thwarting,2e-05
combination,2e-05
bothering,2e-05
construction,2e-05
apples,2e-05
quantity,2e-05
inventory,2e-05
ram,2e-05
mischief,2e-05
publication,2e-05
yuans,2e-05
trilogy,2e-05
sa,2e-05
cl,2e-05
overdose,2e-05
calculations,2e-05
basis,2e-05
reminder,2e-05
panting,2e-05
remains,2e-05
language,2e-05
choc,2e-05
raw,2e-05
as,2e-05
redesigning,2e-05
farms,2e-05
blocking,2e-05
reignite,2e-05
warren,2e-05
consolidated,2e-05
feeding,2e-05
teleconference,2e-05
fascinating,2e-05
sucker,2e-05
supremacy,2e-05
inconsistencies,2e-05
lake,2e-05
nodes,2e-05
millions,2e-05
collateral,2e-05
nada,2e-05
orion,2e-05
oscars,2e-05
raised,2e-05
returning,2e-05
crossover,2e-05
slick,2e-05
morons,2e-05
faith,2e-05
modernization,2e-05
branch,2e-05
homeland,2e-05
transmitting,2e-05
ruin,2e-05
removed,2e-05
pictured,2e-05
tempering,2e-05
impedance,2e-05
recognising,2e-05
raids,2e-05
suits,2e-05
orange,2e-05
kiss,2e-05
manhattan,2e-05
bazaar,2e-05
levels,2e-05
journalism,2e-05
forklift,2e-05
volunteer,2e-05
touches,2e-05
happen,2e-05
wheelchairs,2e-05
citing,2e-05
participation,2e-05
clutter,2e-05
lends,2e-05
twenty,2e-05
crust,2e-05
lay,2e-05
valued,2e-05
deciding,2e-05
choosing,2e-05
bi,2e-05
innocent,2e-05
realm,2e-05
aerospace,2e-05
paisley,2e-05
sender,2e-05
justification,2e-05
ruling,2e-05
cluster,2e-05
imagine,2e-05
purchased,2e-05
satellite,2e-05
scattered,2e-05
roi,2e-05
mistreated,2e-05
till,2e-05
miller,2e-05
waves,2e-05
marc,2e-05
converging,2e-05
slap,2e-05
venues,2e-05
breed,2e-05
breaches,2e-05
penis,2e-05
annoying,2e-05
harry,2e-05
lip,2e-05
fringe,2e-05
sponsorship,2e-05
bills,2e-05
containerized,2e-05
ni,2e-05
deception,2e-05
shaker,2e-05
diagrams,2e-05
enemy,2e-05
promotion,2e-05
western,2e-05
withdrawing,2e-05
library,2e-05
stretched,2e-05
narrative,2e-05
scripted,2e-05
felicity,2e-05
settle,2e-05
functions,2e-05
detect,2e-05
millionaire,2e-05
procrastination,2e-05
suggests,2e-05
gravity,2e-05
swapping,2e-05
bench,2e-05
interaction,2e-05
draper,2e-05
hearts,2e-05
fantasies,2e-05
leans,2e-05
workloads,2e-05
pays,2e-05
moneys,2e-05
treated,2e-05
determined,2e-05
distorting,2e-05
backs,2e-05
manila,2e-05
plate,2e-05
frenzy,2e-05
dinner,2e-05
parallels,2e-05
constant,2e-05
purpose,2e-05
balls,2e-05
combine,2e-05
served,2e-05
alerted,2e-05
dumping,2e-05
confronting,2e-05
freezing,2e-05
linings,2e-05
se,2e-05
sending,2e-05
defendants,2e-05
ritual,2e-05
rapid,2e-05
activities,2e-05
em,2e-05
injured,2e-05
attitudes,2e-05
buyers,2e-05
posse,2e-05
mum,2e-05
records,2e-05
dumbfounded,2e-05
contradicting,2e-05
crowds,2e-05
basic,2e-05
est,2e-05
payroll,2e-05
sus,2e-05
educating,2e-05
jumpers,2e-05
buddhist,2e-05
scanning,2e-05
nows,2e-05
props,2e-05
y2k,2e-05
references,2e-05
helpdesk,2e-05
henry,2e-05
benjamin,2e-05
meant,2e-05
yields,2e-05
button,2e-05
kisses,2e-05
hill,2e-05
smirking,2e-05
launched,2e-05
whip,2e-05
atm,2e-05
halftime,2e-05
kickoff,2e-05
shook,2e-05
proved,2e-05
background,2e-05
intruder,2e-05
wars,2e-05
treating,2e-05
population,2e-05
sue,2e-05
raven,2e-05
doe,2e-05
hassles,2e-05
cardboard,2e-05
scientist,2e-05
restraining,2e-05
advanced,2e-05
organising,2e-05
infringed,2e-05
difficulty,2e-05
bachelor,2e-05
repeat,2e-05
interventions,2e-05
gather,2e-05
retirees,2e-05
regions,2e-05
fruit,2e-05
penetration,2e-05
baker,2e-05
rape,2e-05
amounts,2e-05
bed,2e-05
bags,2e-05
iron,2e-05
factor,2e-05
willing,2e-05
optimize,2e-05
bold,2e-05
zoomed,2e-05
petroleum,2e-05
uncertainties,2e-05
inoculations,2e-05
destruction,2e-05
supplying,2e-05
iaas,2e-05
misleading,2e-05
transform,2e-05
victories,2e-05
blanketing,2e-05
addiction,2e-05
classrooms,2e-05
cheer,2e-05
commit,2e-05
quake,2e-05
forcing,2e-05
ruining,2e-05
alternate,2e-05
suffered,2e-05
forged,2e-05
carried,2e-05
individual,2e-05
wearable,2e-05
niners,2e-05
grade,2e-05
vanguard,2e-05
advocated,2e-05
fat,2e-05
socket,2e-05
retaining,2e-05
hacker,2e-05
headed,2e-05
reflects,2e-05
sled,2e-05
intentions,2e-05
butterfly,2e-05
mediums,2e-05
rating,2e-05
dry,2e-05
stitch,2e-05
holes,2e-05
accompanying,2e-05
neutron,2e-05
matches,2e-05
catches,2e-05
contempt,2e-05
smack,2e-05
paper,2e-05
pushes,2e-05
basketball,2e-05
posing,2e-05
cologne,2e-05
cornered,2e-05
buck,2e-05
wing,2e-05
adapted,2e-05
weighs,2e-05
included,2e-05
comprehensive,2e-05
camped,2e-05
credit,2e-05
standing,2e-05
prosecuting,2e-05
maid,2e-05
judgment,2e-05
desert,2e-05
cab,2e-05
sends,2e-05
loses,2e-05
rain,2e-05
rejected,2e-05
spinning,2e-05
shaved,2e-05
policies,2e-05
defeating,2e-05
sterns,2e-05
earths,2e-05
appraisals,2e-05
saves,2e-05
thirds,2e-05
capability,2e-05
signify,2e-05
pacs,2e-05
arrives,2e-05
cancelled,2e-05
lighting,2e-05
coup,2e-05
arctic,2e-05
childhood,2e-05
bend,2e-05
panties,2e-05
invalidity,2e-05
helium,2e-05
connection,2e-05
salesman,2e-05
jolly,2e-05
compare,2e-05
supervisor,2e-05
wasting,2e-05
ce,2e-05
child,2e-05
rhapsody,2e-05
roaming,2e-05
amen,2e-05
thin,2e-05
remained,2e-05
attend,2e-05
upgraded,2e-05
trusts,2e-05
festival,2e-05
theaters,2e-05
autonomy,2e-05
clues,2e-05
chalk,2e-05
destiny,2e-05
savings,2e-05
masters,2e-05
babe,2e-05
packing,2e-05
echoed,2e-05
bohemian,2e-05
marking,2e-05
experiencing,2e-05
expansion,2e-05
booby,2e-05
collective,2e-05
exit,2e-05
digested,2e-05
coach,2e-05
outperformed,2e-05
robbing,2e-05
analyzed,2e-05
weighted,2e-05
deprived,2e-05
fought,2e-05
sort,2e-05
collaborated,2e-05
ripple,2e-05
alpha,2e-05
outsourcing,2e-05
bb,2e-05
roof,2e-05
audacity,2e-05
specializing,2e-05
revolution,2e-05
cheering,2e-05
sweeps,2e-05
thinks,2e-05
streak,2e-05
reacts,2e-05
surge,2e-05
tampax,2e-05
kike,2e-05
loser,2e-05
brahmin,2e-05
gem,2e-05
owing,2e-05
ponytail,2e-05
printed,2e-05
bunnies,2e-05
ramping,2e-05
reopening,2e-05
cabs,2e-05
fixed,2e-05
spider,2e-05
cartel,2e-05
primitive,2e-05
naming,2e-05
apartment,2e-05
utilized,2e-05
chill,2e-05
safeguarding,2e-05
appetizers,2e-05
screens,2e-05
lads,2e-05
immigrant,2e-05
hypnosis,2e-05
aides,2e-05
monitored,2e-05
rhythm,2e-05
exposure,2e-05
victims,2e-05
underlying,2e-05
obligations,2e-05
summits,2e-05
avoiding,2e-05
horror,2e-05
douche,2e-05
judges,2e-05
ignoring,2e-05
lame,2e-05
reply,2e-05
slippers,2e-05
promising,2e-05
condolences,2e-05
registering,2e-05
affect,2e-05
pruning,2e-05
buoyed,2e-05
seek,2e-05
souls,2e-05
prepare,2e-05
res,2e-05
pockets,2e-05
disgusting,2e-05
appointments,2e-05
statue,2e-05
complaint,2e-05
lawyer,2e-05
pricing,2e-05
arguing,2e-05
chops,2e-05
mods,2e-05
burgeoning,2e-05
log,2e-05
importation,2e-05
rout,2e-05
scammers,2e-05
mag,2e-05
takin,2e-05
offended,2e-05
voices,2e-05
wife,2e-05
tempting,2e-05
xl,2e-05
als,2e-05
panorama,2e-05
toilet,2e-05
treasure,2e-05
distinguished,2e-05
cluttering,2e-05
haircut,2e-05
examples,2e-05
sophomores,2e-05
so,2e-05
trainer,2e-05
tonality,2e-05
captain,2e-05
pharmacies,2e-05
authorized,2e-05
honour,2e-05
independent,2e-05
myth,2e-05
streams,2e-05
nowadays,2e-05
identifies,2e-05
nailed,2e-05
tests,2e-05
accused,2e-05
flip,2e-05
packed,2e-05
fervor,2e-05
expertise,2e-05
es,2e-05
stemming,2e-05
ads,2e-05
mobilize,2e-05
demonstration,2e-05
shifts,2e-05
bleached,2e-05
hustle,2e-05
define,2e-05
pros,2e-05
lunch,2e-05
reflect,2e-05
aug,2e-05
paradigm,2e-05
summary,2e-05
fanatics,2e-05
waiter,2e-05
movers,2e-05
songs,2e-05
beef,2e-05
required,2e-05
disparities,2e-05
walker,2e-05
deserves,2e-05
electric,2e-05
impression,2e-05
demonstrating,2e-05
hospital,2e-05
cr,2e-05
appreciate,2e-05
makeup,2e-05
stomped,2e-05
professionals,2e-05
empire,2e-05
heros,2e-05
malachite,2e-05
be,2e-05
partisan,2e-05
striving,2e-05
item,2e-05
mac,2e-05
plugging,2e-05
scandal,2e-05
latency,2e-05
benjamins,2e-05
defender,2e-05
trumps,2e-05
ticket,2e-05
dressing,2e-05
titties,2e-05
selected,2e-05
sc,2e-05
asses,2e-05
spare,2e-05
vaccines,2e-05
plugs,2e-05
progressive,2e-05
decker,2e-05
scene,2e-05
installing,2e-05
gap,2e-05
strikes,2e-05
freak,2e-05
elected,2e-05
rentals,2e-05
array,2e-05
impersonation,2e-05
defence,2e-05
displayed,2e-05
dominating,2e-05
blackout,2e-05
opponents,2e-05
fidelity,2e-05
ms,2e-05
nas,2e-05
qualifications,2e-05
infringing,2e-05
mounting,2e-05
subscriptions,2e-05
capita,2e-05
champs,2e-05
teeth,2e-05
sensor,2e-05
suspend,2e-05
playbook,2e-05
calms,2e-05
toy,2e-05
blade,2e-05
loss,2e-05
reflecting,2e-05
hides,2e-05
knows,2e-05
spanning,2e-05
ac,2e-05
rss,2e-05
caps,2e-05
girlfriend,2e-05
layman,2e-05
bulls,2e-05
suckers,2e-05
transactions,2e-05
arising,2e-05
incident,2e-05
karen,2e-05
yesterdays,2e-05
modernism,2e-05
weighed,2e-05
drama,2e-05
pet,2e-05
sleeps,2e-05
commission,2e-05
adjusting,2e-05
smiled,2e-05
watches,2e-05
monitors,2e-05
cultists,2e-05
br,2e-05
nowhere,2e-05
mu,2e-05
valentines,2e-05
cashes,2e-05
machines,2e-05
gi,2e-05
inviting,2e-05
rising,2e-05
organizing,2e-05
capitalization,2e-05
cared,2e-05
warrior,2e-05
teach,2e-05
shutting,2e-05
reversals,2e-05
questioned,2e-05
accounting,2e-05
appearances,2e-05
stood,2e-05
tuxedo,2e-05
gutter,2e-05
yelled,2e-05
rolled,2e-05
barbarians,2e-05
rap,2e-05
waxing,2e-05
restaurant,2e-05
par,2e-05
chuckled,2e-05
butts,2e-05
java,2e-05
pins,2e-05
heading,2e-05
accelerator,2e-05
grabs,2e-05
improved,2e-05
disaster,2e-05
degrees,2e-05
nation,2e-05
lane,2e-05
revamped,2e-05
carries,2e-05
fools,2e-05
ces,2e-05
kissed,2e-05
proximity,2e-05
recovering,2e-05
glass,2e-05
mart,2e-05
sin,2e-05
negotiate,2e-05
wood,2e-05
begining,2e-05
reference,2e-05
pairing,2e-05
dementia,2e-05
shipping,2e-05
registered,2e-05
christian,2e-05
rogue,2e-05
vat,2e-05
tons,2e-05
collie,2e-05
ignored,2e-05
caveat,2e-05
association,2e-05
racer,2e-05
codes,2e-05
iii,2e-05
quiet,2e-05
posit,2e-05
update,2e-05
english,2e-05
drunk,2e-05
harper,2e-05
sou,2e-05
refurbished,2e-05
deliberations,2e-05
gate,2e-05
neighbors,2e-05
plummet,2e-05
alumni,2e-05
musks,2e-05
gigabit,2e-05
politics,2e-05
collaborating,2e-05
surges,2e-05
subscribed,2e-05
dip,2e-05
taxi,2e-05
crossing,2e-05
ancient,2e-05
injection,2e-05
statistics,2e-05
lift,2e-05
cvs,2e-05
foodies,2e-05
sixth,2e-05
lap,2e-05
carpet,2e-05
composed,2e-05
spiked,2e-05
asean,2e-05
council,2e-05
teachers,2e-05
shelter,2e-05
seed,2e-05
appearance,2e-05
mutant,2e-05
upgrades,2e-05
exercise,2e-05
screw,2e-05
hint,2e-05
locations,2e-05
ben,2e-05
masses,2e-05
shitting,2e-05
stumbles,2e-05
cer,2e-05
shake,2e-05
contracts,2e-05
enslaved,2e-05
lyric,2e-05
fail,2e-05
resembling,2e-05
bloggers,2e-05
recognized,2e-05
mates,2e-05
techies,2e-05
interviews,2e-05
impacts,2e-05
etiquette,2e-05
particle,2e-05
threatening,2e-05
restored,2e-05
gelatin,2e-05
registration,2e-05
demonstrates,2e-05
digitize,2e-05
revisit,2e-05
legs,2e-05
resulted,2e-05
rumor,2e-05
rebooted,2e-05
trusted,2e-05
gluten,2e-05
worm,2e-05
shell,2e-05
researcher,2e-05
frowns,2e-05
subway,2e-05
advancers,2e-05
deceived,2e-05
theater,2e-05
avoided,2e-05
drafting,2e-05
certs,2e-05
shaking,2e-05
tackle,2e-05
achieving,2e-05
poncho,2e-05
cv,2e-05
fin,2e-05
chairs,2e-05
jail,2e-05
kidneys,2e-05
eat,2e-05
cope,2e-05
delighted,2e-05
pots,2e-05
fortune,2e-05
robbed,2e-05
dedication,2e-05
precautions,2e-05
apologies,2e-05
deputy,2e-05
mm,2e-05
empower,2e-05
looted,2e-05
portal,2e-05
barking,2e-05
scratch,2e-05
merit,2e-05
partition,2e-05
overstate,2e-05
blackouts,2e-05
quelled,2e-05
accompanied,2e-05
circular,2e-05
bullet,2e-05
minimizing,2e-05
frustration,2e-05
liking,2e-05
lumen,2e-05
speeding,2e-05
banner,2e-05
goggles,2e-05
piston,2e-05
delta,2e-05
workload,2e-05
humans,2e-05
errands,2e-05
trapped,2e-05
exhibit,2e-05
nob,2e-05
prioritised,2e-05
brace,2e-05
suggestions,2e-05
military,2e-05
scrolling,2e-05
unveiled,2e-05
specialised,2e-05
loads,2e-05
division,2e-05
miffed,2e-05
burger,2e-05
responds,2e-05
ego,2e-05
declines,2e-05
subscription,2e-05
lesson,2e-05
plenty,2e-05
attacker,2e-05
acquires,2e-05
gridlock,2e-05
declared,2e-05
belonging,2e-05
tolerated,2e-05
vegan,2e-05
pupils,2e-05
thousands,2e-05
blessings,2e-05
spelled,2e-05
blueprint,2e-05
amusing,2e-05
infected,2e-05
saturated,2e-05
disgust,2e-05
throat,2e-05
charity,2e-05
filled,2e-05
divided,2e-05
releasing,2e-05
documentation,2e-05
infusion,2e-05
boat,2e-05
fandom,2e-05
laser,2e-05
costing,2e-05
receipt,2e-05
copying,2e-05
petitioners,2e-05
adaptor,2e-05
figuring,2e-05
proposition,2e-05
omaha,2e-05
cables,2e-05
smirk,2e-05
wordssss,2e-05
feelings,2e-05
unloaded,2e-05
collins,2e-05
representing,2e-05
episodes,2e-05
catering,2e-05
princes,2e-05
worded,2e-05
spotlight,2e-05
crop,2e-05
expecting,2e-05
carrot,2e-05
create,2e-05
assorted,2e-05
titled,2e-05
amassed,2e-05
surface,2e-05
upgrade,2e-05
loo,2e-05
homelessness,2e-05
pep,2e-05
eve,2e-05
burden,2e-05
realising,2e-05
probes,2e-05
talked,2e-05
tine,2e-05
futurist,2e-05
rom,2e-05
coffers,2e-05
beneficiary,2e-05
voucher,2e-05
selection,2e-05
redefining,2e-05
pop,2e-05
style,2e-05
memo,2e-05
playbooks,2e-05
exploited,2e-05
piss,2e-05
boosting,2e-05
smith,2e-05
amateur,2e-05
drip,2e-05
aims,2e-05
builder,2e-05
lions,2e-05
sika,2e-05
giggling,2e-05
viewing,2e-05
allowance,2e-05
tolerating,2e-05
raises,2e-05
actress,2e-05
matte,2e-05
sensitive,2e-05
contenders,2e-05
jeep,2e-05
dentist,2e-05
manipulating,2e-05
macros,2e-05
mr,2e-05
curry,2e-05
represented,2e-05
pump,2e-05
sticks,2e-05
hated,2e-05
firestorm,2e-05
expired,2e-05
cameras,2e-05
tied,2e-05
boogeyman,2e-05
mile,2e-05
function,2e-05
purchasers,2e-05
resigned,2e-05
remembrance,2e-05
licenses,2e-05
dips,2e-05
jewels,2e-05
readiness,2e-05
genera,2e-05
consultations,2e-05
fatalities,2e-05
wind,2e-05
stuck,2e-05
kidnapping,2e-05
forgiving,2e-05
winters,2e-05
affirmed,2e-05
dance,2e-05
museum,2e-05
slaughtered,2e-05
sponsoring,2e-05
floating,2e-05
calm,2e-05
suicide,2e-05
sighs,2e-05
assist,2e-05
checked,2e-05
phd,2e-05
drumhead,2e-05
hail,2e-05
nightmare,2e-05
evaluation,2e-05
ponder,2e-05
supercharging,2e-05
frustrating,2e-05
pathfinders,2e-05
endeavors,2e-05
fostering,2e-05
tracking,2e-05
parking,2e-05
caters,2e-05
pales,2e-05
religious,2e-05
endeavour,2e-05
monikers,2e-05
sunlight,2e-05
map,2e-05
grave,2e-05
statements,2e-05
bitmap,2e-05
hired,2e-05
rethink,2e-05
ultimate,2e-05
disclosed,2e-05
measuring,2e-05
missionaries,2e-05
luck,2e-05
hundreds,2e-05
tee,2e-05
knees,2e-05
drained,2e-05
silver,2e-05
volumes,2e-05
kingpin,2e-05
procedures,2e-05
cole,2e-05
fluttered,2e-05
forum,2e-05
choose,2e-05
healing,2e-05
litigated,2e-05
fraud,2e-05
lime,2e-05
sis,2e-05
divinity,2e-05
performing,2e-05
rings,2e-05
writes,2e-05
mountain,2e-05
clock,2e-05
evolving,2e-05
emotions,2e-05
poverty,2e-05
disappears,2e-05
invited,2e-05
congested,2e-05
slice,2e-05
jacket,2e-05
lateness,2e-05
cart,2e-05
sleeping,2e-05
downside,2e-05
plea,2e-05
behavior,2e-05
density,2e-05
timing,2e-05
rattling,2e-05
paye,2e-05
heel,2e-05
angels,2e-05
mfs,2e-05
setup,2e-05
prisoner,2e-05
panic,2e-05
caution,2e-05
attempts,2e-05
enabled,2e-05
crowd,2e-05
remind,2e-05
tun,2e-05
nanometer,2e-05
spreading,2e-05
audiences,2e-05
benchmarks,2e-05
accident,2e-05
coin,2e-05
swim,2e-05
burn,2e-05
manipulation,2e-05
mock,2e-05
banking,2e-05
approaching,2e-05
mainframe,2e-05
enjoys,2e-05
mother,2e-05
load,2e-05
irony,2e-05
speak,2e-05
stranger,2e-05
breton,2e-05
deflects,2e-05
caviar,2e-05
rewrite,2e-05
qualification,2e-05
chassis,2e-05
engaged,2e-05
antibody,2e-05
brownouts,2e-05
stressed,2e-05
behave,2e-05
golds,2e-05
pretending,2e-05
dollars,2e-05
cs,2e-05
bleeding,2e-05
pearls,2e-05
senators,2e-05
bitches,2e-05
restoration,2e-05
chickasaw,2e-05
hesitation,2e-05
sub,2e-05
disclose,2e-05
assurance,2e-05
enroll,2e-05
philosophy,2e-05
comforting,2e-05
dynamics,2e-05
executive,2e-05
capitalism,2e-05
crushed,2e-05
guitarist,2e-05
pride,2e-05
grocery,2e-05
glimpse,2e-05
plant,2e-05
neutered,2e-05
horns,2e-05
wage,2e-05
lady,2e-05
successes,2e-05
text,2e-05
challenging,2e-05
exact,2e-05
legitimizing,2e-05
dated,2e-05
recommends,2e-05
moments,2e-05
pinche,2e-05
universal,2e-05
snags,2e-05
voice,2e-05
avail,2e-05
advisor,2e-05
cus,2e-05
script,2e-05
matched,2e-05
vehicle,2e-05
facts,2e-05
stories,2e-05
innovators,2e-05
subordinate,2e-05
speaks,2e-05
kept,2e-05
activation,2e-05
lotte,2e-05
bias,2e-05
po,2e-05
pain,2e-05
implementation,2e-05
flows,2e-05
chasing,2e-05
involvement,2e-05
integrates,2e-05
sand,2e-05
intern,2e-05
athletics,2e-05
firewalls,2e-05
retiring,2e-05
revved,2e-05
hammed,2e-05
restrictions,2e-05
progression,2e-05
ocean,2e-05
regime,2e-05
visas,2e-05
promotions,2e-05
repeats,2e-05
perspectives,2e-05
delay,2e-05
screener,2e-05
robe,2e-05
optimizations,2e-05
adventure,2e-05
hooked,2e-05
franchise,2e-05
doc,2e-05
migrating,2e-05
steel,2e-05
ping,2e-05
sticking,2e-05
protected,2e-05
extreme,2e-05
deleting,2e-05
manda,2e-05
suffer,2e-05
delayed,2e-05
settling,2e-05
bug,2e-05
damages,2e-05
turnkey,2e-05
rescheduled,2e-05
partes,2e-05
capitalists,2e-05
occidental,2e-05
silenced,2e-05
why,2e-05
flirting,2e-05
skin,2e-05
optic,2e-05
tears,2e-05
ventilators,2e-05
truck,2e-05
brains,2e-05
alleges,2e-05
burning,2e-05
fouls,2e-05
emphasizes,2e-05
bound,2e-05
magazines,2e-05
residents,2e-05
bd,2e-05
outfits,2e-05
papers,2e-05
christmas,2e-05
album,2e-05
dms,2e-05
fiver,2e-05
avocado,2e-05
hijack,2e-05
fingerprint,2e-05
murdered,2e-05
hoped,2e-05
armenian,2e-05
flag,2e-05
supporters,2e-05
petty,2e-05
sandbox,2e-05
reviews,2e-05
rn,2e-05
marketers,2e-05
dances,2e-05
vault,2e-05
technicolor,2e-05
chores,2e-05
concluded,2e-05
pe,2e-05
findings,2e-05
injury,2e-05
destroying,2e-05
unavailability,2e-05
jar,2e-05
overtime,2e-05
stadiums,2e-05
urging,2e-05
lying,2e-05
drinking,2e-05
bas,2e-05
sterling,2e-05
committee,2e-05
ss,2e-05
affirmation,2e-05
redskins,2e-05
wire,2e-05
cent,2e-05
stacked,2e-05
premiere,2e-05
countrys,2e-05
documenting,2e-05
closing,2e-05
tcs,2e-05
origin,2e-05
surveillance,2e-05
max,2e-05
facilities,2e-05
liza,2e-05
hating,2e-05
jaw,2e-05
pets,2e-05
enforcement,2e-05
vagina,2e-05
beta,2e-05
marry,2e-05
tar,2e-05
downs,2e-05
strike,2e-05
poster,2e-05
divine,2e-05
mexican,2e-05
tester,2e-05
milestones,2e-05
spanish,2e-05
dynamite,2e-05
seizing,2e-05
bases,2e-05
pos,2e-05
loudspeakers,2e-05
alternatives,2e-05
booked,2e-05
provided,2e-05
triggered,2e-05
avert,2e-05
sites,2e-05
gunpowder,2e-05
descriptions,2e-05
wranglers,2e-05
curl,2e-05
abundance,2e-05
multiplied,2e-05
manufacturers,2e-05
cultivating,2e-05
perks,2e-05
nass,2e-05
contributed,2e-05
kit,2e-05
meanings,2e-05
stumbled,2e-05
prominence,2e-05
handling,2e-05
pul,2e-05
lick,2e-05
newspaper,2e-05
fluid,2e-05
economics,2e-05
chaos,2e-05
cryptography,2e-05
enlightened,2e-05
limiting,2e-05
water,2e-05
carry,2e-05
films,2e-05
dal,2e-05
broad,2e-05
gender,2e-05
predictions,2e-05
sighing,2e-05
pharos,2e-05
aside,2e-05
racing,2e-05
populated,2e-05
myths,2e-05
debut,2e-05
extension,2e-05
spectrum,2e-05
lass,2e-05
affecting,2e-05
lifetime,2e-05
catapult,2e-05
detailed,2e-05
prefix,2e-05
isolated,2e-05
ideal,2e-05
pulls,2e-05
anger,2e-05
established,2e-05
tent,2e-05
consulting,2e-05
storm,2e-05
declining,2e-05
dreamt,2e-05
premise,2e-05
octanes,2e-05
tier,2e-05
gods,2e-05
fragility,2e-05
humanitarian,2e-05
shouted,2e-05
complain,2e-05
holidays,2e-05
uses,2e-05
causing,2e-05
tb,2e-05
credence,2e-05
walking,2e-05
gauge,2e-05
paused,2e-05
workflow,2e-05
sentiments,2e-05
offense,2e-05
misspelling,2e-05
disservice,2e-05
estates,2e-05
integrate,2e-05
funk,2e-05
welt,2e-05
doubles,2e-05
foreshadowing,2e-05
desired,2e-05
van,2e-05
predate,2e-05
employer,2e-05
crepe,2e-05
doctrine,2e-05
symbol,2e-05
latter,2e-05
lock,2e-05
complaining,2e-05
forty,2e-05
exploiting,2e-05
clip,2e-05
tipped,2e-05
off,2e-05
boggling,2e-05
titles,2e-05
goalkeeper,2e-05
junk,2e-05
trick,2e-05
approval,2e-05
honky,2e-05
intellectual,2e-05
tagging,2e-05
proliferation,2e-05
telemetry,2e-05
suffering,2e-05
punctuation,2e-05
recognizes,2e-05
corrections,2e-05
criminals,2e-05
resist,2e-05
toda,2e-05
irrigation,2e-05
slot,2e-05
james,2e-05
disinformation,2e-05
spinach,2e-05
mechanics,2e-05
backed,2e-05
disallowed,2e-05
nick,2e-05
wonder,2e-05
collect,2e-05
peacemaker,2e-05
shipments,2e-05
broaden,2e-05
pct,2e-05
joke,2e-05
covers,2e-05
pas,2e-05
calendars,2e-05
roman,2e-05
ruled,2e-05
tide,2e-05
halo,2e-05
smiling,2e-05
contacted,2e-05
pouring,2e-05
brothers,2e-05
generates,2e-05
buyback,2e-05
art,2e-05
clinics,2e-05
cotton,2e-05
jonathan,2e-05
gram,2e-05
freaking,2e-05
wolves,2e-05
railway,2e-05
occurring,2e-05
december,2e-05
voters,2e-05
highlighting,2e-05
replace,2e-05
seasons,2e-05
shoot,2e-05
signage,2e-05
pitched,2e-05
ended,2e-05
branding,2e-05
touch,2e-05
attorney,2e-05
pick,2e-05
dates,2e-05
programmers,2e-05
overhead,2e-05
wee,2e-05
blame,2e-05
biting,2e-05
centered,2e-05
hunter,2e-05
sensibility,2e-05
headline,2e-05
grandma,2e-05
pioneer,2e-05
officers,2e-05
perm,2e-05
mms,2e-05
fiend,2e-05
cowboys,2e-05
emotion,2e-05
mat,2e-05
creativity,2e-05
spirit,2e-05
movements,2e-05
cyst,2e-05
discussing,2e-05
spectacular,2e-05
tories,2e-05
preps,2e-05
realize,2e-05
witnessed,2e-05
renewed,2e-05
koreans,2e-05
peek,2e-05
diabetic,2e-05
tortured,2e-05
bout,2e-05
feeds,2e-05
moat,2e-05
struggled,2e-05
decentralized,2e-05
consuming,2e-05
hunger,2e-05
approve,2e-05
whips,2e-05
inspired,2e-05
crush,2e-05
hurt,2e-05
compromise,2e-05
treatment,2e-05
religions,2e-05
cook,2e-05
developer,2e-05
daddy,2e-05
parameters,2e-05
fed,2e-05
textbook,2e-05
meat,2e-05
concrete,2e-05
wake,2e-05
survivor,2e-05
invests,2e-05
invalid,2e-05
brad,2e-05
nuances,2e-05
adventures,2e-05
settled,2e-05
sink,2e-05
curtains,2e-05
ho,2e-05
siemens,2e-05
cats,2e-05
fluke,2e-05
easing,2e-05
loves,2e-05
paint,2e-05
passive,2e-05
singular,2e-05
hiding,2e-05
workouts,2e-05
television,2e-05
acceleration,2e-05
colleague,2e-05
gaps,2e-05
theme,2e-05
leaves,2e-05
rules,2e-05
birthdays,2e-05
jumping,2e-05
developers,2e-05
granting,2e-05
gs,2e-05
stops,2e-05
shipment,2e-05
depression,2e-05
specifics,2e-05
oracles,2e-05
stairs,2e-05
perceived,2e-05
schooling,2e-05
ion,2e-05
journalist,2e-05
genius,2e-05
seeking,2e-05
balancing,2e-05
km,2e-05
defending,2e-05
facility,2e-05
iss,2e-05
predict,2e-05
peel,2e-05
retail,2e-05
external,2e-05
aga,2e-05
teens,2e-05
vertical,2e-05
photos,2e-05
sauce,2e-05
blues,2e-05
expire,2e-05
ran,2e-05
hips,2e-05
fbi,2e-05
sundays,2e-05
tumbled,2e-05
doge,2e-05
