co,0.10833
https,0.07113
pips,0.02192
trading,0.01991
free,0.01716
profit,0.01603
signals,0.01565
join,0.01553
hit,0.01014
stocks,0.00814
trade,0.00789
morning,0.00764
buy,0.00714
indices,0.00714
index,0.00714
daily,0.00701
amp,0.00689
good,0.00651
target,0.00651
day,0.00651
low,0.00601
stock,0.00601
gold,0.00576
earnings,0.00576
term,0.00539
short,0.00526
get,0.00526
today,0.00513
order,0.00513
ticket,0.00513
cash,0.00501
sell,0.00501
blue,0.00501
scalping,0.00501
market,0.00501
hits,0.00488
chart,0.00476
picks,0.00451
es,0.00451
open,0.00438
channel,0.00438
box,0.00426
levels,0.00426
support,0.00413
risk,0.00401
price,0.00388
german,0.00388
buying,0.00388
silver,0.00388
zone,0.00388
sap,0.00376
buyers,0.00376
selling,0.00376
closed,0.00363
trend,0.00363
spy,0.00363
european,0.00351
high,0.00351
long,0.00351
link,0.00338
revenue,0.00338
month,0.00338
futures,0.00338
check,0.00326
points,0.00313
outlook,0.00313
markets,0.00301
mib,0.00288
cuts,0.00288
analysis,0.00276
days,0.00276
make,0.00263
traders,0.00263
wave,0.00263
lower,0.0025
last,0.0025
week,0.00238
move,0.00238
view,0.00238
carnage,0.00238
time,0.00238
level,0.00238
close,0.00225
calls,0.00225
opening,0.00225
subscribers,0.00225
find,0.00225
range,0.00213
profits,0.00213
sentiment,0.00213
news,0.002
position,0.002
entry,0.002
session,0.002
candle,0.002
see,0.002
gap,0.002
system,0.00188
europe,0.00188
todays,0.00188
supports,0.00188
technical,0.00188
like,0.00188
yesterday,0.00188
zones,0.00188
selloff,0.00188
world,0.00188
medium,0.00188
back,0.00175
snp,0.00175
go,0.00175
pts,0.00175
bayer,0.00175
still,0.00175
moves,0.00175
continue,0.00163
right,0.00163
resistance,0.00163
signal,0.00163
targets,0.00163
steam,0.00163
pullback,0.00163
break,0.00163
first,0.0015
da,0.0015
update,0.0015
current,0.0015
key,0.0015
dollar,0.0015
principles,0.0015
great,0.00138
dollars,0.00138
moving,0.00138
trader,0.00138
latest,0.00138
small,0.00138
future,0.00138
finance,0.00138
rise,0.00138
expected,0.00138
forecasts,0.00138
releases,0.00138
looking,0.00138
currency,0.00138
cases,0.00125
hour,0.00125
dividend,0.00125
said,0.00125
data,0.00125
notes,0.00125
dia,0.00125
potential,0.00125
bounce,0.00125
resistances,0.00125
green,0.00125
cheers,0.00125
members,0.00125
amount,0.00113
companies,0.00113
area,0.00113
closing,0.00113
fast,0.00113
investment,0.00113
closes,0.00113
call,0.001
bottom,0.001
inevitable,0.001
found,0.001
possible,0.001
yield,0.001
set,0.001
bad,0.001
weekly,0.001
supply,0.001
know,0.001
string,0.001
options,0.001
top,0.00088
account,0.00088
rising,0.00088
let,0.00088
mins,0.00088
equities,0.00088
live,0.00088
action,0.00088
money,0.00088
start,0.00088
much,0.00088
stop,0.00088
correction,0.00088
min,0.00088
evening,0.00088
showing,0.00088
red,0.00088
positive,0.00088
recap,0.00088
follow,0.00088
end,0.00088
video,0.00088
best,0.00088
bulls,0.00088
miss,0.00075
results,0.00075
total,0.00075
course,0.00075
looks,0.00075
perfect,0.00075
eu,0.00075
note,0.00075
charts,0.00075
average,0.00075
point,0.00075
line,0.00075
gains,0.00075
rally,0.00075
second,0.00075
rallied,0.00075
holding,0.00075
give,0.00075
cautious,0.00075
remains,0.00075
full,0.00075
way,0.00075
oct,0.00075
le,0.00075
rules,0.00075
suggested,0.00075
setup,0.00075
secured,0.00063
election,0.00063
volume,0.00063
pull,0.00063
quarterly,0.00063
sequence,0.00063
presented,0.00063
re,0.00063
running,0.00063
reached,0.00063
strategy,0.00063
posted,0.00063
taking,0.00063
ice,0.00063
stimulus,0.00063
post,0.00063
slow,0.00063
europeans,0.00063
joining,0.00063
want,0.00063
off,0.00063
volatility,0.00063
clients,0.00063
bounced,0.00063
highs,0.00063
company,0.00063
pattern,0.00063
saw,0.00063
feb,0.00063
performing,0.00063
least,0.00063
setups,0.00063
loss,0.00063
remain,0.0005
exchange,0.0005
ascending,0.0005
suggests,0.0005
march,0.0005
work,0.0005
took,0.0005
need,0.0005
single,0.0005
reaction,0.0005
pivot,0.0005
even,0.0005
asia,0.0005
come,0.0005
row,0.0005
october,0.0005
investors,0.0005
middle,0.0005
pressure,0.0005
cheer,0.0005
activity,0.0005
trades,0.0005
well,0.0005
years,0.0005
june,0.0005
investments,0.0005
double,0.0005
needs,0.0005
analyses,0.0005
fine,0.0005
intermediate,0.0005
oil,0.0005
bet,0.0005
founding,0.0005
momentum,0.0005
getting,0.0005
positioning,0.0005
ask,0.0005
power,0.0005
due,0.0005
gain,0.0005
solid,0.0005
went,0.0005
place,0.0005
coaching,0.0005
demand,0.0005
goes,0.0005
neutral,0.0005
near,0.0005
race,0.0005
cl,0.0005
fell,0.0005
elements,0.0005
try,0.0005
enough,0.0005
proposal,0.0005
wake,0.0005
scandal,0.0005
side,0.0005
payments,0.0005
breaks,0.0005
business,0.0005
york,0.0005
lead,0.0005
en,0.0005
breakout,0.00038
waves,0.00038
murder,0.00038
expect,0.00038
love,0.00038
pound,0.00038
complex,0.00038
ceo,0.00038
shows,0.00038
bagger,0.00038
hrs,0.00038
recovering,0.00038
cloud,0.00038
group,0.00038
breaking,0.00038
recovery,0.00038
shares,0.00038
brain,0.00038
score,0.00038
page,0.00038
number,0.00038
opportunity,0.00038
part,0.00038
performances,0.00038
ig,0.00038
room,0.00038
pushes,0.00038
algorithms,0.00038
waiting,0.00038
capital,0.00038
investing,0.00038
bought,0.00038
bank,0.00038
http,0.00038
economy,0.00038
calling,0.00038
lows,0.00038
message,0.00038
say,0.00038
seems,0.00038
crude,0.00038
look,0.00038
limit,0.00038
elections,0.00038
situation,0.00038
french,0.00038
direction,0.00038
mean,0.00038
fried,0.00038
testing,0.00038
express,0.00038
bears,0.00038
elite,0.00038
got,0.00038
year,0.00038
dropped,0.00038
added,0.00038
midday,0.00038
control,0.00038
explained,0.00038
meaning,0.00038
losing,0.00038
inverse,0.00038
captured,0.00038
providing,0.00038
coming,0.00038
thursday,0.00038
invalid,0.00038
cross,0.00038
delivered,0.00038
ms,0.00038
monday,0.00038
wait,0.00038
corona,0.00038
visit,0.00038
head,0.00038
include,0.00038
prices,0.00038
euro,0.00038
annual,0.00038
better,0.00038
passing,0.00038
win,0.00025
report,0.00025
hurry,0.00025
watch,0.00025
losses,0.00025
weekend,0.00025
promotion,0.00025
classic,0.00025
sales,0.00025
premium,0.00025
angle,0.00025
forecast,0.00025
owed,0.00025
fight,0.00025
thanks,0.00025
economies,0.00025
nobody,0.00025
starting,0.00025
var,0.00025
accounting,0.00025
sophisticated,0.00025
rallies,0.00025
interest,0.00025
semiconductor,0.00025
understanding,0.00025
executive,0.00025
brand,0.00025
publish,0.00025
exciting,0.00025
operator,0.00025
criteria,0.00025
proven,0.00025
achieved,0.00025
balanced,0.00025
inflections,0.00025
components,0.00025
falls,0.00025
se,0.00025
hills,0.00025
reforms,0.00025
melting,0.00025
overall,0.00025
surprised,0.00025
basic,0.00025
est,0.00025
became,0.00025
stuff,0.00025
preparation,0.00025
alert,0.00025
dm,0.00025
tumbles,0.00025
leg,0.00025
warning,0.00025
apply,0.00025
listening,0.00025
struggling,0.00025
wish,0.00025
chief,0.00025
insolvency,0.00025
play,0.00025
white,0.00025
hours,0.00025
increase,0.00025
eyes,0.00025
package,0.00025
tone,0.00025
goal,0.00025
filed,0.00025
ping,0.00025
billions,0.00025
outlining,0.00025
extended,0.00025
content,0.00025
secret,0.00025
matter,0.00025
delayed,0.00025
asked,0.00025
blog,0.00025
preliminary,0.00025
departure,0.00025
earn,0.00025
covering,0.00025
fail,0.00025
gapped,0.00025
push,0.00025
constituents,0.00025
take,0.00025
rolls,0.00025
breakouts,0.00025
professional,0.00025
joins,0.00025
held,0.00025
excluded,0.00025
creditors,0.00025
adss,0.00025
zombies,0.00025
requirement,0.00025
tesla,0.00025
heads,0.00025
real,0.00025
explaining,0.00025
breach,0.00025
tweeting,0.00025
flat,0.00025
sky,0.00025
pos,0.00025
tonight,0.00025
proposals,0.00025
count,0.00025
court,0.00025
mistake,0.00025
pandemic,0.00025
pushing,0.00025
god,0.00025
welcome,0.00025
hold,0.00025
turning,0.00025
violation,0.00025
defeat,0.00025
turnover,0.00025
shoulder,0.00025
answer,0.00025
made,0.00025
absolute,0.00025
fake,0.00025
democrats,0.00025
minutes,0.00025
lines,0.00025
shocking,0.00025
hints,0.00025
concerns,0.00025
expansion,0.00025
bans,0.00025
ratio,0.00025
figures,0.00025
general,0.00025
quality,0.00025
chip,0.00025
equity,0.00025
motivation,0.00025
balance,0.00025
finds,0.00025
mark,0.00025
increases,0.00025
july,0.00025
mini,0.00025
software,0.00025
missed,0.00025
statement,0.00025
performance,0.00025
allow,0.00025
dos,0.00025
expecting,0.00025
blow,0.00025
stupids,0.00025
sector,0.00025
stay,0.00025
arrived,0.00025
selection,0.00025
membership,0.00025
fall,0.00025
management,0.00025
rookie,0.00025
increased,0.00025
node,0.00025
fact,0.00025
aims,0.00025
private,0.00025
th,0.00025
following,0.00025
started,0.00025
forming,0.00025
ends,0.00025
returns,0.00025
down,0.00025
reinforces,0.00025
simple,0.00025
tempted,0.00025
record,0.00025
holds,0.00025
traded,0.00025
expulsion,0.00025
health,0.00025
band,0.00025
smile,0.00025
tests,0.00025
peak,0.00025
reducing,0.00025
basis,0.00025
changes,0.00025
attempt,0.00025
con,0.00025
delivery,0.00025
hopes,0.00025
tuesday,0.00025
trump,0.00025
weapons,0.00025
rotations,0.00025
idea,0.00025
months,0.00025
use,0.00025
messages,0.00025
question,0.00025
commodities,0.00025
republicans,0.00025
intelligence,0.00025
submit,0.00025
likes,0.00025
refuses,0.00025
corporation,0.00025
acceptance,0.00025
fraud,0.00025
state,0.00025
component,0.00025
fade,0.00025
okay,0.00025
auto,0.00025
profitability,0.00025
utility,0.00025
little,0.00025
cap,0.00025
talent,0.00025
straight,0.00025
expand,0.00025
timing,0.00025
www,0.00025
extend,0.00025
grow,0.00025
decision,0.00025
pulled,0.00025
reach,0.00025
broke,0.00025
minor,0.00025
plan,0.00025
finishing,0.00013
pat,0.00013
till,0.00013
drama,0.00013
vaccination,0.00013
share,0.00013
november,0.00013
creating,0.00013
cover,0.00013
converging,0.00013
wise,0.00013
baba,0.00013
erase,0.00013
version,0.00013
floor,0.00013
overcome,0.00013
approaching,0.00013
specific,0.00013
combs,0.00013
path,0.00013
wall,0.00013
ceos,0.00013
helping,0.00013
spread,0.00013
cat,0.00013
weakening,0.00013
recruitment,0.00013
whack,0.00013
amazon,0.00013
relaxer,0.00013
wiped,0.00013
pajama,0.00013
photo,0.00013
averaging,0.00013
images,0.00013
reacted,0.00013
yard,0.00013
gift,0.00013
follower,0.00013
file,0.00013
revisions,0.00013
remaining,0.00013
pays,0.00013
keeping,0.00013
comparing,0.00013
symmetries,0.00013
case,0.00013
doubled,0.00013
extends,0.00013
acceded,0.00013
lockdown,0.00013
negative,0.00013
coincidence,0.00013
electricity,0.00013
confirmed,0.00013
sneak,0.00013
choices,0.00013
formed,0.00013
particular,0.00013
ev,0.00013
cooper,0.00013
clear,0.00013
arrows,0.00013
gdp,0.00013
multiple,0.00013
experience,0.00013
diagonal,0.00013
increasing,0.00013
probable,0.00013
ok,0.00013
reversal,0.00013
gateway,0.00013
brink,0.00013
twitter,0.00013
bias,0.00013
except,0.00013
behind,0.00013
created,0.00013
tl,0.00013
kind,0.00013
expert,0.00013
congratulations,0.00013
spark,0.00013
star,0.00013
front,0.00013
assets,0.00013
quiet,0.00013
tomorrow,0.00013
keep,0.00013
folks,0.00013
beginner,0.00013
disappointing,0.00013
opportunities,0.00013
sidelines,0.00013
bellow,0.00013
triangle,0.00013
toughness,0.00013
politics,0.00013
beginning,0.00013
spend,0.00013
inside,0.00013
surges,0.00013
chinese,0.00013
upbeat,0.00013
topped,0.00013
recording,0.00013
gearing,0.00013
enter,0.00013
trending,0.00013
impact,0.00013
friends,0.00013
lockdowns,0.00013
brush,0.00013
turns,0.00013
hammer,0.00013
details,0.00013
wedge,0.00013
tough,0.00013
virtue,0.00013
aviation,0.00013
dismissed,0.00013
performer,0.00013
complete,0.00013
fading,0.00013
averages,0.00013
willing,0.00013
falling,0.00013
cas,0.00013
coupled,0.00013
hand,0.00013
sellers,0.00013
dividends,0.00013
sign,0.00013
allowed,0.00013
conference,0.00013
warnings,0.00013
comes,0.00013
expectations,0.00013
rate,0.00013
protests,0.00013
services,0.00013
talks,0.00013
trial,0.00013
christmas,0.00013
entries,0.00013
avocado,0.00013
individual,0.00013
jet,0.00013
scored,0.00013
focus,0.00013
quickie,0.00013
forged,0.00013
flag,0.00013
eye,0.00013
triggering,0.00013
danish,0.00013
preference,0.00013
manner,0.00013
shedding,0.00013
fighting,0.00013
net,0.00013
moved,0.00013
headlines,0.00013
improves,0.00013
sterling,0.00013
despite,0.00013
british,0.00013
education,0.00013
paper,0.00013
ii,0.00013
plunge,0.00013
closer,0.00013
yellow,0.00013
house,0.00013
divergence,0.00013
arbitration,0.00013
challenge,0.00013
worst,0.00013
doubts,0.00013
instruments,0.00013
makers,0.00013
max,0.00013
hedge,0.00013
pay,0.00013
guidance,0.00013
provide,0.00013
rallying,0.00013
large,0.00013
sooner,0.00013
dec,0.00013
insolvencies,0.00013
pt,0.00013
ps,0.00013
tend,0.00013
provided,0.00013
listen,0.00013
worked,0.00013
struggles,0.00013
recommended,0.00013
district,0.00013
founder,0.00013
asset,0.00013
fluctuate,0.00013
estimates,0.00013
past,0.00013
keeps,0.00013
proportion,0.00013
collapsing,0.00013
boa,0.00013
gmt,0.00013
communications,0.00013
issues,0.00013
changing,0.00013
enjoy,0.00013
chaos,0.00013
major,0.00013
reversion,0.00013
circle,0.00013
tell,0.00013
humans,0.00013
starts,0.00013
ways,0.00013
fails,0.00013
speakers,0.00013
manufacturing,0.00013
pm,0.00013
tested,0.00013
job,0.00013
click,0.00013
faltering,0.00013
ground,0.00013
driving,0.00013
smooth,0.00013
te,0.00013
appears,0.00013
turned,0.00013
ft,0.00013
patient,0.00013
extension,0.00013
china,0.00013
targeting,0.00013
ending,0.00013
romans,0.00013
run,0.00013
fo,0.00013
plenty,0.00013
amazing,0.00013
john,0.00013
probability,0.00013
street,0.00013
declining,0.00013
half,0.00013
expressed,0.00013
pink,0.00013
friday,0.00013
poke,0.00013
dear,0.00013
surprises,0.00013
guess,0.00013
dens,0.00013
used,0.00013
uses,0.00013
climate,0.00013
thread,0.00013
kudos,0.00013
efforts,0.00013
drop,0.00013
cancer,0.00013
scenario,0.00013
member,0.00013
whole,0.00013
banks,0.00013
risks,0.00013
dead,0.00013
interested,0.00013
positions,0.00013
sport,0.00013
updates,0.00013
aged,0.00013
printed,0.00013
reopening,0.00013
pointing,0.00013
cant,0.00013
track,0.00013
lea,0.00013
si,0.00013
swing,0.00013
continues,0.00013
formation,0.00013
rebound,0.00013
talking,0.00013
backhand,0.00013
mover,0.00013
catch,0.00013
episodes,0.00013
food,0.00013
confidence,0.00013
army,0.00013
engine,0.00013
cut,0.00013
nearing,0.00013
hammering,0.00013
industry,0.00013
test,0.00013
toda,0.00013
left,0.00013
poised,0.00013
senior,0.00013
consumer,0.00013
sold,0.00013
giving,0.00013
issue,0.00013
example,0.00013
bets,0.00013
help,0.00013
pokes,0.00013
res,0.00013
aimed,0.00013
countries,0.00013
das,0.00013
rich,0.00013
press,0.00013
third,0.00013
supporting,0.00013
telegram,0.00013
feeling,0.00013
become,0.00013
gainer,0.00013
yielding,0.00013
horizontal,0.00013
glance,0.00013
reported,0.00013
ruled,0.00013
hitting,0.00013
notice,0.00013
bps,0.00013
fears,0.00013
shit,0.00013
wed,0.00013
flashing,0.00013
hope,0.00013
sulphur,0.00013
indicative,0.00013
accountants,0.00013
areas,0.00013
pump,0.00013
respect,0.00013
things,0.00013
turn,0.00013
ag,0.00013
someone,0.00013
wednesday,0.00013
tensions,0.00013
rotary,0.00013
rounding,0.00013
patience,0.00013
going,0.00013
fundamental,0.00013
pick,0.00013
dips,0.00013
think,0.00013
nowadays,0.00013
blogs,0.00013
customers,0.00013
publication,0.00013
making,0.00013
show,0.00013
vaccine,0.00013
study,0.00013
couple,0.00013
wind,0.00013
pro,0.00013
heavy,0.00013
assistance,0.00013
exceeded,0.00013
liquid,0.00013
peek,0.00013
changed,0.00013
reacting,0.00013
obeying,0.00013
change,0.00013
runs,0.00013
board,0.00013
summary,0.00013
losts,0.00013
frustrating,0.00013
drag,0.00013
indicates,0.00013
prints,0.00013
weeks,0.00013
crash,0.00013
triggered,0.00013
el,0.00013
portion,0.00013
old,0.00013
exchanges,0.00013
map,0.00013
fed,0.00013
effect,0.00013
regained,0.00013
be,0.00013
pharma,0.00013
breakup,0.00013
networks,0.00013
emerged,0.00013
shoulders,0.00013
rejection,0.00013
token,0.00013
mar,0.00013
siemens,0.00013
entire,0.00013
loves,0.00013
bull,0.00013
director,0.00013
yea,0.00013
defense,0.00013
list,0.00013
chance,0.00013
graduate,0.00013
wheel,0.00013
season,0.00013
clicks,0.00013
glad,0.00013
conditions,0.00013
fidelity,0.00013
nas,0.00013
rescue,0.00013
secs,0.00013
martin,0.00013
minute,0.00013
yr,0.00013
apparel,0.00013
playing,0.00013
topping,0.00013
trigger,0.00013
meeting,0.00013
gets,0.00013
span,0.00013
needed,0.00013
lifted,0.00013
dump,0.00013
buys,0.00013
panic,0.00013
avocados,0.00013
consolidate,0.00013
groups,0.00013
pair,0.00013
indicated,0.00013
attempts,0.00013
events,0.00013
sided,0.00013
