co,0.10021
https,0.09326
check,0.03113
vintage,0.01191
buy,0.00927
items,0.00898
bay,0.00832
like,0.00717
sale,0.00713
deal,0.006
size,0.00558
good,0.00433
amp,0.0043
found,0.0041
free,0.00393
box,0.0034
men,0.00335
auction,0.00333
black,0.00331
silver,0.00311
blue,0.00307
retro,0.00296
gold,0.00293
bucks,0.00276
best,0.00263
lot,0.0026
white,0.00256
price,0.00247
shipping,0.0023
look,0.00225
christmas,0.00219
said,0.00218
ad,0.00216
shirt,0.00216
glass,0.00201
book,0.00199
get,0.00199
long,0.00199
old,0.00198
women,0.00198
antique,0.00188
make,0.00188
green,0.00183
red,0.00183
card,0.00177
watch,0.00176
art,0.00176
game,0.00174
large,0.00172
sell,0.00172
dress,0.00168
necklace,0.00168
day,0.00166
ring,0.00161
pin,0.00159
original,0.00157
offer,0.00155
team,0.00154
sales,0.00152
star,0.00148
top,0.00144
company,0.00144
hand,0.00144
comics,0.00144
back,0.00139
see,0.00137
earrings,0.00137
sterling,0.00137
games,0.00135
selling,0.0013
brand,0.00128
books,0.00128
got,0.00126
go,0.00126
comic,0.00124
brown,0.00123
pink,0.00121
gaming,0.00119
cover,0.00117
store,0.00117
gift,0.00115
year,0.00115
people,0.00113
jewelry,0.00113
going,0.00112
collection,0.00112
time,0.00112
set,0.00112
edition,0.0011
category,0.0011
love,0.0011
ship,0.00106
roc,0.00106
cards,0.00102
wars,0.00101
style,0.00101
save,0.00101
earnings,0.00101
clubhouse,0.00101
gray,0.00101
week,0.00099
trying,0.00099
cat,0.00099
tie,0.00099
google,0.00097
amazon,0.00097
bag,0.00097
small,0.00097
ps,0.00097
super,0.00097
series,0.00095
limited,0.00093
holder,0.00093
round,0.00093
offers,0.00093
deals,0.00093
yellow,0.00093
mint,0.00093
life,0.00091
world,0.00091
bracelet,0.0009
cd,0.0009
fees,0.0009
media,0.0009
switch,0.0009
tone,0.0009
business,0.0009
cfs,0.00088
fashion,0.00088
pendant,0.00088
last,0.00088
search,0.00086
apple,0.00086
medium,0.00086
location,0.00086
market,0.00086
design,0.00086
stock,0.00086
natural,0.00086
japan,0.00084
money,0.00084
find,0.00084
football,0.00082
link,0.00082
first,0.00082
metal,0.00082
cut,0.00082
mens,0.00082
print,0.00082
listing,0.00082
home,0.0008
high,0.0008
light,0.0008
full,0.00079
manual,0.00079
complete,0.00079
jeans,0.00077
signed,0.00077
play,0.00077
xl,0.00077
diamond,0.00077
sealed,0.00077
console,0.00077
cotton,0.00077
rose,0.00075
code,0.00075
jersey,0.00075
great,0.00075
man,0.00075
classic,0.00075
color,0.00075
shop,0.00075
add,0.00075
board,0.00075
made,0.00075
item,0.00073
jacket,0.00073
marvel,0.00071
bought,0.00071
baby,0.00071
case,0.00071
figure,0.00071
brooch,0.0007
service,0.0007
fine,0.0007
order,0.0007
york,0.0007
dvd,0.0007
quarter,0.0007
toy,0.0007
shares,0.00068
pro,0.00068
action,0.00068
clear,0.00068
comps,0.00068
short,0.00068
vinyl,0.00066
mouse,0.00066
need,0.00066
car,0.00066
trading,0.00066
know,0.00066
country,0.00064
heart,0.00064
ceramic,0.00064
doll,0.00064
help,0.00064
shoes,0.00064
front,0.00062
coin,0.00062
open,0.00062
ends,0.00062
news,0.00062
decor,0.0006
little,0.0006
paperback,0.0006
cross,0.0006
using,0.0006
seller,0.0006
days,0.0006
steel,0.00059
painting,0.00059
well,0.00059
purple,0.00059
oil,0.00059
use,0.00059
dark,0.00057
musk,0.00057
straw,0.00057
take,0.00057
low,0.00057
left,0.00057
savings,0.00057
hate,0.00055
base,0.00055
scarf,0.00055
stud,0.00055
photo,0.00055
looking,0.00055
still,0.00055
cup,0.00055
sweater,0.00053
post,0.00053
pants,0.00053
porcelain,0.00053
clothing,0.00053
even,0.00053
social,0.00053
pottery,0.00053
flower,0.00053
rules,0.00053
years,0.00053
bowl,0.00053
plate,0.00053
lego,0.00053
tonight,0.00053
shoulder,0.00053
collectibles,0.00051
button,0.00051
second,0.00051
silk,0.00051
spokeswoman,0.00051
much,0.00051
power,0.00051
view,0.00051
trade,0.00049
trump,0.00049
in,0.00049
support,0.00049
cap,0.00049
grey,0.00049
school,0.00049
stone,0.00049
truck,0.00049
users,0.00049
plush,0.00049
figurine,0.00048
piece,0.00048
amazing,0.00048
mug,0.00048
comment,0.00048
work,0.00048
bid,0.00048
john,0.00048
pop,0.00048
iron,0.00048
factory,0.00048
today,0.00048
coffee,0.00046
leather,0.00046
mm,0.00046
looks,0.00046
stake,0.00046
wood,0.00046
sharing,0.00046
filing,0.00046
miles,0.00046
investors,0.00046
want,0.00046
came,0.00046
president,0.00044
station,0.00044
jewellery,0.00044
house,0.00044
record,0.00044
studio,0.00044
music,0.00044
poster,0.00044
point,0.00044
golf,0.00044
postcard,0.00044
say,0.00044
products,0.00044
kit,0.00044
firm,0.00044
air,0.00044
double,0.00044
pair,0.00044
modern,0.00044
date,0.00044
condition,0.00044
heavy,0.00044
vi,0.00044
companies,0.00042
track,0.00042
fall,0.00042
morning,0.00042
site,0.00042
chain,0.00042
auto,0.00042
video,0.00042
monday,0.00042
ford,0.00042
charity,0.00042
mount,0.00042
buying,0.00042
face,0.00042
body,0.00042
skirt,0.00042
wear,0.00042
tweeted,0.00042
mini,0.00042
summer,0.00042
drop,0.00042
try,0.00042
took,0.00042
sold,0.0004
thanks,0.0004
cost,0.0004
animal,0.0004
film,0.0004
canvas,0.0004
wall,0.0004
things,0.0004
serving,0.0004
pack,0.0004
gifts,0.0004
live,0.0004
adult,0.0004
camera,0.0004
band,0.0004
wedding,0.0004
girl,0.0004
candle,0.0004
fire,0.0004
real,0.0004
bundle,0.0004
way,0.0004
oval,0.0004
place,0.0004
inch,0.0004
investment,0.0004
beads,0.0004
strategy,0.00038
rock,0.00038
think,0.00038
kids,0.00038
content,0.00038
chinese,0.00038
general,0.00038
someone,0.00038
bike,0.00038
speech,0.00038
field,0.00038
ceo,0.00038
hours,0.00038
boxed,0.00038
pocket,0.00038
fund,0.00038
records,0.00038
show,0.00038
worth,0.00038
charm,0.00038
party,0.00038
partner,0.00038
hair,0.00038
kind,0.00038
block,0.00038
orange,0.00037
street,0.00037
cast,0.00037
month,0.00037
baseball,0.00037
working,0.00037
purchase,0.00037
bank,0.00037
version,0.00037
picture,0.00037
sellers,0.00037
collectible,0.00037
inc,0.00037
blend,0.00037
square,0.00037
crafts,0.00037
cultured,0.00037
neck,0.00037
rhinestone,0.00037
water,0.00037
wants,0.00035
magazine,0.00035
average,0.00035
daily,0.00035
commerce,0.00035
comfort,0.00035
antiques,0.00035
coat,0.00035
delivery,0.00035
disc,0.00035
links,0.00035
sewing,0.00035
royal,0.00035
stop,0.00035
data,0.00035
september,0.00035
fast,0.00035
boss,0.00035
shorts,0.00035
fit,0.00035
stocks,0.00035
image,0.00035
chief,0.00035
sign,0.00035
james,0.00035
end,0.00035
dc,0.00033
psa,0.00033
winter,0.00033
deco,0.00033
including,0.00033
model,0.00033
pushed,0.00033
glasses,0.00033
freshwater,0.00033
lights,0.00033
united,0.00033
shores,0.00033
ex,0.00033
share,0.00033
says,0.00033
re,0.00033
pattern,0.00033
hi,0.00033
crystal,0.00033
right,0.00033
number,0.00033
signs,0.00033
scans,0.00033
former,0.00033
american,0.00033
toys,0.00033
zip,0.00033
ornaments,0.00033
pearl,0.00033
painted,0.00031
led,0.00031
value,0.00031
history,0.00031
replica,0.00031
department,0.00031
prices,0.00031
stars,0.00031
product,0.00031
grab,0.00031
account,0.00031
return,0.00031
choice,0.00031
thing,0.00031
walker,0.00031
coming,0.00031
lace,0.00031
added,0.00031
basketball,0.00031
outside,0.00031
engagement,0.00031
pay,0.00031
accounts,0.00031
file,0.00031
exclusive,0.00031
proceeds,0.00031
boot,0.00031
ct,0.00031
main,0.00031
third,0.00031
polo,0.00031
tues,0.00031
pullover,0.00031
perfect,0.00031
straight,0.00029
seat,0.00029
evil,0.00029
racing,0.00029
clip,0.00029
movie,0.00029
report,0.00029
solid,0.00029
move,0.00029
custom,0.00029
stores,0.00029
stuff,0.00029
trinket,0.00029
club,0.00029
www,0.00029
stitch,0.00029
child,0.00029
platforms,0.00029
couple,0.00029
tea,0.00029
miniature,0.00029
sports,0.00029
told,0.00029
declined,0.00029
info,0.00029
stainless,0.00029
night,0.00029
law,0.00029
paper,0.00029
putting,0.00029
smith,0.00029
bidding,0.00029
sea,0.00029
invitations,0.00029
rookie,0.00029
profile,0.00029
leaves,0.00029
notes,0.00027
machine,0.00027
stretch,0.00027
ill,0.00027
according,0.00027
musical,0.00027
dog,0.00027
system,0.00027
goods,0.00027
event,0.00027
phone,0.00027
nature,0.00027
logo,0.00027
sport,0.00027
technology,0.00027
owl,0.00027
xmas,0.00027
bit,0.00027
bricks,0.00027
notable,0.00027
customers,0.00027
flat,0.00027
follow,0.00027
pumpkin,0.00027
bear,0.00027
holidays,0.00027
getting,0.00027
controller,0.00027
dragon,0.00027
mt,0.00027
century,0.00027
group,0.00027
part,0.00027
war,0.00027
striped,0.00027
sugar,0.00027
age,0.00027
bowman,0.00027
resident,0.00027
advertising,0.00027
womens,0.00026
backpack,0.00026
eye,0.00026
points,0.00026
moving,0.00026
belt,0.00026
running,0.00026
spider,0.00026
food,0.00026
issue,0.00026
boy,0.00026
cm,0.00026
blouse,0.00026
frame,0.00026
state,0.00026
playing,0.00026
patterns,0.00026
reports,0.00026
fruit,0.00026
shopping,0.00026
tank,0.00026
coins,0.00026
thread,0.00026
vat,0.00026
battery,0.00026
spring,0.00026
nes,0.00026
abuse,0.00026
showed,0.00026
finish,0.00026
dollar,0.00026
settlement,0.00026
children,0.00026
moon,0.00026
pins,0.00026
hour,0.00026
twitter,0.00026
jumper,0.00026
international,0.00026
interested,0.00026
campaign,0.00026
tell,0.00026
purse,0.00026
autograph,0.00026
july,0.00026
museum,0.00026
months,0.00026
single,0.00026
weeks,0.00026
interest,0.00024
city,0.00024
practice,0.00024
extra,0.00024
start,0.00024
care,0.00024
sweatshirt,0.00024
pc,0.00024
childs,0.00024
rings,0.00024
quick,0.00024
confirmed,0.00024
beach,0.00024
ds,0.00024
revenue,0.00024
bond,0.00024
vase,0.00024
tote,0.00024
fan,0.00024
bow,0.00024
shops,0.00024
beige,0.00024
harvest,0.00024
estate,0.00024
craft,0.00024
latest,0.00024
mixed,0.00024
net,0.00024
cold,0.00024
inches,0.00024
talk,0.00024
boxes,0.00024
solitaire,0.00024
rope,0.00024
marketplace,0.00024
knitted,0.00024
batman,0.00024
wrap,0.00024
justice,0.00024
transformers,0.00024
stand,0.00024
saying,0.00024
battle,0.00024
ready,0.00024
shirts,0.00024
skull,0.00024
eu,0.00024
makes,0.00024
china,0.00024
french,0.00024
screen,0.00022
october,0.00022
making,0.00022
birthday,0.00022
spoon,0.00022
voucher,0.00022
amethyst,0.00022
dockers,0.00022
special,0.00022
gun,0.00022
discounts,0.00022
pages,0.00022
tall,0.00022
central,0.00022
clothes,0.00022
attraction,0.00022
better,0.00022
march,0.00022
waist,0.00022
police,0.00022
type,0.00022
lamp,0.00022
bronze,0.00022
total,0.00022
wine,0.00022
paint,0.00022
ball,0.00022
shows,0.00022
celtic,0.00022
abstract,0.00022
timberland,0.00022
magic,0.00022
kingdom,0.00022
drive,0.00022
university,0.00022
kitchen,0.00022
designer,0.00022
filings,0.00022
tales,0.00022
keep,0.00022
plastic,0.00022
platform,0.00022
assorted,0.00022
closed,0.00022
auctions,0.00022
tin,0.00022
collect,0.00022
tv,0.00022
halo,0.00022
tag,0.00022
hardcover,0.00022
stamps,0.00022
tour,0.00022
gemstone,0.00022
colors,0.00022
diesel,0.00022
pan,0.00022
changes,0.00022
girls,0.00022
premium,0.00022
sleeve,0.00022
hedge,0.00022
globe,0.0002
network,0.0002
candy,0.0002
give,0.0002
biz,0.0002
cushion,0.0002
control,0.0002
list,0.0002
computer,0.0002
rotors,0.0002
plan,0.0002
package,0.0002
started,0.0002
pump,0.0002
mother,0.0002
experience,0.0002
tags,0.0002
embroidered,0.0002
beaded,0.0002
cocktail,0.0002
xs,0.0002
wait,0.0002
holiday,0.0002
violating,0.0002
taking,0.0002
remember,0.0002
april,0.0002
wonder,0.0002
sizes,0.0002
takeover,0.0002
clutch,0.0002
boots,0.0002
secret,0.0002
owner,0.0002
harassment,0.0002
cloth,0.0002
measures,0.0002
badge,0.0002
designs,0.0002
states,0.0002
planet,0.0002
tray,0.0002
merchandise,0.0002
alert,0.0002
safety,0.0002
details,0.0002
carry,0.0002
soccer,0.0002
steal,0.0002
events,0.0002
youth,0.0002
engine,0.0002
denim,0.0002
horse,0.0002
brass,0.0002
scene,0.0002
mobile,0.0002
boat,0.0002
hobo,0.0002
yarn,0.0002
photos,0.0002
die,0.00018
raise,0.00018
class,0.00018
conspiracy,0.00018
lawyer,0.00018
panel,0.00018
mansion,0.00018
selection,0.00018
prosecutors,0.00018
key,0.00018
van,0.00018
slide,0.00018
ray,0.00018
gen,0.00018
heroes,0.00018
touchstone,0.00018
monster,0.00018
person,0.00018
hits,0.00018
side,0.00018
barrow,0.00018
cleansing,0.00018
theories,0.00018
official,0.00018
hanging,0.00018
run,0.00018
slim,0.00018
head,0.00018
italian,0.00018
clean,0.00018
exercise,0.00018
pieces,0.00018
west,0.00018
change,0.00018
variant,0.00018
witch,0.00018
japanese,0.00018
dead,0.00018
lined,0.00018
eagle,0.00018
questions,0.00018
feel,0.00018
join,0.00018
come,0.00018
listings,0.00018
artist,0.00018
yes,0.00018
government,0.00018
saw,0.00018
stretched,0.00018
display,0.00018
basic,0.00018
industries,0.00018
individual,0.00018
simplicity,0.00018
friends,0.00018
ornament,0.00018
major,0.00018
collector,0.00018
lead,0.00018
tech,0.00018
wallet,0.00018
regular,0.00018
theme,0.00018
lapel,0.00018
patch,0.00018
western,0.00018
korean,0.00018
charge,0.00018
sticker,0.00018
groups,0.00018
cartoon,0.00018
ban,0.00018
cookie,0.00018
duty,0.00018
bks,0.00018
proof,0.00018
helped,0.00018
pewter,0.00018
talking,0.00018
cream,0.00018
direct,0.00018
winners,0.00018
pot,0.00018
distressed,0.00016
pencil,0.00016
concerns,0.00016
form,0.00016
wild,0.00016
description,0.00016
copy,0.00016
dish,0.00016
source,0.00016
seeing,0.00016
starting,0.00016
jet,0.00016
windsor,0.00016
stick,0.00016
mix,0.00016
lp,0.00016
buzz,0.00016
strap,0.00016
victorian,0.00016
visit,0.00016
blocked,0.00016
travel,0.00016
basket,0.00016
executives,0.00016
throw,0.00016
period,0.00016
flying,0.00016
forks,0.00016
souvenir,0.00016
stuffed,0.00016
gem,0.00016
deep,0.00016
church,0.00016
mg,0.00016
bottle,0.00016
cable,0.00016
investor,0.00016
smart,0.00016
press,0.00016
shape,0.00016
bead,0.00016
shaped,0.00016
familiar,0.00016
suit,0.00016
ones,0.00016
donkey,0.00016
tickets,0.00016
pick,0.00016
stepped,0.00016
guys,0.00016
ratings,0.00016
awakening,0.00016
resin,0.00016
active,0.00016
college,0.00016
watermarks,0.00016
wool,0.00016
cool,0.00016
guess,0.00016
fancy,0.00016
safe,0.00016
electric,0.00016
orders,0.00016
project,0.00016
crew,0.00016
communities,0.00016
story,0.00016
hallmark,0.00016
mice,0.00016
halloween,0.00016
hello,0.00016
marine,0.00016
tranquility,0.00016
sweet,0.00016
floor,0.00016
sheet,0.00016
bad,0.00016
figures,0.00016
idea,0.00016
blanket,0.00016
keyboard,0.00016
ladies,0.00016
message,0.00016
brandy,0.00016
profits,0.00016
review,0.00016
towel,0.00016
collectors,0.00016
appearance,0.00016
force,0.00016
copper,0.00016
fossil,0.00016
ending,0.00016
guide,0.00016
ideas,0.00016
management,0.00016
competition,0.00016
outfit,0.00016
graded,0.00016
executive,0.00016
quilted,0.00016
max,0.00016
past,0.00016
family,0.00016
fs,0.00016
crochet,0.00016
silverware,0.00016
electronics,0.00015
trim,0.00015
potter,0.00015
radio,0.00015
wheels,0.00015
statement,0.00015
marketplaces,0.00015
league,0.00015
cabinet,0.00015
accessories,0.00015
theory,0.00015
zippered,0.00015
greek,0.00015
sculpture,0.00015
machines,0.00015
costume,0.00015
veteran,0.00015
nickel,0.00015
followers,0.00015
mask,0.00015
dollhouse,0.00015
doctor,0.00015
winner,0.00015
tools,0.00015
memorabilia,0.00015
replacement,0.00015
industry,0.00015
stones,0.00015
local,0.00015
investigation,0.00015
lodge,0.00015
article,0.00015
pictures,0.00015
federal,0.00015
gc,0.00015
emerald,0.00015
goes,0.00015
lots,0.00015
drilled,0.00015
string,0.00015
brands,0.00015
let,0.00015
lawyers,0.00015
bids,0.00015
grade,0.00015
dry,0.00015
included,0.00015
minutes,0.00015
crumbs,0.00015
carats,0.00015
waterproof,0.00015
posts,0.00015
beliefs,0.00015
bracket,0.00015
wanted,0.00015
hat,0.00015
investing,0.00015
laser,0.00015
activist,0.00015
private,0.00015
members,0.00015
adding,0.00015
range,0.00015
orchard,0.00015
sites,0.00015
ways,0.00015
carved,0.00015
finds,0.00015
letter,0.00015
bird,0.00015
russian,0.00015
british,0.00015
paid,0.00015
property,0.00015
nothing,0.00015
bar,0.00015
fly,0.00015
friend,0.00015
leading,0.00015
hooded,0.00015
navy,0.00015
marc,0.00015
sunglasses,0.00015
scholastic,0.00015
works,0.00015
pricing,0.00015
artwork,0.00015
exchange,0.00015
quiet,0.00015
reporting,0.00015
dogs,0.00015
military,0.00015
guy,0.00015
space,0.00015
masks,0.00015
job,0.00015
marks,0.00015
plain,0.00015
liquid,0.00015
collectable,0.00015
win,0.00015
stamp,0.00015
marquetry,0.00015
fans,0.00015
warm,0.00015
charming,0.00015
staff,0.00015
choosing,0.00015
autumn,0.00015
focus,0.00015
posted,0.00015
colour,0.00015
auctioning,0.00015
specific,0.00015
researchers,0.00015
slip,0.00015
lounge,0.00015
spend,0.00015
lord,0.00015
genesis,0.00015
seems,0.00015
trends,0.00015
scale,0.00015
wireless,0.00015
reversible,0.00015
cake,0.00015
audio,0.00015
jar,0.00015
venture,0.00015
editing,0.00015
starter,0.00015
supporting,0.00015
shimmer,0.00015
sunday,0.00015
lets,0.00015
crazy,0.00013
benchmark,0.00013
listening,0.00013
layering,0.00013
stripes,0.00013
stickers,0.00013
fantasy,0.00013
detail,0.00013
manager,0.00013
blood,0.00013
household,0.00013
activities,0.00013
public,0.00013
land,0.00013
egg,0.00013
performance,0.00013
customs,0.00013
homes,0.00013
dolls,0.00013
spare,0.00013
videos,0.00013
parts,0.00013
oxford,0.00013
cc,0.00013
assets,0.00013
surrey,0.00013
tudor,0.00013
clients,0.00013
gain,0.00013
organic,0.00013
winged,0.00013
stocking,0.00013
send,0.00013
cart,0.00013
gemstones,0.00013
princess,0.00013
mail,0.00013
allies,0.00013
packers,0.00013
wire,0.00013
tennis,0.00013
treasures,0.00013
leg,0.00013
matter,0.00013
honey,0.00013
quality,0.00013
vines,0.00013
following,0.00013
hope,0.00013
read,0.00013
studs,0.00013
memories,0.00013
brooks,0.00013
calls,0.00013
hill,0.00013
put,0.00013
leaf,0.00013
knit,0.00013
linen,0.00013
albums,0.00013
decoration,0.00013
personal,0.00013
heat,0.00013
editor,0.00013
drink,0.00013
weave,0.00013
surprise,0.00013
blog,0.00013
concert,0.00013
gym,0.00013
center,0.00013
borders,0.00013
cardigan,0.00013
newsletter,0.00013
cuff,0.00013
pics,0.00013
charts,0.00013
regulators,0.00013
descenders,0.00013
used,0.00013
maker,0.00013
positive,0.00013
tuesday,0.00013
season,0.00013
embroidery,0.00013
mystery,0.00013
bargain,0.00013
storage,0.00013
waistband,0.00013
brick,0.00013
portable,0.00013
standard,0.00013
bulk,0.00013
task,0.00013
sets,0.00013
sandstone,0.00013
fucking,0.00013
reproduction,0.00013
removed,0.00013
surf,0.00013
jump,0.00013
assay,0.00013
training,0.00013
postcards,0.00013
pence,0.00013
watched,0.00013
stunning,0.00013
michael,0.00013
legend,0.00013
yield,0.00013
checkout,0.00013
vs,0.00013
peanuts,0.00013
delay,0.00013
aid,0.00013
ask,0.00013
bangle,0.00013
weekly,0.00013
brake,0.00013
bes,0.00013
discount,0.00013
classics,0.00013
tablet,0.00013
enamel,0.00013
pool,0.00013
flies,0.00013
dirt,0.00013
odds,0.00013
yesterday,0.00013
beret,0.00013
puzzle,0.00013
collar,0.00013
buyer,0.00013
request,0.00013
player,0.00013
handbag,0.00013
note,0.00013
problem,0.00013
click,0.00013
usa,0.00013
etched,0.00013
enough,0.00013
friendly,0.00013
core,0.00013
village,0.00013
eb,0.00013
workers,0.00013
tower,0.00013
funds,0.00013
garden,0.00013
includes,0.00013
shell,0.00013
standee,0.00013
thousands,0.00013
actions,0.00013
updates,0.00013
fair,0.00013
fur,0.00013
label,0.00013
leggings,0.00013
desktop,0.00013
potential,0.00013
half,0.00013
call,0.00011
path,0.00011
spread,0.00011
behind,0.00011
course,0.00011
shipped,0.00011
evening,0.00011
targets,0.00011
charges,0.00011
blazer,0.00011
pennant,0.00011
self,0.00011
closure,0.00011
grand,0.00011
mold,0.00011
boats,0.00011
bull,0.00011
row,0.00011
affairs,0.00011
brook,0.00011
coral,0.00011
peer,0.00011
reached,0.00011
sleeves,0.00011
retired,0.00011
novel,0.00011
wrinkle,0.00011
kid,0.00011
giving,0.00011
longer,0.00011
demand,0.00011
ads,0.00011
argus,0.00011
fishing,0.00011
gi,0.00011
badges,0.00011
rover,0.00011
opportunities,0.00011
bikes,0.00011
tiger,0.00011
court,0.00011
hands,0.00011
rangefinder,0.00011
quilt,0.00011
information,0.00011
frankenstein,0.00011
charger,0.00011
activism,0.00011
contemporary,0.00011
policy,0.00011
feedback,0.00011
oyster,0.00011
fleer,0.00011
claims,0.00011
concept,0.00011
pressure,0.00011
reviews,0.00011
takes,0.00011
democrats,0.00011
repair,0.00011
brothers,0.00011
th,0.00011
missing,0.00011
december,0.00011
road,0.00011
lee,0.00011
remove,0.00011
section,0.00011
hero,0.00011
initial,0.00011
refund,0.00011
young,0.00011
telecommunications,0.00011
entrepreneurs,0.00011
daughter,0.00011
tips,0.00011
jack,0.00011
agate,0.00011
starboard,0.00011
hall,0.00011
role,0.00011
android,0.00011
rack,0.00011
reputation,0.00011
catalyst,0.00011
cowl,0.00011
please,0.00011
afternoon,0.00011
step,0.00011
republican,0.00011
sells,0.00011
triple,0.00011
autographed,0.00011
neon,0.00011
rich,0.00011
poinsettia,0.00011
turtle,0.00011
wedge,0.00011
middle,0.00011
cargo,0.00011
national,0.00011
tweet,0.00011
winning,0.00011
choker,0.00011
visor,0.00011
intelligence,0.00011
jackets,0.00011
believe,0.00011
volume,0.00011
pearls,0.00011
investments,0.00011
ge,0.00011
future,0.00011
editors,0.00011
train,0.00011
spirit,0.00011
invests,0.00011
gs,0.00011
essential,0.00011
royalty,0.00011
memory,0.00011
tunes,0.00011
eclectics,0.00011
knight,0.00011
boys,0.00011
alphabet,0.00011
material,0.00011
union,0.00011
berlin,0.00011
zea,0.00011
loose,0.00011
listed,0.00011
liquidated,0.00011
highs,0.00011
peace,0.00011
gourd,0.00011
paisley,0.00011
graphic,0.00011
reverse,0.00011
nylon,0.00011
balls,0.00011
fill,0.00011
hosts,0.00011
background,0.00011
scheme,0.00011
impact,0.00011
door,0.00011
perry,0.00011
issues,0.00011
folk,0.00011
plated,0.00011
eager,0.00011
bicycle,0.00011
activists,0.00011
window,0.00011
shed,0.00011
disk,0.00011
boring,0.00011
yoga,0.00011
jan,0.00011
stay,0.00011
cause,0.00011
mon,0.00011
sent,0.00011
mike,0.00011
choose,0.00011
launching,0.00011
investigations,0.00011
hobby,0.00011
outlet,0.00011
capital,0.00011
hats,0.00011
quartz,0.00011
bridal,0.00011
runs,0.00011
pencils,0.00011
option,0.00011
joined,0.00011
missteps,0.00011
final,0.00011
desk,0.00011
packs,0.00011
coventry,0.00011
ruby,0.00011
cant,0.00011
pilot,0.00011
wed,0.00011
spares,0.00011
basis,0.00011
creamer,0.00011
name,0.00011
tan,0.00011
bride,0.00011
salt,0.00011
fighting,0.00011
thin,0.00011
recommendation,0.00011
tested,0.00011
driving,0.00011
clearance,0.00011
fix,0.00011
up,0.00011
markets,0.00011
velvet,0.00011
mounters,0.00011
program,0.00011
turquoise,0.00011
bowls,0.00011
teal,0.00011
gained,0.00011
removing,0.00011
copyright,0.00011
leaders,0.00011
tracking,0.00011
finding,0.00011
snowman,0.00011
plant,0.00011
alien,0.00011
stories,0.00011
closing,0.00011
quarters,0.00011
speed,0.00011
barn,0.00011
lens,0.00011
grown,9e-05
increasing,9e-05
beetle,9e-05
created,9e-05
relief,9e-05
folks,9e-05
analogies,9e-05
sparked,9e-05
devices,9e-05
sheath,9e-05
favourite,9e-05
keeps,9e-05
bib,9e-05
controllers,9e-05
digest,9e-05
soup,9e-05
due,9e-05
insanity,9e-05
satin,9e-05
id,9e-05
giveaway,9e-05
messages,9e-05
lake,9e-05
pickup,9e-05
death,9e-05
annual,9e-05
moderating,9e-05
interaction,9e-05
backs,9e-05
moderate,9e-05
mickey,9e-05
pig,9e-05
motorcycle,9e-05
notebook,9e-05
moved,9e-05
sky,9e-05
washers,9e-05
prep,9e-05
test,9e-05
statue,9e-05
criticized,9e-05
captain,9e-05
abuses,9e-05
summary,9e-05
gap,9e-05
indicators,9e-05
wow,9e-05
organizing,9e-05
close,9e-05
restaurant,9e-05
furniture,9e-05
watercolor,9e-05
podcasting,9e-05
carpet,9e-05
folding,9e-05
growing,9e-05
rolls,9e-05
anti,9e-05
propel,9e-05
employees,9e-05
hear,9e-05
smooth,9e-05
heres,9e-05
line,9e-05
signing,9e-05
advance,9e-05
kerosene,9e-05
outcome,9e-05
protector,9e-05
surfing,9e-05
dainty,9e-05
warriors,9e-05
chrome,9e-05
bottom,9e-05
numbers,9e-05
analysts,9e-05
tesla,9e-05
calendar,9e-05
lock,9e-05
midnight,9e-05
senior,9e-05
tube,9e-05
sun,9e-05
caught,9e-05
runner,9e-05
dialogue,9e-05
happened,9e-05
trash,9e-05
canister,9e-05
cases,9e-05
rabbit,9e-05
monthly,9e-05
packaging,9e-05
weird,9e-05
at,9e-05
fact,9e-05
commemorative,9e-05
violet,9e-05
wheel,9e-05
detect,9e-05
partners,9e-05
hearts,9e-05
permanent,9e-05
se,9e-05
buyers,9e-05
nutrition,9e-05
rooms,9e-05
watching,9e-05
rating,9e-05
heads,9e-05
rainbow,9e-05
generation,9e-05
buttons,9e-05
alexander,9e-05
poised,9e-05
pepper,9e-05
trainer,9e-05
features,9e-05
subscriptions,9e-05
sensor,9e-05
ac,9e-05
rear,9e-05
mo,9e-05
vest,9e-05
academia,9e-05
monkey,9e-05
hamlet,9e-05
mean,9e-05
favorite,9e-05
reader,9e-05
charlotte,9e-05
avengers,9e-05
beat,9e-05
zinc,9e-05
hoops,9e-05
tidy,9e-05
shack,9e-05
necklaces,9e-05
knowing,9e-05
fits,9e-05
snifter,9e-05
squad,9e-05
bargains,9e-05
startup,9e-05
errors,9e-05
page,9e-05
pandemic,9e-05
clubs,9e-05
probe,9e-05
funding,9e-05
building,9e-05
shit,9e-05
wednesday,9e-05
inspired,9e-05
snacks,9e-05
operated,9e-05
weather,9e-05
carat,9e-05
pull,9e-05
hulk,9e-05
eyes,9e-05
plates,9e-05
cocoa,9e-05
push,9e-05
billionaire,9e-05
idle,9e-05
tourism,9e-05
ii,9e-05
joy,9e-05
hold,9e-05
lion,9e-05
cube,9e-05
tax,9e-05
camouflage,9e-05
cleaner,9e-05
institute,9e-05
monitor,9e-05
hotel,9e-05
peony,9e-05
likes,9e-05
era,9e-05
chats,9e-05
cluster,9e-05
moment,9e-05
camp,9e-05
mercury,9e-05
tumbler,9e-05
dot,9e-05
flowers,9e-05
ordered,9e-05
hooks,9e-05
consider,9e-05
motion,9e-05
reply,9e-05
pockets,9e-05
gymnastics,9e-05
hawaiian,9e-05
so,9e-05
ridge,9e-05
myth,9e-05
pile,9e-05
mac,9e-05
january,9e-05
metallic,9e-05
workbook,9e-05
bill,9e-05
carp,9e-05
breakfast,9e-05
dash,9e-05
yarns,9e-05
chairs,9e-05
fortune,9e-05
unknown,9e-05
schedule,9e-05
hints,9e-05
infinity,9e-05
supported,9e-05
brokerage,9e-05
introverts,9e-05
juice,9e-05
charms,9e-05
blank,9e-05
luck,9e-05
branded,9e-05
broke,9e-05
knife,9e-05
booster,9e-05
album,9e-05
descriptions,9e-05
north,9e-05
fake,9e-05
slotted,9e-05
bat,9e-05
become,9e-05
hunter,9e-05
rudeness,9e-05
cds,9e-05
starred,9e-05
miss,9e-05
elastic,9e-05
backlash,9e-05
portfolio,9e-05
feels,9e-05
forward,9e-05
fish,9e-05
bus,9e-05
sat,9e-05
quilts,9e-05
software,9e-05
wash,9e-05
movies,9e-05
example,9e-05
tarts,9e-05
trinity,9e-05
reminder,9e-05
con,9e-05
tomorrow,9e-05
retailer,9e-05
living,9e-05
butterfly,9e-05
resistance,9e-05
wing,9e-05
bob,9e-05
hp,9e-05
rain,9e-05
queen,9e-05
founding,9e-05
rise,9e-05
true,9e-05
wife,9e-05
ticket,9e-05
booklet,9e-05
kat,9e-05
blinders,9e-05
tried,9e-05
gb,9e-05
english,9e-05
amber,9e-05
sex,9e-05
bring,9e-05
legion,9e-05
knowledge,9e-05
wrestling,9e-05
arcade,9e-05
pendants,9e-05
reserve,9e-05
valley,9e-05
racism,9e-05
elements,9e-05
sexism,9e-05
chance,9e-05
cane,9e-05
device,9e-05
crime,9e-05
zirconia,9e-05
swarmed,9e-05
mot,9e-05
flag,9e-05
buckle,9e-05
beanie,9e-05
fleece,9e-05
arriving,9e-05
financing,9e-05
teddy,9e-05
reporters,9e-05
lids,9e-05
pincushion,9e-05
saucer,9e-05
gadgets,9e-05
length,9e-05
readers,9e-05
babies,9e-05
rocks,9e-05
boating,9e-05
yard,7e-05
wifi,7e-05
pcs,7e-05
marked,7e-05
organizations,7e-05
feed,7e-05
ham,7e-05
matching,7e-05
protests,7e-05
broken,7e-05
tool,7e-05
tab,7e-05
misinform,7e-05
caddy,7e-05
flush,7e-05
occupied,7e-05
fell,7e-05
reindeer,7e-05
index,7e-05
ashtray,7e-05
signature,7e-05
trailer,7e-05
camo,7e-05
beats,7e-05
speaker,7e-05
canadian,7e-05
romeo,7e-05
cab,7e-05
pacifier,7e-05
ed,7e-05
table,7e-05
derby,7e-05
skinny,7e-05
horror,7e-05
affect,7e-05
dating,7e-05
replay,7e-05
lovers,7e-05
verified,7e-05
thermostat,7e-05
contains,7e-05
guarantee,7e-05
shakers,7e-05
valentines,7e-05
supplies,7e-05
synthetic,7e-05
grabs,7e-05
pumpkins,7e-05
hinged,7e-05
possible,7e-05
lightweight,7e-05
tenet,7e-05
gel,7e-05
customer,7e-05
slow,7e-05
cassette,7e-05
breast,7e-05
fragrance,7e-05
jewel,7e-05
banquet,7e-05
businesses,7e-05
plaque,7e-05
kits,7e-05
somerset,7e-05
hem,7e-05
headphones,7e-05
streaming,7e-05
recommendations,7e-05
helping,7e-05
rpm,7e-05
projects,7e-05
ranging,7e-05
skipping,7e-05
sapphire,7e-05
rob,7e-05
falling,7e-05
supporters,7e-05
build,7e-05
upper,7e-05
cobalt,7e-05
landings,7e-05
email,7e-05
plays,7e-05
aurora,7e-05
corning,7e-05
stereo,7e-05
toggle,7e-05
drawers,7e-05
seal,7e-05
espouse,7e-05
braided,7e-05
yahoo,7e-05
images,7e-05
sprawling,7e-05
pirates,7e-05
conspiring,7e-05
god,7e-05
matchbox,7e-05
beast,7e-05
needs,7e-05
ground,7e-05
gam,7e-05
scam,7e-05
pic,7e-05
trafficking,7e-05
hiking,7e-05
analysis,7e-05
learning,7e-05
fabric,7e-05
level,7e-05
raw,7e-05
borrows,7e-05
planner,7e-05
voting,7e-05
siesta,7e-05
lingerie,7e-05
miller,7e-05
feet,7e-05
blast,7e-05
armor,7e-05
hit,7e-05
carbon,7e-05
lincoln,7e-05
cups,7e-05
bongo,7e-05
ephemera,7e-05
pedophile,7e-05
misinformation,7e-05
decals,7e-05
litigator,7e-05
dealer,7e-05
http,7e-05
gothic,7e-05
festival,7e-05
journal,7e-05
dose,7e-05
career,7e-05
crest,7e-05
hotspur,7e-05
primitive,7e-05
express,7e-05
caravan,7e-05
champion,7e-05
race,7e-05
considering,7e-05
oriental,7e-05
clippings,7e-05
plaid,7e-05
hearing,7e-05
organizer,7e-05
titans,7e-05
onyx,7e-05
taxi,7e-05
jam,7e-05
ribbon,7e-05
target,7e-05
challenge,7e-05
caped,7e-05
chirp,7e-05
grip,7e-05
chase,7e-05
dodgers,7e-05
treat,7e-05
crescent,7e-05
relying,7e-05
cyberpunk,7e-05
mr,7e-05
tip,7e-05
religious,7e-05
representatives,7e-05
ultimate,7e-05
sears,7e-05
trigger,7e-05
heel,7e-05
fasteners,7e-05
interesting,7e-05
arrivals,7e-05
bathroom,7e-05
rustic,7e-05
elites,7e-05
crown,7e-05
pitcher,7e-05
wagon,7e-05
amplified,7e-05
postings,7e-05
footed,7e-05
stimulus,7e-05
tanker,7e-05
charcoal,7e-05
urls,7e-05
rolling,7e-05
flash,7e-05
covers,7e-05
organize,7e-05
internet,7e-05
movements,7e-05
cook,7e-05
thursday,7e-05
scanner,7e-05
cape,7e-05
li,7e-05
victor,7e-05
reading,7e-05
upbeat,7e-05
advising,7e-05
thought,7e-05
conference,7e-05
goat,7e-05
courtroom,7e-05
lawsuit,7e-05
shuttered,7e-05
count,7e-05
personals,7e-05
teddies,7e-05
comments,7e-05
pier,7e-05
reselling,7e-05
backers,7e-05
vacuum,7e-05
dove,7e-05
renaissance,7e-05
simple,7e-05
engaging,7e-05
gets,7e-05
options,7e-05
european,7e-05
landmark,7e-05
sound,7e-05
whale,7e-05
boxing,7e-05
shark,7e-05
trust,7e-05
times,7e-05
brought,7e-05
bonus,7e-05
chair,7e-05
patrol,7e-05
chocolate,7e-05
armour,7e-05
birds,7e-05
cancer,7e-05
paw,7e-05
bisque,7e-05
scammers,7e-05
caroler,7e-05
demonstration,7e-05
pave,7e-05
genealogy,7e-05
forums,7e-05
suspend,7e-05
transactions,7e-05
bone,7e-05
beauty,7e-05
houseworks,7e-05
ancient,7e-05
seed,7e-05
room,7e-05
holders,7e-05
chip,7e-05
candidate,7e-05
representing,7e-05
pyrex,7e-05
predators,7e-05
officer,7e-05
beer,7e-05
equilibrium,7e-05
hip,7e-05
attended,7e-05
kors,7e-05
map,7e-05
yankees,7e-05
corporation,7e-05
opened,7e-05
defense,7e-05
shelf,7e-05
ear,7e-05
mirror,7e-05
encompassing,7e-05
pierced,7e-05
applications,7e-05
screener,7e-05
foreigners,7e-05
contained,7e-05
showing,7e-05
indigo,7e-05
recommending,7e-05
elections,7e-05
lost,7e-05
disinformation,7e-05
membership,7e-05
discussion,7e-05
violated,7e-05
ended,7e-05
approved,7e-05
vaccine,7e-05
topaz,7e-05
amplifying,7e-05
pleaded,7e-05
farmhouse,7e-05
administration,7e-05
hoop,7e-05
oak,7e-05
analyst,7e-05
wipes,7e-05
rough,7e-05
rangers,7e-05
filed,7e-05
corn,7e-05
veronica,7e-05
blink,7e-05
park,7e-05
security,7e-05
plug,7e-05
occasion,7e-05
vehicles,7e-05
edge,7e-05
dodge,7e-05
bars,7e-05
hollywood,7e-05
thick,7e-05
launch,7e-05
holds,7e-05
ram,7e-05
tapestry,7e-05
supply,7e-05
okay,7e-05
guitar,7e-05
toe,7e-05
foundation,7e-05
cord,7e-05
toddler,7e-05
sneakers,7e-05
theres,7e-05
sparkling,7e-05
defended,7e-05
sled,7e-05
ice,7e-05
evolution,7e-05
poker,7e-05
member,7e-05
human,7e-05
praised,7e-05
bookcase,7e-05
study,7e-05
counsel,7e-05
portrait,7e-05
refugees,7e-05
tile,7e-05
november,7e-05
baba,7e-05
shame,7e-05
website,7e-05
topics,7e-05
services,7e-05
trooper,7e-05
salvation,7e-05
rises,7e-05
ducks,7e-05
earring,7e-05
mate,7e-05
colours,7e-05
gave,7e-05
mark,7e-05
fairy,7e-05
cleaned,7e-05
surface,7e-05
dozens,7e-05
island,7e-05
coordinating,7e-05
cole,7e-05
milk,7e-05
champions,7e-05
adults,7e-05
crackdowns,7e-05
arm,7e-05
lady,7e-05
sars,7e-05
elm,7e-05
area,7e-05
robe,7e-05
rocking,7e-05
responsibility,7e-05
origin,7e-05
parody,7e-05
socks,7e-05
circle,7e-05
trek,7e-05
bands,7e-05
spectrum,7e-05
reds,7e-05
blush,7e-05
clique,7e-05
quoted,7e-05
surged,7e-05
enterprise,7e-05
elite,7e-05
kitten,7e-05
bell,7e-05
embellished,5e-05
stirrers,5e-05
rhinestones,5e-05
stadium,5e-05
diameter,5e-05
cooper,5e-05
bath,5e-05
employee,5e-05
infant,5e-05
bolts,5e-05
session,5e-05
payment,5e-05
umbrella,5e-05
graduated,5e-05
cardinals,5e-05
strand,5e-05
jazz,5e-05
northern,5e-05
leads,5e-05
facing,5e-05
joining,5e-05
ab,5e-05
entertainment,5e-05
office,5e-05
escape,5e-05
colonial,5e-05
feb,5e-05
alder,5e-05
pictured,5e-05
camper,5e-05
driver,5e-05
chef,5e-05
conservative,5e-05
claiming,5e-05
recommend,5e-05
professor,5e-05
settle,5e-05
acquired,5e-05
cleanser,5e-05
cola,5e-05
expert,5e-05
fitness,5e-05
sampler,5e-05
casserole,5e-05
prize,5e-05
serpent,5e-05
puzzles,5e-05
masquerade,5e-05
poor,5e-05
macron,5e-05
polymer,5e-05
format,5e-05
chambray,5e-05
vacation,5e-05
euros,5e-05
healing,5e-05
recipe,5e-05
gives,5e-05
epa,5e-05
speaking,5e-05
routers,5e-05
reign,5e-05
individuals,5e-05
garnet,5e-05
gm,5e-05
polyester,5e-05
lessons,5e-05
minimalist,5e-05
haunting,5e-05
printing,5e-05
beaches,5e-05
europe,5e-05
leaving,5e-05
reason,5e-05
rip,5e-05
remake,5e-05
contact,5e-05
empty,5e-05
wings,5e-05
reduce,5e-05
coca,5e-05
border,5e-05
went,5e-05
near,5e-05
grams,5e-05
banana,5e-05
gloves,5e-05
silverplated,5e-05
corner,5e-05
angels,5e-05
ankle,5e-05
steals,5e-05
breakout,5e-05
polished,5e-05
election,5e-05
dollars,5e-05
computers,5e-05
revealed,5e-05
fixture,5e-05
vehicle,5e-05
tens,5e-05
expanded,5e-05
hybrid,5e-05
sump,5e-05
transfer,5e-05
opening,5e-05
professional,5e-05
bas,5e-05
strike,5e-05
donna,5e-05
worked,5e-05
watermark,5e-05
attack,5e-05
colouring,5e-05
searching,5e-05
blow,5e-05
honky,5e-05
select,5e-05
indian,5e-05
shot,5e-05
regent,5e-05
cornbread,5e-05
scalpers,5e-05
vice,5e-05
bass,5e-05
patches,5e-05
drone,5e-05
pu,5e-05
ghost,5e-05
hype,5e-05
cropped,5e-05
devon,5e-05
fight,5e-05
dial,5e-05
activate,5e-05
spa,5e-05
jars,5e-05
container,5e-05
aqua,5e-05
skirts,5e-05
opener,5e-05
tom,5e-05
sporting,5e-05
triumph,5e-05
stakes,5e-05
danish,5e-05
philippines,5e-05
claim,5e-05
computing,5e-05
insulated,5e-05
june,5e-05
warehouse,5e-05
dec,5e-05
appeal,5e-05
calling,5e-05
duck,5e-05
champagne,5e-05
cabin,5e-05
chest,5e-05
flute,5e-05
bakes,5e-05
tired,5e-05
turkey,5e-05
bitch,5e-05
tailed,5e-05
bait,5e-05
silicone,5e-05
serve,5e-05
bite,5e-05
prints,5e-05
yrs,5e-05
payments,5e-05
liter,5e-05
gear,5e-05
breaks,5e-05
submersible,5e-05
bi,5e-05
rocker,5e-05
miami,5e-05
yards,5e-05
smoke,5e-05
decorations,5e-05
dm,5e-05
journey,5e-05
bags,5e-05
motorbike,5e-05
ethiopian,5e-05
rate,5e-05
forcing,5e-05
baking,5e-05
process,5e-05
instruments,5e-05
suede,5e-05
arms,5e-05
wave,5e-05
lis,5e-05
jubilee,5e-05
meet,5e-05
framed,5e-05
clay,5e-05
tasting,5e-05
understand,5e-05
tractor,5e-05
labor,5e-05
cons,5e-05
headband,5e-05
sided,5e-05
watches,5e-05
telephone,5e-05
parent,5e-05
remaining,5e-05
keeping,5e-05
starship,5e-05
artworks,5e-05
needlepoint,5e-05
patriots,5e-05
release,5e-05
greeting,5e-05
crossing,5e-05
collecting,5e-05
yogurt,5e-05
roll,5e-05
jade,5e-05
swedish,5e-05
al,5e-05
chino,5e-05
switching,5e-05
loads,5e-05
verdict,5e-05
jello,5e-05
sitter,5e-05
crock,5e-05
loafers,5e-05
volt,5e-05
sedan,5e-05
jigsaw,5e-05
sustainability,5e-05
funny,5e-05
dye,5e-05
murder,5e-05
franklin,5e-05
exact,5e-05
logic,5e-05
staples,5e-05
vanity,5e-05
cufflinks,5e-05
asked,5e-05
delayed,5e-05
australian,5e-05
trial,5e-05
papers,5e-05
comedy,5e-05
mod,5e-05
muscle,5e-05
picked,5e-05
generic,5e-05
storm,5e-05
fauna,5e-05
reaching,5e-05
exempt,5e-05
junk,5e-05
bracelets,5e-05
hockey,5e-05
spinner,5e-05
copies,5e-05
levels,5e-05
flap,5e-05
diamonds,5e-05
spiral,5e-05
dutch,5e-05
purchases,5e-05
quote,5e-05
ev,5e-05
revival,5e-05
greeter,5e-05
jasper,5e-05
sorrow,5e-05
ace,5e-05
mixture,5e-05
ig,5e-05
ink,5e-05
creator,5e-05
shots,5e-05
deck,5e-05
spending,5e-05
advice,5e-05
army,5e-05
bears,5e-05
toddlers,5e-05
bolster,5e-05
firms,5e-05
compression,5e-05
shoe,5e-05
gilded,5e-05
arts,5e-05
wired,5e-05
success,5e-05
classifieds,5e-05
drums,5e-05
vii,5e-05
wrote,5e-05
er,5e-05
platinum,5e-05
fringe,5e-05
promotion,5e-05
decimal,5e-05
styles,5e-05
engraved,5e-05
offered,5e-05
mills,5e-05
dirty,5e-05
cop,5e-05
henry,5e-05
advanced,5e-05
score,5e-05
giant,5e-05
standing,5e-05
concentrates,5e-05
laces,5e-05
gadget,5e-05
sensors,5e-05
waistcoat,5e-05
scandinavian,5e-05
rocket,5e-05
letters,5e-05
tang,5e-05
one,5e-05
watchdog,5e-05
motors,5e-05
vodka,5e-05
drawing,5e-05
jug,5e-05
rounding,5e-05
asking,5e-05
rotation,5e-05
supposed,5e-05
nm,5e-05
insurance,5e-05
fun,5e-05
batch,5e-05
ecg,5e-05
unit,5e-05
paste,5e-05
puma,5e-05
straps,5e-05
weekend,5e-05
candlestick,5e-05
iii,5e-05
challengers,5e-05
coupe,5e-05
mutant,5e-05
bread,5e-05
mason,5e-05
opera,5e-05
ages,5e-05
bra,5e-05
americans,5e-05
la,5e-05
wolverine,5e-05
transport,5e-05
spot,5e-05
cables,5e-05
graphics,5e-05
decline,5e-05
evidence,5e-05
hundreds,5e-05
windows,5e-05
rosa,5e-05
finger,5e-05
mountain,5e-05
silicon,5e-05
hack,5e-05
rooster,5e-05
creating,5e-05
outfitters,5e-05
worlds,5e-05
peter,5e-05
typed,5e-05
snood,5e-05
studios,5e-05
pain,5e-05
soundtrack,5e-05
counter,5e-05
tuck,5e-05
hell,5e-05
optic,5e-05
panda,5e-05
wax,5e-05
drinking,5e-05
lying,5e-05
sanded,5e-05
teams,5e-05
amd,5e-05
contributed,5e-05
communications,5e-05
piggy,5e-05
islanders,5e-05
tarot,5e-05
walking,5e-05
platter,5e-05
trick,5e-05
insurrection,5e-05
fox,5e-05
attorney,5e-05
rivalry,5e-05
benefits,5e-05
textbook,5e-05
convertible,5e-05
puppet,5e-05
toppers,5e-05
pairs,5e-05
frank,5e-05
feature,5e-05
pass,5e-05
wales,5e-05
originals,5e-05
petite,5e-05
values,5e-05
thank,5e-05
teacher,5e-05
madame,5e-05
ticker,5e-05
somewhere,5e-05
inferno,5e-05
tack,5e-05
unhinged,5e-05
einstein,5e-05
johns,5e-05
experienced,5e-05
wreath,5e-05
chimney,5e-05
swing,5e-05
holding,5e-05
bowling,5e-05
common,5e-05
hide,5e-05
trio,5e-05
quart,5e-05
apparel,5e-05
foster,5e-05
fa,5e-05
prima,5e-05
skate,5e-05
rad,5e-05
shine,5e-05
overall,5e-05
vineyard,5e-05
curtain,5e-05
sage,5e-05
atm,5e-05
south,5e-05
authority,5e-05
woman,5e-05
strawberry,5e-05
aaa,5e-05
growth,5e-05
etching,5e-05
ships,5e-05
printed,5e-05
anchor,5e-05
chicago,5e-05
brochure,5e-05
tooth,5e-05
coasters,5e-05
chips,5e-05
burnt,5e-05
uniform,5e-05
cherub,5e-05
empire,5e-05
cheetah,5e-05
ms,5e-05
checker,5e-05
loss,5e-05
bee,5e-05
pet,5e-05
alternative,5e-05
rising,5e-05
ro,5e-05
diamante,5e-05
parcel,5e-05
jr,5e-05
ware,5e-05
latin,5e-05
carnival,5e-05
florin,5e-05
collectables,5e-05
warranty,5e-05
batteries,5e-05
suggesting,5e-05
flight,5e-05
classified,5e-05
tree,5e-05
mom,5e-05
mono,5e-05
bud,5e-05
whiskey,5e-05
aria,5e-05
turn,5e-05
invented,5e-05
wind,5e-05
gypsy,5e-05
nude,5e-05
gems,5e-05
pressing,5e-05
tee,5e-05
bos,5e-05
decision,5e-05
drum,5e-05
stubs,5e-05
treasury,5e-05
fourth,5e-05
text,5e-05
asian,5e-05
macross,5e-05
male,5e-05
figured,5e-05
script,5e-05
garland,5e-05
bicentennial,5e-05
hunting,5e-05
beauties,5e-05
energy,5e-05
bound,5e-05
championship,5e-05
dinnerware,5e-05
corduroy,5e-05
bust,5e-05
cafe,5e-05
materials,5e-05
ton,5e-05
dal,5e-05
castle,5e-05
german,5e-05
pale,5e-05
inlay,5e-05
sconce,5e-05
buddy,5e-05
budget,5e-05
out,5e-05
fitting,5e-05
arizona,5e-05
crayons,5e-05
instinct,5e-05
soap,5e-05
submariner,5e-05
turtles,5e-05
le,5e-05
mouth,5e-05
railroad,5e-05
rookies,5e-05
vertical,5e-05
rs,5e-05
deliverable,4e-05
americana,4e-05
widths,4e-05
clues,4e-05
extinguisher,4e-05
joker,4e-05
mugs,4e-05
handle,4e-05
credited,4e-05
goal,4e-05
daisy,4e-05
asks,4e-05
urchin,4e-05
morgan,4e-05
themed,4e-05
gig,4e-05
spells,4e-05
cocktails,4e-05
leader,4e-05
district,4e-05
desks,4e-05
thermal,4e-05
decades,4e-05
web,4e-05
banned,4e-05
nigerians,4e-05
layered,4e-05
exhibition,4e-05
damage,4e-05
goblet,4e-05
lit,4e-05
banning,4e-05
vibe,4e-05
parents,4e-05
petal,4e-05
fiber,4e-05
spec,4e-05
means,4e-05
forest,4e-05
daniels,4e-05
zero,4e-05
forgot,4e-05
matt,4e-05
prizes,4e-05
incense,4e-05
baguette,4e-05
cl,4e-05
blanks,4e-05
frost,4e-05
gardens,4e-05
boies,4e-05
faith,4e-05
diver,4e-05
exits,4e-05
whistler,4e-05
reach,4e-05
bin,4e-05
alpha,4e-05
tobacco,4e-05
od,4e-05
accusing,4e-05
coronation,4e-05
topic,4e-05
potato,4e-05
results,4e-05
frenzy,4e-05
constant,4e-05
defendants,4e-05
satchel,4e-05
witches,4e-05
guard,4e-05
places,4e-05
outbreak,4e-05
posting,4e-05
knee,4e-05
horizons,4e-05
temple,4e-05
dried,4e-05
expectations,4e-05
thrown,4e-05
goddess,4e-05
refuse,4e-05
largesse,4e-05
courier,4e-05
propped,4e-05
credit,4e-05
hyped,4e-05
blossom,4e-05
vibrating,4e-05
ape,4e-05
sb,4e-05
sideboard,4e-05
hobgoblin,4e-05
ls,4e-05
checkerboard,4e-05
carnage,4e-05
knot,4e-05
rams,4e-05
covered,4e-05
halter,4e-05
banks,4e-05
spoons,4e-05
beehive,4e-05
litigation,4e-05
radome,4e-05
noted,4e-05
iv,4e-05
transporter,4e-05
liner,4e-05
independent,4e-05
plans,4e-05
river,4e-05
updating,4e-05
stripe,4e-05
views,4e-05
raining,4e-05
articulated,4e-05
tradition,4e-05
sifter,4e-05
heavyweights,4e-05
skincare,4e-05
separate,4e-05
produce,4e-05
operative,4e-05
acquisition,4e-05
drawer,4e-05
giveaways,4e-05
marbles,4e-05
reggae,4e-05
heading,4e-05
fighter,4e-05
reference,4e-05
registered,4e-05
brougham,4e-05
assault,4e-05
cigar,4e-05
boost,4e-05
pleated,4e-05
behalf,4e-05
terminator,4e-05
cigarette,4e-05
needlecraft,4e-05
systems,4e-05
noble,4e-05
transom,4e-05
coast,4e-05
ivory,4e-05
require,4e-05
singing,4e-05
dancing,4e-05
crystals,4e-05
lines,4e-05
trivet,4e-05
drives,4e-05
glory,4e-05
solve,4e-05
romper,4e-05
grain,4e-05
pinned,4e-05
monopoly,4e-05
las,4e-05
ropes,4e-05
create,4e-05
clone,4e-05
manufacturer,4e-05
equipment,4e-05
import,4e-05
expires,4e-05
donate,4e-05
types,4e-05
airplane,4e-05
checked,4e-05
oct,4e-05
toll,4e-05
hm,4e-05
binding,4e-05
flyfishing,4e-05
fluted,4e-05
kinks,4e-05
pill,4e-05
lime,4e-05
term,4e-05
spearhead,4e-05
accent,4e-05
burgess,4e-05
delivering,4e-05
port,4e-05
florentine,4e-05
burn,4e-05
northwest,4e-05
orchid,4e-05
carpenters,4e-05
jerry,4e-05
facilitates,4e-05
matchbook,4e-05
poetry,4e-05
candelabra,4e-05
po,4e-05
sand,4e-05
adventure,4e-05
viewed,4e-05
perfume,4e-05
foil,4e-05
tms,4e-05
metric,4e-05
crooks,4e-05
glow,4e-05
owners,4e-05
pe,4e-05
reorganization,4e-05
fuck,4e-05
plants,4e-05
secondary,4e-05
received,4e-05
drill,4e-05
prison,4e-05
candlesticks,4e-05
agenda,4e-05
beakers,4e-05
gabriel,4e-05
hood,4e-05
declining,4e-05
composite,4e-05
violin,4e-05
sofa,4e-05
bulb,4e-05
squirrel,4e-05
presence,4e-05
riding,4e-05
nick,4e-05
sneaker,4e-05
interpretation,4e-05
channels,4e-05
icons,4e-05
hole,4e-05
curtains,4e-05
terms,4e-05
mrs,4e-05
fleming,4e-05
gent,4e-05
cbcs,4e-05
snack,4e-05
firefighter,4e-05
jumped,4e-05
server,4e-05
conversion,4e-05
superman,4e-05
prince,4e-05
odyssey,4e-05
estimated,4e-05
courtesy,4e-05
manor,4e-05
playoffs,4e-05
elbow,4e-05
oiler,4e-05
mounted,4e-05
folder,4e-05
scent,4e-05
crib,4e-05
greyhound,4e-05
shells,4e-05
skills,4e-05
figurines,4e-05
lower,4e-05
makeover,4e-05
spirits,4e-05
covert,4e-05
cos,4e-05
competitors,4e-05
kt,4e-05
coats,4e-05
farmers,4e-05
waste,4e-05
ruffle,4e-05
turning,4e-05
uniforms,4e-05
looked,4e-05
penny,4e-05
heritage,4e-05
ratio,4e-05
jobs,4e-05
killer,4e-05
webbing,4e-05
websites,4e-05
cooling,4e-05
instructions,4e-05
executing,4e-05
drinks,4e-05
produced,4e-05
impossible,4e-05
cherry,4e-05
aquamarine,4e-05
returns,4e-05
nutcracker,4e-05
acme,4e-05
looney,4e-05
sharp,4e-05
opinion,4e-05
gown,4e-05
ee,4e-05
lakes,4e-05
reasons,4e-05
cockroaches,4e-05
bulldozer,4e-05
conduct,4e-05
fort,4e-05
flames,4e-05
prom,4e-05
tabs,4e-05
cartridge,4e-05
illustration,4e-05
hanger,4e-05
corporations,4e-05
billfold,4e-05
inflation,4e-05
plane,4e-05
stages,4e-05
bastille,4e-05
chaps,4e-05
match,4e-05
acquire,4e-05
colombian,4e-05
woods,4e-05
astrology,4e-05
vogue,4e-05
em,4e-05
thinking,4e-05
east,4e-05
references,4e-05
grew,4e-05
fruiting,4e-05
elephant,4e-05
caprice,4e-05
willing,4e-05
forged,4e-05
wearable,4e-05
fat,4e-05
dome,4e-05
cologne,4e-05
patent,4e-05
spinning,4e-05
tassel,4e-05
welcome,4e-05
wit,4e-05
popping,4e-05
bridge,4e-05
weekends,4e-05
adds,4e-05
twin,4e-05
thrift,4e-05
documents,4e-05
si,4e-05
powder,4e-05
mans,4e-05
nuts,4e-05
res,4e-05
lend,4e-05
taxes,4e-05
cakes,4e-05
doors,4e-05
tongs,4e-05
flare,4e-05
invoice,4e-05
snow,4e-05
chalcedony,4e-05
flip,4e-05
gene,4e-05
panhandle,4e-05
coo,4e-05
entire,4e-05
glad,4e-05
dominating,4e-05
decanter,4e-05
fob,4e-05
blade,4e-05
tune,4e-05
discovery,4e-05
merger,4e-05
commission,4e-05
snake,4e-05
slug,4e-05
anatomy,4e-05
communion,4e-05
stamped,4e-05
access,4e-05
files,4e-05
automobile,4e-05
stabilizing,4e-05
conducted,4e-05
buff,4e-05
religion,4e-05
corp,4e-05
spin,4e-05
emblem,4e-05
sewn,4e-05
command,4e-05
fifth,4e-05
vision,4e-05
mariners,4e-05
lancer,4e-05
instant,4e-05
watercolour,4e-05
stitched,4e-05
bolt,4e-05
scratch,4e-05
macintosh,4e-05
russ,4e-05
frustration,4e-05
novelty,4e-05
popped,4e-05
doom,4e-05
bind,4e-05
frames,4e-05
spikes,4e-05
spotlights,4e-05
premier,4e-05
memo,4e-05
countries,4e-05
borough,4e-05
identified,4e-05
totem,4e-05
matte,4e-05
stuck,4e-05
tamper,4e-05
michigan,4e-05
mojo,4e-05
fells,4e-05
measuring,4e-05
futures,4e-05
tables,4e-05
polka,4e-05
booties,4e-05
bruins,4e-05
ne,4e-05
shepherdess,4e-05
amount,4e-05
stint,4e-05
sub,4e-05
inn,4e-05
personalized,4e-05
daniel,4e-05
rep,4e-05
dated,4e-05
voice,4e-05
telling,4e-05
attorneys,4e-05
argument,4e-05
stole,4e-05
prefer,4e-05
coupons,4e-05
excited,4e-05
abaca,4e-05
sniper,4e-05
maze,4e-05
outfits,4e-05
virgin,4e-05
firing,4e-05
maintaining,4e-05
prompting,4e-05
enforcement,4e-05
guidance,4e-05
saint,4e-05
mexican,4e-05
divine,4e-05
convoy,4e-05
planters,4e-05
entered,4e-05
newspaper,4e-05
toothbrush,4e-05
shocking,4e-05
medal,4e-05
gauge,4e-05
postage,4e-05
pea,4e-05
regulator,4e-05
alabama,4e-05
stored,4e-05
buffalo,4e-05
chardonnay,4e-05
bottoms,4e-05
enhancer,4e-05
guardians,4e-05
garages,4e-05
shout,4e-05
razor,4e-05
highway,4e-05
steep,4e-05
related,4e-05
participating,4e-05
banknote,4e-05
dick,4e-05
hinges,4e-05
fluke,4e-05
loop,4e-05
senate,4e-05
zipper,4e-05
hire,4e-05
practicality,4e-05
flatware,4e-05
consensus,4e-05
encircled,4e-05
toned,4e-05
dropping,4e-05
hue,4e-05
trip,4e-05
science,4e-05
ghz,4e-05
cog,4e-05
worn,4e-05
herbal,4e-05
anna,4e-05
thoughts,4e-05
falls,4e-05
nip,4e-05
oral,4e-05
laughing,4e-05
vine,4e-05
saloon,4e-05
formal,4e-05
postponed,4e-05
produces,4e-05
plead,4e-05
alligator,4e-05
squares,4e-05
taxidermy,4e-05
tat,4e-05
chamber,4e-05
consultation,4e-05
signet,4e-05
movement,4e-05
despite,4e-05
foot,4e-05
earth,4e-05
categories,4e-05
issued,4e-05
episode,4e-05
colts,4e-05
coloured,4e-05
occult,4e-05
mvp,4e-05
gains,4e-05
peach,4e-05
whole,4e-05
momentum,4e-05
cycling,4e-05
laid,4e-05
villa,4e-05
prosecutor,4e-05
baroque,4e-05
goose,4e-05
passport,4e-05
shocked,4e-05
sounds,4e-05
smash,4e-05
maiden,4e-05
tapped,4e-05
suits,4e-05
ha,4e-05
manhattan,4e-05
scents,4e-05
variable,4e-05
is,4e-05
shade,4e-05
needed,4e-05
remain,4e-05
buster,4e-05
gabonese,4e-05
hosting,4e-05
imports,4e-05
cub,4e-05
cone,4e-05
nows,4e-05
glossy,4e-05
harassed,4e-05
brush,4e-05
resume,4e-05
devil,4e-05
chandelier,4e-05
outs,4e-05
setting,4e-05
wristlet,4e-05
dyed,4e-05
signal,4e-05
pasta,4e-05
legends,4e-05
arctic,4e-05
sunset,4e-05
bourbon,4e-05
walk,4e-05
greetings,4e-05
packing,4e-05
rush,4e-05
resources,4e-05
analyzed,4e-05
roses,4e-05
raspberry,4e-05
varnish,4e-05
pagan,4e-05
hummingbird,4e-05
worry,4e-05
towels,4e-05
butter,4e-05
volatility,4e-05
menorah,4e-05
mayhem,4e-05
expected,4e-05
treasure,4e-05
flintstones,4e-05
revenues,4e-05
farm,4e-05
meals,4e-05
losing,4e-05
melange,4e-05
strip,4e-05
bookmark,4e-05
spade,4e-05
ironman,4e-05
least,4e-05
riders,4e-05
operations,4e-05
karen,4e-05
over,4e-05
expect,4e-05
attention,4e-05
patio,4e-05
inserts,4e-05
sin,4e-05
crow,4e-05
aesthetic,4e-05
curved,4e-05
ipod,4e-05
handset,4e-05
neighbors,4e-05
calculator,4e-05
connected,4e-05
overseeing,4e-05
walkman,4e-05
vikings,4e-05
pleione,4e-05
region,4e-05
opportunity,4e-05
ruffled,4e-05
thunderbirds,4e-05
threatening,4e-05
easter,4e-05
modernist,4e-05
formula,4e-05
suspension,4e-05
sonora,4e-05
tackle,4e-05
consumers,4e-05
darts,4e-05
tahitian,4e-05
gears,4e-05
flaw,4e-05
razors,4e-05
juniors,4e-05
divided,4e-05
bunk,4e-05
oils,4e-05
consumer,4e-05
rarities,4e-05
pod,4e-05
temperature,4e-05
macros,4e-05
august,4e-05
rotary,4e-05
jewels,4e-05
peak,4e-05
indians,4e-05
ba,4e-05
fm,4e-05
leave,4e-05
jaguar,4e-05
muffin,4e-05
shallow,4e-05
retailers,4e-05
kingdoms,4e-05
clock,4e-05
tartan,4e-05
pornography,4e-05
wise,4e-05
citrine,4e-05
blaster,4e-05
cupcake,4e-05
fetch,4e-05
character,4e-05
sm,4e-05
biohazard,4e-05
blades,4e-05
heater,4e-05
sole,4e-05
holdings,4e-05
temptations,4e-05
truth,4e-05
hospice,4e-05
humility,4e-05
cash,4e-05
brother,4e-05
recipes,4e-05
mountains,4e-05
allowed,4e-05
skin,4e-05
handles,4e-05
king,4e-05
cancel,4e-05
automatic,4e-05
tho,4e-05
ride,4e-05
epic,4e-05
stupid,4e-05
shadow,4e-05
taupe,4e-05
dresser,4e-05
consulting,4e-05
maxi,4e-05
off,4e-05
becoming,4e-05
wicca,4e-05
nos,4e-05
handcrafted,4e-05
gas,4e-05
becks,4e-05
bonsai,4e-05
shoot,4e-05
mat,4e-05
changed,4e-05
ips,4e-05
tapered,4e-05
brewers,4e-05
treatment,4e-05
rugby,4e-05
chic,4e-05
moves,4e-05
tournament,4e-05
mission,4e-05
fedora,4e-05
saturday,4e-05
motor,4e-05
minor,4e-05
clerked,4e-05
daring,4e-05
hemp,4e-05
heeled,4e-05
menu,4e-05
snap,4e-05
smell,4e-05
jean,4e-05
morganite,4e-05
overheating,4e-05
babes,4e-05
cartridges,4e-05
criminal,4e-05
predator,4e-05
flyers,4e-05
flannel,4e-05
method,4e-05
rem,4e-05
bucket,4e-05
surrender,4e-05
bookcases,4e-05
hawk,4e-05
dream,4e-05
mp,4e-05
fork,4e-05
criticizing,4e-05
sable,4e-05
brooches,4e-05
anthropology,4e-05
saxon,4e-05
waiting,4e-05
address,4e-05
petrol,4e-05
error,4e-05
cones,4e-05
napkins,4e-05
snowmen,4e-05
timer,4e-05
emails,4e-05
grape,4e-05
duties,4e-05
starts,4e-05
offering,4e-05
grace,4e-05
sweat,4e-05
browsed,4e-05
terminated,4e-05
applying,4e-05
ghouls,4e-05
shamrock,4e-05
sentiment,4e-05
housekeeper,4e-05
artists,4e-05
patriot,4e-05
temp,4e-05
penguins,4e-05
damask,4e-05
bits,4e-05
relish,4e-05
slayer,4e-05
rivet,4e-05
screech,4e-05
physiology,4e-05
crisis,4e-05
risk,4e-05
feeding,4e-05
question,4e-05
lotus,4e-05
cutter,4e-05
acceptance,4e-05
sam,4e-05
negotiating,4e-05
rebounded,4e-05
income,4e-05
cramps,4e-05
break,4e-05
philanthropy,4e-05
master,4e-05
cannon,4e-05
fundraising,4e-05
packages,4e-05
impacting,4e-05
scouts,4e-05
african,4e-05
warner,4e-05
programs,4e-05
sandals,4e-05
printer,4e-05
particular,4e-05
junior,4e-05
word,4e-05
curves,4e-05
birch,4e-05
mib,4e-05
extended,4e-05
dispenser,4e-05
breaking,4e-05
baker,4e-05
witness,4e-05
potatoes,4e-05
saudi,4e-05
spokesman,4e-05
managed,4e-05
shepherd,4e-05
decks,4e-05
developed,4e-05
matrix,4e-05
mine,4e-05
sweeties,4e-05
editions,4e-05
supporter,4e-05
desert,4e-05
pt,4e-05
default,4e-05
busy,4e-05
illuminated,4e-05
jolly,4e-05
officials,4e-05
vermouth,4e-05
laboratory,4e-05
certified,4e-05
babe,4e-05
shrink,4e-05
serigraph,4e-05
lives,4e-05
photography,4e-05
ts,4e-05
infringement,4e-05
finance,4e-05
woodland,4e-05
aircraft,4e-05
aviator,4e-05
labour,4e-05
gasoline,4e-05
sunflower,4e-05
philosopher,4e-05
cornflower,4e-05
flashing,4e-05
raphael,4e-05
cylinders,4e-05
moccasins,4e-05
personalised,4e-05
accused,4e-05
spent,4e-05
donation,4e-05
hustle,4e-05
pros,4e-05
envelopes,4e-05
bk,4e-05
avoid,4e-05
partisan,4e-05
deliveries,4e-05
stroller,4e-05
savage,4e-05
rig,4e-05
darnel,4e-05
carrying,4e-05
congress,4e-05
aluminum,4e-05
carries,4e-05
activated,4e-05
ti,4e-05
harper,4e-05
shekels,4e-05
mosaic,4e-05
society,4e-05
screw,4e-05
hint,4e-05
makers,4e-05
mindfulness,4e-05
medical,4e-05
pots,4e-05
encore,4e-05
technical,4e-05
lows,4e-05
bullet,4e-05
mergers,4e-05
zoom,4e-05
tumblers,4e-05
dodger,4e-05
expressed,4e-05
limit,4e-05
eskimo,4e-05
tightening,4e-05
celtics,4e-05
crop,4e-05
norwegian,4e-05
disturbing,4e-05
arrived,4e-05
contractor,4e-05
damn,4e-05
contract,4e-05
puffer,4e-05
down,4e-05
health,4e-05
dance,4e-05
jets,4e-05
community,4e-05
adviser,4e-05
feminist,4e-05
sleeping,4e-05
sharper,4e-05
channel,4e-05
lifted,4e-05
setup,4e-05
knitting,4e-05
laughs,4e-05
twill,4e-05
siphons,4e-05
patchwork,4e-05
equities,4e-05
pound,4e-05
denied,4e-05
valentine,4e-05
flavours,4e-05
adams,4e-05
cycles,4e-05
activity,4e-05
affirmation,4e-05
cent,4e-05
surveillance,4e-05
weights,4e-05
traders,4e-05
jumpsuit,4e-05
handling,4e-05
paris,4e-05
pr,4e-05
crap,4e-05
gravy,4e-05
marines,4e-05
restocked,4e-05
mackintosh,4e-05
punch,4e-05
tiara,4e-05
angel,4e-05
welsh,4e-05
peacock,4e-05
domain,4e-05
landscape,4e-05
hull,4e-05
whistles,4e-05
dozen,4e-05
flavor,4e-05
venom,4e-05
pioneer,4e-05
blocks,4e-05
felt,4e-05
strands,4e-05
sides,4e-05
ho,4e-05
eds,4e-05
hannukah,4e-05
jumping,4e-05
violence,4e-05
currency,4e-05
spy,4e-05
gents,4e-05
defending,4e-05
external,4e-05
sauce,4e-05
fbi,4e-05
nomination,4e-05
pat,2e-05
mahogany,2e-05
balloon,2e-05
hurry,2e-05
snipe,2e-05
obverse,2e-05
mode,2e-05
republic,2e-05
advantage,2e-05
cuffs,2e-05
dreamer,2e-05
suction,2e-05
bourne,2e-05
robots,2e-05
replies,2e-05
boiler,2e-05
brave,2e-05
disconnected,2e-05
tailwind,2e-05
awareness,2e-05
multiple,2e-05
demonstrators,2e-05
chosen,2e-05
summit,2e-05
hang,2e-05
litigators,2e-05
carriage,2e-05
refused,2e-05
wolf,2e-05
hitman,2e-05
gingham,2e-05
released,2e-05
comp,2e-05
jury,2e-05
expedition,2e-05
edwardian,2e-05
increase,2e-05
doves,2e-05
recording,2e-05
anthology,2e-05
velocity,2e-05
blackburn,2e-05
tough,2e-05
recovery,2e-05
joggers,2e-05
amazed,2e-05
tourmaline,2e-05
tape,2e-05
thrash,2e-05
followed,2e-05
gapped,2e-05
buttercups,2e-05
sphinx,2e-05
lbs,2e-05
invested,2e-05
formats,2e-05
placed,2e-05
currier,2e-05
plunge,2e-05
cactus,2e-05
palladium,2e-05
chests,2e-05
outbidding,2e-05
disorders,2e-05
log,2e-05
ash,2e-05
saucers,2e-05
berries,2e-05
engage,2e-05
bot,2e-05
magnitude,2e-05
bites,2e-05
sandal,2e-05
volunteers,2e-05
jig,2e-05
crackle,2e-05
trainers,2e-05
psychic,2e-05
diminutive,2e-05
austrian,2e-05
transmitted,2e-05
letting,2e-05
jackpots,2e-05
warned,2e-05
ribbons,2e-05
supplement,2e-05
liars,2e-05
proposed,2e-05
boasts,2e-05
drake,2e-05
rides,2e-05
belle,2e-05
introducing,2e-05
called,2e-05
kiosk,2e-05
rv,2e-05
navajo,2e-05
cursive,2e-05
ana,2e-05
spray,2e-05
flapper,2e-05
bel,2e-05
drain,2e-05
crafters,2e-05
sunbeam,2e-05
developing,2e-05
ng,2e-05
writing,2e-05
goldeneye,2e-05
squadrons,2e-05
clippers,2e-05
beets,2e-05
pvc,2e-05
honesty,2e-05
rag,2e-05
coaching,2e-05
turnips,2e-05
adverts,2e-05
clips,2e-05
unabridged,2e-05
pyrometer,2e-05
balloons,2e-05
charities,2e-05
flange,2e-05
roadrunner,2e-05
scalloped,2e-05
transit,2e-05
emu,2e-05
strainer,2e-05
jacquard,2e-05
excavator,2e-05
dakota,2e-05
belling,2e-05
hazel,2e-05
fold,2e-05
digger,2e-05
route,2e-05
marching,2e-05
accents,2e-05
flask,2e-05
speedboat,2e-05
frog,2e-05
rubbish,2e-05
happen,2e-05
regency,2e-05
twenty,2e-05
lasagna,2e-05
jokes,2e-05
anorak,2e-05
explore,2e-05
dedicated,2e-05
vacationer,2e-05
corset,2e-05
annoying,2e-05
rimmed,2e-05
sickle,2e-05
conversation,2e-05
cult,2e-05
olive,2e-05
scoop,2e-05
sketch,2e-05
clinging,2e-05
disappeared,2e-05
flared,2e-05
titanium,2e-05
conferences,2e-05
hidden,2e-05
sitting,2e-05
unmasked,2e-05
enjoying,2e-05
criteria,2e-05
resales,2e-05
dalmatians,2e-05
antithesis,2e-05
papaver,2e-05
hills,2e-05
fuel,2e-05
ritual,2e-05
reopen,2e-05
peridot,2e-05
paperweight,2e-05
aura,2e-05
jointed,2e-05
appendix,2e-05
zen,2e-05
causes,2e-05
thanksgiving,2e-05
monetization,2e-05
glug,2e-05
realism,2e-05
demo,2e-05
shovel,2e-05
sees,2e-05
cracker,2e-05
improve,2e-05
distractions,2e-05
cul,2e-05
std,2e-05
comes,2e-05
sentry,2e-05
cheer,2e-05
wrong,2e-05
organza,2e-05
dug,2e-05
suffragette,2e-05
flamingo,2e-05
lauder,2e-05
starring,2e-05
hunt,2e-05
beggars,2e-05
matches,2e-05
ten,2e-05
cried,2e-05
capsules,2e-05
texture,2e-05
tortoiseshell,2e-05
rodeo,2e-05
tend,2e-05
valuable,2e-05
rotating,2e-05
gambling,2e-05
lighting,2e-05
lifting,2e-05
illustrated,2e-05
panties,2e-05
salesman,2e-05
wasting,2e-05
propaganda,2e-05
terry,2e-05
brits,2e-05
fords,2e-05
sawyer,2e-05
becomes,2e-05
eyelet,2e-05
cognac,2e-05
metro,2e-05
hydration,2e-05
finnish,2e-05
pulling,2e-05
curve,2e-05
reales,2e-05
thinks,2e-05
queens,2e-05
garlands,2e-05
duplication,2e-05
breath,2e-05
slider,2e-05
paddle,2e-05
reopening,2e-05
plaques,2e-05
illustrator,2e-05
rewards,2e-05
dinosaur,2e-05
credentials,2e-05
rhythm,2e-05
announcement,2e-05
sector,2e-05
lighthouse,2e-05
remark,2e-05
collaboration,2e-05
photographs,2e-05
brassard,2e-05
lottery,2e-05
died,2e-05
ag,2e-05
delaying,2e-05
valves,2e-05
shits,2e-05
suppliers,2e-05
foods,2e-05
saratoga,2e-05
nib,2e-05
hiker,2e-05
lunch,2e-05
sense,2e-05
translates,2e-05
cereal,2e-05
chihuahua,2e-05
sherpa,2e-05
journalists,2e-05
populations,2e-05
wiper,2e-05
returned,2e-05
trumps,2e-05
dressing,2e-05
czech,2e-05
cursed,2e-05
appeared,2e-05
rats,2e-05
meatballs,2e-05
stools,2e-05
flow,2e-05
condiments,2e-05
array,2e-05
attachments,2e-05
displayed,2e-05
balm,2e-05
rescue,2e-05
mounting,2e-05
frosted,2e-05
admits,2e-05
powdered,2e-05
earning,2e-05
gorilla,2e-05
reminding,2e-05
trail,2e-05
br,2e-05
seeker,2e-05
planned,2e-05
orchids,2e-05
mystic,2e-05
upstairs,2e-05
smiler,2e-05
splitting,2e-05
tummy,2e-05
beasts,2e-05
sketching,2e-05
db,2e-05
cymbals,2e-05
notepad,2e-05
improved,2e-05
bohemia,2e-05
oldie,2e-05
lariat,2e-05
gentry,2e-05
panther,2e-05
association,2e-05
closet,2e-05
vanilla,2e-05
bunch,2e-05
apply,2e-05
refurbished,2e-05
pharmaceutical,2e-05
kick,2e-05
gate,2e-05
alumni,2e-05
represents,2e-05
sought,2e-05
explanation,2e-05
referring,2e-05
cues,2e-05
aviation,2e-05
enhanced,2e-05
hoarding,2e-05
mousepad,2e-05
arc,2e-05
narcissist,2e-05
drumming,2e-05
pilots,2e-05
cabochon,2e-05
shake,2e-05
spitfire,2e-05
snipers,2e-05
restored,2e-05
emptying,2e-05
prove,2e-05
seeds,2e-05
fluorite,2e-05
slipper,2e-05
overcharge,2e-05
hippo,2e-05
sigma,2e-05
insult,2e-05
kills,2e-05
hook,2e-05
bobby,2e-05
kidneys,2e-05
lcd,2e-05
wham,2e-05
licorice,2e-05
published,2e-05
milled,2e-05
gasmask,2e-05
subscription,2e-05
swirling,2e-05
fo,2e-05
actor,2e-05
filled,2e-05
focuses,2e-05
queue,2e-05
bringing,2e-05
solenoids,2e-05
burner,2e-05
cloak,2e-05
student,2e-05
realising,2e-05
grandmother,2e-05
cubs,2e-05
glaze,2e-05
robot,2e-05
irritated,2e-05
brocket,2e-05
aerial,2e-05
terrain,2e-05
builder,2e-05
notice,2e-05
goodies,2e-05
cutout,2e-05
pie,2e-05
resigned,2e-05
paperwork,2e-05
dessert,2e-05
gull,2e-05
assuming,2e-05
claw,2e-05
reservations,2e-05
presents,2e-05
trouble,2e-05
hopes,2e-05
keyhole,2e-05
paints,2e-05
disassembling,2e-05
transistor,2e-05
wrist,2e-05
refrigeration,2e-05
calories,2e-05
highland,2e-05
boarded,2e-05
constellation,2e-05
filling,2e-05
woe,2e-05
solo,2e-05
heliotrope,2e-05
prime,2e-05
suspended,2e-05
textiles,2e-05
packer,2e-05
promoter,2e-05
cage,2e-05
grizzlies,2e-05
veranda,2e-05
requires,2e-05
en,2e-05
handed,2e-05
aiming,2e-05
senorita,2e-05
cancelling,2e-05
mainframe,2e-05
kiddies,2e-05
transmission,2e-05
drying,2e-05
kiwi,2e-05
enchanted,2e-05
stalwart,2e-05
pretending,2e-05
roller,2e-05
names,2e-05
tabby,2e-05
restoration,2e-05
switched,2e-05
philosophy,2e-05
marmalade,2e-05
are,2e-05
checks,2e-05
counselor,2e-05
stockings,2e-05
swimsuit,2e-05
applause,2e-05
morales,2e-05
miners,2e-05
presentations,2e-05
pons,2e-05
gnome,2e-05
pedal,2e-05
indonesian,2e-05
correlation,2e-05
authenticity,2e-05
earns,2e-05
reissues,2e-05
tubes,2e-05
restrictions,2e-05
wish,2e-05
edges,2e-05
spawn,2e-05
doc,2e-05
gophers,2e-05
cutting,2e-05
cobra,2e-05
wheat,2e-05
suffer,2e-05
transporting,2e-05
compact,2e-05
chargers,2e-05
magazines,2e-05
bis,2e-05
effects,2e-05
shadows,2e-05
retirement,2e-05
findings,2e-05
begins,2e-05
primi,2e-05
animals,2e-05
redskins,2e-05
shank,2e-05
yoke,2e-05
minister,2e-05
pets,2e-05
celluloid,2e-05
advised,2e-05
operate,2e-05
southwestern,2e-05
sooner,2e-05
favour,2e-05
sirens,2e-05
handkerchief,2e-05
jugs,2e-05
mantra,2e-05
luxury,2e-05
speakers,2e-05
mist,2e-05
prisms,2e-05
containing,2e-05
compress,2e-05
turned,2e-05
fizz,2e-05
lifetime,2e-05
ideal,2e-05
peacoat,2e-05
chuck,2e-05
bottles,2e-05
sawtooth,2e-05
diffused,2e-05
pinecone,2e-05
nail,2e-05
rituals,2e-05
lea,2e-05
crepe,2e-05
nebula,2e-05
camisole,2e-05
contents,2e-05
picnic,2e-05
styled,2e-05
benefitting,2e-05
teacups,2e-05
joke,2e-05
inscription,2e-05
heaters,2e-05
conclusion,2e-05
wolves,2e-05
denture,2e-05
candles,2e-05
summons,2e-05
landlord,2e-05
sw,2e-05
celebrates,2e-05
peek,2e-05
assaulted,2e-05
associate,2e-05
rosary,2e-05
nazi,2e-05
gypsies,2e-05
daddy,2e-05
fed,2e-05
nectar,2e-05
delft,2e-05
sanders,2e-05
cellphone,2e-05
adventures,2e-05
francs,2e-05
passive,2e-05
niche,2e-05
partying,2e-05
commercialism,2e-05
developers,2e-05
petticoats,2e-05
moisture,2e-05
expertise,2e-05
utility,2e-05
expand,2e-05
baron,2e-05
now,2e-05
buys,2e-05
increments,2e-05
prop,2e-05
ran,2e-05
built,2e-05
playsuits,2e-05
mastery,2e-05
pizza,2e-05
shied,2e-05
rivals,2e-05
kraft,2e-05
rev,2e-05
phantom,2e-05
wealth,2e-05
solace,2e-05
document,2e-05
culture,2e-05
rallies,2e-05
cave,2e-05
smiles,2e-05
resell,2e-05
rod,2e-05
moths,2e-05
taverns,2e-05
write,2e-05
idiots,2e-05
miser,2e-05
microphone,2e-05
starlet,2e-05
choices,2e-05
branches,2e-05
lived,2e-05
happens,2e-05
magma,2e-05
leaked,2e-05
celebrations,2e-05
soviet,2e-05
convention,2e-05
blaming,2e-05
spark,2e-05
shampoo,2e-05
introduced,2e-05
mba,2e-05
warning,2e-05
dude,2e-05
teaching,2e-05
monastic,2e-05
emporium,2e-05
bare,2e-05
monsters,2e-05
cascades,2e-05
consultant,2e-05
indication,2e-05
bamboo,2e-05
instruction,2e-05
relics,2e-05
aim,2e-05
tires,2e-05
dryer,2e-05
entrepreneur,2e-05
bedside,2e-05
entrances,2e-05
passed,2e-05
housekeeping,2e-05
anklet,2e-05
torch,2e-05
availability,2e-05
cf,2e-05
creators,2e-05
crawl,2e-05
catholic,2e-05
tees,2e-05
learn,2e-05
mls,2e-05
chicks,2e-05
vendors,2e-05
grower,2e-05
hart,2e-05
woodlands,2e-05
sisters,2e-05
shysters,2e-05
croft,2e-05
beating,2e-05
jester,2e-05
corkscrew,2e-05
servers,2e-05
enthusiasm,2e-05
operating,2e-05
nursing,2e-05
chorus,2e-05
rudder,2e-05
memoir,2e-05
vegetables,2e-05
depends,2e-05
scraper,2e-05
response,2e-05
parachute,2e-05
seaside,2e-05
shock,2e-05
depot,2e-05
overalls,2e-05
pipe,2e-05
parcels,2e-05
involve,2e-05
lr,2e-05
royals,2e-05
lithograph,2e-05
silversmiths,2e-05
courses,2e-05
fashions,2e-05
chiming,2e-05
heron,2e-05
trims,2e-05
wiccan,2e-05
wingspan,2e-05
organization,2e-05
bach,2e-05
serger,2e-05
bottleneck,2e-05
novels,2e-05
percentage,2e-05
spike,2e-05
palace,2e-05
devastated,2e-05
heard,2e-05
impressionism,2e-05
remains,2e-05
statues,2e-05
pantyhose,2e-05
passage,2e-05
learners,2e-05
shillings,2e-05
herbs,2e-05
containers,2e-05
collateral,2e-05
shoulders,2e-05
approach,2e-05
principle,2e-05
moonstone,2e-05
kiss,2e-05
marseille,2e-05
guessing,2e-05
solution,2e-05
seals,2e-05
tankard,2e-05
swivels,2e-05
concentration,2e-05
kinds,2e-05
skies,2e-05
hive,2e-05
shoppers,2e-05
ghosts,2e-05
mittens,2e-05
purchased,2e-05
macs,2e-05
fragments,2e-05
till,2e-05
waves,2e-05
metre,2e-05
tulip,2e-05
kylie,2e-05
outerwear,2e-05
flags,2e-05
giggles,2e-05
angle,2e-05
colored,2e-05
sherbet,2e-05
dinner,2e-05
khaki,2e-05
appreciated,2e-05
employment,2e-05
typing,2e-05
gin,2e-05
accord,2e-05
emergency,2e-05
rugs,2e-05
except,2e-05
buddhist,2e-05
commonwealth,2e-05
drift,2e-05
dreams,2e-05
wonderland,2e-05
bedroom,2e-05
yay,2e-05
cupboard,2e-05
speeder,2e-05
slight,2e-05
footprint,2e-05
myopia,2e-05
mascot,2e-05
favors,2e-05
discord,2e-05
capitol,2e-05
bed,2e-05
stray,2e-05
witchery,2e-05
brain,2e-05
parcelling,2e-05
hopper,2e-05
bodied,2e-05
earphones,2e-05
crimp,2e-05
headed,2e-05
coolant,2e-05
fao,2e-05
griffin,2e-05
yelp,2e-05
chalkboard,2e-05
jadeite,2e-05
refined,2e-05
estimates,2e-05
childhood,2e-05
painters,2e-05
roasting,2e-05
compare,2e-05
gmt,2e-05
haring,2e-05
invalided,2e-05
pajamas,2e-05
rest,2e-05
sample,2e-05
analog,2e-05
neighbor,2e-05
newsreels,2e-05
intensive,2e-05
headboard,2e-05
friday,2e-05
scorpio,2e-05
mindset,2e-05
roof,2e-05
bootie,2e-05
streak,2e-05
surge,2e-05
experts,2e-05
clashes,2e-05
simulated,2e-05
springtime,2e-05
vouchers,2e-05
continues,2e-05
studies,2e-05
edited,2e-05
somebody,2e-05
spirituality,2e-05
immersion,2e-05
goss,2e-05
lab,2e-05
secrets,2e-05
explain,2e-05
tinker,2e-05
threads,2e-05
stingray,2e-05
increased,2e-05
interiors,2e-05
extending,2e-05
flank,2e-05
brunch,2e-05
stayed,2e-05
panorama,2e-05
element,2e-05
quilting,2e-05
explosion,2e-05
agreed,2e-05
packed,2e-05
extrapolation,2e-05
dumps,2e-05
songs,2e-05
deserves,2e-05
inspiring,2e-05
professionals,2e-05
be,2e-05
mood,2e-05
insulting,2e-05
none,2e-05
progressive,2e-05
paprika,2e-05
engraving,2e-05
exceeding,2e-05
sponsors,2e-05
sum,2e-05
skipper,2e-05
girlfriend,2e-05
accepted,2e-05
bulls,2e-05
fragment,2e-05
cruiser,2e-05
combs,2e-05
animated,2e-05
maths,2e-05
continue,2e-05
mixing,2e-05
primes,2e-05
punishment,2e-05
accept,2e-05
effort,2e-05
decided,2e-05
title,2e-05
barbarians,2e-05
bugs,2e-05
par,2e-05
robes,2e-05
singlet,2e-05
shaman,2e-05
fiddlers,2e-05
degrees,2e-05
rattail,2e-05
finn,2e-05
blueberry,2e-05
tunnel,2e-05
update,2e-05
drunk,2e-05
eligibility,2e-05
floss,2e-05
trusting,2e-05
lark,2e-05
dishes,2e-05
pomade,2e-05
measure,2e-05
disrupted,2e-05
graham,2e-05
aluminium,2e-05
hickory,2e-05
mustangs,2e-05
xii,2e-05
ticketing,2e-05
jocks,2e-05
trusted,2e-05
dna,2e-05
dunk,2e-05
advancers,2e-05
cavalcade,2e-05
garter,2e-05
salutes,2e-05
digestive,2e-05
delighted,2e-05
lithium,2e-05
founder,2e-05
marsh,2e-05
cow,2e-05
voiced,2e-05
angelica,2e-05
twain,2e-05
clinker,2e-05
nicked,2e-05
vegan,2e-05
tablets,2e-05
blessings,2e-05
amusing,2e-05
maundy,2e-05
releasing,2e-05
infusion,2e-05
act,2e-05
twisted,2e-05
installation,2e-05
sock,2e-05
submarine,2e-05
caress,2e-05
entertain,2e-05
icicle,2e-05
loo,2e-05
lacks,2e-05
pep,2e-05
activewear,2e-05
frozen,2e-05
crushing,2e-05
jot,2e-05
refunds,2e-05
inset,2e-05
tss,2e-05
secretary,2e-05
boosting,2e-05
rabbits,2e-05
heirloom,2e-05
resort,2e-05
heated,2e-05
drip,2e-05
rectangle,2e-05
soothing,2e-05
creeper,2e-05
senor,2e-05
ir,2e-05
queer,2e-05
compendium,2e-05
chinchilla,2e-05
jeep,2e-05
brogue,2e-05
costs,2e-05
timberlands,2e-05
rust,2e-05
interface,2e-05
newsboy,2e-05
failing,2e-05
suicide,2e-05
boo,2e-05
freckles,2e-05
purity,2e-05
inverse,2e-05
antenna,2e-05
providing,2e-05
frustrating,2e-05
staying,2e-05
dock,2e-05
liberty,2e-05
forget,2e-05
tail,2e-05
ags,2e-05
chine,2e-05
seem,2e-05
award,2e-05
hauler,2e-05
carvings,2e-05
arbitrage,2e-05
burberry,2e-05
announced,2e-05
fig,2e-05
aunt,2e-05
invited,2e-05
plea,2e-05
bush,2e-05
gilt,2e-05
tethered,2e-05
ga,2e-05
ai,2e-05
noticed,2e-05
maple,2e-05
nigerian,2e-05
trays,2e-05
heath,2e-05
indiana,2e-05
fodder,2e-05
mcg,2e-05
approaching,2e-05
propose,2e-05
fe,2e-05
load,2e-05
encourages,2e-05
pout,2e-05
chassis,2e-05
tigers,2e-05
kings,2e-05
smashing,2e-05
armchair,2e-05
squid,2e-05
owed,2e-05
bitches,2e-05
hibiscus,2e-05
samplers,2e-05
messaged,2e-05
moments,2e-05
generating,2e-05
gp,2e-05
killing,2e-05
mirrored,2e-05
matched,2e-05
facts,2e-05
reversal,2e-05
haunted,2e-05
onions,2e-05
prosper,2e-05
valuation,2e-05
copied,2e-05
pitch,2e-05
masque,2e-05
peaches,2e-05
galax,2e-05
bathing,2e-05
gd,2e-05
treadmills,2e-05
liners,2e-05
carmaker,2e-05
arches,2e-05
ticking,2e-05
wildflowers,2e-05
tweed,2e-05
searched,2e-05
flirting,2e-05
oneida,2e-05
blazers,2e-05
lightning,2e-05
promoted,2e-05
bullshit,2e-05
feathered,2e-05
colleagues,2e-05
trend,2e-05
abound,2e-05
played,2e-05
discuss,2e-05
currys,2e-05
irish,2e-05
buddha,2e-05
ravioli,2e-05
pleat,2e-05
education,2e-05
magenta,2e-05
dental,2e-05
subwoofer,2e-05
surfboard,2e-05
siphon,2e-05
ammunition,2e-05
packaged,2e-05
rumors,2e-05
closures,2e-05
dynamite,2e-05
nosed,2e-05
lavender,2e-05
circus,2e-05
basement,2e-05
connoisseur,2e-05
chaos,2e-05
sas,2e-05
planets,2e-05
economists,2e-05
roaster,2e-05
watt,2e-05
presidents,2e-05
scottish,2e-05
medallions,2e-05
traps,2e-05
gore,2e-05
raising,2e-05
tb,2e-05
persons,2e-05
spaghetti,2e-05
harrows,2e-05
mass,2e-05
throne,2e-05
symbol,2e-05
gouging,2e-05
protectors,2e-05
married,2e-05
cad,2e-05
unarmed,2e-05
immortal,2e-05
ins,2e-05
slave,2e-05
leeward,2e-05
filler,2e-05
cyclops,2e-05
bladder,2e-05
hoe,2e-05
rice,2e-05
chiffon,2e-05
gram,2e-05
motel,2e-05
jacob,2e-05
consoles,2e-05
blonde,2e-05
capon,2e-05
rates,2e-05
banners,2e-05
radar,2e-05
slash,2e-05
advertisement,2e-05
futons,2e-05
sleepwears,2e-05
sons,2e-05
el,2e-05
refreshing,2e-05
horsebox,2e-05
opal,2e-05
survivor,2e-05
grizzly,2e-05
magnum,2e-05
tufts,2e-05
pastry,2e-05
regatta,2e-05
shave,2e-05
brackets,2e-05
bearer,2e-05
prevention,2e-05
gigs,2e-05
ion,2e-05
boutique,2e-05
meeting,2e-05
peel,2e-05
beading,2e-05
ginger,2e-05
stag,2e-05
opens,2e-05
fabrics,2e-05
critter,2e-05
sprayer,2e-05
wound,2e-05
vigilance,2e-05
hairnet,2e-05
guest,2e-05
scrap,2e-05
lining,2e-05
initiations,2e-05
native,2e-05
overlay,2e-05
acc,2e-05
suspicion,2e-05
mob,2e-05
plows,2e-05
exciting,2e-05
present,2e-05
duped,2e-05
kite,2e-05
knob,2e-05
inauguration,2e-05
tagged,2e-05
repairs,2e-05
misuse,2e-05
taste,2e-05
dairy,2e-05
vests,2e-05
skateboard,2e-05
insider,2e-05
raglan,2e-05
convert,2e-05
pontoon,2e-05
prospects,2e-05
booksellers,2e-05
query,2e-05
beam,2e-05
sing,2e-05
scrambled,2e-05
sandman,2e-05
families,2e-05
swivel,2e-05
cowrie,2e-05
lurking,2e-05
cas,2e-05
academy,2e-05
roamers,2e-05
racket,2e-05
trophy,2e-05
dime,2e-05
programming,2e-05
zoo,2e-05
adversity,2e-05
vacuuming,2e-05
directed,2e-05
bumpers,2e-05
priority,2e-05
vd,2e-05
mack,2e-05
scrapped,2e-05
shawl,2e-05
imaging,2e-05
insulators,2e-05
bale,2e-05
tops,2e-05
chiron,2e-05
windbag,2e-05
promise,2e-05
mums,2e-05
favored,2e-05
pinwheel,2e-05
guidebook,2e-05
swoop,2e-05
absolute,2e-05
taper,2e-05
stabilising,2e-05
atom,2e-05
hinge,2e-05
fifty,2e-05
allows,2e-05
criticism,2e-05
subscriber,2e-05
gator,2e-05
cavaliers,2e-05
sideshow,2e-05
irregular,2e-05
litre,2e-05
sour,2e-05
freshener,2e-05
alarm,2e-05
wears,2e-05
favorites,2e-05
gouged,2e-05
ci,2e-05
wb,2e-05
aloha,2e-05
catch,2e-05
result,2e-05
senses,2e-05
majolica,2e-05
kitty,2e-05
peruvian,2e-05
opals,2e-05
nearing,2e-05
radiance,2e-05
batter,2e-05
oxygen,2e-05
catching,2e-05
freezer,2e-05
assisted,2e-05
canyon,2e-05
serial,2e-05
rainbows,2e-05
gardeners,2e-05
gearbox,2e-05
tremors,2e-05
flaming,2e-05
construction,2e-05
quitter,2e-05
researching,2e-05
survival,2e-05
veneers,2e-05
language,2e-05
helix,2e-05
navigation,2e-05
typewriter,2e-05
weapons,2e-05
wedgwood,2e-05
iced,2e-05
col,2e-05
cars,2e-05
tenth,2e-05
booty,2e-05
defaulting,2e-05
brow,2e-05
skillet,2e-05
postponing,2e-05
aliens,2e-05
delivered,2e-05
assholes,2e-05
glacier,2e-05
sentinels,2e-05
siren,2e-05
whipped,2e-05
sucks,2e-05
blackberry,2e-05
norman,2e-05
hailing,2e-05
noise,2e-05
bathrobe,2e-05
library,2e-05
sweatshirts,2e-05
bungs,2e-05
paying,2e-05
defend,2e-05
dart,2e-05
clamp,2e-05
stoneware,2e-05
decommissioning,2e-05
regret,2e-05
waters,2e-05
crucifix,2e-05
pasture,2e-05
pyjamas,2e-05
clunks,2e-05
oracle,2e-05
combine,2e-05
bambino,2e-05
vampire,2e-05
aids,2e-05
mum,2e-05
salah,2e-05
pope,2e-05
draft,2e-05
shakedown,2e-05
chilling,2e-05
catalog,2e-05
vinyls,2e-05
discs,2e-05
piloting,2e-05
treating,2e-05
porn,2e-05
cities,2e-05
picker,2e-05
meadow,2e-05
attacks,2e-05
retirees,2e-05
completing,2e-05
rubber,2e-05
accordion,2e-05
afghan,2e-05
toenail,2e-05
whiskers,2e-05
angled,2e-05
workshop,2e-05
socket,2e-05
lawn,2e-05
cabochons,2e-05
boulder,2e-05
relationships,2e-05
brakes,2e-05
buck,2e-05
cutters,2e-05
ruth,2e-05
penguin,2e-05
sovereign,2e-05
imperial,2e-05
sends,2e-05
therapy,2e-05
coupon,2e-05
aporocactus,2e-05
minerals,2e-05
fiction,2e-05
hass,2e-05
cancelled,2e-05
shared,2e-05
transaction,2e-05
chronicle,2e-05
manning,2e-05
boa,2e-05
durability,2e-05
radium,2e-05
freedom,2e-05
mavericks,2e-05
disagree,2e-05
brownie,2e-05
helms,2e-05
daisies,2e-05
experiencing,2e-05
expansion,2e-05
exit,2e-05
sprint,2e-05
bezel,2e-05
bonds,2e-05
crisp,2e-05
vitamin,2e-05
undoing,2e-05
sequins,2e-05
parks,2e-05
suspender,2e-05
angling,2e-05
missed,2e-05
molded,2e-05
displays,2e-05
chimes,2e-05
sanity,2e-05
progress,2e-05
eating,2e-05
vip,2e-05
musicians,2e-05
rebounding,2e-05
harps,2e-05
marshal,2e-05
arguing,2e-05
bounced,2e-05
feeling,2e-05
alabaster,2e-05
crackers,2e-05
applied,2e-05
straightener,2e-05
fitted,2e-05
puck,2e-05
students,2e-05
threatened,2e-05
languages,2e-05
disposable,2e-05
cheers,2e-05
husband,2e-05
mornings,2e-05
aug,2e-05
plight,2e-05
volcano,2e-05
proposal,2e-05
brit,2e-05
token,2e-05
cherished,2e-05
quibble,2e-05
plateau,2e-05
mama,2e-05
austral,2e-05
kidney,2e-05
hardback,2e-05
dahlia,2e-05
mothers,2e-05
climbing,2e-05
knows,2e-05
fountain,2e-05
caps,2e-05
locomotive,2e-05
couture,2e-05
houseboat,2e-05
failed,2e-05
variety,2e-05
insets,2e-05
powered,2e-05
tweets,2e-05
chrysanthemum,2e-05
dwarf,2e-05
lumps,2e-05
scrubbing,2e-05
solutions,2e-05
slam,2e-05
approaches,2e-05
powers,2e-05
delicious,2e-05
creature,2e-05
vets,2e-05
singer,2e-05
menus,2e-05
scout,2e-05
ant,2e-05
forking,2e-05
lilac,2e-05
skiing,2e-05
models,2e-05
percale,2e-05
testament,2e-05
quarterly,2e-05
purge,2e-05
auxiliary,2e-05
lusterware,2e-05
dawn,2e-05
donating,2e-05
pinstripe,2e-05
cherokee,2e-05
easel,2e-05
protesters,2e-05
upgrades,2e-05
optima,2e-05
planning,2e-05
raid,2e-05
correction,2e-05
shekel,2e-05
butcher,2e-05
split,2e-05
fingerprints,2e-05
hospices,2e-05
shut,2e-05
preference,2e-05
icon,2e-05
tucker,2e-05
mitt,2e-05
freesia,2e-05
soul,2e-05
twist,2e-05
divergence,2e-05
completion,2e-05
glider,2e-05
js,2e-05
kangaroo,2e-05
sheep,2e-05
regarding,2e-05
thong,2e-05
meetings,2e-05
medallion,2e-05
asp,2e-05
dedication,2e-05
kirk,2e-05
wholesalers,2e-05
apologies,2e-05
sources,2e-05
atlas,2e-05
economy,2e-05
contacting,2e-05
cracked,2e-05
settings,2e-05
losers,2e-05
ladle,2e-05
banner,2e-05
comma,2e-05
bows,2e-05
cycle,2e-05
earned,2e-05
movable,2e-05
cozy,2e-05
scared,2e-05
columns,2e-05
generate,2e-05
bounce,2e-05
eatery,2e-05
grandparents,2e-05
parallel,2e-05
arouse,2e-05
protection,2e-05
backing,2e-05
dressed,2e-05
carrot,2e-05
favor,2e-05
knuckles,2e-05
maize,2e-05
pause,2e-05
cts,2e-05
slabs,2e-05
velociraptor,2e-05
incas,2e-05
rays,2e-05
nightdress,2e-05
ballet,2e-05
mercy,2e-05
intent,2e-05
witchcraft,2e-05
crested,2e-05
disks,2e-05
mile,2e-05
yearbook,2e-05
revolutionary,2e-05
reciprocate,2e-05
aging,2e-05
rovers,2e-05
mountaineer,2e-05
units,2e-05
suspect,2e-05
bayou,2e-05
towers,2e-05
coconut,2e-05
nurses,2e-05
nightmare,2e-05
xxs,2e-05
ruck,2e-05
finial,2e-05
wafer,2e-05
tribe,2e-05
wrought,2e-05
volumes,2e-05
author,2e-05
flights,2e-05
fraud,2e-05
xiv,2e-05
dell,2e-05
puff,2e-05
walkers,2e-05
raf,2e-05
biography,2e-05
priest,2e-05
converting,2e-05
vinegar,2e-05
caution,2e-05
mosaics,2e-05
sentences,2e-05
outboard,2e-05
saviours,2e-05
banking,2e-05
harbor,2e-05
encounter,2e-05
centrepiece,2e-05
tricycle,2e-05
fourteen,2e-05
somali,2e-05
garlic,2e-05
senators,2e-05
nursery,2e-05
titan,2e-05
glimpse,2e-05
retriever,2e-05
context,2e-05
muller,2e-05
guitars,2e-05
bandana,2e-05
junction,2e-05
seasoning,2e-05
acer,2e-05
pallet,2e-05
highlander,2e-05
torque,2e-05
deliver,2e-05
flesh,2e-05
sandalwood,2e-05
transducer,2e-05
expression,2e-05
retrievers,2e-05
ocean,2e-05
shore,2e-05
reward,2e-05
nugget,2e-05
bran,2e-05
promotions,2e-05
bangles,2e-05
alloy,2e-05
bulletin,2e-05
indexes,2e-05
bug,2e-05
converted,2e-05
applies,2e-05
min,2e-05
weeping,2e-05
wishbone,2e-05
sack,2e-05
seats,2e-05
medicine,2e-05
dam,2e-05
mafia,2e-05
facilities,2e-05
heels,2e-05
hangings,2e-05
prayer,2e-05
mariner,2e-05
scenery,2e-05
graph,2e-05
tremolo,2e-05
companion,2e-05
roadster,2e-05
stardust,2e-05
lux,2e-05
rail,2e-05
segmented,2e-05
redwoods,2e-05
predictions,2e-05
interior,2e-05
stool,2e-05
windscreen,2e-05
pirate,2e-05
perceptions,2e-05
prediction,2e-05
pendent,2e-05
seconds,2e-05
dragonfly,2e-05
plastics,2e-05
tent,2e-05
pounds,2e-05
thieves,2e-05
watchers,2e-05
recorder,2e-05
partys,2e-05
fee,2e-05
ml,2e-05
marquee,2e-05
merino,2e-05
foam,2e-05
pedals,2e-05
cooker,2e-05
purposes,2e-05
apron,2e-05
kentuckians,2e-05
dent,2e-05
routine,2e-05
blanc,2e-05
checkers,2e-05
egyptian,2e-05
farewells,2e-05
talon,2e-05
minis,2e-05
camping,2e-05
roman,2e-05
snowflake,2e-05
stitchery,2e-05
shrines,2e-05
quantum,2e-05
tlc,2e-05
pole,2e-05
clover,2e-05
seasons,2e-05
touch,2e-05
boosted,2e-05
zhou,2e-05
pointed,2e-05
wan,2e-05
goodness,2e-05
themes,2e-05
crush,2e-05
entirety,2e-05
raiders,2e-05
skater,2e-05
conversations,2e-05
emissions,2e-05
bulbs,2e-05
galloway,2e-05
charging,2e-05
clearing,2e-05
reclaimed,2e-05
manufactured,2e-05
twister,2e-05
telecom,2e-05
pond,2e-05
smiley,2e-05
deserved,2e-05
insured,2e-05
roles,2e-05
variations,2e-05
minute,2e-05
relaxed,2e-05
snapdragon,2e-05
flavourings,2e-05
obstacles,2e-05
hips,2e-05
carter,2e-05
cleaning,2e-05
reads,2e-05
leds,2e-05
gps,2e-05
unemployment,2e-05
commander,2e-05
losses,2e-05
lioness,2e-05
pa,2e-05
parliament,2e-05
reflation,2e-05
focusing,2e-05
fib,2e-05
personality,2e-05
manufacture,2e-05
twins,2e-05
recycling,2e-05
decanters,2e-05
messenger,2e-05
autographs,2e-05
buccaneers,2e-05
poll,2e-05
cloud,2e-05
crawling,2e-05
innovating,2e-05
aster,2e-05
holy,2e-05
status,2e-05
rights,2e-05
tanks,2e-05
ovals,2e-05
refer,2e-05
youths,2e-05
crossroads,2e-05
rigs,2e-05
exile,2e-05
shooting,2e-05
inside,2e-05
cruise,2e-05
layout,2e-05
sniping,2e-05
hanks,2e-05
roast,2e-05
kittens,2e-05
adjust,2e-05
juggle,2e-05
rucksack,2e-05
mill,2e-05
mars,2e-05
briefing,2e-05
dots,2e-05
talks,2e-05
communication,2e-05
scammer,2e-05
spar,2e-05
extensions,2e-05
arbor,2e-05
balloting,2e-05
laundering,2e-05
modeling,2e-05
joggle,2e-05
discovering,2e-05
sculptures,2e-05
soutache,2e-05
worst,2e-05
depending,2e-05
justifying,2e-05
launches,2e-05
pantry,2e-05
gallon,2e-05
dents,2e-05
checking,2e-05
vote,2e-05
fender,2e-05
changers,2e-05
descendants,2e-05
milling,2e-05
birding,2e-05
donations,2e-05
ledger,2e-05
forgotten,2e-05
innovation,2e-05
cookers,2e-05
sockets,2e-05
filter,2e-05
doubt,2e-05
reversing,2e-05
fringed,2e-05
rayon,2e-05
mind,2e-05
balance,2e-05
ordering,2e-05
bet,2e-05
ta,2e-05
keyboards,2e-05
prior,2e-05
broncos,2e-05
hollow,2e-05
nook,2e-05
allied,2e-05
mocha,2e-05
fear,2e-05
patriotism,2e-05
glows,2e-05
capitalist,2e-05
reunion,2e-05
awakens,2e-05
pulss,2e-05
va,2e-05
reduced,2e-05
proprietary,2e-05
wins,2e-05
carded,2e-05
fidget,2e-05
locker,2e-05
combination,2e-05
smile,2e-05
salute,2e-05
prelude,2e-05
bulldog,2e-05
arranged,2e-05
kitchenware,2e-05
recorded,2e-05
desserts,2e-05
tire,2e-05
players,2e-05
fields,2e-05
steed,2e-05
blocking,2e-05
molds,2e-05
recap,2e-05
brawl,2e-05
compote,2e-05
celebrate,2e-05
ports,2e-05
resale,2e-05
badgers,2e-05
doctors,2e-05
sheepskin,2e-05
bavarian,2e-05
depth,2e-05
mop,2e-05
lovely,2e-05
parfait,2e-05
imo,2e-05
teen,2e-05
academic,2e-05
constitution,2e-05
illustrations,2e-05
briefs,2e-05
chicken,2e-05
stuffers,2e-05
traffic,2e-05
gainers,2e-05
disco,2e-05
trucking,2e-05
expressionism,2e-05
buccaneer,2e-05
extras,2e-05
lip,2e-05
harry,2e-05
draining,2e-05
bookend,2e-05
aventurine,2e-05
mathematics,2e-05
networking,2e-05
publishing,2e-05
steps,2e-05
am,2e-05
carpenter,2e-05
monk,2e-05
bandit,2e-05
distribution,2e-05
treated,2e-05
mailbox,2e-05
samples,2e-05
thermometer,2e-05
genders,2e-05
treadmill,2e-05
pinata,2e-05
hustles,2e-05
burgundy,2e-05
sizing,2e-05
wondering,2e-05
struggling,2e-05
population,2e-05
tract,2e-05
beginning,2e-05
ski,2e-05
trending,2e-05
profit,2e-05
boogie,2e-05
carbide,2e-05
cylinder,2e-05
soldier,2e-05
immigrants,2e-05
recharging,2e-05
welded,2e-05
fri,2e-05
seasonal,2e-05
headset,2e-05
thongs,2e-05
addiction,2e-05
corinthian,2e-05
skating,2e-05
quorum,2e-05
costa,2e-05
kansas,2e-05
gathering,2e-05
siblings,2e-05
comprehensive,2e-05
legacy,2e-05
pancake,2e-05
policies,2e-05
rips,2e-05
did,2e-05
toning,2e-05
hq,2e-05
ats,2e-05
connection,2e-05
suite,2e-05
treads,2e-05
answer,2e-05
upgraded,2e-05
scottie,2e-05
dresses,2e-05
hearth,2e-05
waterfall,2e-05
robins,2e-05
coach,2e-05
bb,2e-05
situation,2e-05
temptation,2e-05
terminal,2e-05
kabbalah,2e-05
alerts,2e-05
improvement,2e-05
advocate,2e-05
popper,2e-05
schedules,2e-05
simulator,2e-05
gloss,2e-05
founded,2e-05
visitor,2e-05
haves,2e-05
dismantled,2e-05
packets,2e-05
stall,2e-05
mag,2e-05
stage,2e-05
deer,2e-05
advancing,2e-05
bonnet,2e-05
oilers,2e-05
stirrups,2e-05
expressions,2e-05
caged,2e-05
layer,2e-05
onion,2e-05
requesting,2e-05
swiped,2e-05
outnumbered,2e-05
obscure,2e-05
ambiance,2e-05
duo,2e-05
cr,2e-05
impression,2e-05
demonstrating,2e-05
hospital,2e-05
guns,2e-05
cottage,2e-05
conditioning,2e-05
pickups,2e-05
shoebox,2e-05
plum,2e-05
backpacks,2e-05
guru,2e-05
merchant,2e-05
pouch,2e-05
tableware,2e-05
homemakers,2e-05
matted,2e-05
mortal,2e-05
massachusetts,2e-05
brazil,2e-05
headlamp,2e-05
chunk,2e-05
anxiety,2e-05
damaged,2e-05
pulled,2e-05
misses,2e-05
listened,2e-05
characters,2e-05
oppression,2e-05
swinging,2e-05
gunner,2e-05
grass,2e-05
sesame,2e-05
ballerina,2e-05
noodle,2e-05
tells,2e-05
demons,2e-05
ceos,2e-05
bun,2e-05
chart,2e-05
pharmacy,2e-05
diner,2e-05
vale,2e-05
nobody,2e-05
catatonia,2e-05
almanac,2e-05
waxing,2e-05
groceries,2e-05
boudoir,2e-05
preferred,2e-05
dragons,2e-05
hoarder,2e-05
choir,2e-05
passenger,2e-05
ces,2e-05
mankind,2e-05
booklets,2e-05
recovering,2e-05
worker,2e-05
panels,2e-05
pleasing,2e-05
madness,2e-05
cassock,2e-05
christian,2e-05
hydrogen,2e-05
walls,2e-05
attending,2e-05
pitfall,2e-05
equal,2e-05
pleads,2e-05
scheduled,2e-05
scotch,2e-05
scrotum,2e-05
amphibian,2e-05
teapot,2e-05
cruet,2e-05
hammer,2e-05
horseshoe,2e-05
replacing,2e-05
rosette,2e-05
ben,2e-05
tuff,2e-05
compares,2e-05
edged,2e-05
goers,2e-05
lemongrass,2e-05
excuse,2e-05
slime,2e-05
squash,2e-05
masked,2e-05
blending,2e-05
fin,2e-05
insights,2e-05
cope,2e-05
rue,2e-05
spice,2e-05
braves,2e-05
flog,2e-05
colony,2e-05
hoping,2e-05
dispensers,2e-05
imperfect,2e-05
circular,2e-05
ballpoint,2e-05
motivating,2e-05
suggestions,2e-05
windshield,2e-05
chapel,2e-05
decade,2e-05
informed,2e-05
ft,2e-05
division,2e-05
mottled,2e-05
pillow,2e-05
wannabe,2e-05
fingers,2e-05
embossed,2e-05
innovations,2e-05
sprues,2e-05
feathers,2e-05
graphite,2e-05
botanical,2e-05
receipt,2e-05
poles,2e-05
episodes,2e-05
pollywog,2e-05
infants,2e-05
eyebrow,2e-05
surgeon,2e-05
fins,2e-05
urn,2e-05
pendents,2e-05
dipper,2e-05
chrysalis,2e-05
fault,2e-05
turtleneck,2e-05
tricycles,2e-05
lions,2e-05
hen,2e-05
hawks,2e-05
doorway,2e-05
romantic,2e-05
contenders,2e-05
tariff,2e-05
sumo,2e-05
remembrance,2e-05
babysitters,2e-05
fellow,2e-05
humming,2e-05
fiat,2e-05
scarves,2e-05
impressions,2e-05
eagles,2e-05
attempt,2e-05
processor,2e-05
stem,2e-05
captured,2e-05
galley,2e-05
conflict,2e-05
exchanges,2e-05
gild,2e-05
supermen,2e-05
pint,2e-05
gallery,2e-05
hippopotamus,2e-05
shortlist,2e-05
sheriff,2e-05
loops,2e-05
crossed,2e-05
geisha,2e-05
interlocking,2e-05
helicopter,2e-05
flyer,2e-05
curiosity,2e-05
indignation,2e-05
polaroid,2e-05
descending,2e-05
daks,2e-05
downside,2e-05
rode,2e-05
cinema,2e-05
molding,2e-05
correct,2e-05
edging,2e-05
slides,2e-05
collared,2e-05
newton,2e-05
rivers,2e-05
tattoo,2e-05
gnu,2e-05
daredevil,2e-05
playlists,2e-05
debt,2e-05
wailers,2e-05
vespa,2e-05
quarry,2e-05
tassels,2e-05
wick,2e-05
cs,2e-05
knights,2e-05
backstage,2e-05
filmed,2e-05
spokesperson,2e-05
son,2e-05
trucks,2e-05
teacup,2e-05
cordial,2e-05
survived,2e-05
baffle,2e-05
resolve,2e-05
madrigal,2e-05
cams,2e-05
dig,2e-05
intimates,2e-05
engineering,2e-05
customised,2e-05
accessory,2e-05
intimidated,2e-05
nobleman,2e-05
rattan,2e-05
frisbee,2e-05
treasured,2e-05
resisting,2e-05
helmets,2e-05
sausage,2e-05
scoured,2e-05
intern,2e-05
garments,2e-05
touring,2e-05
briar,2e-05
southwest,2e-05
locket,2e-05
browns,2e-05
xy,2e-05
knock,2e-05
interests,2e-05
farewell,2e-05
modem,2e-05
fr,2e-05
decking,2e-05
mining,2e-05
dioxide,2e-05
foolery,2e-05
why,2e-05
changer,2e-05
scot,2e-05
applique,2e-05
burning,2e-05
devils,2e-05
theft,2e-05
eliminate,2e-05
profanity,2e-05
trades,2e-05
blessing,2e-05
premiere,2e-05
brews,2e-05
glazed,2e-05
consequence,2e-05
frequency,2e-05
envelope,2e-05
pos,2e-05
architecture,2e-05
aerating,2e-05
crate,2e-05
photograph,2e-05
flagon,2e-05
ogre,2e-05
structured,2e-05
lover,2e-05
retire,2e-05
mustard,2e-05
antacid,2e-05
climbs,2e-05
addresses,2e-05
markers,2e-05
penelopes,2e-05
rectifier,2e-05
research,2e-05
bundled,2e-05
surroundings,2e-05
webpage,2e-05
ethnic,2e-05
ottawa,2e-05
battleship,2e-05
wraparound,2e-05
funk,2e-05
rumours,2e-05
leopard,2e-05
complaining,2e-05
pine,2e-05
thunder,2e-05
comparisons,2e-05
islay,2e-05
cubicle,2e-05
blitzing,2e-05
concentrated,2e-05
alarms,2e-05
lice,2e-05
reviewers,2e-05
planter,2e-05
dads,2e-05
needlework,2e-05
roux,2e-05
texts,2e-05
erupting,2e-05
ceremonial,2e-05
revolver,2e-05
fielder,2e-05
flocked,2e-05
bout,2e-05
suggest,2e-05
cattle,2e-05
duster,2e-05
chafing,2e-05
advert,2e-05
atlantis,2e-05
majority,2e-05
magnet,2e-05
evenings,2e-05
casino,2e-05
meat,2e-05
jungle,2e-05
marlin,2e-05
cats,2e-05
sink,2e-05
feminists,2e-05
singular,2e-05
judge,2e-05
eyewitness,2e-05
stops,2e-05
pressed,2e-05
weakened,2e-05
suggested,2e-05
genius,2e-05
facility,2e-05
reduction,2e-05
retail,2e-05
setups,2e-05
keys,2e-05
python,2e-05
joust,2e-05
pieced,2e-05
vans,2e-05
