co,0.0828
https,0.06919
week,0.01579
package,0.01009
vote,0.00955
player,0.00889
air,0.00798
job,0.00742
like,0.00697
get,0.00692
field,0.0067
delivery,0.00663
browns,0.00621
today,0.00619
surprise,0.00582
days,0.0057
ballot,0.00557
see,0.00543
time,0.00538
ground,0.00518
drop,0.00469
team,0.00454
day,0.00452
use,0.00447
go,0.00425
express,0.00422
service,0.00415
said,0.00413
saints,0.00398
rankings,0.00344
mail,0.00341
people,0.00329
got,0.00329
cowboys,0.00324
driver,0.00319
touchdowns,0.00317
link,0.00314
still,0.00309
packages,0.00302
amp,0.003
work,0.00295
official,0.00292
shipping,0.00292
say,0.00292
click,0.00287
power,0.00285
re,0.00282
showing,0.0028
box,0.00275
trade,0.00268
know,0.00268
halftime,0.00265
game,0.0026
year,0.00258
back,0.00255
customer,0.00253
make,0.00253
even,0.0025
take,0.0025
last,0.00248
first,0.00248
send,0.00226
need,0.00221
order,0.00221
latest,0.00216
company,0.00214
players,0.00211
open,0.00206
door,0.00201
right,0.00201
football,0.00199
yards,0.00196
name,0.00194
good,0.00187
looking,0.00184
help,0.00184
guy,0.00182
getting,0.00182
hello,0.00179
going,0.00177
lets,0.00177
great,0.00174
campaign,0.00172
hiring,0.00169
waiting,0.00167
amazon,0.00162
handler,0.0016
way,0.0016
experts,0.0016
views,0.0016
number,0.0016
top,0.00157
shirts,0.00157
person,0.00152
worst,0.00152
voting,0.00152
better,0.00152
home,0.00152
profits,0.00152
tracking,0.00152
donated,0.00152
drivers,0.0015
part,0.0015
want,0.0015
business,0.0015
media,0.00147
wait,0.00142
pleas,0.00142
much,0.0014
cant,0.0014
left,0.0014
think,0.0014
call,0.00138
man,0.00138
well,0.00138
helped,0.00138
took,0.00138
truck,0.00138
voted,0.00133
fed,0.00133
titans,0.0013
states,0.0013
sent,0.0013
trying,0.0013
rushing,0.00128
transportation,0.00125
thing,0.00125
live,0.0012
yesterday,0.0012
check,0.0012
ship,0.0012
received,0.0012
social,0.00118
follow,0.00118
opening,0.00118
fucking,0.00115
please,0.00115
games,0.00115
companies,0.00113
morning,0.00113
coming,0.00113
apply,0.00113
rules,0.00113
world,0.00113
shit,0.0011
warehouse,0.00108
return,0.00108
let,0.00108
look,0.00108
hi,0.00108
support,0.00106
phone,0.00106
dot,0.00106
house,0.00103
weeks,0.00103
fit,0.00101
wrong,0.00101
atp,0.00101
happens,0.00098
shipped,0.00098
office,0.00098
trump,0.00098
delivered,0.00098
thanks,0.00098
customers,0.00098
seem,0.00098
play,0.00098
years,0.00096
came,0.00096
using,0.00093
recommend,0.00093
courier,0.00093
says,0.00093
lost,0.00093
counted,0.00093
yard,0.00091
hang,0.00091
best,0.00091
times,0.00091
dry,0.00091
went,0.00091
love,0.00091
shipment,0.00091
win,0.00088
small,0.00088
someone,0.00088
ex,0.00088
shift,0.00088
steady,0.00088
inside,0.00086
start,0.00086
election,0.00086
downpour,0.00083
hr,0.00083
jobs,0.00081
hate,0.00081
tomorrow,0.00081
post,0.00081
guys,0.00081
address,0.00079
quarter,0.00079
documents,0.00079
including,0.00079
stop,0.00079
working,0.00079
injury,0.00079
hes,0.00079
bad,0.00076
saying,0.00076
keep,0.00076
taking,0.00076
average,0.00076
told,0.00076
real,0.00076
pandemic,0.00076
season,0.00076
join,0.00074
find,0.00074
question,0.00074
line,0.00074
leave,0.00074
details,0.00074
end,0.00074
in,0.00071
final,0.00071
carrier,0.00071
buy,0.00071
money,0.00071
show,0.00071
mask,0.00071
high,0.00071
ordered,0.00069
care,0.00069
tell,0.00069
front,0.00069
delivering,0.00069
el,0.00069
nothing,0.00066
give,0.00066
hope,0.00066
old,0.00066
sucks,0.00066
put,0.00066
full,0.00066
cup,0.00066
fuck,0.00066
lot,0.00066
network,0.00064
stuff,0.00064
reach,0.00064
rain,0.00064
message,0.00064
passing,0.00064
orders,0.00064
month,0.00064
second,0.00064
damn,0.00064
text,0.00064
missing,0.00064
ass,0.00064
fans,0.00061
news,0.00061
made,0.00061
view,0.00061
experience,0.00061
pm,0.00061
pick,0.00061
local,0.00061
come,0.00059
material,0.00059
making,0.00059
openings,0.00059
deliveries,0.00059
parcel,0.00059
ill,0.00059
hours,0.00059
half,0.00059
facility,0.00059
long,0.00056
attacks,0.00056
third,0.00056
asking,0.00056
car,0.00056
hour,0.00056
center,0.00056
ready,0.00056
looks,0.00056
past,0.00056
life,0.00056
watch,0.00054
chevron,0.00054
international,0.00054
read,0.00054
apple,0.00054
monday,0.00054
moving,0.00054
hear,0.00054
mean,0.00054
th,0.00054
course,0.00052
ha,0.00052
video,0.00052
store,0.00052
united,0.00052
problem,0.00052
point,0.00052
things,0.00052
commercial,0.00052
least,0.00052
cargo,0.00052
christmas,0.00052
playing,0.00052
happened,0.00052
account,0.00049
fine,0.00049
bayer,0.00049
yes,0.00049
holiday,0.00049
issue,0.00049
dropped,0.00049
boxes,0.00049
cause,0.00049
months,0.00049
area,0.00049
print,0.00049
takes,0.00049
info,0.00049
feel,0.00047
thank,0.00047
interested,0.00047
id,0.00047
items,0.00047
officials,0.00047
department,0.00047
worth,0.00047
loss,0.00047
apologies,0.00047
members,0.00047
carry,0.00047
hold,0.00044
paid,0.00044
led,0.00044
serve,0.00044
success,0.00044
sitting,0.00044
sending,0.00044
suffered,0.00044
race,0.00044
supposed,0.00044
planes,0.00044
close,0.00044
jr,0.00044
logistics,0.00044
pay,0.00044
location,0.00044
near,0.00044
chance,0.00044
believe,0.00044
fourth,0.00044
north,0.00044
future,0.00044
james,0.00044
agent,0.00044
figure,0.00044
gen,0.00042
stock,0.00042
stocks,0.00042
natural,0.00042
held,0.00042
run,0.00042
operations,0.00042
outside,0.00042
services,0.00042
stealing,0.00042
bringing,0.00042
turn,0.00042
executive,0.00042
burrow,0.00042
max,0.00042
reaching,0.00042
ranking,0.00042
joke,0.00042
gas,0.00042
city,0.00039
knocked,0.00039
employee,0.00039
offensive,0.00039
due,0.00039
report,0.00039
score,0.00039
comes,0.00039
guess,0.00039
usps,0.00039
plans,0.00039
plan,0.00039
starting,0.00039
gave,0.00039
information,0.00039
arrived,0.00039
health,0.00039
jets,0.00039
luck,0.00039
file,0.00039
case,0.00039
deliver,0.00039
asked,0.00039
auto,0.00039
october,0.00037
federal,0.00037
winter,0.00037
deal,0.00037
level,0.00037
assistance,0.00037
little,0.00037
conversation,0.00037
ok,0.00037
baker,0.00037
note,0.00037
supporter,0.00037
green,0.00037
record,0.00037
head,0.00037
punt,0.00037
slam,0.00037
excitement,0.00037
mobile,0.00037
inconvenience,0.00037
reason,0.00037
mom,0.00037
stay,0.00037
beat,0.00037
change,0.00037
september,0.00037
benefits,0.00037
state,0.00037
pa,0.00034
thought,0.00034
young,0.00034
jaguars,0.00034
dear,0.00034
track,0.00034
areas,0.00034
saw,0.00034
drive,0.00034
throw,0.00034
found,0.00034
flying,0.00034
camera,0.00034
mine,0.00034
pt,0.00034
general,0.00034
performance,0.00034
works,0.00034
golf,0.00034
list,0.00034
twitter,0.00034
workers,0.00034
national,0.00034
signed,0.00034
advance,0.00034
daily,0.00034
telling,0.00034
knock,0.00034
hell,0.00034
attack,0.00034
email,0.00034
talking,0.00034
wonder,0.00034
shipments,0.00034
wan,0.00034
trash,0.00032
country,0.00032
count,0.00032
god,0.00032
returns,0.00032
law,0.00032
government,0.00032
idea,0.00032
corporations,0.00032
gets,0.00032
photo,0.00032
distribution,0.00032
watching,0.00032
running,0.00032
included,0.00032
issues,0.00032
minutes,0.00032
round,0.00032
clearance,0.00032
street,0.00032
aircraft,0.00032
electric,0.00032
fun,0.00032
tried,0.00032
possible,0.00032
bill,0.00032
target,0.00032
contact,0.00032
technology,0.00032
landing,0.00032
according,0.00032
private,0.00032
place,0.00032
stuck,0.00032
market,0.00032
baby,0.00032
label,0.00032
trucks,0.00032
mi,0.00032
cigarettes,0.00032
weather,0.00032
miss,0.00029
night,0.00029
add,0.00029
rose,0.00029
dream,0.00029
british,0.00029
emails,0.00029
self,0.00029
apologize,0.00029
spoken,0.00029
side,0.00029
signature,0.00029
kickoff,0.00029
sees,0.00029
dome,0.00029
credit,0.00029
capacity,0.00029
career,0.00029
taxes,0.00029
carriers,0.00029
worker,0.00029
hand,0.00029
opportunity,0.00029
tucker,0.00029
leaving,0.00029
frustration,0.00029
seems,0.00029
vs,0.00029
started,0.00029
leaders,0.00029
racism,0.00029
kind,0.00029
concussion,0.00029
sign,0.00029
super,0.00029
fast,0.00029
fake,0.00029
story,0.00029
caused,0.00029
tag,0.00029
sunday,0.00029
size,0.00027
shows,0.00027
ups,0.00027
claim,0.00027
operating,0.00027
tax,0.00027
response,0.00027
swing,0.00027
telugu,0.00027
goes,0.00027
md,0.00027
commerce,0.00027
supply,0.00027
income,0.00027
wont,0.00027
nominated,0.00027
position,0.00027
action,0.00027
east,0.00027
trust,0.00027
land,0.00027
theres,0.00027
fan,0.00027
talk,0.00027
poor,0.00027
alerts,0.00027
food,0.00027
deep,0.00027
losing,0.00027
item,0.00027
source,0.00027
glad,0.00027
shop,0.00027
wow,0.00027
keeping,0.00027
clear,0.00027
corp,0.00027
bikes,0.00027
systems,0.00027
employees,0.00027
sports,0.00027
schedule,0.00027
updates,0.00027
remember,0.00027
fleet,0.00027
wearing,0.00027
claims,0.00027
shy,0.00027
data,0.00027
worse,0.00027
shippers,0.00027
played,0.00027
pissed,0.00027
vaccine,0.00027
road,0.00027
free,0.00027
expand,0.00027
option,0.00025
essential,0.00025
dropping,0.00025
document,0.00025
stadium,0.00025
remote,0.00025
event,0.00025
tour,0.00025
president,0.00025
notification,0.00025
sell,0.00025
needs,0.00025
bitch,0.00025
low,0.00025
fact,0.00025
following,0.00025
pro,0.00025
ballots,0.00025
till,0.00025
match,0.00025
south,0.00025
breaking,0.00025
setting,0.00025
posted,0.00025
grant,0.00025
cool,0.00025
driving,0.00025
chain,0.00025
police,0.00025
fix,0.00025
summary,0.00025
enough,0.00025
specific,0.00025
weekend,0.00025
gross,0.00025
costume,0.00025
behalf,0.00025
regarding,0.00025
slow,0.00025
town,0.00025
hackers,0.00025
expecting,0.00025
former,0.00025
try,0.00025
funny,0.00025
brand,0.00025
american,0.00025
facts,0.00025
alert,0.00025
bear,0.00025
envelope,0.00025
china,0.00025
tv,0.00025
garage,0.00025
positive,0.00025
showed,0.00025
date,0.00025
system,0.00022
crazy,0.00022
dc,0.00022
fumbles,0.00022
warning,0.00022
dude,0.00022
entry,0.00022
packaging,0.00022
ordering,0.00022
whole,0.00022
task,0.00022
earnings,0.00022
messages,0.00022
disappointed,0.00022
victory,0.00022
justice,0.00022
hacking,0.00022
lie,0.00022
shopping,0.00022
continues,0.00022
human,0.00022
chicago,0.00022
complaint,0.00022
couple,0.00022
cost,0.00022
york,0.00022
tune,0.00022
seeing,0.00022
parts,0.00022
move,0.00022
original,0.00022
freight,0.00022
empty,0.00022
space,0.00022
buying,0.00022
crew,0.00022
attempt,0.00022
intelligence,0.00022
opened,0.00022
defense,0.00022
special,0.00022
rb,0.00022
energy,0.00022
problems,0.00022
activity,0.00022
large,0.00022
picked,0.00022
key,0.00022
broadcast,0.00022
building,0.00022
industry,0.00022
plays,0.00022
installed,0.00022
prescription,0.00022
delays,0.00022
dog,0.00022
menu,0.0002
gift,0.0002
purchase,0.0002
summit,0.0002
behind,0.0002
pull,0.0002
leg,0.0002
russian,0.0002
matter,0.0002
shares,0.0002
tom,0.0002
priority,0.0002
placed,0.0002
lower,0.0002
despite,0.0002
somewhere,0.0002
devices,0.0002
seller,0.0002
dollar,0.0002
mind,0.0002
tired,0.0002
teammates,0.0002
means,0.0002
cold,0.0002
leading,0.0002
pepsi,0.0002
happen,0.0002
points,0.0002
description,0.0002
foundation,0.0002
hit,0.0002
public,0.0002
outbreak,0.0002
managed,0.0002
couriers,0.0002
meds,0.0002
chair,0.0002
bank,0.0002
answer,0.0002
ships,0.0002
miles,0.0002
terminal,0.0002
men,0.0002
safe,0.0002
customs,0.0002
blue,0.0002
raining,0.0002
grass,0.0002
ring,0.0002
update,0.0002
type,0.0002
white,0.0002
girl,0.0002
likelihood,0.0002
nws,0.0002
pack,0.0002
smart,0.0002
west,0.0002
assist,0.0002
lead,0.0002
attempts,0.0002
fe,0.0002
numbers,0.0002
host,0.0002
rep,0.0002
vehicle,0.0002
chief,0.0002
pics,0.0002
rn,0.0002
quick,0.0002
worked,0.0002
declined,0.0002
waited,0.0002
holidays,0.0002
sprinter,0.0002
sun,0.0002
mandatory,0.0002
shout,0.0002
shot,0.0002
changed,0.0002
runs,0.0002
porch,0.0002
leaves,0.0002
sale,0.0002
cape,0.0002
saturday,0.0002
kids,0.00017
snap,0.00017
picks,0.00017
bay,0.00017
blaming,0.00017
handle,0.00017
status,0.00017
mem,0.00017
increase,0.00017
black,0.00017
sporting,0.00017
revenue,0.00017
park,0.00017
card,0.00017
production,0.00017
letting,0.00017
lit,0.00017
code,0.00017
fester,0.00017
friend,0.00017
league,0.00017
holding,0.00017
sit,0.00017
transit,0.00017
okay,0.00017
centers,0.00017
www,0.00017
partnered,0.00017
request,0.00017
plate,0.00017
calls,0.00017
printer,0.00017
thinking,0.00017
draft,0.00017
henry,0.00017
demo,0.00017
penetration,0.00017
logo,0.00017
book,0.00017
walk,0.00017
friday,0.00017
stand,0.00017
member,0.00017
apartment,0.00017
missed,0.00017
test,0.00017
understand,0.00017
ends,0.00017
voices,0.00017
garbage,0.00017
abiding,0.00017
referrals,0.00017
nominations,0.00017
vaccines,0.00017
unit,0.00017
knows,0.00017
nobody,0.00017
attention,0.00017
degrees,0.00017
mo,0.00017
opportunities,0.00017
complete,0.00017
sex,0.00017
al,0.00017
major,0.00017
military,0.00017
reported,0.00017
august,0.00017
businesses,0.00017
mon,0.00017
wind,0.00017
short,0.00017
noon,0.00017
community,0.00017
ga,0.00017
efficiency,0.00017
volume,0.00017
single,0.00017
total,0.00017
excited,0.00017
bit,0.00017
page,0.00017
grid,0.00017
masks,0.00017
county,0.00017
suck,0.00017
family,0.00017
japan,0.00017
used,0.00017
producer,0.00017
tipped,0.00017
custom,0.00017
blame,0.00017
copies,0.00017
suggest,0.00017
direct,0.00017
product,0.00017
tournament,0.00017
ball,0.00015
fight,0.00015
investigation,0.00015
buccaneers,0.00015
multiple,0.00015
playoffs,0.00015
tape,0.00015
weird,0.00015
threw,0.00015
quality,0.00015
die,0.00015
pic,0.00015
called,0.00015
statement,0.00015
fly,0.00015
fear,0.00015
va,0.00015
wins,0.00015
history,0.00015
odds,0.00015
drove,0.00015
sr,0.00015
route,0.00015
breaks,0.00015
carted,0.00015
extra,0.00015
sideline,0.00015
grey,0.00015
linebacker,0.00015
korean,0.00015
drug,0.00015
injured,0.00015
cola,0.00015
dm,0.00015
woman,0.00015
cam,0.00015
happening,0.00015
class,0.00015
fighting,0.00015
lawn,0.00015
moved,0.00015
warming,0.00015
giant,0.00015
process,0.00015
set,0.00015
helmet,0.00015
main,0.00015
na,0.00015
giving,0.00015
explain,0.00015
organisers,0.00015
control,0.00015
hub,0.00015
requesting,0.00015
shoes,0.00015
injuries,0.00015
provider,0.00015
labor,0.00015
computer,0.00015
giants,0.00015
straight,0.00015
damaged,0.00015
pulled,0.00015
portraying,0.00015
passes,0.00015
expect,0.00015
shame,0.00015
program,0.00015
website,0.00015
boost,0.00015
kick,0.00015
conducted,0.00015
indictment,0.00015
middle,0.00015
ben,0.00015
tnt,0.00015
reporting,0.00015
begin,0.00015
room,0.00015
tackle,0.00015
normal,0.00015
flight,0.00015
lines,0.00015
pop,0.00015
fault,0.00015
manufacturer,0.00015
notice,0.00015
quarterback,0.00015
checked,0.00015
throwing,0.00015
prime,0.00015
fair,0.00015
mn,0.00015
plea,0.00015
broke,0.00015
aiming,0.00015
tigers,0.00015
computers,0.00015
son,0.00015
crime,0.00015
niggas,0.00015
wish,0.00015
delayed,0.00015
adams,0.00015
championship,0.00015
lying,0.00015
saint,0.00015
ones,0.00015
ride,0.00015
socks,0.00015
labels,0.00015
potential,0.00015
standards,0.00015
airlines,0.00015
doorbell,0.00015
steal,0.00015
voters,0.00015
books,0.00015
seasons,0.00015
tuesday,0.00015
thursday,0.00015
face,0.00015
letter,0.00015
nominees,0.00015
bell,0.00015
photon,0.00015
pass,0.00012
floor,0.00012
mode,0.00012
spread,0.00012
goods,0.00012
cases,0.00012
rough,0.00012
feels,0.00012
tough,0.00012
conference,0.00012
sat,0.00012
session,0.00012
episode,0.00012
destination,0.00012
mistake,0.00012
looked,0.00012
sweat,0.00012
damage,0.00012
drake,0.00012
cycling,0.00012
docs,0.00012
wash,0.00012
result,0.00012
cut,0.00012
club,0.00012
instructions,0.00012
layoffs,0.00012
locker,0.00012
sounds,0.00012
google,0.00012
staff,0.00012
summer,0.00012
wet,0.00012
er,0.00012
wild,0.00012
airport,0.00012
college,0.00012
sundays,0.00012
woods,0.00012
site,0.00012
se,0.00012
word,0.00012
assistant,0.00012
mf,0.00012
guard,0.00012
copy,0.00012
struggling,0.00012
sue,0.00012
women,0.00012
living,0.00012
growth,0.00012
rate,0.00012
birthday,0.00012
brought,0.00012
reached,0.00012
faithful,0.00012
stream,0.00012
matches,0.00012
step,0.00012
albums,0.00012
ice,0.00012
valuable,0.00012
prepared,0.00012
http,0.00012
welcome,0.00012
neighbor,0.00012
consider,0.00012
situation,0.00012
finance,0.00012
testing,0.00012
somebody,0.00012
feeling,0.00012
motors,0.00012
longer,0.00012
stage,0.00012
true,0.00012
wife,0.00012
demand,0.00012
snow,0.00012
ticket,0.00012
entire,0.00012
putting,0.00012
markets,0.00012
dominating,0.00012
absentee,0.00012
sponsors,0.00012
travels,0.00012
version,0.00012
continue,0.00012
chairman,0.00012
warehouses,0.00012
decided,0.00012
slip,0.00012
window,0.00012
wanted,0.00012
secure,0.00012
bunch,0.00012
clean,0.00012
patriots,0.00012
disappointing,0.00012
investors,0.00012
printing,0.00012
coast,0.00012
contacting,0.00012
russ,0.00012
zoom,0.00012
partner,0.00012
ending,0.00012
tweet,0.00012
positions,0.00012
jan,0.00012
proof,0.00012
secretary,0.00012
management,0.00012
press,0.00012
contract,0.00012
respect,0.00012
costs,0.00012
peak,0.00012
jersey,0.00012
doorstep,0.00012
heavy,0.00012
hundreds,0.00012
corporation,0.00012
mike,0.00012
forum,0.00012
retailers,0.00012
jacket,0.00012
receive,0.00012
amount,0.00012
dollars,0.00012
price,0.00012
ranging,0.00012
cash,0.00012
current,0.00012
winner,0.00012
facilities,0.00012
music,0.00012
bought,0.00012
arriving,0.00012
kidding,0.00012
makes,0.00012
blasting,0.00012
addresses,0.00012
storm,0.00012
firm,0.00012
walking,0.00012
van,0.00012
incompetent,0.00012
sick,0.00012
defensive,0.00012
arizona,0.00012
lose,0.00012
majority,0.00012
hurt,0.00012
raiders,0.00012
acceleration,0.00012
ran,0.00012
administration,0.0001
sales,0.0001
delivers,0.0001
complex,0.0001
youth,0.0001
cooper,0.0001
refund,0.0001
marked,0.0001
surprised,0.0001
refused,0.0001
congratulations,0.0001
folks,0.0001
eyes,0.0001
filed,0.0001
content,0.0001
pictures,0.0001
hits,0.0001
payment,0.0001
red,0.0001
calling,0.0001
cardinals,0.0001
charges,0.0001
absolute,0.0001
value,0.0001
dodge,0.0001
mvp,0.0001
scam,0.0001
liars,0.0001
ta,0.0001
ab,0.0001
catch,0.0001
boom,0.0001
condition,0.0001
finishes,0.0001
matt,0.0001
simple,0.0001
sigh,0.0001
mri,0.0001
domestic,0.0001
kill,0.0001
haul,0.0001
weapons,0.0001
millions,0.0001
fort,0.0001
representative,0.0001
likes,0.0001
calf,0.0001
pickup,0.0001
choice,0.0001
cap,0.0001
options,0.0001
bother,0.0001
manager,0.0001
sound,0.0001
march,0.0001
tracker,0.0001
emergency,0.0001
mailing,0.0001
period,0.0001
ruined,0.0001
row,0.0001
doses,0.0001
learned,0.0001
bed,0.0001
afternoon,0.0001
coloring,0.0001
refuse,0.0001
wear,0.0001
paper,0.0001
smoking,0.0001
offer,0.0001
tonights,0.0001
patrol,0.0001
sends,0.0001
training,0.0001
double,0.0001
wit,0.0001
rest,0.0001
rushed,0.0001
masters,0.0001
experiencing,0.0001
amazing,0.0001
revolution,0.0001
ranked,0.0001
brown,0.0001
announcement,0.0001
lame,0.0001
standings,0.0001
agree,0.0001
spoke,0.0001
terrifying,0.0001
interception,0.0001
continued,0.0001
champion,0.0001
captain,0.0001
spent,0.0001
suppliers,0.0001
husband,0.0001
expanding,0.0001
hamstring,0.0001
returned,0.0001
zone,0.0001
insurance,0.0001
prices,0.0001
videos,0.0001
destroyed,0.0001
acquisition,0.0001
ringing,0.0001
nt,0.0001
addition,0.0001
access,0.0001
pc,0.0001
pharmaceutical,0.0001
neighbors,0.0001
release,0.0001
aviation,0.0001
disrupted,0.0001
planning,0.0001
leasing,0.0001
fail,0.0001
growing,0.0001
stands,0.0001
jet,0.0001
contest,0.0001
formula,0.0001
fights,0.0001
votes,0.0001
anti,0.0001
tiger,0.0001
shipper,0.0001
motherfucker,0.0001
lcd,0.0001
bring,0.0001
sprain,0.0001
court,0.0001
ft,0.0001
planet,0.0001
project,0.0001
drives,0.0001
bounce,0.0001
john,0.0001
products,0.0001
client,0.0001
thousands,0.0001
nominating,0.0001
actions,0.0001
yoga,0.0001
collins,0.0001
infrastructure,0.0001
stars,0.0001
allow,0.0001
pep,0.0001
robot,0.0001
countries,0.0001
yeti,0.0001
valley,0.0001
age,0.0001
oct,0.0001
drag,0.0001
recipient,0.0001
tee,0.0001
award,0.0001
phones,0.0001
mess,0.0001
sleeping,0.0001
corner,0.0001
handed,0.0001
hack,0.0001
shirt,0.0001
mins,0.0001
denied,0.0001
sir,0.0001
stole,0.0001
grounded,0.0001
cake,0.0001
delay,0.0001
cutting,0.0001
extreme,0.0001
victim,0.0001
closed,0.0001
strain,0.0001
album,0.0001
reviews,0.0001
bullshit,0.0001
venture,0.0001
capital,0.0001
irs,0.0001
tech,0.0001
backlog,0.0001
messed,0.0001
handling,0.0001
screwed,0.0001
stupid,0.0001
paris,0.0001
routes,0.0001
seconds,0.0001
crap,0.0001
elections,0.0001
replacement,0.0001
speed,0.0001
blow,0.0001
senior,0.0001
regular,0.0001
rookie,0.0001
ruled,0.0001
art,0.0001
drops,0.0001
meanwhile,0.0001
receiving,0.0001
ended,0.0001
extent,0.0001
dates,0.0001
officers,0.0001
spirit,0.0001
investment,0.0001
purple,0.0001
boss,0.0001
refreshing,0.0001
cornerback,0.0001
wake,0.0001
shorts,0.0001
director,0.0001
concern,0.0001
sweet,0.0001
vice,0.0001
remove,0.0001
requiring,0.0001
minute,0.0001
seeking,0.0001
spy,0.0001
linked,0.0001
automation,0.0001
events,0.0001
discount,7e-05
pizza,7e-05
losses,7e-05
hellcats,7e-05
den,7e-05
quote,7e-05
estimated,7e-05
confirmed,7e-05
edition,7e-05
increasing,7e-05
bs,7e-05
color,7e-05
revival,7e-05
body,7e-05
believing,7e-05
laughing,7e-05
reading,7e-05
shooting,7e-05
secret,7e-05
sharing,7e-05
stopped,7e-05
answering,7e-05
confirming,7e-05
depend,7e-05
movement,7e-05
updated,7e-05
processing,7e-05
hates,7e-05
earth,7e-05
had,7e-05
sheet,7e-05
promise,7e-05
vendors,7e-05
offences,7e-05
leader,7e-05
waste,7e-05
practice,7e-05
nigga,7e-05
analyzer,7e-05
keeps,7e-05
vehicles,7e-05
bot,7e-05
northern,7e-05
targets,7e-05
edge,7e-05
starts,7e-05
frustrated,7e-05
shelves,7e-05
spending,7e-05
creation,7e-05
offering,7e-05
nonsense,7e-05
grace,7e-05
tips,7e-05
wants,7e-05
armed,7e-05
gains,7e-05
equity,7e-05
jack,7e-05
efforts,7e-05
warned,7e-05
clicked,7e-05
bulk,7e-05
supermarket,7e-05
oil,7e-05
joining,7e-05
ate,7e-05
quotes,7e-05
broncos,7e-05
rallied,7e-05
sold,7e-05
pilot,7e-05
mailed,7e-05
example,7e-05
fall,7e-05
fleets,7e-05
lied,7e-05
seventh,7e-05
venue,7e-05
impossible,7e-05
fees,7e-05
travel,7e-05
kb,7e-05
upset,7e-05
strategist,7e-05
heard,7e-05
common,7e-05
reminder,7e-05
remains,7e-05
tire,7e-05
fax,7e-05
blocking,7e-05
spans,7e-05
flew,7e-05
ruin,7e-05
payments,7e-05
switch,7e-05
derrick,7e-05
neighborhood,7e-05
pit,7e-05
prohibition,7e-05
break,7e-05
citing,7e-05
scoring,7e-05
death,7e-05
dad,7e-05
string,7e-05
sender,7e-05
purchased,7e-05
ems,7e-05
knew,7e-05
european,7e-05
intended,7e-05
western,7e-05
virus,7e-05
fa,7e-05
paying,7e-05
lands,7e-05
hosting,7e-05
disappeared,7e-05
organisations,7e-05
mailbox,7e-05
balls,7e-05
confirmation,7e-05
activities,7e-05
fund,7e-05
em,7e-05
beats,7e-05
group,7e-05
inc,7e-05
wondering,7e-05
posting,7e-05
allegations,7e-05
chinese,7e-05
profit,7e-05
factor,7e-05
rhetoric,7e-05
light,7e-05
attempted,7e-05
finals,7e-05
scream,7e-05
deaths,7e-05
infecting,7e-05
rating,7e-05
ten,7e-05
trolling,7e-05
cologne,7e-05
kansas,7e-05
wing,7e-05
estimate,7e-05
cards,7e-05
todays,7e-05
tonight,7e-05
turf,7e-05
pissing,7e-05
improving,7e-05
grinding,7e-05
arrives,7e-05
deserving,7e-05
supervisor,7e-05
appears,7e-05
packing,7e-05
marking,7e-05
disappointment,7e-05
sort,7e-05
cleared,7e-05
expands,7e-05
meet,7e-05
surge,7e-05
organisation,7e-05
printed,7e-05
worry,7e-05
advocate,7e-05
kid,7e-05
sector,7e-05
poised,7e-05
analysis,7e-05
feared,7e-05
agency,7e-05
decisions,7e-05
moon,7e-05
boy,7e-05
expected,7e-05
charge,7e-05
ministry,7e-05
tests,7e-05
lunch,7e-05
sense,7e-05
bike,7e-05
considering,7e-05
fanatics,7e-05
scandal,7e-05
confused,7e-05
measures,7e-05
watched,7e-05
gives,7e-05
gap,7e-05
rentals,7e-05
batch,7e-05
groups,7e-05
share,7e-05
alternative,7e-05
necessary,7e-05
machines,7e-05
erupted,7e-05
tweets,7e-05
effort,7e-05
cares,7e-05
accounting,7e-05
trace,7e-05
stood,7e-05
researchers,7e-05
title,7e-05
maps,7e-05
pins,7e-05
springs,7e-05
obstacle,7e-05
evacuation,7e-05
glass,7e-05
receiver,7e-05
da,7e-05
attending,7e-05
unsealed,7e-05
friends,7e-05
overrated,7e-05
picking,7e-05
modern,7e-05
locations,7e-05
party,7e-05
includes,7e-05
europe,7e-05
recognized,7e-05
ages,7e-05
prove,7e-05
rumor,7e-05
trusted,7e-05
model,7e-05
operation,7e-05
messing,7e-05
challenge,7e-05
flat,7e-05
deputy,7e-05
refs,7e-05
hoping,7e-05
cow,7e-05
cracked,7e-05
mention,7e-05
decade,7e-05
spring,7e-05
lesson,7e-05
targeting,7e-05
fo,7e-05
plenty,7e-05
attempting,7e-05
belonging,7e-05
ad,7e-05
act,7e-05
las,7e-05
affected,7e-05
create,7e-05
picture,7e-05
heart,7e-05
mono,7e-05
ninja,7e-05
gut,7e-05
technologies,7e-05
island,7e-05
officer,7e-05
develop,7e-05
ceremony,7e-05
equipment,7e-05
sensitive,7e-05
mr,7e-05
followers,7e-05
sticks,7e-05
cameras,7e-05
mile,7e-05
fire,7e-05
fellow,7e-05
impressed,7e-05
cents,7e-05
scanned,7e-05
failing,7e-05
protocol,7e-05
dance,7e-05
presents,7e-05
boo,7e-05
ba,7e-05
frustrating,7e-05
hair,7e-05
toll,7e-05
grave,7e-05
freighter,7e-05
accounts,7e-05
choose,7e-05
fraud,7e-05
gifts,7e-05
term,7e-05
rings,7e-05
announced,7e-05
slice,7e-05
branded,7e-05
olympics,7e-05
timing,7e-05
application,7e-05
en,7e-05
breakout,7e-05
burn,7e-05
knowing,7e-05
cs,7e-05
names,7e-05
orchestrated,7e-05
are,7e-05
revealed,7e-05
pound,7e-05
lady,7e-05
resolve,7e-05
crying,7e-05
range,7e-05
chemical,7e-05
star,7e-05
centre,7e-05
crickets,7e-05
reconnaissance,7e-05
startup,7e-05
safety,7e-05
responsibility,7e-05
brother,7e-05
riot,7e-05
allowed,7e-05
chargers,7e-05
pages,7e-05
clash,7e-05
cancel,7e-05
misplaced,7e-05
packers,7e-05
glasses,7e-05
teams,7e-05
quotient,7e-05
deliverer,7e-05
wine,7e-05
captaincy,7e-05
entered,7e-05
tho,7e-05
stimulus,7e-05
column,7e-05
pisses,7e-05
turned,7e-05
nd,7e-05
vi,7e-05
research,7e-05
fee,7e-05
oscar,7e-05
editing,7e-05
french,7e-05
rolling,7e-05
sealed,7e-05
lock,7e-05
titles,7e-05
cure,7e-05
lease,7e-05
helps,7e-05
suited,7e-05
met,7e-05
buddy,7e-05
added,7e-05
supporting,7e-05
development,7e-05
internet,7e-05
tickets,7e-05
december,7e-05
wednesday,7e-05
replace,7e-05
attorney,7e-05
leadership,7e-05
weekly,7e-05
discussing,7e-05
blocks,7e-05
feeds,7e-05
felt,7e-05
hole,7e-05
treatment,7e-05
republicans,7e-05
sink,7e-05
ho,7e-05
clearing,7e-05
moves,7e-05
terms,7e-05
ar,7e-05
stops,7e-05
locking,7e-05
roles,7e-05
masculine,7e-05
visit,7e-05
defending,7e-05
meeting,7e-05
photos,7e-05
jumped,7e-05
block,7e-05
nomination,7e-05
motor,7e-05
vans,7e-05
finish,5e-05
joined,5e-05
boyfriend,5e-05
choke,5e-05
hurry,5e-05
spotted,5e-05
polish,5e-05
grown,5e-05
classic,5e-05
oak,5e-05
science,5e-05
advantage,5e-05
charleston,5e-05
ratings,5e-05
lobby,5e-05
coke,5e-05
stores,5e-05
culture,5e-05
images,5e-05
smiles,5e-05
prince,5e-05
present,5e-05
paranoid,5e-05
negative,5e-05
electronics,5e-05
purchases,5e-05
psychology,5e-05
thoughts,5e-05
falls,5e-05
portfolio,5e-05
ev,5e-05
assumed,5e-05
poll,5e-05
cloud,5e-05
marketing,5e-05
forward,5e-05
citizens,5e-05
gold,5e-05
confusion,5e-05
rights,5e-05
monthly,5e-05
dislike,5e-05
regulation,5e-05
locks,5e-05
stake,5e-05
dazzling,5e-05
bus,5e-05
limited,5e-05
radio,5e-05
airline,5e-05
followed,5e-05
passed,5e-05
distributors,5e-05
push,5e-05
communication,5e-05
idiot,5e-05
eye,5e-05
broken,5e-05
desk,5e-05
thriving,5e-05
skills,5e-05
shocker,5e-05
penalty,5e-05
monal,5e-05
annoyed,5e-05
lawsuit,5e-05
spirits,5e-05
loudmouths,5e-05
adult,5e-05
notifications,5e-05
provide,5e-05
launches,5e-05
dec,5e-05
shots,5e-05
psa,5e-05
union,5e-05
joy,5e-05
mistrust,5e-05
decades,5e-05
functions,5e-05
az,5e-05
cry,5e-05
turning,5e-05
beating,5e-05
entertaining,5e-05
thugs,5e-05
servers,5e-05
standard,5e-05
hires,5e-05
transforming,5e-05
spanked,5e-05
consultants,5e-05
te,5e-05
active,5e-05
doubt,5e-05
limits,5e-05
subsidiary,5e-05
property,5e-05
form,5e-05
experienced,5e-05
literal,5e-05
ejected,5e-05
concession,5e-05
bars,5e-05
bet,5e-05
favorites,5e-05
depot,5e-05
lights,5e-05
bag,5e-05
rides,5e-05
trafficking,5e-05
sept,5e-05
phase,5e-05
parcels,5e-05
bears,5e-05
engine,5e-05
cardinal,5e-05
hardware,5e-05
institute,5e-05
dah,5e-05
failure,5e-05
pasting,5e-05
assisted,5e-05
premiums,5e-05
reminds,5e-05
developing,5e-05
explained,5e-05
ws,5e-05
wed,5e-05
severity,5e-05
skittles,5e-05
passport,5e-05
hotel,5e-05
organization,5e-05
stomach,5e-05
grand,5e-05
weight,5e-05
bothering,5e-05
stress,5e-05
inventory,5e-05
smile,5e-05
drizzle,5e-05
rounds,5e-05
sa,5e-05
fell,5e-05
language,5e-05
board,5e-05
interview,5e-05
prints,5e-05
farms,5e-05
bullshits,5e-05
champ,5e-05
yrs,5e-05
dakota,5e-05
approach,5e-05
machine,5e-05
returning,5e-05
removed,5e-05
pbs,5e-05
links,5e-05
solution,5e-05
twenty,5e-05
include,5e-05
needed,5e-05
colour,5e-05
choosing,5e-05
exits,5e-05
paisley,5e-05
claiming,5e-05
moment,5e-05
kicks,5e-05
memories,5e-05
departed,5e-05
bothered,5e-05
vaccination,5e-05
remain,5e-05
feet,5e-05
bothers,5e-05
challenges,5e-05
bills,5e-05
trailer,5e-05
squeeze,5e-05
executives,5e-05
forecast,5e-05
settle,5e-05
base,5e-05
children,5e-05
absorbed,5e-05
partners,5e-05
african,5e-05
scare,5e-05
hearts,5e-05
canceled,5e-05
workloads,5e-05
pays,5e-05
treated,5e-05
backs,5e-05
permanent,5e-05
carbon,5e-05
served,5e-05
honor,5e-05
loading,5e-05
mills,5e-05
ensure,5e-05
pee,5e-05
finished,5e-05
overall,5e-05
buyers,5e-05
boxing,5e-05
bride,5e-05
except,5e-05
basic,5e-05
coffee,5e-05
hill,5e-05
affairs,5e-05
blanket,5e-05
wars,5e-05
blowing,5e-05
authority,5e-05
beginning,5e-05
orientation,5e-05
handel,5e-05
flowers,5e-05
lifts,5e-05
journey,5e-05
censorship,5e-05
resume,5e-05
guarantees,5e-05
completing,5e-05
amounts,5e-05
rally,5e-05
brain,5e-05
hostage,5e-05
fri,5e-05
seasonal,5e-05
spouse,5e-05
forcing,5e-05
freeze,5e-05
spokesman,5e-05
focus,5e-05
candidates,5e-05
zip,5e-05
slaps,5e-05
abc,5e-05
tank,5e-05
turkish,5e-05
piece,5e-05
basketball,5e-05
honduran,5e-05
griffin,5e-05
republican,5e-05
scores,5e-05
indicator,5e-05
pixel,5e-05
rang,5e-05
listen,5e-05
yarder,5e-05
sb,5e-05
busy,5e-05
estimates,5e-05
sunset,5e-05
danger,5e-05
bend,5e-05
personal,5e-05
compare,5e-05
answered,5e-05
snapshot,5e-05
propaganda,5e-05
wave,5e-05
attend,5e-05
advisors,5e-05
tested,5e-05
lives,5e-05
retired,5e-05
evolution,5e-05
coach,5e-05
words,5e-05
encouraging,5e-05
consignment,5e-05
bb,5e-05
roof,5e-05
twin,5e-05
streak,5e-05
reminded,5e-05
noel,5e-05
gem,5e-05
sport,5e-05
letters,5e-05
disruptions,5e-05
trafficker,5e-05
confidence,5e-05
shawnee,5e-05
kenyan,5e-05
sells,5e-05
review,5e-05
pac,5e-05
forces,5e-05
seek,5e-05
prepare,5e-05
mobility,5e-05
forced,5e-05
soda,5e-05
doors,5e-05
hitting,5e-05
allocation,5e-05
struggle,5e-05
sessions,5e-05
died,5e-05
agreed,5e-05
freighters,5e-05
neutral,5e-05
flip,5e-05
meals,5e-05
residency,5e-05
shifts,5e-05
influencing,5e-05
tc,5e-05
wedding,5e-05
highlights,5e-05
jetliner,5e-05
buses,5e-05
exam,5e-05
numb,5e-05
war,5e-05
up,5e-05
trailers,5e-05
effect,5e-05
mailboxes,5e-05
floridians,5e-05
refuses,5e-05
none,5e-05
sc,5e-05
appeared,5e-05
comment,5e-05
weave,5e-05
biryani,5e-05
spoiler,5e-05
strikes,5e-05
cancellations,5e-05
viss,5e-05
blackout,5e-05
hindi,5e-05
decide,5e-05
contains,5e-05
yr,5e-05
guarantee,5e-05
speaking,5e-05
cu,5e-05
carrying,5e-05
cast,5e-05
separate,5e-05
roster,5e-05
indicators,5e-05
pair,5e-05
merger,5e-05
bulls,5e-05
accepted,5e-05
indicated,5e-05
incident,5e-05
hearing,5e-05
accepting,5e-05
failed,5e-05
be,5e-05
anjou,5e-05
telephone,5e-05
minimum,5e-05
nowhere,5e-05
orchids,5e-05
bone,5e-05
tot,5e-05
gm,5e-05
strokes,5e-05
supplies,5e-05
remaining,5e-05
heading,5e-05
strapped,5e-05
disaster,5e-05
nation,5e-05
furniture,5e-05
carries,5e-05
providers,5e-05
panels,5e-05
resolving,5e-05
noting,5e-05
margin,5e-05
rogue,5e-05
assault,5e-05
quiet,5e-05
jonah,5e-05
hung,5e-05
abo,5e-05
alumni,5e-05
spend,5e-05
disgrace,5e-05
dip,5e-05
explanation,5e-05
couch,5e-05
turns,5e-05
ware,5e-05
mishandled,5e-05
council,5e-05
tripping,5e-05
blog,5e-05
screw,5e-05
rains,5e-05
funds,5e-05
han,5e-05
garden,5e-05
dividends,5e-05
dash,5e-05
mailman,5e-05
quit,5e-05
perfect,5e-05
resulted,5e-05
downtown,5e-05
spoon,5e-05
excuse,5e-05
taco,5e-05
attendant,5e-05
shenanigans,5e-05
meetings,5e-05
eat,5e-05
mm,5e-05
parties,5e-05
postcard,5e-05
founder,5e-05
asset,5e-05
percent,5e-05
houses,5e-05
changing,5e-05
losers,5e-05
genesis,5e-05
fails,5e-05
switching,5e-05
earned,5e-05
butt,5e-05
signs,5e-05
thumb,5e-05
informed,5e-05
cozy,5e-05
heres,5e-05
scared,5e-05
colours,5e-05
chase,5e-05
temporary,5e-05
candidate,5e-05
transport,5e-05
investor,5e-05
pieces,5e-05
sustained,5e-05
platform,5e-05
ideas,5e-05
receipt,5e-05
spot,5e-05
sock,5e-05
protection,5e-05
spotlight,5e-05
treat,5e-05
dark,5e-05
favor,5e-05
perfecting,5e-05
windsor,5e-05
homework,5e-05
eve,5e-05
bud,5e-05
selection,5e-05
bundles,5e-05
guaranteed,5e-05
irritated,5e-05
gain,5e-05
rails,5e-05
tryouts,5e-05
winning,5e-05
dumped,5e-05
forwarding,5e-05
baseball,5e-05
temperature,5e-05
series,5e-05
goodies,5e-05
competition,5e-05
intent,5e-05
confusing,5e-05
tied,5e-05
reserve,5e-05
ramp,5e-05
fundamental,5e-05
commercials,5e-05
suspect,5e-05
bowl,5e-05
calm,5e-05
trouble,5e-05
matchup,5e-05
evaluation,5e-05
hopes,5e-05
parking,5e-05
betting,5e-05
slows,5e-05
forget,5e-05
pattern,5e-05
hired,5e-05
origins,5e-05
wrist,5e-05
territories,5e-05
finding,5e-05
reception,5e-05
touching,5e-05
volumes,5e-05
sea,5e-05
rival,5e-05
medline,5e-05
futures,5e-05
stays,5e-05
doctor,5e-05
honored,5e-05
lime,5e-05
helicopter,5e-05
graduate,5e-05
performing,5e-05
aunt,5e-05
expedited,5e-05
bush,5e-05
correct,5e-05
channel,5e-05
silicon,5e-05
dump,5e-05
crashes,5e-05
champions,5e-05
ai,5e-05
birdies,5e-05
crowd,5e-05
remind,5e-05
nigerian,5e-05
disease,5e-05
coin,5e-05
familiar,5e-05
wise,5e-05
policy,5e-05
mother,5e-05
treasury,5e-05
ne,5e-05
bottom,5e-05
dg,5e-05
promised,5e-05
suit,5e-05
speak,5e-05
fda,5e-05
projects,5e-05
prescriptions,5e-05
pretending,5e-05
feedback,5e-05
sm,5e-05
wasted,5e-05
adding,5e-05
daniel,5e-05
grocery,5e-05
abused,5e-05
merchandise,5e-05
exhausted,5e-05
projected,5e-05
hobby,5e-05
challenging,5e-05
exact,5e-05
heater,5e-05
hrs,5e-05
superior,5e-05
figured,5e-05
kept,5e-05
flaws,5e-05
footlocker,5e-05
contestants,5e-05
overflow,5e-05
pain,5e-05
holdings,5e-05
prefer,5e-05
copied,5e-05
chasing,5e-05
screaming,5e-05
versions,5e-05
emerging,5e-05
liners,5e-05
seniors,5e-05
fr,5e-05
metal,5e-05
considered,5e-05
converted,5e-05
falling,5e-05
metric,5e-05
sellers,5e-05
pressure,5e-05
coiling,5e-05
selling,5e-05
ravens,5e-05
strength,5e-05
kicking,5e-05
papers,5e-05
intercepted,5e-05
flag,5e-05
colleagues,5e-05
trading,5e-05
studio,5e-05
firing,5e-05
king,5e-05
fucks,5e-05
stadiums,5e-05
receivers,5e-05
seats,5e-05
search,5e-05
medicine,5e-05
education,5e-05
redskins,5e-05
cent,5e-05
believed,5e-05
hating,5e-05
plants,5e-05
advised,5e-05
barrier,5e-05
mexican,5e-05
dumpster,5e-05
comeback,5e-05
booked,5e-05
amd,5e-05
saved,5e-05
lack,5e-05
exec,5e-05
kit,5e-05
stepping,5e-05
ton,5e-05
build,5e-05
ge,5e-05
epic,5e-05
partnering,5e-05
cypress,5e-05
circle,5e-05
mowing,5e-05
killed,5e-05
mattress,5e-05
debut,5e-05
veterans,5e-05
pr,5e-05
evaluated,5e-05
pulls,5e-05
accomplice,5e-05
pounds,5e-05
workhorse,5e-05
straddle,5e-05
causing,5e-05
tb,5e-05
crab,5e-05
bottles,5e-05
exited,5e-05
dead,5e-05
pointing,5e-05
mass,5e-05
employer,5e-05
transports,5e-05
craft,5e-05
clutching,5e-05
defeats,5e-05
off,5e-05
knocking,5e-05
funding,5e-05
junk,5e-05
approval,5e-05
robotics,5e-05
ask,5e-05
buffalo,5e-05
contents,5e-05
resist,5e-05
rivalries,5e-05
tod,5e-05
fucked,5e-05
scrubs,5e-05
backed,5e-05
stopping,5e-05
destroy,5e-05
hop,5e-05
nag,5e-05
pun,5e-05
flash,5e-05
frame,5e-05
healthcare,5e-05
hockey,5e-05
rice,5e-05
loving,5e-05
yelling,5e-05
out,5e-05
fox,5e-05
candles,5e-05
wee,5e-05
indian,5e-05
biceps,5e-05
cream,5e-05
elevator,5e-05
witnessed,5e-05
enquiries,5e-05
stack,5e-05
bout,5e-05
goodness,5e-05
associate,5e-05
ability,5e-05
politicians,5e-05
buzz,5e-05
respond,5e-05
celebrating,5e-05
producing,5e-05
charging,5e-05
capitals,5e-05
administrations,5e-05
zombie,5e-05
merging,5e-05
mouth,5e-05
yea,5e-05
babies,5e-05
colleague,5e-05
recognize,5e-05
embarrassing,5e-05
mission,5e-05
hire,5e-05
movie,5e-05
levels,5e-05
stairs,5e-05
utility,5e-05
questions,5e-05
surging,2e-05
teaches,2e-05
polls,2e-05
convinced,2e-05
scavenger,2e-05
ghost,2e-05
sped,2e-05
section,2e-05
hype,2e-05
whos,2e-05
rivals,2e-05
dat,2e-05
responded,2e-05
worrying,2e-05
invitees,2e-05
trip,2e-05
mystery,2e-05
smell,2e-05
assembled,2e-05
evs,2e-05
involving,2e-05
rallies,2e-05
woke,2e-05
screen,2e-05
binary,2e-05
interest,2e-05
ninth,2e-05
bomb,2e-05
maddening,2e-05
overheating,2e-05
central,2e-05
babes,2e-05
railroads,2e-05
forwarded,2e-05
drilling,2e-05
robots,2e-05
exciting,2e-05
nap,2e-05
dutch,2e-05
pcs,2e-05
recycling,2e-05
write,2e-05
knocks,2e-05
encountered,2e-05
maul,2e-05
batting,2e-05
idiots,2e-05
wheeling,2e-05
fling,2e-05
replies,2e-05
tennis,2e-05
scams,2e-05
warp,2e-05
geniuses,2e-05
initial,2e-05
messenger,2e-05
criminal,2e-05
exclusive,2e-05
miracles,2e-05
gdp,2e-05
beach,2e-05
flyers,2e-05
chased,2e-05
inauguration,2e-05
article,2e-05
praying,2e-05
certificate,2e-05
rant,2e-05
whispering,2e-05
taste,2e-05
method,2e-05
created,2e-05
clothing,2e-05
bloated,2e-05
holy,2e-05
diverted,2e-05
scrambles,2e-05
addressed,2e-05
math,2e-05
awards,2e-05
survive,2e-05
relief,2e-05
rectified,2e-05
congressman,2e-05
maximum,2e-05
worries,2e-05
comp,2e-05
winkle,2e-05
tad,2e-05
dildo,2e-05
feed,2e-05
hugs,2e-05
cuss,2e-05
teaching,2e-05
visibility,2e-05
urge,2e-05
formal,2e-05
tenure,2e-05
assured,2e-05
sequence,2e-05
monsters,2e-05
stalled,2e-05
values,2e-05
corruption,2e-05
mp,2e-05
indication,2e-05
bones,2e-05
clue,2e-05
pocket,2e-05
disrespected,2e-05
quota,2e-05
storage,2e-05
goal,2e-05
madam,2e-05
disrespect,2e-05
cvs,2e-05
responding,2e-05
manipulated,2e-05
involved,2e-05
clothes,2e-05
matching,2e-05
insurers,2e-05
doers,2e-05
hanks,2e-05
recovery,2e-05
township,2e-05
promising,2e-05
kittens,2e-05
do,2e-05
cas,2e-05
blocked,2e-05
sight,2e-05
replied,2e-05
weapon,2e-05
tourmaline,2e-05
dryer,2e-05
caterpillar,2e-05
folder,2e-05
degree,2e-05
oversees,2e-05
foundations,2e-05
chamber,2e-05
presented,2e-05
thus,2e-05
infant,2e-05
programming,2e-05
sorter,2e-05
honey,2e-05
lac,2e-05
taught,2e-05
dama,2e-05
scammer,2e-05
momma,2e-05
morgan,2e-05
net,2e-05
experiences,2e-05
burned,2e-05
reality,2e-05
invested,2e-05
invest,2e-05
emulating,2e-05
alphabet,2e-05
boys,2e-05
stressing,2e-05
ig,2e-05
boycott,2e-05
debunked,2e-05
refunded,2e-05
msgs,2e-05
foot,2e-05
pencil,2e-05
prohibited,2e-05
ensuring,2e-05
heights,2e-05
holder,2e-05
footage,2e-05
ii,2e-05
ids,2e-05
tees,2e-05
turbines,2e-05
learn,2e-05
hacked,2e-05
soaring,2e-05
controlled,2e-05
pool,2e-05
waits,2e-05
bye,2e-05
gig,2e-05
fundamentals,2e-05
expiring,2e-05
irritation,2e-05
begging,2e-05
tops,2e-05
depending,2e-05
june,2e-05
error,2e-05
prompt,2e-05
vent,2e-05
farmers,2e-05
hijacked,2e-05
shutdown,2e-05
log,2e-05
security,2e-05
expats,2e-05
automated,2e-05
plug,2e-05
tries,2e-05
thermal,2e-05
medlines,2e-05
lowes,2e-05
sisters,2e-05
panthers,2e-05
fame,2e-05
unhinged,2e-05
engulfed,2e-05
reagents,2e-05
monsoon,2e-05
magnitude,2e-05
beast,2e-05
enjoy,2e-05
comments,2e-05
justices,2e-05
banned,2e-05
lion,2e-05
johns,2e-05
doughnuts,2e-05
duties,2e-05
equipped,2e-05
immigration,2e-05
volunteers,2e-05
deck,2e-05
forgotten,2e-05
innovation,2e-05
pedestals,2e-05
plush,2e-05
zipping,2e-05
fifty,2e-05
exploration,2e-05
lotto,2e-05
modernize,2e-05
allows,2e-05
prim,2e-05
criticism,2e-05
referendum,2e-05
kith,2e-05
pours,2e-05
rider,2e-05
roaring,2e-05
grousing,2e-05
leads,2e-05
ratio,2e-05
signaled,2e-05
fueled,2e-05
depends,2e-05
chatted,2e-05
resonance,2e-05
advice,2e-05
fooled,2e-05
supplements,2e-05
uploading,2e-05
possession,2e-05
design,2e-05
peers,2e-05
slander,2e-05
queries,2e-05
shortfall,2e-05
climate,2e-05
blamed,2e-05
fuming,2e-05
authorization,2e-05
risks,2e-05
sweater,2e-05
participated,2e-05
vowed,2e-05
purring,2e-05
wears,2e-05
broadcasters,2e-05
loader,2e-05
momentum,2e-05
wb,2e-05
there,2e-05
airbus,2e-05
curriculum,2e-05
vibe,2e-05
backside,2e-05
bar,2e-05
sos,2e-05
mats,2e-05
occupied,2e-05
inability,2e-05
entertainment,2e-05
pipe,2e-05
listed,2e-05
tl,2e-05
resealed,2e-05
wickets,2e-05
senses,2e-05
hollywood,2e-05
station,2e-05
ache,2e-05
toys,2e-05
websites,2e-05
interceptions,2e-05
varying,2e-05
strategies,2e-05
neck,2e-05
laid,2e-05
stickers,2e-05
grouping,2e-05
catching,2e-05
movies,2e-05
toaster,2e-05
opposite,2e-05
yearly,2e-05
bait,2e-05
allied,2e-05
firms,2e-05
blinds,2e-05
freezer,2e-05
guidelines,2e-05
magic,2e-05
arsehole,2e-05
launch,2e-05
nasa,2e-05
sets,2e-05
writing,2e-05
counties,2e-05
defecation,2e-05
monitor,2e-05
excuses,2e-05
owner,2e-05
audience,2e-05
emailed,2e-05
partial,2e-05
addressing,2e-05
dress,2e-05
drinks,2e-05
highs,2e-05
learning,2e-05
cabinet,2e-05
assume,2e-05
leftovers,2e-05
preach,2e-05
invoices,2e-05
downfall,2e-05
prozac,2e-05
pigeon,2e-05
giveaway,2e-05
bodyworks,2e-05
owes,2e-05
forgot,2e-05
proceeds,2e-05
construct,2e-05
parked,2e-05
advisers,2e-05
reports,2e-05
shoe,2e-05
loved,2e-05
percentage,2e-05
spike,2e-05
xs,2e-05
cheated,2e-05
crossbones,2e-05
sharp,2e-05
forging,2e-05
holds,2e-05
wardrobe,2e-05
opinion,2e-05
ghosted,2e-05
warm,2e-05
role,2e-05
possibility,2e-05
apples,2e-05
metropolitan,2e-05
interacting,2e-05
billboard,2e-05
factories,2e-05
butterflies,2e-05
felony,2e-05
bowling,2e-05
tie,2e-05
hare,2e-05
cl,2e-05
basis,2e-05
cameo,2e-05
arranged,2e-05
clowns,2e-05
schools,2e-05
reasons,2e-05
recorded,2e-05
rack,2e-05
abyss,2e-05
as,2e-05
mummy,2e-05
dumbbell,2e-05
sprained,2e-05
durham,2e-05
toby,2e-05
jurisdiction,2e-05
speculation,2e-05
fascinating,2e-05
refineries,2e-05
hide,2e-05
winery,2e-05
supremacy,2e-05
mold,2e-05
lighters,2e-05
col,2e-05
integration,2e-05
adjustment,2e-05
managers,2e-05
articles,2e-05
inconsistencies,2e-05
celebrate,2e-05
conduct,2e-05
herbs,2e-05
specialty,2e-05
trifling,2e-05
hematology,2e-05
colonial,2e-05
stretching,2e-05
jerks,2e-05
wreck,2e-05
ports,2e-05
flames,2e-05
laps,2e-05
crossover,2e-05
feb,2e-05
planner,2e-05
mt,2e-05
peaks,2e-05
branch,2e-05
bull,2e-05
diver,2e-05
century,2e-05
aggro,2e-05
prom,2e-05
renewal,2e-05
strings,2e-05
defaulting,2e-05
disappear,2e-05
pictured,2e-05
sec,2e-05
index,2e-05
inches,2e-05
develops,2e-05
orange,2e-05
resolved,2e-05
assholes,2e-05
engaging,2e-05
kiss,2e-05
manhattan,2e-05
disgusted,2e-05
hanger,2e-05
rebounded,2e-05
journalism,2e-05
paws,2e-05
gear,2e-05
torture,2e-05
bigotry,2e-05
patch,2e-05
jerseys,2e-05
rubbish,2e-05
timeline,2e-05
imo,2e-05
trucker,2e-05
empathy,2e-05
boot,2e-05
proceeded,2e-05
convincing,2e-05
floods,2e-05
reserved,2e-05
apologized,2e-05
lay,2e-05
deciding,2e-05
constitution,2e-05
being,2e-05
shade,2e-05
bi,2e-05
innocent,2e-05
plural,2e-05
aerospace,2e-05
smashed,2e-05
jokes,2e-05
slowing,2e-05
boyfriends,2e-05
shoppers,2e-05
theory,2e-05
imagine,2e-05
signals,2e-05
commas,2e-05
guitar,2e-05
annual,2e-05
dedicated,2e-05
horse,2e-05
presidency,2e-05
alpha,2e-05
noise,2e-05
traffic,2e-05
waves,2e-05
announcer,2e-05
disco,2e-05
hater,2e-05
brooks,2e-05
miami,2e-05
employ,2e-05
dildos,2e-05
annoying,2e-05
jigged,2e-05
brands,2e-05
buyer,2e-05
dmd,2e-05
ding,2e-05
foster,2e-05
jamming,2e-05
quiz,2e-05
ful,2e-05
slammed,2e-05
dialogs,2e-05
embed,2e-05
library,2e-05
acts,2e-05
harassment,2e-05
carding,2e-05
lawyer,2e-05
snaps,2e-05
cat,2e-05
cult,2e-05
sleep,2e-05
dumbass,2e-05
topic,2e-05
scaler,2e-05
twelfth,2e-05
lender,2e-05
steps,2e-05
am,2e-05
school,2e-05
procrastination,2e-05
averaging,2e-05
regret,2e-05
acquire,2e-05
abandoning,2e-05
splurging,2e-05
interaction,2e-05
saddened,2e-05
inka,2e-05
results,2e-05
pumped,2e-05
overhaul,2e-05
enjoying,2e-05
dinner,2e-05
household,2e-05
skate,2e-05
purpose,2e-05
appreciated,2e-05
fraction,2e-05
spammer,2e-05
hazard,2e-05
programs,2e-05
lincoln,2e-05
donuts,2e-05
fueling,2e-05
wrapped,2e-05
inevitable,2e-05
fill,2e-05
freezing,2e-05
gin,2e-05
upside,2e-05
binders,2e-05
bearing,2e-05
university,2e-05
moose,2e-05
ani,2e-05
conserve,2e-05
emission,2e-05
nieces,2e-05
optimism,2e-05
aids,2e-05
automating,2e-05
deployment,2e-05
arena,2e-05
records,2e-05
commitment,2e-05
residence,2e-05
sus,2e-05
places,2e-05
textbooks,2e-05
distracted,2e-05
holdup,2e-05
cop,2e-05
abilities,2e-05
oval,2e-05
transferring,2e-05
decorations,2e-05
sister,2e-05
references,2e-05
quitting,2e-05
regards,2e-05
meant,2e-05
hospitalizations,2e-05
secretaries,2e-05
chilling,2e-05
airports,2e-05
ra,2e-05
conservatives,2e-05
spying,2e-05
prick,2e-05
shook,2e-05
investigate,2e-05
reputation,2e-05
comfort,2e-05
gentlemen,2e-05
dish,2e-05
pig,2e-05
crook,2e-05
motorcycle,2e-05
phot,2e-05
forms,2e-05
gamma,2e-05
slight,2e-05
footprint,2e-05
cities,2e-05
deploying,2e-05
impact,2e-05
authorizations,2e-05
canadian,2e-05
vendor,2e-05
will,2e-05
favors,2e-05
fathers,2e-05
australians,2e-05
autumn,2e-05
collection,2e-05
retirees,2e-05
discord,2e-05
regions,2e-05
tia,2e-05
snatch,2e-05
whiz,2e-05
rick,2e-05
paperclip,2e-05
restocks,2e-05
bags,2e-05
reps,2e-05
raise,2e-05
ranting,2e-05
warrant,2e-05
willing,2e-05
directors,2e-05
bold,2e-05
attire,2e-05
hog,2e-05
inoculations,2e-05
destruction,2e-05
volatile,2e-05
coverings,2e-05
suppose,2e-05
misleading,2e-05
sarcasm,2e-05
cabinets,2e-05
ph,2e-05
expectations,2e-05
cheer,2e-05
realty,2e-05
liability,2e-05
tucked,2e-05
ruining,2e-05
carried,2e-05
grade,2e-05
relative,2e-05
arrive,2e-05
egg,2e-05
hacker,2e-05
rigged,2e-05
moots,2e-05
reflects,2e-05
gallons,2e-05
eliminated,2e-05
prize,2e-05
merchants,2e-05
intentions,2e-05
whys,2e-05
navigate,2e-05
vac,2e-05
factors,2e-05
hunt,2e-05
antique,2e-05
rapids,2e-05
holes,2e-05
depressed,2e-05
bonus,2e-05
outgoing,2e-05
nominate,2e-05
posing,2e-05
enjoyed,2e-05
heads,2e-05
dominates,2e-05
propped,2e-05
adapted,2e-05
assembly,2e-05
preparing,2e-05
laws,2e-05
consultancy,2e-05
standing,2e-05
hyped,2e-05
duplicate,2e-05
province,2e-05
escalade,2e-05
sky,2e-05
refinance,2e-05
sunglasses,2e-05
desert,2e-05
loses,2e-05
lumen,2e-05
savannah,2e-05
goo,2e-05
penalties,2e-05
notices,2e-05
signal,2e-05
driven,2e-05
pushing,2e-05
cancelled,2e-05
hq,2e-05
arctic,2e-05
quarantine,2e-05
transaction,2e-05
kink,2e-05
managing,2e-05
heat,2e-05
spied,2e-05
child,2e-05
chat,2e-05
thin,2e-05
curb,2e-05
distance,2e-05
pajamas,2e-05
terry,2e-05
remained,2e-05
upgraded,2e-05
detecting,2e-05
regain,2e-05
certified,2e-05
dresses,2e-05
chocolate,2e-05
greetings,2e-05
discussions,2e-05
becomes,2e-05
crude,2e-05
brownie,2e-05
shaming,2e-05
folk,2e-05
schemes,2e-05
rush,2e-05
rams,2e-05
weekends,2e-05
documentary,2e-05
novel,2e-05
resurgence,2e-05
deprived,2e-05
fought,2e-05
snowing,2e-05
pleasure,2e-05
replaced,2e-05
yam,2e-05
risked,2e-05
wraps,2e-05
advocacy,2e-05
chances,2e-05
covered,2e-05
ct,2e-05
pulling,2e-05
sacks,2e-05
nw,2e-05
receptionist,2e-05
demanding,2e-05
startups,2e-05
opinions,2e-05
texan,2e-05
elimination,2e-05
queens,2e-05
banks,2e-05
dose,2e-05
fibula,2e-05
qualified,2e-05
unknowns,2e-05
programme,2e-05
fixed,2e-05
si,2e-05
blooms,2e-05
naming,2e-05
chill,2e-05
dulles,2e-05
dynamic,2e-05
cackling,2e-05
touched,2e-05
priding,2e-05
bankruptcy,2e-05
principal,2e-05
twits,2e-05
framed,2e-05
blabbering,2e-05
recipients,2e-05
phoenix,2e-05
posters,2e-05
shattering,2e-05
grants,2e-05
irritating,2e-05
editor,2e-05
cringed,2e-05
latino,2e-05
sanity,2e-05
occurs,2e-05
ford,2e-05
ventures,2e-05
gad,2e-05
triple,2e-05
diesel,2e-05
summits,2e-05
nuts,2e-05
tasting,2e-05
avoiding,2e-05
noted,2e-05
ignoring,2e-05
reply,2e-05
refuge,2e-05
lab,2e-05
factory,2e-05
condolences,2e-05
one,2e-05
seemed,2e-05
refunding,2e-05
iv,2e-05
pushups,2e-05
towel,2e-05
collaboration,2e-05
offers,2e-05
departing,2e-05
leapt,2e-05
disgusting,2e-05
rich,2e-05
dehydration,2e-05
stall,2e-05
rise,2e-05
increased,2e-05
church,2e-05
bounced,2e-05
searchers,2e-05
pricing,2e-05
cakes,2e-05
scenarios,2e-05
markings,2e-05
agents,2e-05
contrast,2e-05
blaring,2e-05
fancy,2e-05
offended,2e-05
invitation,2e-05
drawing,2e-05
awe,2e-05
capture,2e-05
als,2e-05
wright,2e-05
olds,2e-05
restructured,2e-05
strains,2e-05
wronged,2e-05
vacation,2e-05
trainer,2e-05
grief,2e-05
rounding,2e-05
so,2e-05
granddaddy,2e-05
claimed,2e-05
pharmacies,2e-05
delaying,2e-05
phoned,2e-05
honour,2e-05
students,2e-05
independent,2e-05
revenues,2e-05
brownies,2e-05
notch,2e-05
nailed,2e-05
belarusian,2e-05
swiped,2e-05
loan,2e-05
hun,2e-05
specifications,2e-05
fascinated,2e-05
study,2e-05
shits,2e-05
donation,2e-05
someones,2e-05
poi,2e-05
survivors,2e-05
changes,2e-05
joint,2e-05
gag,2e-05
tractor,2e-05
deals,2e-05
uniform,2e-05
swaths,2e-05
movers,2e-05
songs,2e-05
ducking,2e-05
pence,2e-05
duo,2e-05
crash,2e-05
rotation,2e-05
placing,2e-05
walker,2e-05
river,2e-05
deserves,2e-05
drink,2e-05
dealing,2e-05
impression,2e-05
filipino,2e-05
furlough,2e-05
verified,2e-05
tearing,2e-05
pile,2e-05
avoid,2e-05
bow,2e-05
guns,2e-05
polishes,2e-05
deco,2e-05
mac,2e-05
sweep,2e-05
crabs,2e-05
slacking,2e-05
embrace,2e-05
muslim,2e-05
panel,2e-05
emerged,2e-05
trumps,2e-05
fellowship,2e-05
spraying,2e-05
collected,2e-05
hector,2e-05
dressing,2e-05
steeling,2e-05
selected,2e-05
tea,2e-05
asses,2e-05
spare,2e-05
combined,2e-05
cursed,2e-05
unveils,2e-05
hogan,2e-05
hug,2e-05
moron,2e-05
semi,2e-05
scene,2e-05
gloom,2e-05
associates,2e-05
january,2e-05
merchant,2e-05
savage,2e-05
organizers,2e-05
detergent,2e-05
continuing,2e-05
shopped,2e-05
freak,2e-05
elected,2e-05
ers,2e-05
designs,2e-05
inquiring,2e-05
commands,2e-05
massachusetts,2e-05
canton,2e-05
shops,2e-05
ms,2e-05
brazil,2e-05
friendly,2e-05
rig,2e-05
save,2e-05
anxiety,2e-05
bagels,2e-05
mothers,2e-05
misses,2e-05
bee,2e-05
imam,2e-05
heal,2e-05
rockets,2e-05
fife,2e-05
riders,2e-05
cheeseboard,2e-05
configuring,2e-05
discovery,2e-05
trailed,2e-05
earning,2e-05
sided,2e-05
nova,2e-05
retraining,2e-05
mouths,2e-05
reminding,2e-05
pet,2e-05
renting,2e-05
locked,2e-05
advertised,2e-05
monitors,2e-05
exchange,2e-05
digits,2e-05
br,2e-05
tells,2e-05
leaping,2e-05
chart,2e-05
gi,2e-05
execs,2e-05
upstairs,2e-05
punishment,2e-05
floater,2e-05
carol,2e-05
suing,2e-05
warrior,2e-05
chiefs,2e-05
over,2e-05
pooch,2e-05
battered,2e-05
economies,2e-05
chapter,2e-05
skip,2e-05
broker,2e-05
posts,2e-05
solutions,2e-05
ut,2e-05
biking,2e-05
recession,2e-05
bribe,2e-05
beauty,2e-05
marbles,2e-05
beliefs,2e-05
shill,2e-05
approaches,2e-05
groceries,2e-05
restaurant,2e-05
par,2e-05
delicious,2e-05
java,2e-05
eb,2e-05
spiking,2e-05
improved,2e-05
ro,2e-05
lane,2e-05
johnny,2e-05
fellows,2e-05
circles,2e-05
passenger,2e-05
fools,2e-05
battle,2e-05
scaring,2e-05
mobilizing,2e-05
assumption,2e-05
netted,2e-05
shortcomings,2e-05
transformation,2e-05
charm,2e-05
profited,2e-05
veteran,2e-05
forefront,2e-05
personnel,2e-05
permit,2e-05
dudes,2e-05
cops,2e-05
christian,2e-05
tues,2e-05
bid,2e-05
shredder,2e-05
tunnel,2e-05
hum,2e-05
slavery,2e-05
blowout,2e-05
codes,2e-05
iii,2e-05
assets,2e-05
housing,2e-05
rollerblades,2e-05
english,2e-05
drunk,2e-05
boosted,2e-05
solving,2e-05
haunt,2e-05
equal,2e-05
mexicanos,2e-05
asia,2e-05
newtons,2e-05
scheduled,2e-05
swap,2e-05
gate,2e-05
sweeping,2e-05
politics,2e-05
faired,2e-05
sought,2e-05
collaborating,2e-05
serving,2e-05
positioned,2e-05
bankrupt,2e-05
dope,2e-05
halt,2e-05
manifestation,2e-05
kicker,2e-05
buff,2e-05
trusting,2e-05
skew,2e-05
spreads,2e-05
dishes,2e-05
hammer,2e-05
horseshoe,2e-05
orioles,2e-05
seed,2e-05
spin,2e-05
breakfast,2e-05
upsetting,2e-05
impressing,2e-05
cdc,2e-05
wagner,2e-05
responses,2e-05
seize,2e-05
teachings,2e-05
pilots,2e-05
correction,2e-05
preliminary,2e-05
phrase,2e-05
shitting,2e-05
region,2e-05
opposing,2e-05
amnesia,2e-05
cst,2e-05
covering,2e-05
split,2e-05
appreciation,2e-05
arrow,2e-05
looms,2e-05
ribbon,2e-05
locating,2e-05
hobbled,2e-05
corners,2e-05
interviews,2e-05
impacts,2e-05
rolls,2e-05
trout,2e-05
discussed,2e-05
scored,2e-05
shut,2e-05
bells,2e-05
manner,2e-05
registration,2e-05
coordination,2e-05
balconies,2e-05
provides,2e-05
sorting,2e-05
looping,2e-05
confirm,2e-05
tacked,2e-05
register,2e-05
miner,2e-05
splurged,2e-05
discontinuing,2e-05
force,2e-05
mornings,2e-05
fibs,2e-05
withdrew,2e-05
shell,2e-05
invoiced,2e-05
overpriced,2e-05
soul,2e-05
fright,2e-05
sucking,2e-05
vision,2e-05
joyride,2e-05
sonora,2e-05
pants,2e-05
checkout,2e-05
appear,2e-05
specialized,2e-05
dogs,2e-05
americans,2e-05
cookie,2e-05
grading,2e-05
holders,2e-05
cell,2e-05
royal,2e-05
completions,2e-05
roll,2e-05
prayers,2e-05
hook,2e-05
correcting,2e-05
scenes,2e-05
shaking,2e-05
firefighters,2e-05
medical,2e-05
implying,2e-05
eyeing,2e-05
cv,2e-05
bleed,2e-05
hospitals,2e-05
chairs,2e-05
jail,2e-05
rip,2e-05
hurting,2e-05
withdrawn,2e-05
fortune,2e-05
ps,2e-05
kirk,2e-05
lag,2e-05
hooters,2e-05
ownership,2e-05
subscribers,2e-05
mint,2e-05
dancing,2e-05
poof,2e-05
specify,2e-05
administered,2e-05
equivalent,2e-05
drifting,2e-05
spots,2e-05
technical,2e-05
bleep,2e-05
economy,2e-05
indications,2e-05
loans,2e-05
deceive,2e-05
luminaries,2e-05
unknown,2e-05
searches,2e-05
lows,2e-05
cousins,2e-05
dispensers,2e-05
la,2e-05
knowledge,2e-05
bluefin,2e-05
lagging,2e-05
itinerary,2e-05
settings,2e-05
dd,2e-05
purifier,2e-05
stuffs,2e-05
bolstered,2e-05
flicking,2e-05
delta,2e-05
bogeys,2e-05
cable,2e-05
humans,2e-05
pixels,2e-05
lord,2e-05
chino,2e-05
faced,2e-05
mistakes,2e-05
mate,2e-05
unveiled,2e-05
doom,2e-05
pans,2e-05
division,2e-05
concentrate,2e-05
melissa,2e-05
resulting,2e-05
neighboring,2e-05
attachment,2e-05
ranger,2e-05
glory,2e-05
homecoming,2e-05
stumped,2e-05
smith,2e-05
buckets,2e-05
declared,2e-05
cookies,2e-05
burr,2e-05
blessings,2e-05
copyright,2e-05
spelled,2e-05
jimmy,2e-05
mark,2e-05
difference,2e-05
kudos,2e-05
dodgers,2e-05
refusing,2e-05
premier,2e-05
terminals,2e-05
fairy,2e-05
queue,2e-05
mount,2e-05
proxy,2e-05
regulations,2e-05
july,2e-05
grandparents,2e-05
jello,2e-05
comprehension,2e-05
trends,2e-05
omaha,2e-05
wings,2e-05
identity,2e-05
favorite,2e-05
episodes,2e-05
guaranteeing,2e-05
utilizing,2e-05
saharan,2e-05
reduce,2e-05
mentioned,2e-05
carrot,2e-05
coca,2e-05
draw,2e-05
rolled,2e-05
burke,2e-05
student,2e-05
mouse,2e-05
daughters,2e-05
titled,2e-05
abusing,2e-05
surface,2e-05
charlotte,2e-05
disturbing,2e-05
persona,2e-05
consumer,2e-05
decor,2e-05
talked,2e-05
clients,2e-05
tracer,2e-05
cts,2e-05
arcade,2e-05
style,2e-05
contractor,2e-05
piss,2e-05
overrun,2e-05
billed,2e-05
predictability,2e-05
harvest,2e-05
gratitude,2e-05
pats,2e-05
lions,2e-05
cuts,2e-05
chileans,2e-05
overs,2e-05
sweetie,2e-05
precision,2e-05
authorities,2e-05
mercy,2e-05
import,2e-05
curry,2e-05
blockbuster,2e-05
rouge,2e-05
modifications,2e-05
down,2e-05
tickling,2e-05
starters,2e-05
brilliance,2e-05
coordinator,2e-05
pie,2e-05
negatives,2e-05
redo,2e-05
licenses,2e-05
attended,2e-05
paperwork,2e-05
dj,2e-05
turmeric,2e-05
assuming,2e-05
accounted,2e-05
cursing,2e-05
tip,2e-05
indians,2e-05
weed,2e-05
locate,2e-05
sublimation,2e-05
film,2e-05
juicer,2e-05
infections,2e-05
haters,2e-05
scale,2e-05
flooded,2e-05
evidence,2e-05
coat,2e-05
providing,2e-05
michigan,2e-05
damned,2e-05
honeymoon,2e-05
visor,2e-05
staying,2e-05
billing,2e-05
gar,2e-05
opposition,2e-05
cock,2e-05
map,2e-05
anchorage,2e-05
survives,2e-05
representatives,2e-05
burg,2e-05
franciscans,2e-05
passion,2e-05
gallery,2e-05
blank,2e-05
obliterate,2e-05
ultimate,2e-05
saga,2e-05
measuring,2e-05
medication,2e-05
journeys,2e-05
cross,2e-05
gaming,2e-05
sheriff,2e-05
definition,2e-05
darling,2e-05
aired,2e-05
winged,2e-05
cole,2e-05
bitching,2e-05
filling,2e-05
outsider,2e-05
suspended,2e-05
flights,2e-05
dats,2e-05
infuriating,2e-05
glitch,2e-05
operators,2e-05
serotonin,2e-05
photocopy,2e-05
organs,2e-05
fig,2e-05
ties,2e-05
concessions,2e-05
clock,2e-05
eternity,2e-05
famine,2e-05
invited,2e-05
conditions,2e-05
collector,2e-05
cart,2e-05
tuckers,2e-05
talent,2e-05
hoops,2e-05
trigger,2e-05
resolution,2e-05
ankle,2e-05
strangers,2e-05
slides,2e-05
mister,2e-05
setup,2e-05
requires,2e-05
investigating,2e-05
distortion,2e-05
memorial,2e-05
uncertainty,2e-05
chrome,2e-05
spreading,2e-05
moss,2e-05
annoys,2e-05
joking,2e-05
creating,2e-05
graded,2e-05
cover,2e-05
unfortunate,2e-05
xmas,2e-05
postmark,2e-05
misery,2e-05
harbor,2e-05
attitude,2e-05
bums,2e-05
approaching,2e-05
outages,2e-05
pounding,2e-05
transmission,2e-05
drugstore,2e-05
helping,2e-05
encounter,2e-05
peter,2e-05
irony,2e-05
identify,2e-05
murder,2e-05
inundated,2e-05
midst,2e-05
plunges,2e-05
patchwork,2e-05
fits,2e-05
visualization,2e-05
square,2e-05
deli,2e-05
texans,2e-05
bitches,2e-05
sub,2e-05
anticipating,2e-05
firearm,2e-05
wildlife,2e-05
cutouts,2e-05
airmailing,2e-05
meal,2e-05
dynamics,2e-05
capitalism,2e-05
interesting,2e-05
checks,2e-05
teasing,2e-05
equities,2e-05
arrivals,2e-05
plant,2e-05
baffle,2e-05
outlook,2e-05
ceo,2e-05
asian,2e-05
jerry,2e-05
stating,2e-05
logic,2e-05
dividend,2e-05
bathroom,2e-05
matters,2e-05
universal,2e-05
callers,2e-05
junction,2e-05
male,2e-05
alien,2e-05
killing,2e-05
cooking,2e-05
script,2e-05
reaction,2e-05
attorneys,2e-05
acer,2e-05
overwhelming,2e-05
sole,2e-05
oncology,2e-05
ripped,2e-05
bias,2e-05
po,2e-05
correlation,2e-05
soundtrack,2e-05
scorching,2e-05
surcharges,2e-05
lamps,2e-05
coasted,2e-05
normalcy,2e-05
counter,2e-05
staples,2e-05
scrapping,2e-05
schematics,2e-05
racist,2e-05
slinging,2e-05
palisades,2e-05
informing,2e-05
canvas,2e-05
restrictions,2e-05
advocates,2e-05
resident,2e-05
winds,2e-05
puts,2e-05
swift,2e-05
hindu,2e-05
desktop,2e-05
applications,2e-05
stick,2e-05
aid,2e-05
estate,2e-05
kleenex,2e-05
truth,2e-05
rocking,2e-05
doc,2e-05
trademark,2e-05
flint,2e-05
can,2e-05
modem,2e-05
minds,2e-05
suffer,2e-05
kremlin,2e-05
damages,2e-05
transfer,2e-05
rescheduled,2e-05
mentioning,2e-05
celebrity,2e-05
occasions,2e-05
bastards,2e-05
flirting,2e-05
tears,2e-05
pace,2e-05
min,2e-05
agreement,2e-05
maze,2e-05
rent,2e-05
australian,2e-05
bound,2e-05
magazines,2e-05
residents,2e-05
devils,2e-05
trial,2e-05
dms,2e-05
hg,2e-05
geography,2e-05
supporters,2e-05
panda,2e-05
imaginary,2e-05
suggesting,2e-05
professional,2e-05
owners,2e-05
pe,2e-05
seventeen,2e-05
processes,2e-05
communities,2e-05
performances,2e-05
overtime,2e-05
urging,2e-05
scoter,2e-05
animals,2e-05
strategy,2e-05
sterling,2e-05
committee,2e-05
prevention,2e-05
nb,2e-05
pretend,2e-05
dam,2e-05
inch,2e-05
visionary,2e-05
ammo,2e-05
brews,2e-05
explaining,2e-05
countrys,2e-05
stoop,2e-05
washed,2e-05
tweeting,2e-05
livestock,2e-05
shattered,2e-05
combat,2e-05
closing,2e-05
secondary,2e-05
mix,2e-05
hedge,2e-05
operate,2e-05
sooners,2e-05
guidance,2e-05
ammunition,2e-05
downs,2e-05
poster,2e-05
sued,2e-05
investments,2e-05
supports,2e-05
favour,2e-05
pos,2e-05
incomes,2e-05
dogma,2e-05
perishable,2e-05
mb,2e-05
sites,2e-05
beep,2e-05
manufacturers,2e-05
materials,2e-05
downturn,2e-05
lesbians,2e-05
tvs,2e-05
swapped,2e-05
structured,2e-05
newspaper,2e-05
upper,2e-05
lover,2e-05
manipulator,2e-05
pour,2e-05
knives,2e-05
clubs,2e-05
advertising,2e-05
water,2e-05
implementing,2e-05
ways,2e-05
dal,2e-05
shadow,2e-05
aside,2e-05
bumping,2e-05
german,2e-05
swamped,2e-05
recovered,2e-05
prediction,2e-05
presidents,2e-05
stilled,2e-05
affecting,2e-05
compensated,2e-05
loaded,2e-05
lifetime,2e-05
hood,2e-05
boxed,2e-05
arrival,2e-05
ideal,2e-05
pedestal,2e-05
fucker,2e-05
repair,2e-05
declining,2e-05
mechanic,2e-05
beings,2e-05
database,2e-05
raising,2e-05
thieves,2e-05
dominant,2e-05
faxing,2e-05
complain,2e-05
tes,2e-05
assure,2e-05
qualify,2e-05
persons,2e-05
silly,2e-05
searching,2e-05
doubles,2e-05
resignations,2e-05
shuttle,2e-05
climbed,2e-05
punch,2e-05
coaches,2e-05
poop,2e-05
slide,2e-05
weighing,2e-05
pedals,2e-05
becoming,2e-05
sire,2e-05
symptoms,2e-05
surged,2e-05
equipping,2e-05
begged,2e-05
enterprise,2e-05
trick,2e-05
nerve,2e-05
aggravating,2e-05
suffering,2e-05
maker,2e-05
phi,2e-05
riding,2e-05
slot,2e-05
lifetimes,2e-05
colon,2e-05
engineer,2e-05
impacted,2e-05
dona,2e-05
fabricate,2e-05
sponsored,2e-05
collect,2e-05
hooray,2e-05
electorate,2e-05
landscape,2e-05
fashion,2e-05
pct,2e-05
hoe,2e-05
calendars,2e-05
tacos,2e-05
pentagon,2e-05
pouring,2e-05
kc,2e-05
liked,2e-05
halloween,2e-05
install,2e-05
texts,2e-05
whelp,2e-05
clinics,2e-05
reporters,2e-05
poss,2e-05
wicket,2e-05
consists,2e-05
select,2e-05
clarion,2e-05
aspect,2e-05
discussion,2e-05
profile,2e-05
pole,2e-05
withdrawal,2e-05
flips,2e-05
maricopa,2e-05
train,2e-05
shoot,2e-05
patience,2e-05
tailgating,2e-05
litter,2e-05
rates,2e-05
thai,2e-05
hunter,2e-05
overhead,2e-05
reviving,2e-05
grandma,2e-05
rained,2e-05
adjusted,2e-05
mat,2e-05
peeps,2e-05
benefit,2e-05
creativity,2e-05
partnership,2e-05
exception,2e-05
began,2e-05
spectacular,2e-05
laurel,2e-05
chains,2e-05
realize,2e-05
controller,2e-05
rental,2e-05
ghetto,2e-05
avenue,2e-05
highway,2e-05
stings,2e-05
consuming,2e-05
notifying,2e-05
complicate,2e-05
whips,2e-05
sons,2e-05
verge,2e-05
related,2e-05
cook,2e-05
bribed,2e-05
exporters,2e-05
daddy,2e-05
participating,2e-05
shortages,2e-05
evenings,2e-05
discourages,2e-05
lee,2e-05
turtles,2e-05
graduates,2e-05
visiting,2e-05
disarm,2e-05
satisfaction,2e-05
reiterated,2e-05
pharma,2e-05
brad,2e-05
bolivia,2e-05
adventures,2e-05
curtains,2e-05
marine,2e-05
offices,2e-05
loves,2e-05
praise,2e-05
anime,2e-05
paint,2e-05
driveways,2e-05
bird,2e-05
dialogue,2e-05
senate,2e-05
judge,2e-05
nights,2e-05
turnovers,2e-05
circling,2e-05
producers,2e-05
theme,2e-05
wives,2e-05
snacks,2e-05
growled,2e-05
fridays,2e-05
lens,2e-05
winners,2e-05
jumping,2e-05
soar,2e-05
seal,2e-05
cds,2e-05
grab,2e-05
enunciated,2e-05
insured,2e-05
chili,2e-05
worried,2e-05
touchdown,2e-05
debacles,2e-05
rage,2e-05
championships,2e-05
li,2e-05
factoring,2e-05
ion,2e-05
pairs,2e-05
nerves,2e-05
drone,2e-05
noticing,2e-05
extend,2e-05
now,2e-05
external,2e-05
aga,2e-05
teens,2e-05
parades,2e-05
ginger,2e-05
sauce,2e-05
consolidate,2e-05
echo,2e-05
surviving,2e-05
wreaked,2e-05
merged,2e-05
samaritan,2e-05
laugh,2e-05
vandalism,2e-05
meaning,2e-05
lectured,2e-05
