co,0.0682
https,0.06051
cloud,0.0089
data,0.00729
market,0.00671
business,0.0051
amp,0.0046
see,0.00434
make,0.00417
get,0.00415
ai,0.00408
join,0.00389
like,0.00371
quantum,0.00365
intelligence,0.0036
security,0.00347
growth,0.00339
use,0.00321
world,0.00287
technology,0.00284
tech,0.00284
lion,0.0028
job,0.00269
google,0.00265
services,0.0026
help,0.00258
computing,0.00254
years,0.0025
learning,0.00245
time,0.00245
week,0.00243
future,0.00243
storage,0.00239
hybrid,0.00232
people,0.0023
company,0.0023
said,0.00228
great,0.00226
alzheimers,0.00221
machine,0.00221
companies,0.00219
open,0.00219
computer,0.00215
year,0.00211
research,0.00208
go,0.00206
bill,0.00206
today,0.00206
science,0.00204
gates,0.00204
database,0.00202
visit,0.00202
analysis,0.002
first,0.002
think,0.002
solutions,0.00193
know,0.00189
work,0.00187
challenge,0.00187
earned,0.00187
infrastructure,0.00187
dropped,0.00184
feel,0.00182
knows,0.00182
news,0.00182
systems,0.00182
transformation,0.0018
billions,0.0018
countries,0.00178
sap,0.00176
going,0.00176
calls,0.00174
top,0.00171
latest,0.00171
support,0.00171
power,0.00167
supporters,0.00165
hindus,0.00165
model,0.00163
well,0.00161
working,0.00161
industry,0.00161
high,0.00158
best,0.00156
developer,0.00156
using,0.00154
rbi,0.00154
link,0.00154
study,0.00152
purchase,0.0015
last,0.0015
still,0.0015
project,0.0015
need,0.00145
rate,0.00145
rich,0.00145
token,0.00145
good,0.00143
better,0.00141
trailer,0.00141
ba,0.00141
team,0.00141
watch,0.00139
apple,0.00139
check,0.00137
report,0.00135
clients,0.00135
range,0.00135
back,0.00132
bank,0.00132
computers,0.0013
enterprise,0.0013
free,0.0013
person,0.00128
keep,0.00128
health,0.00128
revenue,0.00126
government,0.00126
learn,0.00124
results,0.00124
real,0.00124
social,0.00122
look,0.00119
service,0.00119
media,0.00119
value,0.00117
software,0.00117
collaboration,0.00117
hiring,0.00117
inflation,0.00115
challenges,0.00115
women,0.00115
right,0.00115
opportunity,0.00115
end,0.00115
day,0.00115
remote,0.00113
pandemic,0.00113
key,0.00113
system,0.00111
live,0.00111
things,0.00111
blue,0.00111
take,0.00111
long,0.00109
way,0.00109
impact,0.00109
post,0.00109
policy,0.00109
level,0.00106
share,0.00106
amazon,0.00106
management,0.00106
disease,0.00106
partnership,0.00106
got,0.00104
pc,0.00104
leaders,0.00104
automation,0.00104
framework,0.00102
thanks,0.00102
workers,0.00102
find,0.001
threat,0.001
stock,0.001
assistant,0.001
click,0.001
short,0.001
executive,0.001
claim,0.00098
control,0.00098
coming,0.00098
oracle,0.00096
accuracy,0.00096
machines,0.00096
survey,0.00096
applications,0.00096
view,0.00093
ceo,0.00093
in,0.00091
card,0.00091
buy,0.00091
old,0.00091
stocks,0.00091
part,0.00091
researchers,0.00091
makes,0.00091
hope,0.00089
customers,0.00089
including,0.00089
blog,0.00089
mobile,0.00089
capabilities,0.00087
looking,0.00087
access,0.00087
re,0.00087
develop,0.00087
chief,0.00087
entry,0.00085
solution,0.00085
term,0.00085
read,0.00082
video,0.00082
surprising,0.00082
sales,0.0008
much,0.0008
even,0.0008
international,0.0008
servers,0.0008
quarter,0.0008
language,0.0008
matrix,0.0008
technologies,0.0008
businesses,0.0008
strategy,0.0008
account,0.00078
summit,0.00078
event,0.00078
environment,0.00078
public,0.00078
want,0.00078
continues,0.00078
performance,0.00078
mitre,0.00078
modern,0.00078
behind,0.00076
organizations,0.00076
programming,0.00076
innovation,0.00076
partner,0.00076
trade,0.00076
economist,0.00076
article,0.00074
skills,0.00074
samples,0.00074
credit,0.00074
cisco,0.00074
move,0.00074
analyzing,0.00074
helping,0.00074
building,0.00074
call,0.00072
shares,0.00072
design,0.00072
tomorrow,0.00072
talk,0.00072
source,0.00072
cost,0.00072
ms,0.00072
man,0.00072
platform,0.00072
diversity,0.00072
ready,0.00072
silence,0.00072
spectrum,0.00072
jobs,0.00069
code,0.00069
league,0.00069
chain,0.00069
midi,0.00069
program,0.00069
gs,0.00069
shows,0.00067
red,0.00067
common,0.00067
running,0.00067
deep,0.00067
offers,0.00067
predicts,0.00067
register,0.00067
change,0.00067
teams,0.00067
positive,0.00067
risk,0.00065
announcing,0.00065
trust,0.00065
estimates,0.00065
markets,0.00065
plan,0.00065
continue,0.00065
customer,0.00065
dumped,0.00065
application,0.00065
worlds,0.00065
play,0.00065
hours,0.00065
build,0.00065
liquidity,0.00065
joining,0.00063
making,0.00063
generation,0.00063
demand,0.00063
so,0.00063
opportunities,0.00063
dividend,0.00063
opening,0.00063
education,0.00063
central,0.00061
workloads,0.00061
home,0.00061
action,0.00061
improve,0.00061
focus,0.00061
food,0.00061
comment,0.00061
clear,0.00061
community,0.00061
sars,0.00061
stop,0.00061
congratulations,0.00059
episode,0.00059
deal,0.00059
group,0.00059
run,0.00059
analysts,0.00059
descriptions,0.00059
past,0.00059
native,0.00056
sell,0.00056
disguise,0.00056
curriculum,0.00056
leading,0.00056
participation,0.00056
partners,0.00056
cleansing,0.00056
head,0.00056
growing,0.00056
insights,0.00056
major,0.00056
vs,0.00056
cutout,0.00056
love,0.00056
case,0.00056
cash,0.00056
energy,0.00056
trading,0.00056
begins,0.00056
large,0.00056
tools,0.00056
ethnic,0.00056
development,0.00056
rates,0.00056
web,0.00054
bad,0.00054
applying,0.00054
low,0.00054
pro,0.00054
supply,0.00054
cars,0.00054
sector,0.00054
electric,0.00054
expect,0.00054
made,0.00054
stay,0.00054
single,0.00054
sign,0.00054
current,0.00054
speakers,0.00054
ml,0.00054
senior,0.00054
runs,0.00054
meeting,0.00054
gdp,0.00052
come,0.00052
tool,0.00052
players,0.00052
general,0.00052
advancing,0.00052
indices,0.00052
individuals,0.00052
starting,0.00052
batteries,0.00052
economy,0.00052
line,0.00052
client,0.00052
smart,0.00052
according,0.00052
officer,0.00052
announced,0.00052
mainframe,0.00052
capital,0.00052
getting,0.00052
weeks,0.00052
state,0.00052
content,0.0005
earnings,0.0005
justice,0.0005
book,0.0005
amazing,0.0005
meet,0.0005
says,0.0005
information,0.0005
aims,0.0005
months,0.0005
phones,0.0005
believe,0.0005
interesting,0.0005
investment,0.0005
season,0.0005
course,0.00048
provide,0.00048
efforts,0.00048
board,0.00048
manhattan,0.00048
points,0.00048
drive,0.00048
college,0.00048
thing,0.00048
journey,0.00048
attacks,0.00048
process,0.00048
expands,0.00048
puma,0.00048
number,0.00048
say,0.00048
chase,0.00048
trends,0.00048
try,0.00048
experience,0.00048
japan,0.00048
healthcare,0.00048
th,0.00048
leader,0.00046
cut,0.00046
recommend,0.00046
photo,0.00046
resources,0.00046
founded,0.00046
days,0.00046
includes,0.00046
provides,0.00046
technical,0.00046
diagnosis,0.00046
oct,0.00046
efficiency,0.00046
brand,0.00046
ge,0.00046
art,0.00046
director,0.00046
concern,0.00046
president,0.00043
needs,0.00043
edge,0.00043
areas,0.00043
trump,0.00043
wait,0.00043
start,0.00043
drop,0.00043
experts,0.00043
finance,0.00043
third,0.00043
students,0.00043
highlights,0.00043
full,0.00043
list,0.00043
quarterly,0.00043
ease,0.00043
scenes,0.00043
consumers,0.00043
dark,0.00043
series,0.00043
stories,0.00043
price,0.00043
game,0.00043
ways,0.00043
story,0.00043
life,0.00043
stance,0.00041
container,0.00041
recovery,0.00041
sectors,0.00041
left,0.00041
interview,0.00041
idea,0.00041
name,0.00041
school,0.00041
offer,0.00041
street,0.00041
human,0.00041
panel,0.00041
operations,0.00041
average,0.00041
changing,0.00041
decision,0.00041
election,0.00041
theft,0.00041
seats,0.00041
product,0.00041
server,0.00039
advantage,0.00039
released,0.00039
architect,0.00039
lower,0.00039
office,0.00039
approach,0.00039
let,0.00039
word,0.00039
shrimp,0.00039
http,0.00039
continued,0.00039
trumps,0.00039
york,0.00039
effort,0.00039
bring,0.00039
products,0.00039
near,0.00039
corporation,0.00039
scientists,0.00039
used,0.00039
talking,0.00039
added,0.00039
tv,0.00039
interest,0.00037
female,0.00037
city,0.00037
experiences,0.00037
offering,0.00037
track,0.00037
little,0.00037
moment,0.00037
signals,0.00037
woman,0.00037
immigrants,0.00037
career,0.00037
speaking,0.00037
prices,0.00037
congress,0.00037
extracting,0.00037
twitter,0.00037
apply,0.00037
cookie,0.00037
speech,0.00037
center,0.00037
space,0.00037
protection,0.00037
beat,0.00037
seem,0.00037
banking,0.00037
outlook,0.00037
looks,0.00037
trend,0.00037
winner,0.00037
potential,0.00037
family,0.00037
half,0.00037
pact,0.00037
rethinking,0.00037
developers,0.00037
weather,0.00037
keys,0.00037
forward,0.00035
october,0.00035
employee,0.00035
session,0.00035
strategies,0.00035
inclusion,0.00035
simple,0.00035
www,0.00035
executives,0.00035
money,0.00035
put,0.00035
driving,0.00035
banks,0.00035
lab,0.00035
unit,0.00035
accelerator,0.00035
taking,0.00035
national,0.00035
month,0.00035
second,0.00035
prime,0.00035
talent,0.00035
lead,0.00035
file,0.00035
ask,0.00035
inventor,0.00035
engineer,0.00035
brothers,0.00035
techniques,0.00033
marketing,0.00033
created,0.00033
fit,0.00033
gold,0.00033
black,0.00033
net,0.00033
modeling,0.00033
small,0.00033
standard,0.00033
hate,0.00033
fell,0.00033
break,0.00033
position,0.00033
rapid,0.00033
expectations,0.00033
watching,0.00033
training,0.00033
resource,0.00033
test,0.00033
show,0.00033
measure,0.00033
ideas,0.00033
coca,0.00033
reported,0.00033
place,0.00033
daily,0.00033
details,0.00033
tapping,0.00033
landscape,0.00033
benefits,0.00033
associate,0.00033
thursday,0.00033
trying,0.00033
predict,0.00033
increase,0.0003
pool,0.0003
keeps,0.0003
spending,0.0003
oil,0.0003
resiliency,0.0003
hardware,0.0003
due,0.0003
side,0.0003
include,0.0003
primary,0.0003
sound,0.0003
forecast,0.0003
march,0.0003
moving,0.0003
found,0.0003
cola,0.0003
thinking,0.0003
east,0.0003
class,0.0003
comprehensive,0.0003
step,0.0003
set,0.0003
true,0.0003
tests,0.0003
verified,0.0003
release,0.0003
pd,0.0003
interviews,0.0003
pay,0.0003
protect,0.0003
daughters,0.0003
private,0.0003
started,0.0003
turn,0.0003
achievement,0.0003
seventeen,0.0003
uses,0.0003
helps,0.0003
wiring,0.0003
become,0.0003
leadership,0.0003
lot,0.0003
expand,0.0003
python,0.0003
win,0.00028
pass,0.00028
add,0.00028
dream,0.00028
talks,0.00028
quality,0.00028
patterns,0.00028
mind,0.00028
climate,0.00028
nothing,0.00028
yes,0.00028
developing,0.00028
holding,0.00028
integration,0.00028
index,0.00028
remain,0.00028
steps,0.00028
overall,0.00028
interviewed,0.00028
scientist,0.00028
workshop,0.00028
legacy,0.00028
message,0.00028
cool,0.00028
certified,0.00028
lives,0.00028
capacity,0.00028
green,0.00028
worth,0.00028
insurance,0.00028
chairman,0.00028
complete,0.00028
employees,0.00028
loans,0.00028
humans,0.00028
mark,0.00028
signed,0.00028
updates,0.00028
student,0.00028
cuts,0.00028
contract,0.00028
costs,0.00028
peak,0.00028
took,0.00028
excited,0.00028
came,0.00028
trades,0.00028
contraction,0.00028
worked,0.00028
stimulus,0.00028
north,0.00028
tap,0.00028
graduating,0.00028
landed,0.00028
spy,0.00028
air,0.00028
essential,0.00026
size,0.00026
final,0.00026
country,0.00026
return,0.00026
production,0.00026
winter,0.00026
whole,0.00026
workforce,0.00026
fact,0.00026
va,0.00026
role,0.00026
reminder,0.00026
wall,0.00026
fund,0.00026
beats,0.00026
processors,0.00026
saudi,0.00026
times,0.00026
developed,0.00026
house,0.00026
unified,0.00026
pushing,0.00026
wave,0.00026
point,0.00026
adds,0.00026
announcement,0.00026
forces,0.00026
increased,0.00026
photographer,0.00026
someone,0.00026
core,0.00026
planning,0.00026
hand,0.00026
cycle,0.00026
mean,0.00026
proof,0.00026
went,0.00026
mentored,0.00026
chance,0.00026
delegates,0.00026
uncertainty,0.00026
nigerian,0.00026
onset,0.00026
puts,0.00026
discuss,0.00026
breach,0.00026
architecture,0.00026
consulting,0.00026
punch,0.00026
essay,0.00026
path,0.00024
rose,0.00024
waiting,0.00024
god,0.00024
bond,0.00024
integrating,0.00024
wants,0.00024
response,0.00024
risks,0.00024
self,0.00024
introducing,0.00024
history,0.00024
breaks,0.00024
defend,0.00024
massacre,0.00024
expert,0.00024
industries,0.00024
yields,0.00024
speaker,0.00024
authority,0.00024
learned,0.00024
securities,0.00024
manufacturing,0.00024
sessions,0.00024
record,0.00024
measures,0.00024
continuing,0.00024
giants,0.00024
disaster,0.00024
front,0.00024
possible,0.00024
hat,0.00024
alumni,0.00024
white,0.00024
enhanced,0.00024
investors,0.00024
europe,0.00024
target,0.00024
reason,0.00024
states,0.00024
difference,0.00024
featuring,0.00024
heart,0.00024
remember,0.00024
helped,0.00024
delivery,0.00024
channel,0.00024
debt,0.00024
baby,0.00024
challenging,0.00024
user,0.00024
safety,0.00024
tattooing,0.00024
firm,0.00024
answers,0.00024
regular,0.00024
internet,0.00024
missing,0.00024
discussion,0.00024
ecosystem,0.00024
stack,0.00024
direct,0.00024
levels,0.00024
guys,0.00024
miss,0.00022
understanding,0.00022
certificate,0.00022
monthly,0.00022
conference,0.00022
sharing,0.00022
scope,0.00022
vote,0.00022
hold,0.00022
turning,0.00022
balance,0.00022
interested,0.00022
launch,0.00022
organization,0.00022
manager,0.00022
satellite,0.00022
hit,0.00022
player,0.00022
site,0.00022
please,0.00022
wrong,0.00022
care,0.00022
tonight,0.00022
personal,0.00022
tell,0.00022
expenses,0.00022
openings,0.00022
round,0.00022
metro,0.00022
approves,0.00022
brown,0.00022
giving,0.00022
works,0.00022
consumption,0.00022
died,0.00022
summary,0.00022
accelerated,0.00022
excluding,0.00022
fun,0.00022
sponsors,0.00022
discovery,0.00022
hour,0.00022
margin,0.00022
package,0.00022
friends,0.00022
spin,0.00022
middle,0.00022
reporting,0.00022
asset,0.00022
knowledge,0.00022
guy,0.00022
lines,0.00022
reduce,0.00022
shift,0.00022
members,0.00022
forget,0.00022
follow,0.00022
dell,0.00022
fair,0.00022
numbers,0.00022
projects,0.00022
revealed,0.00022
democracy,0.00022
american,0.00022
engineering,0.00022
sir,0.00022
kept,0.00022
total,0.00022
alert,0.00022
swift,0.00022
bought,0.00022
fast,0.00022
pm,0.00022
transparency,0.00022
distributed,0.00022
off,0.00022
james,0.00022
supporting,0.00022
monitoring,0.00022
component,0.00022
playing,0.00022
questions,0.00022
involving,0.0002
cog,0.0002
network,0.0002
negative,0.0002
portfolio,0.0002
relief,0.0002
reading,0.0002
insight,0.0002
limited,0.0002
focused,0.0002
june,0.0002
resilience,0.0002
collaborate,0.0002
trained,0.0002
sold,0.0002
example,0.0002
following,0.0002
give,0.0002
travel,0.0002
odds,0.0002
basis,0.0002
con,0.0002
success,0.0002
boats,0.0002
gets,0.0002
dad,0.0002
azure,0.0002
detect,0.0002
confirmation,0.0002
activities,0.0002
records,0.0002
inc,0.0002
scaling,0.0002
background,0.0002
advanced,0.0002
compliance,0.0002
logo,0.0002
mine,0.0002
giant,0.0002
clouds,0.0002
hp,0.0002
cards,0.0002
managing,0.0002
issues,0.0002
attend,0.0002
football,0.0002
rocket,0.0002
programme,0.0002
police,0.0002
stage,0.0002
platforms,0.0002
demands,0.0002
sense,0.0002
borrowing,0.0002
version,0.0002
specific,0.0002
chart,0.0002
wow,0.0002
decided,0.0002
close,0.0002
michael,0.0002
update,0.0002
corp,0.0002
holocaust,0.0002
avoided,0.0002
sports,0.0002
al,0.0002
contact,0.0002
signs,0.0002
buying,0.0002
prioritize,0.0002
reserve,0.0002
premieres,0.0002
age,0.0002
sustainability,0.0002
accelerating,0.0002
special,0.0002
creating,0.0002
protecting,0.0002
intimidated,0.0002
problems,0.0002
worse,0.0002
documenting,0.0002
myths,0.0002
turned,0.0002
pr,0.0002
china,0.0002
establishing,0.0002
booming,0.0002
weekly,0.0002
indian,0.0002
enterprises,0.0002
goals,0.0002
face,0.0002
satisfaction,0.0002
lets,0.0002
block,0.0002
events,0.0002
fight,0.00017
stores,0.00017
analyst,0.00017
images,0.00017
cases,0.00017
present,0.00017
night,0.00017
brave,0.00017
multiple,0.00017
selecting,0.00017
shooting,0.00017
thought,0.00017
borrowings,0.00017
reality,0.00017
young,0.00017
output,0.00017
pictures,0.00017
cites,0.00017
lawsuit,0.00017
promise,0.00017
debate,0.00017
fine,0.00017
keyboards,0.00017
morning,0.00017
remains,0.00017
os,0.00017
summer,0.00017
is,0.00017
master,0.00017
cat,0.00017
foundation,0.00017
university,0.00017
ensure,0.00017
united,0.00017
educators,0.00017
comfort,0.00017
brain,0.00017
optimize,0.00017
comes,0.00017
problem,0.00017
migration,0.00017
indicator,0.00017
thirds,0.00017
rush,0.00017
consider,0.00017
studies,0.00017
rise,0.00017
expected,0.00017
invitation,0.00017
department,0.00017
safe,0.00017
race,0.00017
considering,0.00017
entire,0.00017
gives,0.00017
unveils,0.00017
baba,0.00017
rising,0.00017
keeping,0.00017
nation,0.00017
condone,0.00017
jr,0.00017
split,0.00017
battery,0.00017
vision,0.00017
investing,0.00017
la,0.00017
employers,0.00017
lord,0.00017
solve,0.00017
guide,0.00017
box,0.00017
former,0.00017
style,0.00017
workplace,0.00017
interface,0.00017
aging,0.00017
practices,0.00017
providing,0.00017
evolving,0.00017
ga,0.00017
elevating,0.00017
cover,0.00017
kind,0.00017
emerging,0.00017
bit,0.00017
flexibility,0.00017
joins,0.00017
investments,0.00017
ones,0.00017
lack,0.00017
takes,0.00017
prediction,0.00017
composite,0.00017
lea,0.00017
employer,0.00017
indicate,0.00017
speed,0.00017
lost,0.00017
sponsored,0.00017
garage,0.00017
hr,0.00017
expects,0.00017
changed,0.00017
nazi,0.00017
ko,0.00017
tutorial,0.00017
easing,0.00017
local,0.00017
pa,0.00015
crazy,0.00015
robots,0.00015
complex,0.00015
advances,0.00015
edition,0.00015
comp,0.00015
matter,0.00015
builds,0.00015
movement,0.00015
cios,0.00015
embracing,0.00015
phone,0.00015
fans,0.00015
modernize,0.00015
ratio,0.00015
die,0.00015
lending,0.00015
momentum,0.00015
pressures,0.00015
catch,0.00015
campaign,0.00015
reports,0.00015
goes,0.00015
forecasts,0.00015
supremacy,0.00015
saw,0.00015
containers,0.00015
staff,0.00015
introduction,0.00015
income,0.00015
depth,0.00015
cap,0.00015
till,0.00015
brands,0.00015
base,0.00015
distribution,0.00015
acquired,0.00015
programs,0.00015
ok,0.00015
launched,0.00015
cities,0.00015
official,0.00015
living,0.00015
fighting,0.00015
moved,0.00015
modernizing,0.00015
paper,0.00015
closer,0.00015
keyboard,0.00015
spinning,0.00015
todays,0.00015
listen,0.00015
improving,0.00015
shared,0.00015
walk,0.00015
words,0.00015
main,0.00015
review,0.00015
longer,0.00015
stayed,0.00015
replay,0.00015
sinking,0.00015
couple,0.00015
commercial,0.00015
gap,0.00015
weakness,0.00015
sills,0.00015
cc,0.00015
governor,0.00015
java,0.00015
models,0.00015
detection,0.00015
boost,0.00015
society,0.00015
protesters,0.00015
region,0.00015
command,0.00015
prove,0.00015
force,0.00015
headlines,0.00015
medical,0.00015
delighted,0.00015
seat,0.00015
hands,0.00015
decade,0.00015
heres,0.00015
targeting,0.00015
chip,0.00015
gave,0.00015
tweet,0.00015
july,0.00015
allow,0.00015
dos,0.00015
create,0.00015
disposal,0.00015
field,0.00015
scale,0.00015
mesh,0.00015
tracking,0.00015
staying,0.00015
cross,0.00015
graduate,0.00015
connections,0.00015
dependent,0.00015
names,0.00015
funded,0.00015
wearing,0.00015
became,0.00015
aid,0.00015
page,0.00015
pressure,0.00015
agreement,0.00015
activity,0.00015
professional,0.00015
fuck,0.00015
combat,0.00015
music,0.00015
guidance,0.00015
quick,0.00015
amd,0.00015
advertising,0.00015
county,0.00015
detailed,0.00015
storm,0.00015
sun,0.00015
demos,0.00015
discussing,0.00015
chains,0.00015
recognize,0.00015
sale,0.00015
hire,0.00015
joined,0.00013
focusing,0.00013
spread,0.00013
rallies,0.00013
prince,0.00013
coding,0.00013
quote,0.00013
refused,0.00013
vintage,0.00013
stuff,0.00013
holy,0.00013
citizens,0.00013
status,0.00013
suggestion,0.00013
consultant,0.00013
goal,0.00013
explores,0.00013
passed,0.00013
degree,0.00013
worst,0.00013
competitors,0.00013
dec,0.00013
district,0.00013
practice,0.00013
decades,0.00013
starts,0.00013
concerns,0.00013
active,0.00013
limits,0.00013
equity,0.00013
dear,0.00013
tax,0.00013
partnerships,0.00013
tuned,0.00013
kernel,0.00013
parents,0.00013
performed,0.00013
fall,0.00013
writing,0.00013
kingdom,0.00013
id,0.00013
wins,0.00013
principles,0.00013
alliance,0.00013
commerce,0.00013
law,0.00013
reducing,0.00013
fucking,0.00013
recorded,0.00013
magazine,0.00013
recap,0.00013
importance,0.00013
question,0.00013
representative,0.00013
develops,0.00013
illustration,0.00013
monday,0.00013
choosing,0.00013
options,0.00013
reach,0.00013
explore,0.00013
pleased,0.00013
european,0.00013
virus,0.00013
carbon,0.00013
hosts,0.00013
wondering,0.00013
trending,0.00013
profit,0.00013
collection,0.00013
directors,0.00013
light,0.00013
theres,0.00013
items,0.00013
held,0.00013
brought,0.00013
stream,0.00013
piece,0.00013
estimate,0.00013
adoption,0.00013
welcome,0.00013
wit,0.00013
wasting,0.00013
minutes,0.00013
appears,0.00013
bonds,0.00013
ranked,0.00013
transitioning,0.00013
wisdom,0.00013
saying,0.00013
agreed,0.00013
neutral,0.00013
changes,0.00013
asking,0.00013
plans,0.00013
enough,0.00013
up,0.00013
professionals,0.00013
embrace,0.00013
mood,0.00013
labor,0.00013
flow,0.00013
indicators,0.00013
tune,0.00013
videos,0.00013
gross,0.00013
powered,0.00013
organizing,0.00013
nobody,0.00013
stability,0.00013
shame,0.00013
wanted,0.00013
type,0.00013
relationship,0.00013
governance,0.00013
ppp,0.00013
operation,0.00013
prototype,0.00013
sources,0.00013
percent,0.00013
hear,0.00013
bolstered,0.00013
john,0.00013
investor,0.00013
advance,0.00013
pep,0.00013
shield,0.00013
image,0.00013
gain,0.00013
mask,0.00013
ship,0.00013
fire,0.00013
certifications,0.00013
racism,0.00013
tip,0.00013
elements,0.00013
stem,0.00013
releases,0.00013
marathon,0.00013
leave,0.00013
windows,0.00013
closes,0.00013
behavior,0.00013
launching,0.00013
grow,0.00013
en,0.00013
chrome,0.00013
recognition,0.00013
pipeline,0.00013
compelling,0.00013
volume,0.00013
physics,0.00013
dynamics,0.00013
advisor,0.00013
valuation,0.00013
holdings,0.00013
expanded,0.00013
estate,0.00013
concept,0.00013
hoped,0.00013
effects,0.00013
retirement,0.00013
counting,0.00013
played,0.00013
search,0.00013
committee,0.00013
print,0.00013
quarters,0.00013
rock,0.00013
manufacturers,0.00013
nuggets,0.00013
partnering,0.00013
regulators,0.00013
stupid,0.00013
dead,0.00013
editing,0.00013
underscores,0.00013
suffering,0.00013
december,0.00013
boss,0.00013
tuesday,0.00013
ability,0.00013
terms,0.00013
currency,0.00013
figure,0.00013
recurring,0.00013
kids,0.00011
issuing,0.00011
snap,0.00011
worrying,0.00011
culture,0.00011
shifted,0.00011
textile,0.00011
collaborations,0.00011
swot,0.00011
revival,0.00011
body,0.00011
maximum,0.00011
folks,0.00011
regulation,0.00011
visibility,0.00011
inside,0.00011
filed,0.00011
initiative,0.00011
push,0.00011
communication,0.00011
continuity,0.00011
eye,0.00011
adapting,0.00011
portfolios,0.00011
globalization,0.00011
xerox,0.00011
divestitures,0.00011
salaries,0.00011
announces,0.00011
notable,0.00011
artist,0.00011
gains,0.00011
property,0.00011
cd,0.00011
cant,0.00011
reliability,0.00011
condition,0.00011
segment,0.00011
means,0.00011
courses,0.00011
friend,0.00011
club,0.00011
monitor,0.00011
leveraging,0.00011
expo,0.00011
integrated,0.00011
loved,0.00011
sharp,0.00011
embraced,0.00011
survival,0.00011
fortran,0.00011
crisis,0.00011
as,0.00011
millions,0.00011
sam,0.00011
sec,0.00011
meets,0.00011
centers,0.00011
happen,0.00011
citing,0.00011
boot,0.00011
death,0.00011
store,0.00011
bi,0.00011
disappointed,0.00011
retro,0.00011
natural,0.00011
connects,0.00011
styles,0.00011
wrap,0.00011
skill,0.00011
sending,0.00011
em,0.00011
copy,0.00011
podcast,0.00011
struggling,0.00011
beginning,0.00011
supercomputer,0.00011
sees,0.00011
ordered,0.00011
score,0.00011
land,0.00011
managed,0.00011
grade,0.00011
fat,0.00011
factors,0.00011
crimes,0.00011
ten,0.00011
privacy,0.00011
institutions,0.00011
standing,0.00011
prepared,0.00011
connection,0.00011
chat,0.00011
festival,0.00011
curve,0.00011
startups,0.00011
testing,0.00011
ford,0.00011
chess,0.00011
initiating,0.00011
simulator,0.00011
chicago,0.00011
motors,0.00011
boy,0.00011
preserving,0.00011
charge,0.00011
distinguished,0.00011
champion,0.00011
streams,0.00011
disruption,0.00011
simplify,0.00011
facial,0.00011
proposal,0.00011
be,0.00011
muslim,0.00011
gms,0.00011
car,0.00011
seeing,0.00011
initiatives,0.00011
parts,0.00011
exchange,0.00011
stunning,0.00011
splitting,0.00011
discovered,0.00011
db,0.00011
degrees,0.00011
addition,0.00011
aesthetic,0.00011
files,0.00011
animal,0.00011
pharmaceutical,0.00011
yield,0.00011
turns,0.00011
surprise,0.00011
edged,0.00011
rolls,0.00011
adobe,0.00011
original,0.00011
room,0.00011
ps,0.00011
ill,0.00011
speeding,0.00011
faced,0.00011
keynote,0.00011
drives,0.00011
ad,0.00011
focuses,0.00011
bringing,0.00011
installation,0.00011
spot,0.00011
tis,0.00011
mom,0.00011
favor,0.00011
perspective,0.00011
charlotte,0.00011
consumer,0.00011
mr,0.00011
competition,0.00011
tied,0.00011
april,0.00011
wishes,0.00011
calm,0.00011
sent,0.00011
defense,0.00011
writes,0.00011
agility,0.00011
requires,0.00011
specialist,0.00011
interact,0.00011
hi,0.00011
visualization,0.00011
killing,0.00011
voice,0.00011
argument,0.00011
expiration,0.00011
restrictions,0.00011
perspectives,0.00011
errors,0.00011
blacklisted,0.00011
pace,0.00011
milestone,0.00011
sterling,0.00011
tesla,0.00011
nations,0.00011
administrator,0.00011
declined,0.00011
attack,0.00011
unlocking,0.00011
walks,0.00011
becoming,0.00011
blanc,0.00011
collect,0.00011
budget,0.00011
shit,0.00011
overview,0.00011
ended,0.00011
dates,0.00011
delays,0.00011
shot,0.00011
lose,0.00011
hes,0.00011
memorandums,0.00011
treatment,0.00011
ho,0.00011
info,0.00011
moves,0.00011
imf,0.00011
colleague,0.00011
mission,0.00011
fedora,0.00011
seeking,0.00011
biology,0.00011
option,9e-05
infusing,9e-05
deployment,9e-05
mode,9e-05
classic,9e-05
trip,9e-05
wealth,9e-05
memory,9e-05
screen,9e-05
globe,9e-05
bennet,9e-05
gen,9e-05
dutch,9e-05
investigation,9e-05
anna,9e-05
thoughts,9e-05
exclusive,9e-05
components,9e-05
evolves,9e-05
missile,9e-05
mixed,9e-05
comparison,9e-05
increasing,9e-05
color,9e-05
object,9e-05
spa,9e-05
spark,9e-05
insider,9e-05
ds,9e-05
layout,9e-05
bus,9e-05
aim,9e-05
flashback,9e-05
earn,9e-05
tape,9e-05
followed,9e-05
briefing,9e-05
manual,9e-05
directed,9e-05
thriving,9e-05
preservation,9e-05
processing,9e-05
alphabet,9e-05
despite,9e-05
lies,9e-05
rough,9e-05
ensuring,9e-05
categories,9e-05
sheet,9e-05
cobol,9e-05
fundamentals,9e-05
deficits,9e-05
warehouse,9e-05
awakening,9e-05
error,9e-05
maintain,9e-05
count,9e-05
calling,9e-05
banned,9e-05
cdss,9e-05
transforming,9e-05
atom,9e-05
allows,9e-05
form,9e-05
facing,9e-05
protest,9e-05
increases,9e-05
ci,9e-05
sentiment,9e-05
entertainment,9e-05
statement,9e-05
shortlisted,9e-05
hollywood,9e-05
segments,9e-05
institute,9e-05
failure,9e-05
firms,9e-05
highs,9e-05
ip,9e-05
lisp,9e-05
lots,9e-05
schools,9e-05
byte,9e-05
typewriter,9e-05
fascinating,9e-05
structure,9e-05
socialist,9e-05
ha,9e-05
choice,9e-05
stretch,9e-05
wrote,9e-05
driver,9e-05
era,9e-05
floppy,9e-05
moderates,9e-05
needed,9e-05
dedicated,9e-05
stages,9e-05
ic,9e-05
fa,9e-05
paying,9e-05
nec,9e-05
throw,9e-05
african,9e-05
hearts,9e-05
offered,9e-05
organisations,9e-05
sitting,9e-05
constant,9e-05
fill,9e-05
input,9e-05
operates,9e-05
fuel,9e-05
quantify,9e-05
catalog,9e-05
jump,9e-05
happening,9e-05
camera,9e-05
breaking,9e-05
transform,9e-05
sciences,9e-05
note,9e-05
companys,9e-05
dimensions,9e-05
patent,9e-05
pt,9e-05
policies,9e-05
driven,9e-05
coverage,9e-05
answer,9e-05
implement,9e-05
intensive,9e-05
ripple,9e-05
twin,9e-05
documents,9e-05
thinks,9e-05
poor,9e-05
disruptions,9e-05
alerts,9e-05
belts,9e-05
credentials,9e-05
eating,9e-05
kid,9e-05
secrets,9e-05
issue,9e-05
organisers,9e-05
reset,9e-05
das,9e-05
faces,9e-05
men,9e-05
understand,9e-05
voyage,9e-05
decisions,9e-05
solid,9e-05
wife,9e-05
capture,9e-05
order,9e-05
element,9e-05
examples,9e-05
languages,9e-05
standpoint,9e-05
enables,9e-05
offsetting,9e-05
expanding,9e-05
moratorium,9e-05
putting,9e-05
badge,9e-05
friendly,9e-05
least,9e-05
save,9e-05
typewriters,9e-05
rockets,9e-05
separate,9e-05
passing,9e-05
allowing,9e-05
staking,9e-05
execs,9e-05
separation,9e-05
tweets,9e-05
gm,9e-05
acquisition,9e-05
var,9e-05
accounting,9e-05
attention,9e-05
badges,9e-05
sin,9e-05
da,9e-05
attending,9e-05
equal,9e-05
sought,9e-05
collaborating,9e-05
positioned,9e-05
tone,9e-05
dip,9e-05
statistics,9e-05
hint,9e-05
dividends,9e-05
tolerance,9e-05
perfect,9e-05
nazis,9e-05
makers,9e-05
regarding,9e-05
implying,9e-05
revolutionized,9e-05
court,9e-05
founder,9e-05
intro,9e-05
normal,9e-05
sins,9e-05
workload,9e-05
fails,9e-05
slow,9e-05
clockwork,9e-05
seems,9e-05
planet,9e-05
resulting,9e-05
frames,9e-05
thousands,9e-05
act,9e-05
monopoly,9e-05
positions,9e-05
identity,9e-05
mentioned,9e-05
moderation,9e-05
microchip,9e-05
talked,9e-05
futurist,9e-05
environments,9e-05
damn,9e-05
winning,9e-05
sensitive,9e-05
respect,9e-05
normalisation,9e-05
cause,9e-05
circuit,9e-05
mentions,9e-05
pioneering,9e-05
units,9e-05
invented,9e-05
lake,9e-05
shape,9e-05
hired,9e-05
palliatives,9e-05
luck,9e-05
finding,9e-05
shortlist,9e-05
tends,9e-05
forum,9e-05
fraud,9e-05
games,9e-05
conditions,9e-05
reclamation,9e-05
federal,9e-05
streaming,9e-05
champions,9e-05
developments,9e-05
bottom,9e-05
identify,9e-05
device,9e-05
premium,9e-05
mins,9e-05
bosc,9e-05
assurance,9e-05
jews,9e-05
priorities,9e-05
context,9e-05
logic,9e-05
offerings,9e-05
star,9e-05
startup,9e-05
area,9e-05
cutting,9e-05
divested,9e-05
minds,9e-05
brother,9e-05
asked,9e-05
falling,9e-05
steady,9e-05
min,9e-05
closed,9e-05
australian,9e-05
handles,9e-05
super,9e-05
studio,9e-05
eu,9e-05
communities,9e-05
max,9e-05
justified,9e-05
milestones,9e-05
programing,9e-05
economics,9e-05
deposit,9e-05
capstone,9e-05
gabriel,9e-05
dal,9e-05
predictions,9e-05
gender,9e-05
uncovered,9e-05
dissipate,9e-05
extension,9e-05
vi,9e-05
declining,9e-05
prepares,9e-05
hosted,9e-05
sealed,9e-05
lock,9e-05
symptoms,9e-05
surged,9e-05
robotics,9e-05
elite,9e-05
wonder,9e-05
deferrals,9e-05
participants,9e-05
loaders,9e-05
halloween,9e-05
prevailing,9e-05
gas,9e-05
hello,9e-05
meanwhile,9e-05
books,9e-05
maintenance,9e-05
ass,9e-05
wan,9e-05
began,9e-05
celebrates,9e-05
inspired,9e-05
related,9e-05
conversations,9e-05
graduates,9e-05
wake,9e-05
tufts,9e-05
siemens,9e-05
containment,9e-05
vice,9e-05
aix,9e-05
happened,9e-05
built,7e-05
losses,7e-05
encryption,7e-05
ball,7e-05
ratings,7e-05
invention,7e-05
pcs,7e-05
youth,7e-05
operator,7e-05
grappling,7e-05
digit,7e-05
twit,7e-05
engineers,7e-05
archives,7e-05
praying,7e-05
bolstering,7e-05
introduced,7e-05
dude,7e-05
loot,7e-05
shipped,7e-05
senator,7e-05
stalled,7e-05
values,7e-05
corruption,7e-05
marvel,7e-05
secret,7e-05
drugs,7e-05
notes,7e-05
radio,7e-05
boarding,7e-05
ethics,7e-05
protests,7e-05
thus,7e-05
stakes,7e-05
taught,7e-05
morgan,7e-05
efficiencies,7e-05
philippines,7e-05
arrested,7e-05
packaging,7e-05
footage,7e-05
governments,7e-05
gig,7e-05
park,7e-05
doj,7e-05
groundwork,7e-05
enabled,7e-05
material,7e-05
vendors,7e-05
portable,7e-05
az,7e-05
contribution,7e-05
thugs,7e-05
execution,7e-05
debating,7e-05
looked,7e-05
have,7e-05
nigerians,7e-05
doubt,7e-05
probability,7e-05
experienced,7e-05
scenario,7e-05
backup,7e-05
bet,7e-05
airbus,7e-05
capping,7e-05
complexity,7e-05
bag,7e-05
positioning,7e-05
phase,7e-05
fly,7e-05
result,7e-05
army,7e-05
captions,7e-05
fantasy,7e-05
magic,7e-05
avatar,7e-05
cheat,7e-05
task,7e-05
cold,7e-05
settlement,7e-05
leftovers,7e-05
predicting,7e-05
grand,7e-05
warm,7e-05
ram,7e-05
yesterday,7e-05
domestic,7e-05
assistance,7e-05
joysticks,7e-05
enhancement,7e-05
pops,7e-05
messages,7e-05
raised,7e-05
slick,7e-05
bull,7e-05
pictured,7e-05
pepsi,7e-05
payments,7e-05
switch,7e-05
voting,7e-05
corporations,7e-05
extra,7e-05
cluster,7e-05
cousin,7e-05
kicks,7e-05
predicted,7e-05
repositions,7e-05
annual,7e-05
miller,7e-05
knew,7e-05
wont,7e-05
reverse,7e-05
americanization,7e-05
networking,7e-05
description,7e-05
recruitment,7e-05
sleep,7e-05
topic,7e-05
colored,7e-05
camp,7e-05
contracting,7e-05
served,7e-05
typing,7e-05
biz,7e-05
witches,7e-05
basic,7e-05
leverage,7e-05
retailer,7e-05
complicated,7e-05
doors,7e-05
aspirations,7e-05
scheme,7e-05
doe,7e-05
chinese,7e-05
extended,7e-05
bachelor,7e-05
certification,7e-05
territory,7e-05
birthday,7e-05
individual,7e-05
hackers,7e-05
retaining,7e-05
rating,7e-05
posted,7e-05
regulated,7e-05
grant,7e-05
ice,7e-05
threats,7e-05
capitalizing,7e-05
bridges,7e-05
instance,7e-05
double,7e-05
heat,7e-05
snapshot,7e-05
paths,7e-05
thin,7e-05
rest,7e-05
shrinking,7e-05
becomes,7e-05
patient,7e-05
collective,7e-05
evolution,7e-05
sort,7e-05
introduces,7e-05
stand,7e-05
guess,7e-05
designer,7e-05
bouncing,7e-05
surge,7e-05
member,7e-05
sport,7e-05
letters,7e-05
fixed,7e-05
direction,7e-05
dynamic,7e-05
touched,7e-05
worry,7e-05
phoenix,7e-05
confidence,7e-05
rank,7e-05
exposure,7e-05
combining,7e-05
vip,7e-05
one,7e-05
taxes,7e-05
pricing,7e-05
arguing,7e-05
standardize,7e-05
allegation,7e-05
band,7e-05
fix,7e-05
snow,7e-05
losing,7e-05
gene,7e-05
outlined,7e-05
emphasised,7e-05
spent,7e-05
ads,7e-05
deploy,7e-05
war,7e-05
journalists,7e-05
synthesizer,7e-05
views,7e-05
breakup,7e-05
mac,7e-05
confused,7e-05
transition,7e-05
returned,7e-05
none,7e-05
ideologies,7e-05
appeared,7e-05
zone,7e-05
shop,7e-05
dominance,7e-05
corona,7e-05
loss,7e-05
recognise,7e-05
bulls,7e-05
lsd,7e-05
freedoms,7e-05
consolidation,7e-05
variety,7e-05
tried,7e-05
ceos,7e-05
induction,7e-05
posts,7e-05
recession,7e-05
heading,7e-05
ro,7e-05
beginners,7e-05
congo,7e-05
battle,7e-05
connecting,7e-05
cms,7e-05
outside,7e-05
lessons,7e-05
mo,7e-05
secure,7e-05
assets,7e-05
housing,7e-05
switches,7e-05
woes,7e-05
tasks,7e-05
extremes,7e-05
laying,7e-05
engagement,7e-05
spend,7e-05
wedge,7e-05
authentication,7e-05
xx,7e-05
funds,7e-05
ben,7e-05
compares,7e-05
concert,7e-05
stands,7e-05
git,7e-05
confirm,7e-05
worm,7e-05
gained,7e-05
dogs,7e-05
americans,7e-05
weiss,7e-05
cell,7e-05
plains,7e-05
pack,7e-05
tackle,7e-05
instant,7e-05
fin,7e-05
determining,7e-05
blown,7e-05
calculated,7e-05
dia,7e-05
lows,7e-05
mention,7e-05
hammertoe,7e-05
buffer,7e-05
zoom,7e-05
dedicate,7e-05
innovations,7e-05
blessings,7e-05
surprises,7e-05
actions,7e-05
courts,7e-05
premier,7e-05
outcome,7e-05
formation,7e-05
imperative,7e-05
treat,7e-05
stars,7e-05
affected,7e-05
expenditure,7e-05
sensation,7e-05
slowdown,7e-05
tray,7e-05
down,7e-05
commercials,7e-05
thesis,7e-05
readiness,7e-05
named,7e-05
types,7e-05
defeated,7e-05
protocol,7e-05
museum,7e-05
assist,7e-05
checked,7e-05
fm,7e-05
shirts,7e-05
funny,7e-05
cio,7e-05
slows,7e-05
chine,7e-05
exports,7e-05
silver,7e-05
crossed,7e-05
futures,7e-05
opened,7e-05
honored,7e-05
send,7e-05
emotions,7e-05
corner,7e-05
timing,7e-05
bowman,7e-05
broke,7e-05
hack,7e-05
burn,7e-05
receive,7e-05
advancement,7e-05
transmission,7e-05
load,7e-05
murder,7e-05
lighter,7e-05
connectivity,7e-05
feedback,7e-05
labs,7e-05
bleeding,7e-05
son,7e-05
equities,7e-05
plant,7e-05
sneak,7e-05
matters,7e-05
chemical,7e-05
claims,7e-05
advocates,7e-05
sherlock,7e-05
delay,7e-05
gd,7e-05
adventure,7e-05
hooked,7e-05
facilitate,7e-05
indexes,7e-05
completed,7e-05
metal,7e-05
pages,7e-05
residents,7e-05
papers,7e-05
vault,7e-05
maintaining,7e-05
concluded,7e-05
attendees,7e-05
medicine,7e-05
inch,7e-05
diversify,7e-05
barrier,7e-05
frequency,7e-05
reform,7e-05
picked,7e-05
provided,7e-05
playlist,7e-05
roads,7e-05
materials,7e-05
stepping,7e-05
ton,7e-05
adopting,7e-05
upper,7e-05
economists,7e-05
broad,7e-05
users,7e-05
premise,7e-05
finds,7e-05
characterized,7e-05
validated,7e-05
calendar,7e-05
fir,7e-05
mass,7e-05
craft,7e-05
accelerates,7e-05
methods,7e-05
trick,7e-05
intellectual,7e-05
backed,7e-05
stopping,7e-05
joke,7e-05
hats,7e-05
tube,7e-05
drops,7e-05
ray,7e-05
profile,7e-05
wednesday,7e-05
train,7e-05
fox,7e-05
pick,7e-05
headline,7e-05
vaccine,7e-05
benefit,7e-05
gauging,7e-05
radar,7e-05
road,7e-05
majority,7e-05
celebrating,7e-05
visiting,7e-05
showed,7e-05
le,7e-05
producing,7e-05
whopping,7e-05
sides,7e-05
networks,7e-05
cats,7e-05
keynotes,7e-05
zionism,7e-05
anime,7e-05
productivity,7e-05
acceleration,7e-05
judge,7e-05
telecom,7e-05
sunday,7e-05
grab,7e-05
axis,7e-05
roles,7e-05
utility,7e-05
exploring,7e-05
minute,7e-05
facility,7e-05
buys,7e-05
feature,7e-05
date,7e-05
ran,7e-05
laugh,7e-05
yahoo,4e-05
trash,4e-05
dropping,4e-05
polls,4e-05
gps,4e-05
section,4e-05
correlations,4e-05
chose,4e-05
hurry,4e-05
laptop,4e-05
drivers,4e-05
royalty,4e-05
goods,4e-05
specialization,4e-05
detects,4e-05
personality,4e-05
teamed,4e-05
wifi,4e-05
designed,4e-05
peanut,4e-05
slashed,4e-05
clutch,4e-05
bay,4e-05
recycling,4e-05
write,4e-05
purchases,4e-05
messenger,4e-05
panelists,4e-05
falls,4e-05
memoranda,4e-05
agriculture,4e-05
surprised,4e-05
feels,4e-05
blaming,4e-05
popularity,4e-05
math,4e-05
awards,4e-05
vulnerability,4e-05
streamline,4e-05
mba,4e-05
rights,4e-05
worries,4e-05
feed,4e-05
teaching,4e-05
tenure,4e-05
silva,4e-05
mp,4e-05
eyes,4e-05
trenches,4e-05
upbeat,4e-05
provision,4e-05
clothes,4e-05
tough,4e-05
advising,4e-05
stakeholders,4e-05
overreaction,4e-05
boosts,4e-05
advisory,4e-05
ditches,4e-05
commodity,4e-05
showcase,4e-05
weapon,4e-05
presenting,4e-05
father,4e-05
clinicians,4e-05
explorer,4e-05
writers,4e-05
consultation,4e-05
broken,4e-05
rash,4e-05
canal,4e-05
recruiting,4e-05
reflection,4e-05
reinventing,4e-05
updated,4e-05
placed,4e-05
deflator,4e-05
inaction,4e-05
penalty,4e-05
discovering,4e-05
somewhere,4e-05
oceans,4e-05
requirement,4e-05
pandemics,4e-05
mi,4e-05
institution,4e-05
lineup,4e-05
controlled,4e-05
accelerate,4e-05
bundle,4e-05
imaging,4e-05
artifacts,4e-05
launches,4e-05
favourite,4e-05
apache,4e-05
log,4e-05
waste,4e-05
plug,4e-05
purview,4e-05
sisters,4e-05
vehicles,4e-05
bot,4e-05
jazz,4e-05
comments,4e-05
targets,4e-05
duties,4e-05
considerations,4e-05
ledger,4e-05
intersection,4e-05
chemistry,4e-05
te,4e-05
headquarters,4e-05
wishing,4e-05
heritage,4e-05
shareholders,4e-05
soldiers,4e-05
tips,4e-05
armed,4e-05
figures,4e-05
boredom,4e-05
loose,4e-05
advice,4e-05
scum,4e-05
vacancies,4e-05
guides,4e-05
supplement,4e-05
shock,4e-05
mini,4e-05
bitch,4e-05
called,4e-05
inquiries,4e-05
filing,4e-05
teammates,4e-05
bolster,4e-05
laid,4e-05
opposite,4e-05
dba,4e-05
specialists,4e-05
fear,4e-05
sets,4e-05
subbed,4e-05
explained,4e-05
audience,4e-05
produced,4e-05
tracing,4e-05
layoffs,4e-05
experiments,4e-05
complaints,4e-05
sess,4e-05
arabic,4e-05
wed,4e-05
techs,4e-05
telugu,4e-05
peace,4e-05
spike,4e-05
opinion,4e-05
grows,4e-05
combination,4e-05
ee,4e-05
possibility,4e-05
construction,4e-05
factories,4e-05
heard,4e-05
electron,4e-05
tie,4e-05
reasons,4e-05
tableau,4e-05
looting,4e-05
rack,4e-05
kill,4e-05
sr,4e-05
navigation,4e-05
prints,4e-05
learners,4e-05
procurement,4e-05
wired,4e-05
fax,4e-05
warren,4e-05
wheeler,4e-05
champ,4e-05
sounds,4e-05
smash,4e-05
nodes,4e-05
peaks,4e-05
absorption,4e-05
modernization,4e-05
camps,4e-05
century,4e-05
branch,4e-05
deployments,4e-05
negotiating,4e-05
megabyte,4e-05
acting,4e-05
pickup,4e-05
describe,4e-05
links,4e-05
cans,4e-05
assumptions,4e-05
recall,4e-05
okay,4e-05
determine,4e-05
volunteer,4e-05
touches,4e-05
wet,4e-05
empathy,4e-05
academic,4e-05
sucks,4e-05
skies,4e-05
partnered,4e-05
slowing,4e-05
conservative,4e-05
fines,4e-05
theory,4e-05
fighters,4e-05
memories,4e-05
bin,4e-05
roi,4e-05
fatigue,4e-05
augment,4e-05
wild,4e-05
maximize,4e-05
humanities,4e-05
squeeze,4e-05
request,4e-05
flooding,4e-05
acts,4e-05
professor,4e-05
accusing,4e-05
lands,4e-05
match,4e-05
children,4e-05
moderating,4e-05
hiatus,4e-05
profession,4e-05
accessibility,4e-05
tweaks,4e-05
hidden,4e-05
moderate,4e-05
backs,4e-05
lawyers,4e-05
household,4e-05
purpose,4e-05
employment,4e-05
cracking,4e-05
woods,4e-05
dumping,4e-05
mam,4e-05
israeli,4e-05
diseases,4e-05
particular,4e-05
drug,4e-05
vogue,4e-05
tan,4e-05
hacking,4e-05
optimism,4e-05
finished,4e-05
credits,4e-05
mum,4e-05
except,4e-05
gradual,4e-05
guard,4e-05
sits,4e-05
places,4e-05
anode,4e-05
transferring,4e-05
dm,4e-05
evoke,4e-05
meant,4e-05
button,4e-05
seminar,4e-05
writer,4e-05
troubled,4e-05
south,4e-05
loosening,4e-05
brings,4e-05
suspects,4e-05
nutrition,4e-05
offsets,4e-05
repeat,4e-05
discord,4e-05
fixing,4e-05
regions,4e-05
guarantees,4e-05
bags,4e-05
amounts,4e-05
shootings,4e-05
iron,4e-05
absence,4e-05
dependence,4e-05
invite,4e-05
willing,4e-05
petroleum,4e-05
immunity,4e-05
miracle,4e-05
charting,4e-05
witness,4e-05
seasonal,4e-05
nature,4e-05
fend,4e-05
candidates,4e-05
hacker,4e-05
eliminated,4e-05
additions,4e-05
reflects,4e-05
door,4e-05
curling,4e-05
setting,4e-05
conspiracy,4e-05
warming,4e-05
bonus,4e-05
amazons,4e-05
catalyses,4e-05
chair,4e-05
declares,4e-05
discusses,4e-05
transient,4e-05
included,4e-05
judgment,4e-05
loses,4e-05
coal,4e-05
infuses,4e-05
rejected,4e-05
busted,4e-05
goo,4e-05
console,4e-05
tend,4e-05
skewed,4e-05
hq,4e-05
lifting,4e-05
compare,4e-05
gmt,4e-05
circuits,4e-05
child,4e-05
remained,4e-05
terry,4e-05
detecting,4e-05
adp,4e-05
savings,4e-05
masters,4e-05
babe,4e-05
folk,4e-05
ships,4e-05
recognised,4e-05
prospecting,4e-05
novel,4e-05
pleasure,4e-05
replaced,4e-05
invites,4e-05
illuminating,4e-05
chances,4e-05
outsourcing,4e-05
covered,4e-05
tamil,4e-05
table,4e-05
sweeps,4e-05
cancer,4e-05
troubles,4e-05
gem,4e-05
owing,4e-05
ramping,4e-05
adopt,4e-05
workshops,4e-05
blessed,4e-05
principal,4e-05
grants,4e-05
displays,4e-05
docker,4e-05
butter,4e-05
motion,4e-05
affect,4e-05
anil,4e-05
aimed,4e-05
farming,4e-05
pockets,4e-05
pitfalls,4e-05
complaint,4e-05
agency,4e-05
anomaly,4e-05
moon,4e-05
agents,4e-05
xt,4e-05
societies,4e-05
phases,4e-05
promoting,4e-05
struggle,4e-05
fancy,4e-05
ends,4e-05
voices,4e-05
gilts,4e-05
myth,4e-05
revenues,4e-05
insurer,4e-05
recordings,4e-05
outnumbered,4e-05
features,4e-05
husband,4e-05
constituency,4e-05
mornings,4e-05
pros,4e-05
refrigerator,4e-05
provider,4e-05
crawls,4e-05
imagination,4e-05
river,4e-05
drink,4e-05
updating,4e-05
effect,4e-05
combo,4e-05
healing,4e-05
weighs,4e-05
mar,4e-05
watched,4e-05
tea,4e-05
spare,4e-05
hogan,4e-05
bodies,4e-05
dives,4e-05
january,4e-05
discrepancies,4e-05
array,4e-05
ranks,4e-05
brew,4e-05
plotted,4e-05
crt,4e-05
brazil,4e-05
martin,4e-05
cannibalizing,4e-05
browser,4e-05
cast,4e-05
designers,4e-05
girls,4e-05
produce,4e-05
cpi,4e-05
medium,4e-05
sided,4e-05
incident,4e-05
weighed,4e-05
november,4e-05
alternative,4e-05
digits,4e-05
br,4e-05
nowhere,4e-05
windward,4e-05
alliances,4e-05
mu,4e-05
arsenal,4e-05
destroyed,4e-05
passes,4e-05
stigma,4e-05
navigator,4e-05
teach,4e-05
habit,4e-05
economies,4e-05
trace,4e-05
appearances,4e-05
evaluating,4e-05
masking,4e-05
participate,4e-05
electricity,4e-05
manuals,4e-05
establish,4e-05
window,4e-05
wastewater,4e-05
wood,4e-05
layers,4e-05
handled,4e-05
leverages,4e-05
mainstream,4e-05
website,4e-05
vat,4e-05
bottle,4e-05
hum,4e-05
stickiness,4e-05
quiet,4e-05
english,4e-05
asia,4e-05
privileges,4e-05
shed,4e-05
gate,4e-05
judging,4e-05
politics,4e-05
repositioning,4e-05
disk,4e-05
halt,4e-05
seatbelts,4e-05
religion,4e-05
augurs,4e-05
spreads,4e-05
buzzwords,4e-05
screw,4e-05
topics,4e-05
han,4e-05
cargo,4e-05
phrase,4e-05
party,4e-05
folding,4e-05
fail,4e-05
appreciation,4e-05
controlling,4e-05
fool,4e-05
scored,4e-05
shut,4e-05
restored,4e-05
manner,4e-05
trusted,4e-05
rule,4e-05
soul,4e-05
theater,4e-05
internship,4e-05
ported,4e-05
leaving,4e-05
explains,4e-05
mocks,4e-05
twist,4e-05
coast,4e-05
honorees,4e-05
royal,4e-05
kills,4e-05
require,4e-05
sized,4e-05
laptops,4e-05
finalists,4e-05
lat,4e-05
fortune,4e-05
cools,4e-05
equivalent,4e-05
recommended,4e-05
location,4e-05
integral,4e-05
jade,4e-05
maria,4e-05
defeat,4e-05
houses,4e-05
discover,4e-05
liking,4e-05
losers,4e-05
flight,4e-05
mate,4e-05
legislation,4e-05
unveiled,4e-05
smooth,4e-05
bind,4e-05
division,4e-05
basics,4e-05
techie,4e-05
ending,4e-05
colours,4e-05
fo,4e-05
signing,4e-05
transport,4e-05
copyright,4e-05
pieces,4e-05
dropout,4e-05
listing,4e-05
showcases,4e-05
proposition,4e-05
appliance,4e-05
las,4e-05
whistle,4e-05
favorite,4e-05
princes,4e-05
spotlight,4e-05
utilizing,4e-05
overture,4e-05
cleaned,4e-05
html,4e-05
expecting,4e-05
verification,4e-05
swarms,4e-05
draw,4e-05
mouse,4e-05
conducting,4e-05
upgrade,4e-05
forgiveness,4e-05
realising,4e-05
tracer,4e-05
crushing,4e-05
achieve,4e-05
secretary,4e-05
rationalisation,4e-05
newsletter,4e-05
cheered,4e-05
yacht,4e-05
borough,4e-05
posed,4e-05
myositis,4e-05
lions,4e-05
identified,4e-05
baseball,4e-05
storing,4e-05
notice,4e-05
promises,4e-05
follows,4e-05
tess,4e-05
equipment,4e-05
peoples,4e-05
appropriate,4e-05
precision,4e-05
tunnels,4e-05
coined,4e-05
mercy,4e-05
blockbuster,4e-05
pump,4e-05
bonding,4e-05
modules,4e-05
august,4e-05
declines,4e-05
telco,4e-05
revolutionary,4e-05
dj,4e-05
cents,4e-05
prospect,4e-05
flu,4e-05
indians,4e-05
film,4e-05
tactics,4e-05
processor,4e-05
hopes,4e-05
respondents,4e-05
excess,4e-05
statements,4e-05
representatives,4e-05
saga,4e-05
ultimate,4e-05
hundreds,4e-05
gaming,4e-05
demanded,4e-05
award,4e-05
manifest,4e-05
author,4e-05
careers,4e-05
showdown,4e-05
operators,4e-05
diversification,4e-05
performing,4e-05
reread,4e-05
mess,4e-05
cage,4e-05
deadline,4e-05
drawn,4e-05
supplier,4e-05
tides,4e-05
recommendations,4e-05
told,4e-05
noticed,4e-05
remind,4e-05
tattoo,4e-05
gnu,4e-05
joking,4e-05
familiar,4e-05
breakout,4e-05
mother,4e-05
promised,4e-05
intervention,4e-05
suit,4e-05
wireless,4e-05
qualification,4e-05
plunges,4e-05
character,4e-05
dollars,4e-05
taps,4e-05
adding,4e-05
sub,4e-05
sentencing,4e-05
fourth,4e-05
constraints,4e-05
shapes,4e-05
achievements,4e-05
semiconductors,4e-05
projected,4e-05
exact,4e-05
agreements,4e-05
crime,4e-05
pulse,4e-05
asian,4e-05
trajectory,4e-05
elm,4e-05
telling,4e-05
median,4e-05
crown,4e-05
bias,4e-05
po,4e-05
implementation,4e-05
authenticity,4e-05
centre,4e-05
pitch,4e-05
abuse,4e-05
redshift,4e-05
pathway,4e-05
visualizations,4e-05
winds,4e-05
stick,4e-05
configuration,4e-05
migrating,4e-05
ais,4e-05
contained,4e-05
inks,4e-05
fr,4e-05
hell,4e-05
mining,4e-05
contribute,4e-05
silenced,4e-05
arrest,4e-05
hfcs,4e-05
strength,4e-05
kicking,4e-05
rent,4e-05
employs,4e-05
marketers,4e-05
triggering,4e-05
colleagues,4e-05
pe,4e-05
findings,4e-05
processes,4e-05
performances,4e-05
lying,4e-05
showing,4e-05
rand,4e-05
bankers,4e-05
manage,4e-05
goosebumps,4e-05
origination,4e-05
automatic,4e-05
hedge,4e-05
fuels,4e-05
imposed,4e-05
digitisation,4e-05
expectation,4e-05
weights,4e-05
rappers,4e-05
entered,4e-05
saved,4e-05
blew,4e-05
spurred,4e-05
cultivating,4e-05
targeted,4e-05
prominence,4e-05
backlog,4e-05
communications,4e-05
screwed,4e-05
financing,4e-05
sas,4e-05
messaging,4e-05
water,4e-05
fake,4e-05
trek,4e-05
junkie,4e-05
enabling,4e-05
racing,4e-05
seconds,4e-05
loaded,4e-05
mercer,4e-05
loyalty,4e-05
airlines,4e-05
tier,4e-05
controls,4e-05
dominant,4e-05
cornerstone,4e-05
gods,4e-05
elections,4e-05
tes,4e-05
broadcast,4e-05
indicting,4e-05
straddle,4e-05
shifting,4e-05
adapt,4e-05
workflow,4e-05
finances,4e-05
celebration,4e-05
french,4e-05
van,4e-05
circumstances,4e-05
diagnose,4e-05
ranking,4e-05
palliative,4e-05
cure,4e-05
apology,4e-05
ins,4e-05
routine,4e-05
projections,4e-05
plays,4e-05
caused,4e-05
nos,4e-05
deceased,4e-05
impacted,4e-05
deficit,4e-05
bolsters,4e-05
fashion,4e-05
installed,4e-05
flash,4e-05
frame,4e-05
agent,4e-05
sizes,4e-05
conclusion,4e-05
parsing,4e-05
combating,4e-05
satisfying,4e-05
replace,4e-05
highlighting,4e-05
maintained,4e-05
seasons,4e-05
arizona,4e-05
touch,4e-05
absorb,4e-05
savvy,4e-05
thai,4e-05
blame,4e-05
compensation,4e-05
shout,4e-05
examination,4e-05
hurts,4e-05
describes,4e-05
adjusted,4e-05
baldwin,4e-05
ora,4e-05
channels,4e-05
realize,4e-05
caught,4e-05
felt,4e-05
purple,4e-05
dog,4e-05
algorithm,4e-05
critics,4e-05
politicians,4e-05
hurt,4e-05
hole,4e-05
buzz,4e-05
stepped,4e-05
fed,4e-05
respond,4e-05
sanders,4e-05
brad,4e-05
letter,4e-05
tosses,4e-05
takeover,4e-05
offices,4e-05
shorts,4e-05
ar,4e-05
jumps,4e-05
gulf,4e-05
rules,4e-05
sweet,4e-05
winners,4e-05
soar,4e-05
movie,4e-05
depression,4e-05
expertise,4e-05
worried,4e-05
li,4e-05
suggested,4e-05
remove,4e-05
balancing,4e-05
defending,4e-05
reduction,4e-05
frank,4e-05
bell,4e-05
zend,4e-05
essentials,4e-05
blues,4e-05
fbi,4e-05
workflows,4e-05
finish,2e-05
pat,2e-05
palestinian,2e-05
existence,2e-05
convinced,2e-05
pizza,2e-05
compromised,2e-05
sped,2e-05
prof,2e-05
opens,2e-05
floor,2e-05
administration,2e-05
campaigns,2e-05
witnessing,2e-05
evolve,2e-05
unemployment,2e-05
rivals,2e-05
industrys,2e-05
spotted,2e-05
epsilon,2e-05
disowned,2e-05
dat,2e-05
liessssss,2e-05
guest,2e-05
grown,2e-05
mystery,2e-05
picks,2e-05
dojs,2e-05
conversion,2e-05
numbered,2e-05
oppressors,2e-05
rev,2e-05
coalition,2e-05
segmentation,2e-05
coke,2e-05
objective,2e-05
cushioning,2e-05
daphne,2e-05
funnel,2e-05
hero,2e-05
analogy,2e-05
encounters,2e-05
bowel,2e-05
ninth,2e-05
gift,2e-05
smiles,2e-05
sente,2e-05
beverage,2e-05
customize,2e-05
anomalies,2e-05
exciting,2e-05
learns,2e-05
drew,2e-05
twins,2e-05
chartered,2e-05
knocks,2e-05
encountered,2e-05
electronics,2e-05
dean,2e-05
tennis,2e-05
devotee,2e-05
coincidence,2e-05
sociopaths,2e-05
structures,2e-05
warp,2e-05
achieved,2e-05
connect,2e-05
woof,2e-05
criminal,2e-05
branches,2e-05
courtesy,2e-05
happens,2e-05
ev,2e-05
lived,2e-05
awareness,2e-05
assign,2e-05
paradise,2e-05
poll,2e-05
contributions,2e-05
pivot,2e-05
withdrawals,2e-05
clinic,2e-05
rots,2e-05
rant,2e-05
tackled,2e-05
restriction,2e-05
method,2e-05
pull,2e-05
boycotts,2e-05
addressed,2e-05
handle,2e-05
survive,2e-05
preparation,2e-05
marker,2e-05
robbery,2e-05
laughing,2e-05
gamble,2e-05
leg,2e-05
corded,2e-05
gui,2e-05
listening,2e-05
pity,2e-05
youths,2e-05
prospects,2e-05
russian,2e-05
reviewed,2e-05
automate,2e-05
pocket,2e-05
fish,2e-05
gangs,2e-05
paster,2e-05
programmer,2e-05
cvs,2e-05
fireproof,2e-05
assignment,2e-05
knocked,2e-05
projector,2e-05
discounters,2e-05
postponed,2e-05
insurers,2e-05
presenter,2e-05
do,2e-05
rome,2e-05
percolating,2e-05
humbled,2e-05
sight,2e-05
submissions,2e-05
academy,2e-05
airline,2e-05
perishables,2e-05
pb,2e-05
tom,2e-05
placement,2e-05
mars,2e-05
offset,2e-05
squares,2e-05
sporting,2e-05
lifeblood,2e-05
lu,2e-05
fad,2e-05
trophy,2e-05
presented,2e-05
staggering,2e-05
discredit,2e-05
kidnapped,2e-05
phds,2e-05
entries,2e-05
misused,2e-05
epiphanies,2e-05
virtues,2e-05
tour,2e-05
argue,2e-05
pacer,2e-05
cf,2e-05
desk,2e-05
dbs,2e-05
herding,2e-05
invested,2e-05
invest,2e-05
priority,2e-05
requisition,2e-05
boys,2e-05
queues,2e-05
ig,2e-05
british,2e-05
boycott,2e-05
prompted,2e-05
heights,2e-05
postmortem,2e-05
crawl,2e-05
catholic,2e-05
urgency,2e-05
devices,2e-05
hits,2e-05
password,2e-05
analysed,2e-05
bolts,2e-05
simulations,2e-05
mls,2e-05
creator,2e-05
occurred,2e-05
notifications,2e-05
circumlocution,2e-05
ibex,2e-05
begging,2e-05
depending,2e-05
packs,2e-05
weird,2e-05
issued,2e-05
payment,2e-05
destination,2e-05
exacerbated,2e-05
farmers,2e-05
trillions,2e-05
suppression,2e-05
practitioner,2e-05
exponential,2e-05
favored,2e-05
automated,2e-05
joy,2e-05
dripping,2e-05
mistake,2e-05
tries,2e-05
pray,2e-05
checking,2e-05
skewness,2e-05
graduated,2e-05
outcast,2e-05
firmware,2e-05
cardinals,2e-05
fame,2e-05
engage,2e-05
descendants,2e-05
inspect,2e-05
conclude,2e-05
entering,2e-05
beast,2e-05
enjoy,2e-05
beating,2e-05
poised,2e-05
doubted,2e-05
padlock,2e-05
johns,2e-05
charges,2e-05
elevated,2e-05
sufficiency,2e-05
volunteers,2e-05
pipes,2e-05
operating,2e-05
led,2e-05
lightwood,2e-05
consultants,2e-05
hinge,2e-05
fifty,2e-05
specializes,2e-05
reckoning,2e-05
creation,2e-05
relatives,2e-05
nursing,2e-05
inspiration,2e-05
rider,2e-05
leads,2e-05
signaled,2e-05
fueled,2e-05
controllers,2e-05
override,2e-05
outperforms,2e-05
greenwood,2e-05
rebuild,2e-05
dollar,2e-05
jamb,2e-05
villages,2e-05
motley,2e-05
dominate,2e-05
resonance,2e-05
described,2e-05
illnesses,2e-05
jack,2e-05
forgetting,2e-05
peers,2e-05
cube,2e-05
blamed,2e-05
possibilities,2e-05
relation,2e-05
tired,2e-05
senate,2e-05
retrofit,2e-05
clerks,2e-05
damage,2e-05
transportation,2e-05
dipped,2e-05
m1,2e-05
proposed,2e-05
lit,2e-05
fasten,2e-05
loader,2e-05
depot,2e-05
lights,2e-05
au,2e-05
turkey,2e-05
boasts,2e-05
pic,2e-05
vibe,2e-05
reliance,2e-05
dismemberment,2e-05
swing,2e-05
bayer,2e-05
travelers,2e-05
ab,2e-05
taste,2e-05
slumps,2e-05
shorting,2e-05
boom,2e-05
prior,2e-05
apprenticeship,2e-05
insert,2e-05
yank,2e-05
satellites,2e-05
transformed,2e-05
station,2e-05
bears,2e-05
engine,2e-05
peruvian,2e-05
nearing,2e-05
varying,2e-05
aa,2e-05
thick,2e-05
entitled,2e-05
catching,2e-05
movies,2e-05
ana,2e-05
functionality,2e-05
honors,2e-05
pilot,2e-05
exhibiting,2e-05
tear,2e-05
disasters,2e-05
guidelines,2e-05
curfew,2e-05
hoax,2e-05
striker,2e-05
leaps,2e-05
inequality,2e-05
baring,2e-05
mayor,2e-05
blind,2e-05
pumps,2e-05
contributing,2e-05
shocker,2e-05
ans,2e-05
regression,2e-05
identifying,2e-05
goldeneye,2e-05
owner,2e-05
hacks,2e-05
addressing,2e-05
zero,2e-05
dress,2e-05
vaccinations,2e-05
chara,2e-05
ws,2e-05
beg,2e-05
nephew,2e-05
assume,2e-05
impossible,2e-05
applicants,2e-05
metals,2e-05
huffing,2e-05
fees,2e-05
giveaway,2e-05
pigeon,2e-05
reduced,2e-05
hotel,2e-05
kb,2e-05
disputing,2e-05
forgot,2e-05
formative,2e-05
construct,2e-05
novels,2e-05
buildings,2e-05
flagging,2e-05
matt,2e-05
bored,2e-05
volatile,2e-05
upset,2e-05
prizes,2e-05
lookout,2e-05
enrolling,2e-05
holds,2e-05
earnest,2e-05
pow,2e-05
traded,2e-05
palace,2e-05
hall,2e-05
md,2e-05
quantity,2e-05
apples,2e-05
inventory,2e-05
strategist,2e-05
billboard,2e-05
mph,2e-05
intensified,2e-05
moms,2e-05
suspicions,2e-05
logos,2e-05
bounces,2e-05
android,2e-05
validity,2e-05
impaired,2e-05
sa,2e-05
cl,2e-05
clips,2e-05
silos,2e-05
execute,2e-05
technique,2e-05
footages,2e-05
retreat,2e-05
fallout,2e-05
deb,2e-05
fields,2e-05
feeling,2e-05
equals,2e-05
birthed,2e-05
hardening,2e-05
weapons,2e-05
heartbreak,2e-05
solved,2e-05
compiler,2e-05
spaceflight,2e-05
articles,2e-05
horror,2e-05
celebrate,2e-05
detail,2e-05
counterpoint,2e-05
puffing,2e-05
blurb,2e-05
surplus,2e-05
equation,2e-05
ports,2e-05
returning,2e-05
halal,2e-05
mt,2e-05
rational,2e-05
ruin,2e-05
iq,2e-05
denies,2e-05
inventors,2e-05
renewal,2e-05
accents,2e-05
suits,2e-05
contested,2e-05
surrounded,2e-05
aliens,2e-05
supercomputers,2e-05
engaging,2e-05
puzzle,2e-05
faq,2e-05
percentage,2e-05
gear,2e-05
battles,2e-05
variable,2e-05
inclined,2e-05
stalwarts,2e-05
worshiping,2e-05
prolong,2e-05
timeline,2e-05
ballots,2e-05
slipped,2e-05
imo,2e-05
er,2e-05
scoring,2e-05
conflicting,2e-05
teen,2e-05
batman,2e-05
ingredients,2e-05
fray,2e-05
concentration,2e-05
lay,2e-05
crystal,2e-05
being,2e-05
string,2e-05
innocent,2e-05
dare,2e-05
wholesale,2e-05
aerospace,2e-05
jokes,2e-05
graphic,2e-05
bother,2e-05
nuance,2e-05
imagine,2e-05
nelson,2e-05
claiming,2e-05
followings,2e-05
deposits,2e-05
macs,2e-05
horse,2e-05
fonts,2e-05
inequalities,2e-05
alpha,2e-05
recreates,2e-05
noise,2e-05
waves,2e-05
cache,2e-05
softening,2e-05
bothers,2e-05
converging,2e-05
feet,2e-05
brooks,2e-05
slap,2e-05
overcome,2e-05
sixth,2e-05
employ,2e-05
annoying,2e-05
sponsorship,2e-05
fringe,2e-05
sacked,2e-05
victory,2e-05
buyer,2e-05
tastes,2e-05
dissipation,2e-05
persian,2e-05
replying,2e-05
feats,2e-05
library,2e-05
bachelors,2e-05
hedged,2e-05
conversation,2e-05
extinction,2e-05
packages,2e-05
blood,2e-05
gathered,2e-05
snaps,2e-05
narrative,2e-05
publishing,2e-05
dart,2e-05
whirring,2e-05
lean,2e-05
compounds,2e-05
scaler,2e-05
dumbass,2e-05
settle,2e-05
tonnes,2e-05
protesting,2e-05
suggests,2e-05
hosting,2e-05
banter,2e-05
illusion,2e-05
acquire,2e-05
bench,2e-05
procedure,2e-05
horizontal,2e-05
spectrometry,2e-05
bap,2e-05
moneys,2e-05
warner,2e-05
lockdown,2e-05
restarted,2e-05
agreeing,2e-05
humanity,2e-05
outperform,2e-05
cord,2e-05
permanent,2e-05
combine,2e-05
tugging,2e-05
lincoln,2e-05
printer,2e-05
fueling,2e-05
loading,2e-05
cognizance,2e-05
stagnation,2e-05
uploaded,2e-05
newcomer,2e-05
otis,2e-05
upside,2e-05
display,2e-05
ingredient,2e-05
competitor,2e-05
conserve,2e-05
emission,2e-05
legitimate,2e-05
buds,2e-05
adopted,2e-05
ruined,2e-05
automating,2e-05
buyers,2e-05
decoded,2e-05
squire,2e-05
salah,2e-05
commitment,2e-05
innovate,2e-05
est,2e-05
echoes,2e-05
appendix,2e-05
dirty,2e-05
growers,2e-05
coffee,2e-05
draft,2e-05
permission,2e-05
henry,2e-05
ticker,2e-05
grew,2e-05
references,2e-05
dreams,2e-05
robustness,2e-05
hill,2e-05
monetization,2e-05
outbreak,2e-05
fitness,2e-05
fairness,2e-05
allegations,2e-05
interoperability,2e-05
bellow,2e-05
row,2e-05
wars,2e-05
imperialist,2e-05
belt,2e-05
quadrant,2e-05
upgrading,2e-05
blowing,2e-05
sue,2e-05
orientation,2e-05
bmr,2e-05
benefitted,2e-05
balances,2e-05
slight,2e-05
topped,2e-05
footprint,2e-05
deploying,2e-05
monetize,2e-05
theories,2e-05
will,2e-05
dispenser,2e-05
difficulty,2e-05
insulted,2e-05
censorship,2e-05
autumn,2e-05
interventions,2e-05
gather,2e-05
imitations,2e-05
resume,2e-05
distractions,2e-05
emeritus,2e-05
prong,2e-05
soldier,2e-05
fruit,2e-05
rick,2e-05
factor,2e-05
raise,2e-05
warrant,2e-05
sirs,2e-05
persuade,2e-05
troubleshooting,2e-05
innovator,2e-05
destruction,2e-05
uncertainties,2e-05
supplying,2e-05
lie,2e-05
joystick,2e-05
afternoon,2e-05
snooping,2e-05
prophet,2e-05
variance,2e-05
staffers,2e-05
spouse,2e-05
notebook,2e-05
finals,2e-05
improves,2e-05
foul,2e-05
shopping,2e-05
optimizing,2e-05
cells,2e-05
carried,2e-05
refinery,2e-05
socket,2e-05
shedding,2e-05
headed,2e-05
dug,2e-05
intentions,2e-05
lawn,2e-05
navigate,2e-05
butterfly,2e-05
ssa,2e-05
reached,2e-05
holes,2e-05
refuse,2e-05
starring,2e-05
hunt,2e-05
beggars,2e-05
matches,2e-05
examines,2e-05
trolling,2e-05
assists,2e-05
basketball,2e-05
heads,2e-05
mentors,2e-05
wing,2e-05
smoking,2e-05
editions,2e-05
instruments,2e-05
restates,2e-05
height,2e-05
bob,2e-05
citizen,2e-05
consultancy,2e-05
perry,2e-05
rein,2e-05
prejudice,2e-05
lumen,2e-05
logging,2e-05
heifer,2e-05
yielded,2e-05
ladies,2e-05
cushion,2e-05
enrolled,2e-05
zs,2e-05
scores,2e-05
contacts,2e-05
valuable,2e-05
remarks,2e-05
signal,2e-05
emulate,2e-05
rotating,2e-05
advantages,2e-05
pasta,2e-05
dying,2e-05
busy,2e-05
arms,2e-05
tenant,2e-05
slams,2e-05
subtitled,2e-05
kicked,2e-05
violation,2e-05
departments,2e-05
apparatus,2e-05
jolly,2e-05
suite,2e-05
dracula,2e-05
buffet,2e-05
swoon,2e-05
ce,2e-05
flipping,2e-05
amen,2e-05
registry,2e-05
booth,2e-05
exploitation,2e-05
advisors,2e-05
upgraded,2e-05
trusts,2e-05
regain,2e-05
sample,2e-05
tested,2e-05
analog,2e-05
greetings,2e-05
cooperation,2e-05
generations,2e-05
carnage,2e-05
behaviour,2e-05
vitality,2e-05
neighbor,2e-05
schemes,2e-05
retired,2e-05
nameplate,2e-05
bridge,2e-05
pegged,2e-05
expansion,2e-05
sensors,2e-05
hostel,2e-05
documentary,2e-05
coach,2e-05
disappointment,2e-05
resurgence,2e-05
colors,2e-05
exploding,2e-05
disclosure,2e-05
fascist,2e-05
collaborated,2e-05
rambling,2e-05
friday,2e-05
encouraging,2e-05
monoxide,2e-05
bytes,2e-05
oilfield,2e-05
pulling,2e-05
ct,2e-05
continuation,2e-05
drifted,2e-05
revolution,2e-05
wednesdays,2e-05
needing,2e-05
rankings,2e-05
demanding,2e-05
cis,2e-05
brahmin,2e-05
overlap,2e-05
queens,2e-05
resignation,2e-05
illness,2e-05
crony,2e-05
breath,2e-05
journal,2e-05
vases,2e-05
ts,2e-05
bods,2e-05
demonized,2e-05
terminal,2e-05
bangladeshis,2e-05
cartel,2e-05
primitive,2e-05
illustrator,2e-05
utilized,2e-05
sinus,2e-05
missed,2e-05
macron,2e-05
float,2e-05
materiel,2e-05
liberal_party,2e-05
trailblazer,2e-05
cuteness,2e-05
germans,2e-05
skinny,2e-05
editor,2e-05
mainframes,2e-05
aides,2e-05
attendance,2e-05
corrosive,2e-05
volatility,2e-05
underlying,2e-05
progress,2e-05
dispensation,2e-05
discourse,2e-05
etched,2e-05
nuts,2e-05
avoiding,2e-05
campfire,2e-05
gaining,2e-05
musicians,2e-05
earthquake,2e-05
channeling,2e-05
reply,2e-05
portuguese,2e-05
na,2e-05
explain,2e-05
towel,2e-05
turbulence,2e-05
souls,2e-05
fares,2e-05
shores,2e-05
pan,2e-05
trauma,2e-05
disgusting,2e-05
buried,2e-05
leapt,2e-05
agree,2e-05
mobility,2e-05
coma,2e-05
believers,2e-05
ravages,2e-05
warn,2e-05
editorial,2e-05
consolidations,2e-05
fortunes,2e-05
forced,2e-05
golf,2e-05
greek,2e-05
lawyer,2e-05
baton,2e-05
cooked,2e-05
hub,2e-05
colour,2e-05
spoke,2e-05
classical,2e-05
pasts,2e-05
shields,2e-05
endorse,2e-05
corresponds,2e-05
mayhem,2e-05
extending,2e-05
contributors,2e-05
harnessing,2e-05
applied,2e-05
aligned,2e-05
fears,2e-05
unwinding,2e-05
drawing,2e-05
varsities,2e-05
boxes,2e-05
nightmares,2e-05
coughs,2e-05
interrogation,2e-05
dragged,2e-05
microscope,2e-05
dispelling,2e-05
format,2e-05
chips,2e-05
remediation,2e-05
presentation,2e-05
ag,2e-05
translation,2e-05
trainer,2e-05
excellence,2e-05
multistage,2e-05
aspects,2e-05
simulators,2e-05
independent,2e-05
notch,2e-05
euros,2e-05
thrilled,2e-05
adapter,2e-05
cheers,2e-05
hun,2e-05
lovers,2e-05
es,2e-05
stemming,2e-05
hispanic,2e-05
foods,2e-05
shifts,2e-05
reeves,2e-05
joint,2e-05
reits,2e-05
layup,2e-05
define,2e-05
lunch,2e-05
deals,2e-05
reflect,2e-05
sticker,2e-05
strip,2e-05
paradigm,2e-05
beef,2e-05
thresholds,2e-05
placing,2e-05
submitting,2e-05
impression,2e-05
dealing,2e-05
inspiring,2e-05
cr,2e-05
waking,2e-05
subsidies,2e-05
ex,2e-05
budgets,2e-05
workstations,2e-05
pile,2e-05
boiling,2e-05
portability,2e-05
businessman,2e-05
avoid,2e-05
raining,2e-05
striving,2e-05
commodities,2e-05
defender,2e-05
impulses,2e-05
powerhouses,2e-05
liar,2e-05
bonuses,2e-05
av,2e-05
nudge,2e-05
nominations,2e-05
digitization,2e-05
vaccines,2e-05
counsel,2e-05
wether,2e-05
hug,2e-05
installing,2e-05
artwork,2e-05
crack,2e-05
booklet,2e-05
strikes,2e-05
salaah,2e-05
tradition,2e-05
freak,2e-05
clicks,2e-05
glad,2e-05
storyteller,2e-05
accomplished,2e-05
cosmopolitan,2e-05
waterproof,2e-05
destinations,2e-05
sermon,2e-05
fidelity,2e-05
lungs,2e-05
retires,2e-05
licence,2e-05
avo,2e-05
ambition,2e-05
decide,2e-05
rig,2e-05
qualifications,2e-05
requirements,2e-05
heavyweights,2e-05
seekers,2e-05
straight,2e-05
guarantee,2e-05
chunk,2e-05
pivoted,2e-05
anxiety,2e-05
sensor,2e-05
teeth,2e-05
bankruptcies,2e-05
mothers,2e-05
misses,2e-05
receives,2e-05
reflecting,2e-05
listened,2e-05
bee,2e-05
bullets,2e-05
enhancements,2e-05
groups,2e-05
lb,2e-05
cons,2e-05
merger,2e-05
gala,2e-05
monarchist,2e-05
earning,2e-05
transactions,2e-05
rightists,2e-05
fallen,2e-05
catalysts,2e-05
arising,2e-05
hearing,2e-05
appliances,2e-05
strategists,2e-05
drama,2e-05
pet,2e-05
obtain,2e-05
frets,2e-05
retention,2e-05
locked,2e-05
monitors,2e-05
necessary,2e-05
summarized,2e-05
soared,2e-05
engines,2e-05
maths,2e-05
resting,2e-05
tells,2e-05
gi,2e-05
bess,2e-05
carol,2e-05
snake,2e-05
oxford,2e-05
capitalization,2e-05
esp,2e-05
kgb,2e-05
cia,2e-05
over,2e-05
needy,2e-05
shutting,2e-05
chapter,2e-05
sponsor,2e-05
gotten,2e-05
apprentices,2e-05
broker,2e-05
cares,2e-05
dilution,2e-05
practitioners,2e-05
carver,2e-05
aided,2e-05
fate,2e-05
stood,2e-05
attach,2e-05
charged,2e-05
rolled,2e-05
remaining,2e-05
weasel,2e-05
maps,2e-05
rap,2e-05
approaches,2e-05
bugs,2e-05
arch,2e-05
delicious,2e-05
par,2e-05
pins,2e-05
colleges,2e-05
taxation,2e-05
gb,2e-05
preferred,2e-05
dragons,2e-05
investigators,2e-05
speeds,2e-05
cert,2e-05
telecoms,2e-05
fools,2e-05
synapse,2e-05
tremor,2e-05
nutshell,2e-05
assumption,2e-05
sod,2e-05
conning,2e-05
providers,2e-05
attributed,2e-05
righteousness,2e-05
forefront,2e-05
noting,2e-05
crow,2e-05
melting,2e-05
receiver,2e-05
misunderstanding,2e-05
registered,2e-05
visited,2e-05
madness,2e-05
christian,2e-05
shipping,2e-05
reversing,2e-05
apprenticeships,2e-05
mas,2e-05
bid,2e-05
groking,2e-05
ring,2e-05
mongo,2e-05
vaccination,2e-05
void,2e-05
tons,2e-05
slavery,2e-05
codes,2e-05
posit,2e-05
closet,2e-05
happiness,2e-05
defining,2e-05
solving,2e-05
eligibility,2e-05
purification,2e-05
pst,2e-05
brutalize,2e-05
downgrading,2e-05
spaces,2e-05
limitations,2e-05
swap,2e-05
titans,2e-05
plastic,2e-05
sweeping,2e-05
neighbors,2e-05
cataloging,2e-05
latecomer,2e-05
corrupt,2e-05
canadians,2e-05
bankrupt,2e-05
encrypting,2e-05
girl,2e-05
subscribed,2e-05
dope,2e-05
logistics,2e-05
dawn,2e-05
modeler,2e-05
lexis,2e-05
undo,2e-05
flouting,2e-05
tower,2e-05
triggers,2e-05
advertise,2e-05
slack,2e-05
inventing,2e-05
referring,2e-05
lawsuits,2e-05
carpet,2e-05
latin,2e-05
teachers,2e-05
bikes,2e-05
aviation,2e-05
ki,2e-05
bread,2e-05
exercise,2e-05
replacing,2e-05
transgressions,2e-05
disrupted,2e-05
jam,2e-05
locations,2e-05
raid,2e-05
printing,2e-05
piety,2e-05
organized,2e-05
shake,2e-05
outlines,2e-05
contracts,2e-05
aluminium,2e-05
covering,2e-05
buybacks,2e-05
neurons,2e-05
vest,2e-05
scsi,2e-05
negotiations,2e-05
payback,2e-05
hani,2e-05
induced,2e-05
ages,2e-05
discussed,2e-05
jet,2e-05
divides,2e-05
begin,2e-05
monuments,2e-05
preference,2e-05
icon,2e-05
registration,2e-05
reactor,2e-05
demonstrates,2e-05
electrics,2e-05
aligns,2e-05
bisexuality,2e-05
digitize,2e-05
sorting,2e-05
legs,2e-05
prolonged,2e-05
reminders,2e-05
se,2e-05
meteorologist,2e-05
cleric,2e-05
sagittarius,2e-05
dna,2e-05
spoon,2e-05
fang,2e-05
properties,2e-05
honoring,2e-05
pin,2e-05
overpriced,2e-05
votes,2e-05
advancers,2e-05
envy,2e-05
eclipsed,2e-05
furthering,2e-05
specialized,2e-05
foreigner,2e-05
arbitration,2e-05
stealing,2e-05
js,2e-05
backgrounds,2e-05
flat,2e-05
constituent,2e-05
bobby,2e-05
caped,2e-05
hospitals,2e-05
jail,2e-05
malaysian,2e-05
dl,2e-05
showering,2e-05
eased,2e-05
credibility,2e-05
migrate,2e-05
dedication,2e-05
lag,2e-05
ownership,2e-05
kirk,2e-05
mint,2e-05
dancing,2e-05
licensing,2e-05
removing,2e-05
seas,2e-05
teaming,2e-05
spots,2e-05
barking,2e-05
fronts,2e-05
merit,2e-05
nesting,2e-05
hoping,2e-05
cow,2e-05
unknown,2e-05
architects,2e-05
accelerators,2e-05
freight,2e-05
calibrated,2e-05
empires,2e-05
remake,2e-05
bullet,2e-05
cracked,2e-05
dd,2e-05
lagging,2e-05
russ,2e-05
gee,2e-05
ire,2e-05
radical,2e-05
clusters,2e-05
coffins,2e-05
crystals,2e-05
mistakes,2e-05
suggestions,2e-05
contain,2e-05
military,2e-05
popped,2e-05
dividing,2e-05
clarified,2e-05
schedule,2e-05
informed,2e-05
spring,2e-05
ft,2e-05
icc,2e-05
casualties,2e-05
town,2e-05
lesson,2e-05
traced,2e-05
empty,2e-05
avenues,2e-05
swagger,2e-05
topples,2e-05
bounce,2e-05
integrity,2e-05
declaring,2e-05
imagined,2e-05
temporary,2e-05
aligning,2e-05
derived,2e-05
gridlock,2e-05
candidate,2e-05
superiors,2e-05
limit,2e-05
difficulties,2e-05
spelled,2e-05
sustained,2e-05
industrialists,2e-05
kudos,2e-05
releasing,2e-05
infusion,2e-05
queue,2e-05
regulations,2e-05
dive,2e-05
mount,2e-05
putts,2e-05
laser,2e-05
costing,2e-05
reasoning,2e-05
nineties,2e-05
song,2e-05
jan,2e-05
imparting,2e-05
ionic,2e-05
lattice,2e-05
fusion,2e-05
representing,2e-05
deferring,2e-05
tycoon,2e-05
consisting,2e-05
throats,2e-05
graphics,2e-05
treats,2e-05
backing,2e-05
telecommuting,2e-05
usages,2e-05
dressed,2e-05
infants,2e-05
pushed,2e-05
inducted,2e-05
noses,2e-05
coney,2e-05
nurture,2e-05
mono,2e-05
bane,2e-05
loo,2e-05
lacks,2e-05
wrestling,2e-05
streets,2e-05
cricket,2e-05
landing,2e-05
grandmother,2e-05
wanting,2e-05
decline,2e-05
hurricane,2e-05
pause,2e-05
mucking,2e-05
remembered,2e-05
outpace,2e-05
embraces,2e-05
functioning,2e-05
clone,2e-05
bud,2e-05
corals,2e-05
pits,2e-05
sen,2e-05
pop,2e-05
guaranteed,2e-05
robot,2e-05
contractor,2e-05
cbc,2e-05
metabolism,2e-05
debates,2e-05
piss,2e-05
press,2e-05
smith,2e-05
manufacturer,2e-05
rastafarian,2e-05
gratitude,2e-05
pod,2e-05
viewing,2e-05
ceremony,2e-05
allowance,2e-05
influences,2e-05
doorway,2e-05
goodies,2e-05
raises,2e-05
predicament,2e-05
bpm,2e-05
widening,2e-05
clawback,2e-05
boomers,2e-05
friction,2e-05
diploma,2e-05
cautious,2e-05
animation,2e-05
rouge,2e-05
hip,2e-05
acknowledged,2e-05
intent,2e-05
disks,2e-05
sumo,2e-05
brilliance,2e-05
function,2e-05
fundamental,2e-05
ramp,2e-05
jak,2e-05
donate,2e-05
coordinating,2e-05
underscored,2e-05
reserves,2e-05
scanned,2e-05
readout,2e-05
stuck,2e-05
suspect,2e-05
wind,2e-05
listens,2e-05
heavy,2e-05
reversed,2e-05
reassessment,2e-05
winters,2e-05
bowl,2e-05
dance,2e-05
exceeded,2e-05
claw,2e-05
impressions,2e-05
reservations,2e-05
tones,2e-05
awake,2e-05
accountability,2e-05
trouble,2e-05
purity,2e-05
commentator,2e-05
streamed,2e-05
mayflower,2e-05
satisfied,2e-05
frustrating,2e-05
recruit,2e-05
tribe,2e-05
toll,2e-05
hm,2e-05
map,2e-05
gild,2e-05
passion,2e-05
flowchart,2e-05
tweeted,2e-05
blank,2e-05
flurry,2e-05
carbines,2e-05
reefs,2e-05
pressing,2e-05
reception,2e-05
pacemaker,2e-05
defects,2e-05
noon,2e-05
explored,2e-05
mismatch,2e-05
definition,2e-05
debit,2e-05
pullback,2e-05
sea,2e-05
reportings,2e-05
ese,2e-05
procedures,2e-05
nostalgia,2e-05
europes,2e-05
filling,2e-05
typewriting,2e-05
bos,2e-05
outsider,2e-05
flights,2e-05
sikh,2e-05
muffin,2e-05
lasts,2e-05
complications,2e-05
ecosystems,2e-05
milk,2e-05
kr,2e-05
pipping,2e-05
burberry,2e-05
demographic,2e-05
curiosity,2e-05
academies,2e-05
compulsive,2e-05
ties,2e-05
poverty,2e-05
clock,2e-05
overplaying,2e-05
brushing,2e-05
battleground,2e-05
sierra,2e-05
suspected,2e-05
headphones,2e-05
ballot,2e-05
intend,2e-05
dies,2e-05
correct,2e-05
vomit,2e-05
interviewing,2e-05
hod,2e-05
strangers,2e-05
empowerment,2e-05
setup,2e-05
bloods,2e-05
gilt,2e-05
prisoner,2e-05
inefficiency,2e-05
cup,2e-05
rope,2e-05
errata,2e-05
outfit,2e-05
distortion,2e-05
caution,2e-05
crashes,2e-05
underpinning,2e-05
crowd,2e-05
pyxis,2e-05
challenger,2e-05
audiences,2e-05
preserve,2e-05
accident,2e-05
deserved,2e-05
coin,2e-05
harness,2e-05
commander,2e-05
loom,2e-05
cutoff,2e-05
adults,2e-05
approaching,2e-05
hunters,2e-05
shelf,2e-05
treasury,2e-05
underwood,2e-05
fe,2e-05
gentleman,2e-05
committed,2e-05
ne,2e-05
adopters,2e-05
css,2e-05
amount,2e-05
speak,2e-05
midst,2e-05
rpm,2e-05
host,2e-05
foils,2e-05
comparability,2e-05
welcomes,2e-05
stint,2e-05
awarded,2e-05
cs,2e-05
norm,2e-05
square,2e-05
literacy,2e-05
arm,2e-05
senators,2e-05
sm,2e-05
wasted,2e-05
bitches,2e-05
accomplishments,2e-05
restoration,2e-05
corolla,2e-05
deficiency,2e-05
shining,2e-05
coping,2e-05
flattening,2e-05
are,2e-05
capitalism,2e-05
revisions,2e-05
daniel,2e-05
shaped,2e-05
comparative,2e-05
purchased,2e-05
differentiators,2e-05
comparing,2e-05
lawmakers,2e-05
abused,2e-05
bola,2e-05
wage,2e-05
merchandise,2e-05
killings,2e-05
mss,2e-05
resolve,2e-05
text,2e-05
mismanaged,2e-05
mail,2e-05
rep,2e-05
supercharged,2e-05
dated,2e-05
gun,2e-05
musical,2e-05
universal,2e-05
balanced,2e-05
falcons,2e-05
presentations,2e-05
junction,2e-05
superior,2e-05
figured,2e-05
script,2e-05
caricature,2e-05
intriguing,2e-05
duplicated,2e-05
reaction,2e-05
vehicle,2e-05
elites,2e-05
crying,2e-05
accessory,2e-05
optimise,2e-05
patients,2e-05
commissioner,2e-05
compiled,2e-05
speaks,2e-05
fleet,2e-05
contestants,2e-05
proctor,2e-05
outlet,2e-05
pain,2e-05
soundtrack,2e-05
landscapes,2e-05
deliver,2e-05
bandits,2e-05
walked,2e-05
earns,2e-05
chasing,2e-05
speculating,2e-05
schematics,2e-05
wells,2e-05
variant,2e-05
expression,2e-05
informing,2e-05
progression,2e-05
sidelines,2e-05
wish,2e-05
browns,2e-05
genocide,2e-05
shy,2e-05
desktop,2e-05
versions,2e-05
headquartered,2e-05
attacked,2e-05
banging,2e-05
governed,2e-05
truth,2e-05
knock,2e-05
interests,2e-05
bulletin,2e-05
steel,2e-05
responsibility,2e-05
can,2e-05
modem,2e-05
meltdown,2e-05
tracked,2e-05
insulin,2e-05
wards,2e-05
ipo,2e-05
wasps,2e-05
pics,2e-05
swell,2e-05
colt,2e-05
damages,2e-05
narratives,2e-05
stemmed,2e-05
transfer,2e-05
considered,2e-05
oss,2e-05
metric,2e-05
capitalists,2e-05
relied,2e-05
reassurance,2e-05
riot,2e-05
why,2e-05
discounts,2e-05
fired,2e-05
trials,2e-05
selling,2e-05
changer,2e-05
unix,2e-05
rented,2e-05
nds,2e-05
skin,2e-05
optic,2e-05
tears,2e-05
deigned,2e-05
designing,2e-05
truck,2e-05
zeta,2e-05
burning,2e-05
bound,2e-05
foodstuffs,2e-05
condensed,2e-05
trial,2e-05
cater,2e-05
geography,2e-05
enduring,2e-05
saving,2e-05
bullshit,2e-05
normalization,2e-05
identifier,2e-05
injury,2e-05
captivity,2e-05
drinking,2e-05
urging,2e-05
bas,2e-05
animals,2e-05
wore,2e-05
foresight,2e-05
prevention,2e-05
federation,2e-05
nb,2e-05
glasses,2e-05
charts,2e-05
mod,2e-05
tasked,2e-05
relations,2e-05
magenta,2e-05
slump,2e-05
premiere,2e-05
license,2e-05
corporal,2e-05
livestock,2e-05
closing,2e-05
tcs,2e-05
origin,2e-05
inception,2e-05
mitigation,2e-05
facilities,2e-05
sympathies,2e-05
secondary,2e-05
pets,2e-05
received,2e-05
classes,2e-05
downs,2e-05
sooner,2e-05
sued,2e-05
drill,2e-05
prison,2e-05
catastrophe,2e-05
analysing,2e-05
spanish,2e-05
conjunction,2e-05
muscle,2e-05
announcements,2e-05
policing,2e-05
steering,2e-05
weeds,2e-05
lm,2e-05
tribute,2e-05
sites,2e-05
proposals,2e-05
constructed,2e-05
warmth,2e-05
beep,2e-05
ride,2e-05
arguments,2e-05
agenda,2e-05
argued,2e-05
handkerchief,2e-05
exec,2e-05
agencies,2e-05
orbit,2e-05
venus,2e-05
revealing,2e-05
refocus,2e-05
maked,2e-05
kidding,2e-05
nanotechnology,2e-05
robin,2e-05
column,2e-05
epic,2e-05
godfathers,2e-05
occur,2e-05
pts,2e-05
occupation,2e-05
nov,2e-05
clubs,2e-05
nonprofit,2e-05
carry,2e-05
implementing,2e-05
killed,2e-05
piggy,2e-05
democrats,2e-05
flagship,2e-05
fantasize,2e-05
maturity,2e-05
markers,2e-05
laden,2e-05
harm,2e-05
german,2e-05
watt,2e-05
standards,2e-05
washing,2e-05
curses,2e-05
debut,2e-05
savages,2e-05
routes,2e-05
scottish,2e-05
suck,2e-05
lifetime,2e-05
backdrop,2e-05
isolated,2e-05
boomeranging,2e-05
instructs,2e-05
studying,2e-05
reformation,2e-05
pounds,2e-05
teenager,2e-05
billionaires,2e-05
oriented,2e-05
hospitality,2e-05
dispersal,2e-05
holidays,2e-05
dweeb,2e-05
overweight,2e-05
pollution,2e-05
beth,2e-05
renamed,2e-05
causing,2e-05
gauge,2e-05
bribery,2e-05
battleship,2e-05
effectiveness,2e-05
starter,2e-05
scooped,2e-05
nail,2e-05
searching,2e-05
incs,2e-05
boards,2e-05
producer,2e-05
pointing,2e-05
replacement,2e-05
thos,2e-05
symbol,2e-05
formulas,2e-05
climbed,2e-05
reaching,2e-05
probe,2e-05
integrates,2e-05
defeats,2e-05
revised,2e-05
slide,2e-05
squirrel,2e-05
foam,2e-05
iota,2e-05
boggling,2e-05
dominated,2e-05
purposes,2e-05
equipping,2e-05
sanguine,2e-05
stored,2e-05
blizzard,2e-05
custom,2e-05
dent,2e-05
sick,2e-05
savara,2e-05
lever,2e-05
maker,2e-05
presence,2e-05
allaying,2e-05
strengths,2e-05
editors,2e-05
met,2e-05
flourish,2e-05
fucked,2e-05
regard,2e-05
farm,2e-05
vandalizing,2e-05
buddy,2e-05
twitters,2e-05
bets,2e-05
doorbell,2e-05
stresses,2e-05
hop,2e-05
cisc,2e-05
lores,2e-05
np,2e-05
counted,2e-05
pct,2e-05
invasion,2e-05
covers,2e-05
sgml,2e-05
implies,2e-05
boyhood,2e-05
sequel,2e-05
workplaces,2e-05
mineral,2e-05
liked,2e-05
spokeswoman,2e-05
aurora,2e-05
lpn,2e-05
install,2e-05
loving,2e-05
snowflake,2e-05
wastes,2e-05
steal,2e-05
conviction,2e-05
wounds,2e-05
attributes,2e-05
enable,2e-05
conservation,2e-05
typography,2e-05
freaking,2e-05
mos,2e-05
dozen,2e-05
necessity,2e-05
tickets,2e-05
consoles,2e-05
presumption,2e-05
out,2e-05
subjects,2e-05
voters,2e-05
tarnished,2e-05
receiving,2e-05
adar,2e-05
ec,2e-05
boosted,2e-05
attorney,2e-05
patience,2e-05
acquisitions,2e-05
tag,2e-05
overhead,2e-05
depleting,2e-05
cheating,2e-05
acknowledge,2e-05
oculus,2e-05
dispatch,2e-05
rained,2e-05
reassuring,2e-05
traces,2e-05
mat,2e-05
graphs,2e-05
creativity,2e-05
movements,2e-05
exception,2e-05
soap,2e-05
blindness,2e-05
sw,2e-05
controller,2e-05
witnessed,2e-05
achieves,2e-05
termination,2e-05
peek,2e-05
feeds,2e-05
bout,2e-05
propelling,2e-05
reacting,2e-05
workday,2e-05
brutality,2e-05
interns,2e-05
struggled,2e-05
suggest,2e-05
indicates,2e-05
profiles,2e-05
approve,2e-05
smokers,2e-05
compromise,2e-05
enemies,2e-05
outcomes,2e-05
portion,2e-05
participating,2e-05
benefited,2e-05
juxtaposed,2e-05
sep,2e-05
lee,2e-05
renaming,2e-05
agrees,2e-05
length,2e-05
repossessions,2e-05
liberal,2e-05
dashboard,2e-05
pharma,2e-05
mrna,2e-05
adventures,2e-05
abuser,2e-05
settled,2e-05
nominee,2e-05
curate,2e-05
umass,2e-05
auction,2e-05
caregivers,2e-05
dialogue,2e-05
television,2e-05
preparations,2e-05
colloquium,2e-05
certainties,2e-05
puppet,2e-05
assisting,2e-05
nominees,2e-05
yea,2e-05
gaps,2e-05
swallow,2e-05
theme,2e-05
wives,2e-05
eyewitness,2e-05
jumping,2e-05
violence,2e-05
rut,2e-05
hausa,2e-05
snack,2e-05
gigs,2e-05
locking,2e-05
corps,2e-05
tomfoolery,2e-05
tenured,2e-05
rage,2e-05
championships,2e-05
diskettes,2e-05
bore,2e-05
perceived,2e-05
oranges,2e-05
observers,2e-05
ion,2e-05
pot,2e-05
utilities,2e-05
telecommunication,2e-05
genius,2e-05
absent,2e-05
incidents,2e-05
compassion,2e-05
creates,2e-05
now,2e-05
guiding,2e-05
vertical,2e-05
imp,2e-05
educated,2e-05
cns,2e-05
consensus,2e-05
jumped,2e-05
casualty,2e-05
legacies,2e-05
utterance,2e-05
cleaning,2e-05
abduction,2e-05
privilege,2e-05
medications,2e-05
lf,2e-05
meaning,2e-05
ascend,2e-05
seeks,2e-05
catalogue,2e-05
predictor,2e-05
