https,0.03692
co,0.03644
vote,0.0209
gold,0.01192
said,0.01021
trump,0.00927
year,0.00684
banks,0.00677
long,0.00633
term,0.006
joining,0.00574
bank,0.00543
complete,0.00517
amp,0.00515
potential,0.00499
morgan,0.00492
analysts,0.00492
like,0.00423
centre,0.00419
market,0.00416
stocks,0.00398
ba,0.00372
ge,0.00371
think,0.00365
week,0.00346
alternative,0.00343
says,0.00339
top,0.00325
basket,0.00322
value,0.00317
election,0.00315
see,0.00298
years,0.00287
first,0.00284
state,0.00282
victory,0.00282
cap,0.00282
stock,0.0028
street,0.00277
people,0.00275
total,0.00273
today,0.00273
outcome,0.00271
blue,0.0027
president,0.00268
last,0.00268
outperforming,0.00263
wave,0.00261
time,0.00259
investment,0.00256
triple,0.00244
sector,0.00238
investors,0.00237
short,0.00237
business,0.00237
wealth,0.00235
challenge,0.00233
company,0.00228
held,0.00228
say,0.00226
gs,0.00226
buy,0.00223
amounts,0.00221
price,0.00221
rising,0.00217
markets,0.00216
stored,0.00214
data,0.00214
flow,0.00211
chase,0.00211
dal,0.00211
day,0.00207
money,0.00205
even,0.00198
group,0.00193
get,0.0019
earnings,0.00188
trading,0.00188
back,0.00188
good,0.00184
elections,0.00183
points,0.00181
much,0.00179
ms,0.00174
sell,0.00171
spy,0.00171
still,0.00164
baba,0.00164
black,0.00162
equities,0.00162
anticipation,0.00158
make,0.00157
quarter,0.00153
well,0.00151
photo,0.00151
experiencing,0.00148
orderly,0.00146
least,0.00146
go,0.00146
inflows,0.00144
pandemic,0.00143
push,0.00141
etfs,0.00139
shares,0.00137
major,0.00137
world,0.00137
analysis,0.00136
begins,0.00134
states,0.00134
days,0.00134
scenario,0.00129
led,0.00127
according,0.00127
going,0.00125
hedging,0.00125
filed,0.00125
volume,0.00124
wins,0.00124
sees,0.00122
euros,0.00122
china,0.00122
recovery,0.00118
work,0.00118
copper,0.00118
revenue,0.00117
file,0.00117
analyst,0.00117
demand,0.00113
relative,0.00113
preferred,0.00113
sources,0.00111
chief,0.00111
large,0.0011
pay,0.0011
growth,0.0011
united,0.00108
banking,0.00108
keeps,0.00106
wall,0.00106
news,0.00106
silver,0.00104
european,0.00104
se,0.00103
point,0.00103
interest,0.00101
current,0.00101
exchange,0.00101
ceo,0.00101
oil,0.00101
saying,0.00101
increase,0.00099
employees,0.00099
stimulus,0.00099
activity,0.00099
plan,0.00097
provided,0.00097
high,0.00097
low,0.00097
sales,0.00096
senior,0.00096
revisions,0.00096
weakening,0.00096
right,0.00096
funds,0.00096
compelling,0.00096
month,0.00094
cash,0.00094
na,0.00094
companies,0.00092
giants,0.00092
coin,0.00092
look,0.00092
securities,0.00092
rise,0.00092
months,0.00092
change,0.0009
york,0.0009
risk,0.0009
weeks,0.0009
run,0.00089
target,0.00089
need,0.00089
help,0.00089
real,0.00089
production,0.00089
executive,0.00089
talking,0.00089
end,0.00089
reserves,0.00087
deal,0.00087
power,0.00087
working,0.00085
rally,0.00085
share,0.00085
told,0.00085
getting,0.00085
got,0.00084
neutral,0.00084
enough,0.00084
asset,0.00084
ipo,0.00084
know,0.00084
equity,0.00082
hit,0.00082
head,0.00082
buying,0.00082
spending,0.00082
wrote,0.00082
staff,0.00082
profit,0.00082
fiat,0.00082
debate,0.0008
credit,0.0008
firm,0.0008
moron,0.0008
capital,0.0008
management,0.0008
energy,0.0008
rose,0.00078
key,0.00078
take,0.00078
added,0.00078
government,0.00078
debt,0.00078
surge,0.00077
white,0.00077
small,0.00077
treasury,0.00077
prices,0.00075
daily,0.00075
card,0.00075
better,0.00075
yields,0.00075
number,0.00075
public,0.00073
wow,0.00073
diversity,0.00073
trade,0.00073
man,0.00073
times,0.00073
double,0.00073
way,0.00073
best,0.00073
case,0.00073
due,0.00071
close,0.00071
cases,0.00071
coming,0.00071
former,0.00071
currency,0.00071
fell,0.0007
record,0.0007
including,0.0007
provide,0.0007
thing,0.0007
open,0.0007
country,0.00068
businesses,0.00068
comment,0.00068
rates,0.00068
amd,0.00068
want,0.00068
industry,0.00066
process,0.00066
move,0.00066
costs,0.00066
took,0.00066
felt,0.00066
relief,0.00064
city,0.00064
making,0.00064
start,0.00064
care,0.00064
net,0.00064
options,0.00064
forecast,0.00064
consumer,0.00064
drop,0.00064
economies,0.00064
longer,0.00063
person,0.00063
continues,0.00063
imf,0.00063
job,0.00063
win,0.00063
international,0.00063
view,0.00063
results,0.00061
home,0.00061
fed,0.00061
opinion,0.00061
private,0.00061
adding,0.00061
customers,0.00061
fast,0.00061
use,0.00061
note,0.00061
positions,0.00061
class,0.00059
plans,0.00059
gap,0.00059
looks,0.00059
account,0.00059
report,0.00059
minority,0.00059
building,0.00059
live,0.00059
filing,0.00059
leading,0.00059
inc,0.00059
looking,0.00059
third,0.00059
post,0.00057
full,0.00057
second,0.00057
re,0.00057
futures,0.00057
shaped,0.00057
signs,0.00057
american,0.00057
bad,0.00057
fundamental,0.00057
give,0.00056
assets,0.00056
great,0.00056
bankers,0.00056
lower,0.00056
rate,0.00056
law,0.00056
worth,0.00056
loss,0.00056
services,0.00056
past,0.00056
running,0.00054
house,0.00054
matter,0.00054
campaign,0.00054
finance,0.00054
show,0.00054
listing,0.00054
competition,0.00054
following,0.00052
race,0.00052
levels,0.00052
orders,0.00052
economy,0.00052
part,0.00052
posted,0.00052
son,0.00052
hedge,0.00052
research,0.00052
call,0.0005
interview,0.0005
pi,0.0005
performance,0.0005
put,0.0005
products,0.0005
beat,0.0005
picked,0.0005
firms,0.0005
saw,0.0005
position,0.0005
discussion,0.0005
crisis,0.0005
breaking,0.0005
focus,0.0005
pt,0.0005
martin,0.0005
league,0.00049
starting,0.00049
free,0.00049
march,0.00049
mean,0.00049
chinese,0.00049
bill,0.00049
declined,0.00049
balance,0.00049
board,0.00049
made,0.00049
gild,0.00049
targets,0.00047
history,0.00047
morning,0.00047
exits,0.00047
raise,0.00047
list,0.00047
gm,0.00047
fact,0.00047
level,0.00047
minutes,0.00047
believe,0.00047
future,0.00047
latest,0.00047
sap,0.00047
fine,0.00047
giant,0.00047
clear,0.00047
lead,0.00047
offering,0.00047
tell,0.00047
lets,0.00047
watch,0.00045
curve,0.00045
charter,0.00045
reported,0.00045
positive,0.00045
steep,0.00045
support,0.00045
conference,0.00045
graphic,0.00045
missed,0.00045
keep,0.00045
planning,0.00045
september,0.00045
manager,0.00043
cut,0.00043
let,0.00043
rating,0.00043
green,0.00043
strength,0.00043
russian,0.00043
car,0.00043
transactions,0.00043
yield,0.00043
opportunity,0.00043
lot,0.00043
find,0.00043
figures,0.00043
place,0.00043
ethnic,0.00043
projects,0.00042
beating,0.00042
action,0.00042
estimates,0.00042
tweet,0.00042
meeting,0.00042
british,0.00042
nothing,0.00042
stop,0.00042
lack,0.00042
gas,0.00042
overall,0.00042
shell,0.00042
makes,0.00042
wants,0.0004
office,0.0004
issue,0.0004
average,0.0004
advance,0.0004
betting,0.0004
helping,0.0004
voter,0.0004
calling,0.0004
bond,0.0004
voting,0.0004
republican,0.0004
hold,0.0004
disclosure,0.0004
bonds,0.0004
expected,0.0004
project,0.0004
roles,0.0004
forecasts,0.0004
question,0.0004
fund,0.0004
asian,0.0004
old,0.00038
infrastructure,0.00038
life,0.00038
fees,0.00038
side,0.00038
popping,0.00038
things,0.00038
taking,0.00038
recommended,0.00038
picture,0.00038
countries,0.00038
guidance,0.00038
come,0.00038
thought,0.00038
despite,0.00038
standard,0.00038
voted,0.00038
team,0.00038
testing,0.00038
uncle,0.00038
health,0.00038
single,0.00038
sign,0.00038
german,0.00038
half,0.00038
form,0.00037
fall,0.00037
tonnes,0.00037
comes,0.00037
expectations,0.00037
cost,0.00037
europe,0.00037
numbers,0.00037
output,0.00037
metals,0.00037
travel,0.00037
read,0.00037
inflation,0.00037
carbon,0.00037
technology,0.00037
mothers,0.00037
twitter,0.00037
expects,0.00037
night,0.00037
income,0.00037
positioned,0.00037
party,0.00037
jail,0.00037
love,0.00037
family,0.00037
spread,0.00035
control,0.00035
dividend,0.00035
metal,0.00035
kremlin,0.00035
central,0.00035
hope,0.00035
gang,0.00035
national,0.00035
raised,0.00035
score,0.00035
fake,0.00035
moves,0.00035
left,0.00035
colour,0.00035
check,0.00035
community,0.00035
decision,0.00035
statement,0.00033
thanks,0.00033
derivatives,0.00033
pump,0.00033
outlook,0.00033
selling,0.00033
tesla,0.00033
june,0.00033
remains,0.00033
continue,0.00033
interesting,0.00033
senate,0.00033
mob,0.00033
dollar,0.00033
tax,0.00033
oligarch,0.00033
guy,0.00033
fraud,0.00033
weekly,0.00033
using,0.00033
software,0.00033
example,0.00033
supply,0.00033
found,0.00033
crony,0.00033
continued,0.00033
rebound,0.00033
leaders,0.00033
october,0.00031
death,0.00031
straight,0.00031
possible,0.00031
experience,0.00031
winner,0.00031
sale,0.00031
article,0.00031
skirting,0.00031
return,0.00031
john,0.00031
became,0.00031
trying,0.00031
representation,0.00031
jump,0.00031
general,0.00031
space,0.00031
decline,0.00031
fear,0.00031
basis,0.00031
tells,0.00031
gave,0.00031
racism,0.00031
director,0.00031
followed,0.0003
means,0.0003
conversation,0.0003
hidden,0.0003
independent,0.0003
db,0.0003
line,0.0003
stable,0.0003
clients,0.0003
policy,0.0003
minister,0.0003
december,0.0003
playing,0.0003
initial,0.0003
needs,0.0003
efforts,0.0003
percentage,0.0003
payments,0.0003
sec,0.0003
virus,0.0003
calls,0.0003
increased,0.0003
investor,0.0003
selloff,0.0003
wednesday,0.0003
tuesday,0.0003
shows,0.0003
tech,0.0003
story,0.0003
become,0.0003
losses,0.0003
tomorrow,0.0003
commercial,0.0003
explains,0.0003
cuts,0.0003
turn,0.0003
disease,0.0003
cs,0.0003
mining,0.0003
out,0.0003
headquarters,0.00028
scoop,0.00028
moved,0.00028
information,0.00028
raises,0.00028
dollars,0.00028
negative,0.00028
goes,0.00028
role,0.00028
video,0.00028
wait,0.00028
thinking,0.00028
agree,0.00028
media,0.00028
act,0.00028
banker,0.00028
regulators,0.00028
face,0.00028
yes,0.00028
remained,0.00028
crude,0.00028
room,0.00028
stay,0.00028
officer,0.00028
square,0.00028
disclose,0.00028
wells,0.00028
portfolio,0.00028
worst,0.00028
break,0.00028
paper,0.00028
main,0.00028
review,0.00028
july,0.00028
ready,0.00028
crime,0.00028
super,0.00028
ko,0.00028
incumbent,0.00028
sudanese,0.00026
annual,0.00026
base,0.00026
capacity,0.00026
registrations,0.00026
source,0.00026
near,0.00026
names,0.00026
th,0.00026
adjusted,0.00026
terms,0.00026
lincoln,0.00026
watching,0.00026
metaphor,0.00026
career,0.00026
agreed,0.00026
percent,0.00026
mr,0.00026
range,0.00026
announcements,0.00026
bought,0.00026
el,0.00026
showed,0.00026
join,0.00026
shareholders,0.00026
citing,0.00026
www,0.00026
women,0.00026
impact,0.00026
ethnicity,0.00026
issues,0.00026
factory,0.00026
reporting,0.00026
vs,0.00026
relations,0.00026
emissions,0.00026
mini,0.00026
holding,0.00026
idea,0.00026
factors,0.00026
alerts,0.00026
true,0.00026
groups,0.00026
seems,0.00026
usage,0.00026
came,0.00026
french,0.00026
course,0.00024
decades,0.00024
id,0.00024
happen,0.00024
moving,0.00024
clarifying,0.00024
amazing,0.00024
array,0.00024
tonne,0.00024
boost,0.00024
package,0.00024
model,0.00024
custody,0.00024
went,0.00024
battleground,0.00024
breakout,0.00024
worked,0.00024
agenda,0.00024
currencies,0.00024
local,0.00024
federal,0.00024
response,0.00024
executives,0.00024
smart,0.00024
remember,0.00024
announced,0.00024
investments,0.00024
feel,0.00024
falls,0.00024
limited,0.00024
whole,0.00024
drive,0.00024
trust,0.00024
someone,0.00024
insurance,0.00024
unit,0.00024
operations,0.00024
weekend,0.00024
region,0.00024
liquidity,0.00024
answer,0.00024
margin,0.00024
reserve,0.00024
replace,0.00024
behind,0.00023
cvs,0.00023
tough,0.00023
ok,0.00023
endocrine,0.00023
food,0.00023
sense,0.00023
link,0.00023
signed,0.00023
started,0.00023
barrel,0.00023
hopes,0.00023
play,0.00023
steel,0.00023
pressure,0.00023
japan,0.00023
caused,0.00023
began,0.00023
rivals,0.00023
images,0.00023
reality,0.00023
ratio,0.00023
strategist,0.00023
social,0.00023
adoption,0.00023
generation,0.00023
friday,0.00023
transition,0.00023
borrowing,0.00023
nation,0.00023
clean,0.00023
pep,0.00023
members,0.00023
dated,0.00023
strategy,0.00023
clubs,0.00023
ability,0.00023
thursday,0.00023
air,0.00023
consensus,0.00023
dutch,0.00023
steepening,0.00023
cat,0.00023
brown,0.00023
electric,0.00023
chairman,0.00023
americans,0.00023
sent,0.00023
overweight,0.00023
development,0.00023
inventories,0.00023
miss,0.00023
waiting,0.00023
improvement,0.00023
core,0.00023
manages,0.00023
traders,0.00023
palliative,0.00023
focused,0.00021
self,0.00021
track,0.00021
index,0.00021
wrong,0.00021
thinks,0.00021
football,0.00021
float,0.00021
department,0.00021
seeing,0.00021
rule,0.00021
ad,0.00021
mask,0.00021
restrictions,0.00021
transfer,0.00021
takes,0.00021
chartered,0.00021
digit,0.00021
reports,0.00021
woods,0.00021
rest,0.00021
service,0.00021
release,0.00021
bit,0.00021
asked,0.00021
charts,0.00021
secret,0.00021
red,0.00021
gains,0.00021
sectors,0.00021
switch,0.00021
imports,0.00021
candidates,0.00021
indicator,0.00021
talk,0.00021
order,0.00021
expect,0.00021
outside,0.00021
friends,0.00021
sports,0.00021
opened,0.00021
alert,0.00021
north,0.00021
off,0.00021
benefited,0.00021
shorts,0.00021
joined,0.00021
cloud,0.00021
forward,0.00021
sheet,0.00021
workforce,0.00021
areas,0.00021
odds,0.00021
programs,0.00021
drug,0.00021
problem,0.00021
tonight,0.00021
set,0.00021
study,0.00021
hospital,0.00021
force,0.00021
try,0.00021
trades,0.00021
quarters,0.00021
employee,0.00019
protests,0.00019
concerns,0.00019
sold,0.00019
challenges,0.00019
activities,0.00019
directors,0.00019
offer,0.00019
organisation,0.00019
confidence,0.00019
trumps,0.00019
dia,0.00019
slow,0.00019
billions,0.00019
recovered,0.00019
system,0.00019
event,0.00019
jobs,0.00019
illustration,0.00019
store,0.00019
fines,0.00019
keeping,0.00019
wanted,0.00019
investing,0.00019
tail,0.00019
raising,0.00019
prospectus,0.00019
funding,0.00019
maker,0.00019
backed,0.00019
voters,0.00019
benefit,0.00019
rules,0.00019
guys,0.00019
present,0.00019
senator,0.00019
eyes,0.00019
airline,0.00019
highs,0.00019
equality,0.00019
consolidation,0.00019
shut,0.00019
shift,0.00019
hours,0.00019
showing,0.00019
game,0.00019
airlines,0.00019
collect,0.00019
option,0.00019
exchanged,0.00019
mp,0.00019
signals,0.00019
compliance,0.00019
changes,0.00019
deals,0.00019
hydrogen,0.00019
mark,0.00019
helped,0.00019
stories,0.00019
reporters,0.00019
direct,0.00019
benchmark,0.00017
disclosures,0.00017
ana,0.00017
failure,0.00017
millions,0.00017
machine,0.00017
extra,0.00017
institutions,0.00017
joint,0.00017
expanding,0.00017
growing,0.00017
systems,0.00017
bringing,0.00017
pledges,0.00017
differences,0.00017
patients,0.00017
secondary,0.00017
sanctions,0.00017
happened,0.00017
god,0.00017
partners,0.00017
aggressions,0.00017
effect,0.00017
labor,0.00017
medium,0.00017
april,0.00017
nigerian,0.00017
brand,0.00017
organ,0.00017
ones,0.00017
hes,0.00017
shackle,0.00017
questions,0.00017
insider,0.00017
families,0.00017
constituents,0.00017
lawsuit,0.00017
active,0.00017
segment,0.00017
school,0.00017
advanced,0.00017
lockdowns,0.00017
brought,0.00017
setting,0.00017
minorities,0.00017
exposure,0.00017
revenues,0.00017
provider,0.00017
watched,0.00017
fun,0.00017
regarding,0.00017
leave,0.00017
holdings,0.00017
closed,0.00017
communications,0.00017
climbed,0.00017
mat,0.00017
date,0.00017
pass,0.00017
snap,0.00017
pa,0.00017
final,0.00017
talks,0.00017
recalled,0.00017
include,0.00017
shanghai,0.00017
south,0.00017
saudi,0.00017
stream,0.00017
mine,0.00017
tested,0.00017
stand,0.00017
labour,0.00017
specific,0.00017
ring,0.00017
equal,0.00017
workers,0.00017
lows,0.00017
norwegian,0.00017
chance,0.00017
games,0.00017
channel,0.00017
democracy,0.00017
trader,0.00016
gop,0.00016
increasing,0.00016
folks,0.00016
leader,0.00016
district,0.00016
threat,0.00016
called,0.00016
google,0.00016
primary,0.00016
test,0.00016
indicators,0.00016
strategists,0.00016
begin,0.00016
properties,0.00016
reason,0.00016
etf,0.00016
loans,0.00016
reduce,0.00016
dark,0.00016
notice,0.00016
special,0.00016
received,0.00016
causing,0.00016
blow,0.00016
vice,0.00016
surprised,0.00016
stake,0.00016
monster,0.00016
passed,0.00016
young,0.00016
tracks,0.00016
lots,0.00016
mps,0.00016
buyers,0.00016
please,0.00016
brain,0.00016
preparing,0.00016
cards,0.00016
meet,0.00016
taxes,0.00016
consumption,0.00016
commodities,0.00016
save,0.00016
italian,0.00016
remaining,0.00016
access,0.00016
cow,0.00016
premier,0.00016
memo,0.00016
relativity,0.00016
intelligence,0.00016
amount,0.00016
telling,0.00016
trend,0.00016
regulator,0.00016
fluctuations,0.00016
train,0.00016
acc,0.00016
listings,0.00016
distributing,0.00016
settlement,0.00016
construction,0.00016
gets,0.00016
remain,0.00016
paying,0.00016
background,0.00016
light,0.00016
therapy,0.00016
transitioning,0.00016
so,0.00016
hour,0.00016
split,0.00016
afl,0.00016
platform,0.00016
spot,0.00016
units,0.00016
follow,0.00016
accounts,0.00016
uncertainty,0.00016
worlds,0.00016
debates,0.00016
downturn,0.00016
vaccine,0.00016
info,0.00016
concern,0.00016
poll,0.00016
edge,0.00016
bet,0.00016
sentiment,0.00016
factories,0.00016
common,0.00016
domestic,0.00016
acting,0.00016
treated,0.00016
records,0.00016
population,0.00016
managed,0.00016
click,0.00016
up,0.00016
counsel,0.00016
congress,0.00016
mu,0.00016
perfect,0.00016
medical,0.00016
decade,0.00016
aims,0.00016
age,0.00016
exchanges,0.00016
spoofing,0.00016
plant,0.00016
worse,0.00016
venture,0.00016
deposit,0.00016
surged,0.00016
gift,0.00014
gdp,0.00014
broken,0.00014
elect,0.00014
shareholder,0.00014
collapse,0.00014
volatile,0.00014
feb,0.00014
bull,0.00014
driver,0.00014
knew,0.00014
improvements,0.00014
penalties,0.00014
poor,0.00014
summary,0.00014
amazon,0.00014
improved,0.00014
customer,0.00014
leaving,0.00014
heres,0.00014
create,0.00014
equipment,0.00014
import,0.00014
followers,0.00014
oct,0.00014
crowns,0.00014
recommendations,0.00014
star,0.00014
claims,0.00014
cutting,0.00014
completed,0.00014
agreement,0.00014
supporters,0.00014
plants,0.00014
strike,0.00014
build,0.00014
offices,0.00014
size,0.00014
purchase,0.00014
looked,0.00014
pro,0.00014
little,0.00014
feet,0.00014
yen,0.00014
period,0.00014
em,0.00014
official,0.00014
logo,0.00014
http,0.00014
instance,0.00014
gmt,0.00014
thumbs,0.00014
appears,0.00014
police,0.00014
spoke,0.00014
wisdom,0.00014
considering,0.00014
ex,0.00014
entire,0.00014
commission,0.00014
animated,0.00014
needy,0.00014
establish,0.00014
al,0.00014
delivery,0.00014
funny,0.00014
receipts,0.00014
familiar,0.00014
reacted,0.00014
valuation,0.00014
trial,0.00014
pm,0.00014
routes,0.00014
shit,0.00014
season,0.00014
marketing,0.00014
popularity,0.00014
reading,0.00014
announces,0.00014
increases,0.00014
risks,0.00014
catching,0.00014
owner,0.00014
surplus,0.00014
delivered,0.00014
bills,0.00014
upside,0.00014
relationships,0.00014
listen,0.00014
worry,0.00014
progress,0.00014
pricing,0.00014
feeling,0.00014
es,0.00014
pence,0.00014
indices,0.00014
shop,0.00014
fidelity,0.00014
allowing,0.00014
pins,0.00014
models,0.00014
quarterly,0.00014
upgrades,0.00014
faced,0.00014
fire,0.00014
corporation,0.00014
creating,0.00014
peter,0.00014
agreements,0.00014
flows,0.00014
reward,0.00014
carry,0.00014
hallmark,0.00014
ask,0.00014
met,0.00014
ended,0.00014
hunter,0.00014
rut,0.00014
administration,0.00014
add,0.00014
labors,0.00014
status,0.00014
governments,0.00014
suppression,0.00014
security,0.00014
described,0.00014
pilot,0.00014
holds,0.00014
yesterday,0.00014
managers,0.00014
natural,0.00014
squeeze,0.00014
word,0.00014
woman,0.00014
factor,0.00014
crimes,0.00014
message,0.00014
situation,0.00014
asia,0.00014
cell,0.00014
technical,0.00014
knowledge,0.00014
division,0.00014
allow,0.00014
heavy,0.00014
releases,0.00014
fair,0.00014
dump,0.00014
baby,0.00014
kind,0.00014
eu,0.00014
budget,0.00014
leadership,0.00014
polls,0.00012
network,0.00012
spur,0.00012
confusion,0.00012
goal,0.00012
notes,0.00012
writing,0.00012
austerity,0.00012
cautioned,0.00012
reducing,0.00012
fuel,0.00012
improve,0.00012
land,0.00012
deaths,0.00012
estimate,0.00012
outperformed,0.00012
words,0.00012
pulling,0.00012
giving,0.00012
hub,0.00012
bidens,0.00012
gives,0.00012
speaking,0.00012
acquisition,0.00012
association,0.00012
politics,0.00012
referring,0.00012
contact,0.00012
hands,0.00012
expecting,0.00012
talked,0.00012
gain,0.00012
barrels,0.00012
cover,0.00012
balanced,0.00012
correlation,0.00012
pace,0.00012
tickers,0.00012
ramped,0.00012
remove,0.00012
ran,0.00012
rev,0.00012
fight,0.00012
involving,0.00012
blocked,0.00012
hits,0.00012
competitors,0.00012
jack,0.00012
strategies,0.00012
returns,0.00012
apple,0.00012
cohort,0.00012
east,0.00012
flying,0.00012
malignancies,0.00012
swaps,0.00012
included,0.00012
hitting,0.00012
loan,0.00012
crash,0.00012
update,0.00012
surprise,0.00012
measure,0.00012
middle,0.00012
changing,0.00012
employers,0.00012
secretary,0.00012
press,0.00012
west,0.00012
submit,0.00012
communist,0.00012
hi,0.00012
visa,0.00012
colleagues,0.00012
pituitary,0.00012
wonder,0.00012
linked,0.00012
stores,0.00012
in,0.00012
body,0.00012
academy,0.00012
peers,0.00012
result,0.00012
task,0.00012
simple,0.00012
fucking,0.00012
dad,0.00012
bonus,0.00012
chair,0.00012
signal,0.00012
volatility,0.00012
works,0.00012
platforms,0.00012
losing,0.00012
january,0.00012
caps,0.00012
failed,0.00012
hand,0.00012
votes,0.00012
speech,0.00012
military,0.00012
candidate,0.00012
broke,0.00012
survey,0.00012
fleet,0.00012
deliver,0.00012
aid,0.00012
hell,0.00012
details,0.00012
underwriters,0.00012
thyroid,0.00012
pounds,0.00012
changed,0.00012
gaps,0.00012
treasuries,0.00012
adrenal,0.00012
responding,0.00012
involved,0.00012
launches,0.00012
bars,0.00012
ta,0.00012
reminder,0.00012
sam,0.00012
name,0.00012
fa,0.00012
lender,0.00012
distribution,0.00012
particular,0.00012
justice,0.00012
ensure,0.00012
trending,0.00012
resistance,0.00012
busy,0.00012
lives,0.00012
aircraft,0.00012
offers,0.00012
fears,0.00012
ticket,0.00012
crack,0.00012
passing,0.00012
tried,0.00012
spreads,0.00012
society,0.00012
ban,0.00012
masked,0.00012
partner,0.00012
ending,0.00012
limit,0.00012
actions,0.00012
wind,0.00012
scale,0.00012
hair,0.00012
intervention,0.00012
challenging,0.00012
racist,0.00012
puts,0.00012
aside,0.00012
compensation,0.00012
external,0.00012
export,0.0001
citizens,0.0001
comp,0.0001
overreaction,0.0001
sparked,0.0001
psa,0.0001
facing,0.0001
warned,0.0001
jared,0.0001
hate,0.0001
tumors,0.0001
jokes,0.0001
theory,0.0001
topic,0.0001
places,0.0001
coffee,0.0001
valuable,0.0001
bouncing,0.0001
noted,0.0001
ag,0.0001
tests,0.0001
commented,0.0001
sweep,0.0001
parts,0.0001
opportunities,0.0001
delisting,0.0001
ill,0.0001
pushed,0.0001
style,0.0001
wishes,0.0001
prime,0.0001
grow,0.0001
streaming,0.0001
matters,0.0001
advisor,0.0001
vehicle,0.0001
sidelines,0.0001
opening,0.0001
owners,0.0001
grabbing,0.0001
upper,0.0001
democrats,0.0001
racing,0.0001
forecasting,0.0001
hosted,0.0001
dispatches,0.0001
joke,0.0001
missing,0.0001
ass,0.0001
indian,0.0001
product,0.0001
document,0.0001
complex,0.0001
estimated,0.0001
operating,0.0001
dear,0.0001
tired,0.0001
referred,0.0001
approach,0.0001
monday,0.0001
miami,0.0001
employment,0.0001
catalyst,0.0001
regulated,0.0001
step,0.0001
welcome,0.0001
coins,0.0001
adds,0.0001
experts,0.0001
studies,0.0001
sells,0.0001
deep,0.0001
faces,0.0001
contrast,0.0001
phoned,0.0001
gene,0.0001
bonuses,0.0001
effort,0.0001
front,0.0001
corp,0.0001
preliminary,0.0001
implying,0.0001
temporary,0.0001
favorite,0.0001
boosting,0.0001
shape,0.0001
confidentiality,0.0001
swim,0.0001
manipulation,0.0001
committed,0.0001
generated,0.0001
reaction,0.0001
startup,0.0001
liabilities,0.0001
played,0.0001
intermediate,0.0001
flash,0.0001
meanwhile,0.0001
pick,0.0001
cook,0.0001
contingent,0.0001
kids,0.0001
responded,0.0001
science,0.0001
ratings,0.0001
thoughts,0.0001
affiliate,0.0001
father,0.0001
movement,0.0001
promise,0.0001
issued,0.0001
union,0.0001
ci,0.0001
catch,0.0001
shorting,0.0001
boom,0.0001
fly,0.0001
maintains,0.0001
friend,0.0001
terrorism,0.0001
success,0.0001
likes,0.0001
needed,0.0001
moment,0.0001
rh,0.0001
lie,0.0001
pushing,0.0001
cool,0.0001
swiss,0.0001
guess,0.0001
cancer,0.0001
one,0.0001
allocation,0.0001
orb,0.0001
safe,0.0001
couple,0.0001
measures,0.0001
knows,0.0001
sponsor,0.0001
attention,0.0001
dip,0.0001
turns,0.0001
correction,0.0001
consumers,0.0001
supported,0.0001
margins,0.0001
follows,0.0001
peak,0.0001
respondents,0.0001
defense,0.0001
truck,0.0001
communities,0.0001
users,0.0001
becoming,0.0001
lost,0.0001
approval,0.0001
soccer,0.0001
art,0.0001
boss,0.0001
textbook,0.0001
earmarked,0.0001
stainless,0.0001
female,0.0001
twitch,0.0001
criminal,0.0001
park,0.0001
downgrades,0.0001
ledger,0.0001
climate,0.0001
racers,0.0001
alliance,0.0001
preview,0.0001
wu,0.0001
okay,0.0001
summer,0.0001
buyer,0.0001
request,0.0001
publishing,0.0001
retailer,0.0001
brokers,0.0001
fighting,0.0001
driving,0.0001
profits,0.0001
pan,0.0001
personalised,0.0001
mar,0.0001
brew,0.0001
pulled,0.0001
november,0.0001
minimum,0.0001
chart,0.0001
democrat,0.0001
program,0.0001
english,0.0001
tower,0.0001
sex,0.0001
negotiations,0.0001
insights,0.0001
suggesting,0.0001
trends,0.0001
proof,0.0001
contract,0.0001
cautious,0.0001
cancers,0.0001
champions,0.0001
arm,0.0001
engineering,0.0001
insiders,0.0001
closing,0.0001
water,0.0001
paris,0.0001
speed,0.0001
james,0.0001
majority,0.0001
approve,0.0001
privilege,0.0001
seeks,0.0001
crazy,9e-05
feed,9e-05
mainland,9e-05
influence,9e-05
eye,9e-05
lending,9e-05
parents,9e-05
closure,9e-05
developing,9e-05
explained,9e-05
speculation,9e-05
detail,9e-05
socialist,9e-05
recognising,9e-05
ruling,9e-05
presidency,9e-05
intended,9e-05
sitting,9e-05
moderate,9e-05
interviewed,9e-05
cul,9e-05
remarks,9e-05
expenses,9e-05
echoed,9e-05
chain,9e-05
emergence,9e-05
underlying,9e-05
kid,9e-05
views,9e-05
restocking,9e-05
striving,9e-05
harming,9e-05
cast,9e-05
individuals,9e-05
planned,9e-05
noting,9e-05
confirms,9e-05
kick,9e-05
sacs,9e-05
governance,9e-05
looted,9e-05
court,9e-05
client,9e-05
manipulating,9e-05
presents,9e-05
obliges,9e-05
checks,9e-05
bias,9e-05
professional,9e-05
van,9e-05
seniority,9e-05
billboards,9e-05
acquisitions,9e-05
renewed,9e-05
sting,9e-05
jumped,9e-05
confirmed,9e-05
visibility,9e-05
landed,9e-05
footage,9e-05
trillions,9e-05
appeal,9e-05
scam,9e-05
learning,9e-05
spike,9e-05
commerce,9e-05
calculations,9e-05
conduct,9e-05
shoulders,9e-05
choice,9e-05
corporations,9e-05
miller,9e-05
belong,9e-05
airport,9e-05
dumping,9e-05
reputation,9e-05
happening,9e-05
bids,9e-05
bags,9e-05
willing,9e-05
afternoon,9e-05
fat,9e-05
headed,9e-05
intentions,9e-05
intensive,9e-05
dropped,9e-05
rich,9e-05
agency,9e-05
snow,9e-05
flip,9e-05
av,9e-05
ranks,9e-05
planes,9e-05
reflecting,9e-05
accepted,9e-05
version,9e-05
decided,9e-05
type,9e-05
collecting,9e-05
original,9e-05
constituent,9e-05
swedish,9e-05
dd,9e-05
guests,9e-05
heart,9e-05
trawling,9e-05
forget,9e-05
careers,9e-05
trains,9e-05
prosecution,9e-05
redress,9e-05
estate,9e-05
page,9e-05
broad,9e-05
used,9e-05
dead,9e-05
producer,9e-05
mass,9e-05
sick,9e-05
healthcare,9e-05
fragmented,9e-05
lose,9e-05
related,9e-05
stepped,9e-05
networks,9e-05
exciting,9e-05
purchases,9e-05
quote,9e-05
mixed,9e-05
prospects,9e-05
content,9e-05
squares,9e-05
comments,9e-05
paid,9e-05
headwinds,9e-05
satellites,9e-05
aa,9e-05
chatter,9e-05
removed,9e-05
links,9e-05
era,9e-05
rapid,9e-05
industries,9e-05
individual,9e-05
transaction,9e-05
masters,9e-05
consider,9e-05
rushing,9e-05
students,9e-05
asking,9e-05
participate,9e-05
statistics,9e-05
cannabis,9e-05
banner,9e-05
legislation,9e-05
declaring,9e-05
brokerage,9e-05
protection,9e-05
candle,9e-05
favor,9e-05
series,9e-05
evidence,9e-05
disclosed,9e-05
ballot,9e-05
shelf,9e-05
compiled,9e-05
pain,9e-05
regime,9e-05
delay,9e-05
applications,9e-05
mislead,9e-05
processes,9e-05
teams,9e-05
ipos,9e-05
regular,9e-05
wiring,9e-05
tv,9e-05
appointment,9e-05
books,9e-05
shoot,9e-05
boosted,9e-05
approved,9e-05
wan,9e-05
benefits,9e-05
hurt,9e-05
acceleration,9e-05
seeking,9e-05
automation,9e-05
hinder,9e-05
floor,9e-05
stance,9e-05
rights,9e-05
corruption,9e-05
cements,9e-05
obtained,9e-05
mind,9e-05
condition,9e-05
capitalisation,9e-05
mayor,9e-05
buildings,9e-05
campaigners,9e-05
warren,9e-05
unconscious,9e-05
inequalities,9e-05
living,9e-05
hog,9e-05
wing,9e-05
prepared,9e-05
workforces,9e-05
fixed,9e-05
leagues,9e-05
portuguese,9e-05
stage,9e-05
spent,9e-05
putting,9e-05
rig,9e-05
broker,9e-05
electricity,9e-05
swap,9e-05
relationship,9e-05
contracts,9e-05
mobile,9e-05
rises,9e-05
normal,9e-05
mergers,9e-05
stereotypes,9e-05
damn,9e-05
respect,9e-05
brilliance,9e-05
named,9e-05
practices,9e-05
pressing,9e-05
enabled,9e-05
challenger,9e-05
fourth,9e-05
trucks,9e-05
intriguing,9e-05
emerging,9e-05
eliminate,9e-05
county,9e-05
detailed,9e-05
editing,9e-05
multiples,9e-05
benefiting,9e-05
goals,9e-05
compromise,9e-05
junkies,9e-05
judge,9e-05
setups,9e-05
balloon,7e-05
advantage,7e-05
electronics,7e-05
crowding,7e-05
comparison,7e-05
multiple,7e-05
pivot,7e-05
created,7e-05
listening,7e-05
degree,7e-05
devices,7e-05
payment,7e-05
maintain,7e-05
practice,7e-05
leas,7e-05
introducing,7e-05
grand,7e-05
fuelled,7e-05
tactics,7e-05
lake,7e-05
pays,7e-05
acquired,7e-05
overhaul,7e-05
site,7e-05
beats,7e-05
expert,7e-05
button,7e-05
outbreak,7e-05
posting,7e-05
speaker,7e-05
canadian,7e-05
conspiracy,7e-05
buffet,7e-05
novel,7e-05
format,7e-05
demands,7e-05
rats,7e-05
approvals,7e-05
gotten,7e-05
heading,7e-05
pc,7e-05
explanation,7e-05
behalf,7e-05
cocaine,7e-05
ease,7e-05
wages,7e-05
lagging,7e-05
student,7e-05
technologies,7e-05
tourists,7e-05
pullback,7e-05
send,7e-05
delivering,7e-05
arab,7e-05
aiming,7e-05
bottom,7e-05
burl,7e-05
nurse,7e-05
pacts,7e-05
concept,7e-05
falling,7e-05
prosecutors,7e-05
residents,7e-05
effects,7e-05
ss,7e-05
quick,7e-05
standards,7e-05
turned,7e-05
brothers,7e-05
lee,7e-05
gulf,7e-05
movie,7e-05
visit,7e-05
passengers,7e-05
prince,7e-05
investigation,7e-05
piling,7e-05
leg,7e-05
maximum,7e-05
teaching,7e-05
aim,7e-05
claim,7e-05
cos,7e-05
phone,7e-05
quality,7e-05
serves,7e-05
predicting,7e-05
as,7e-05
riots,7e-05
solution,7e-05
maxwell,7e-05
opponent,7e-05
match,7e-05
acquire,7e-05
seminar,7e-05
collection,7e-05
correspondent,7e-05
audit,7e-05
book,7e-05
spreader,7e-05
refined,7e-05
personal,7e-05
compare,7e-05
chances,7e-05
aggregate,7e-05
express,7e-05
explain,7e-05
solid,7e-05
dealing,7e-05
maturities,7e-05
warehouses,7e-05
stood,7e-05
mainstream,7e-05
bid,7e-05
files,7e-05
spree,7e-05
hospitals,7e-05
mention,7e-05
rocked,7e-05
reader,7e-05
achieve,7e-05
appropriate,7e-05
infections,7e-05
excess,7e-05
opposition,7e-05
murder,7e-05
franklin,7e-05
cheque,7e-05
rep,7e-05
offerings,7e-05
killing,7e-05
voice,7e-05
fuels,7e-05
downgraded,7e-05
entered,7e-05
kit,7e-05
deficit,7e-05
covers,7e-05
exposed,7e-05
maintained,7e-05
triggered,7e-05
respond,7e-05
fridays,7e-05
li,7e-05
meaning,7e-05
essential,7e-05
whos,7e-05
slumped,7e-05
surpassed,7e-05
lenders,7e-05
drugs,7e-05
categories,7e-05
hacked,7e-05
favored,7e-05
contribution,7e-05
subscriber,7e-05
probability,7e-05
listed,7e-05
bears,7e-05
bolster,7e-05
inequality,7e-05
lied,7e-05
hotel,7e-05
peace,7e-05
traded,7e-05
admitting,7e-05
conglomerates,7e-05
slipped,7e-05
confirmation,7e-05
university,7e-05
investigate,7e-05
bullion,7e-05
cancelled,7e-05
child,7e-05
rush,7e-05
sort,7e-05
reply,7e-05
motors,7e-05
moon,7e-05
treasure,7e-05
cease,7e-05
over,7e-05
cares,7e-05
transformation,7e-05
lift,7e-05
dividends,7e-05
appear,7e-05
fortune,7e-05
la,7e-05
cycle,7e-05
bounce,7e-05
boring,7e-05
acquires,7e-05
beneficiary,7e-05
authorities,7e-05
august,7e-05
cause,7e-05
ship,7e-05
launching,7e-05
counter,7e-05
humility,7e-05
allowed,7e-05
lying,7e-05
committee,7e-05
medicine,7e-05
supports,7e-05
courage,7e-05
debut,7e-05
economist,7e-05
holidays,7e-05
assignments,7e-05
hello,7e-05
tag,7e-05
rebuilding,7e-05
republicans,7e-05
minute,7e-05
endorsed,7e-05
carter,7e-05
discount,7e-05
reviewed,7e-05
values,7e-05
inside,7e-05
ron,7e-05
thank,7e-05
lies,7e-05
pool,7e-05
viva,7e-05
starts,7e-05
doubt,7e-05
swing,7e-05
neck,7e-05
launch,7e-05
proceeds,7e-05
fields,7e-05
returning,7e-05
profitability,7e-05
imo,7e-05
gainers,7e-05
player,7e-05
travellers,7e-05
atm,7e-05
struggling,7e-05
governing,7e-05
beginning,7e-05
spokesman,7e-05
reflects,7e-05
supporter,7e-05
officials,7e-05
round,7e-05
resignation,7e-05
member,7e-05
human,7e-05
ringgit,7e-05
men,7e-05
advancing,7e-05
expressions,7e-05
ruse,7e-05
turnout,7e-05
cement,7e-05
buyout,7e-05
bk,7e-05
avoid,7e-05
listened,7e-05
wrongdoing,7e-05
spend,7e-05
tone,7e-05
council,7e-05
ben,7e-05
register,7e-05
biotech,7e-05
bring,7e-05
restructuring,7e-05
fossil,7e-05
lesson,7e-05
expressed,7e-05
attempting,7e-05
tightening,7e-05
offenses,7e-05
updates,7e-05
overstock,7e-05
stem,7e-05
finding,7e-05
adviser,7e-05
countess,7e-05
crowd,7e-05
area,7e-05
endorsement,7e-05
minds,7e-05
pr,7e-05
crap,7e-05
defined,7e-05
centres,7e-05
coinage,7e-05
observation,7e-05
ignorance,7e-05
conglomerate,7e-05
dozen,7e-05
chains,7e-05
agrees,7e-05
ho,7e-05
jumps,7e-05
producers,7e-05
violence,7e-05
mara,7e-05
figure,7e-05
reduction,7e-05
photos,7e-05
drivers,5e-05
dc,5e-05
cooper,5e-05
ailing,5e-05
rbc,5e-05
initiative,5e-05
commodity,5e-05
tape,5e-05
gig,5e-05
portfolios,5e-05
narrow,5e-05
dado,5e-05
web,5e-05
banned,5e-05
immigration,5e-05
die,5e-05
damage,5e-05
slumps,5e-05
opposite,5e-05
turbines,5e-05
zero,5e-05
matt,5e-05
collectibles,5e-05
fallout,5e-05
importance,5e-05
pictured,5e-05
reach,5e-05
claiming,5e-05
sleep,5e-05
concentrating,5e-05
businessmen,5e-05
constant,5e-05
biz,5e-05
spilling,5e-05
herald,5e-05
meant,5e-05
sue,5e-05
suppose,5e-05
birthday,5e-05
retaining,5e-05
reached,5e-05
elderly,5e-05
province,5e-05
tend,5e-05
driven,5e-05
managing,5e-05
distance,5e-05
manufacturing,5e-05
adjustments,5e-05
breath,5e-05
reopening,5e-05
direction,5e-05
announcement,5e-05
lawyer,5e-05
terrorist,5e-05
died,5e-05
streams,5e-05
highlights,5e-05
deco,5e-05
trap,5e-05
separate,5e-05
trail,5e-05
whining,5e-05
cc,5e-05
cia,5e-05
fate,5e-05
governor,5e-05
bang,5e-05
shipping,5e-05
laying,5e-05
represents,5e-05
accumulated,5e-05
prove,5e-05
seat,5e-05
lines,5e-05
subscription,5e-05
drives,5e-05
difficulties,5e-05
queue,5e-05
tudor,5e-05
flu,5e-05
cart,5e-05
therapies,5e-05
accident,5e-05
miners,5e-05
user,5e-05
counting,5e-05
grid,5e-05
search,5e-05
rebellion,5e-05
lifetime,5e-05
cornerstone,5e-05
lock,5e-05
sun,5e-05
install,5e-05
associate,5e-05
struggled,5e-05
niche,5e-05
trash,5e-05
impediment,5e-05
lobby,5e-05
optimisation,5e-05
attacking,5e-05
edition,5e-05
leaked,5e-05
vintage,5e-05
sats,5e-05
monthly,5e-05
dude,5e-05
consultant,5e-05
obsessed,5e-05
entry,5e-05
hates,5e-05
reductions,5e-05
execution,5e-05
environment,5e-05
outlets,5e-05
depends,5e-05
limits,5e-05
shortfall,5e-05
depended,5e-05
bayer,5e-05
positioning,5e-05
strengthening,5e-05
hiking,5e-05
serve,5e-05
sharp,5e-05
collateral,5e-05
deposits,5e-05
predicted,5e-05
brands,5e-05
colored,5e-05
throw,5e-05
lawyers,5e-05
cracking,5e-05
emergency,5e-05
credits,5e-05
squire,5e-05
except,5e-05
commonwealth,5e-05
grew,5e-05
hill,5e-05
launched,5e-05
unload,5e-05
commit,5e-05
forcing,5e-05
teller,5e-05
remittances,5e-05
cited,5e-05
touts,5e-05
curb,5e-05
cleared,5e-05
illness,5e-05
sheets,5e-05
claimed,5e-05
features,5e-05
hun,5e-05
deserves,5e-05
liar,5e-05
glad,5e-05
issuers,5e-05
tune,5e-05
bulls,5e-05
indicated,5e-05
incident,5e-05
hearing,5e-05
appliances,5e-05
necessary,5e-05
nowhere,5e-05
parent,5e-05
evaluating,5e-05
degrees,5e-05
patriots,5e-05
serving,5e-05
graham,5e-05
fifth,5e-05
resulted,5e-05
meadows,5e-05
founder,5e-05
scratch,5e-05
center,5e-05
voiced,5e-05
spring,5e-05
spikes,5e-05
winning,5e-05
assessment,5e-05
stuck,5e-05
frustrating,5e-05
pattern,5e-05
cross,5e-05
seem,5e-05
heel,5e-05
application,5e-05
importers,5e-05
ai,5e-05
pipeline,5e-05
subject,5e-05
shirt,5e-05
suit,5e-05
sub,5e-05
suitors,5e-05
capitalism,5e-05
daniel,5e-05
moments,5e-05
maintaining,5e-05
rand,5e-05
slump,5e-05
japanese,5e-05
storm,5e-05
straddle,5e-05
husky,5e-05
rolling,5e-05
bets,5e-05
loving,5e-05
headline,5e-05
spirit,5e-05
partnership,5e-05
inspired,5e-05
takeover,5e-05
factoring,5e-05
secured,5e-05
laughing,5e-05
birth,5e-05
sing,5e-05
tourism,5e-05
alphabet,5e-05
fundamentals,5e-05
elevated,5e-05
reckoning,5e-05
pledge,5e-05
libyan,5e-05
momentum,5e-05
bar,5e-05
club,5e-05
stripper,5e-05
cold,5e-05
inventory,5e-05
sounds,5e-05
cars,5e-05
tenth,5e-05
branch,5e-05
megawatts,5e-05
determine,5e-05
er,5e-05
intake,5e-05
disappointed,5e-05
wont,5e-05
children,5e-05
regret,5e-05
tm,5e-05
college,5e-05
fraction,5e-05
cop,5e-05
difficulty,5e-05
warrant,5e-05
door,5e-05
restoring,5e-05
wear,5e-05
tonights,5e-05
boa,5e-05
patient,5e-05
resources,5e-05
exit,5e-05
prosecute,5e-05
miles,5e-05
rocket,5e-05
rank,5e-05
sessions,5e-05
m2,5e-05
tweets,5e-05
appearances,5e-05
formed,5e-05
recover,5e-05
addition,5e-05
ant,5e-05
da,5e-05
stone,5e-05
plastic,5e-05
cdc,5e-05
threatening,5e-05
preference,5e-05
formula,5e-05
miner,5e-05
soul,5e-05
meetings,5e-05
malaysian,5e-05
unknown,5e-05
cracked,5e-05
radical,5e-05
abstain,5e-05
earned,5e-05
schedule,5e-05
transport,5e-05
backing,5e-05
beer,5e-05
field,5e-05
suspect,5e-05
hired,5e-05
blank,5e-05
choose,5e-05
stays,5e-05
diversification,5e-05
analyzing,5e-05
skyscraper,5e-05
scientists,5e-05
finishing,5e-05
developments,5e-05
relocating,5e-05
character,5e-05
imported,5e-05
truth,5e-05
protected,5e-05
bear,5e-05
seniors,5e-05
requests,5e-05
riot,5e-05
christmas,5e-05
inject,5e-05
dissent,5e-05
cancel,5e-05
drinking,5e-05
civilian,5e-05
nations,5e-05
graph,5e-05
stupid,5e-05
predictions,5e-05
gender,5e-05
prediction,5e-05
backdrop,5e-05
rehabilitate,5e-05
marks,5e-05
establishing,5e-05
kentuckians,5e-05
sponsored,5e-05
participants,5e-05
steal,5e-05
correspondents,5e-05
moderator,5e-05
pole,5e-05
receiving,5e-05
fox,5e-05
attorney,5e-05
rat,5e-05
stack,5e-05
runs,5e-05
treatment,5e-05
reiterate,5e-05
libertarians,5e-05
cleaning,5e-05
events,5e-05
medicare,5e-05
understanding,5e-05
preventive,5e-05
bay,5e-05
operator,5e-05
diagnosed,5e-05
mill,5e-05
desk,5e-05
financed,5e-05
address,5e-05
doj,5e-05
analyzer,5e-05
entails,5e-05
emails,5e-05
queries,5e-05
transportation,5e-05
cant,5e-05
prior,5e-05
phase,5e-05
wed,5e-05
draws,5e-05
tie,5e-05
hide,5e-05
acceptance,5e-05
contested,5e-05
issuance,5e-05
scandals,5e-05
halved,5e-05
traffic,5e-05
master,5e-05
lands,5e-05
proportional,5e-05
extended,5e-05
absence,5e-05
theres,5e-05
liability,5e-05
commanded,5e-05
legacy,5e-05
zs,5e-05
policies,5e-05
advisors,5e-05
documentary,5e-05
gaining,5e-05
founded,5e-05
promising,5e-05
editorial,5e-05
decisions,5e-05
featured,5e-05
disruption,5e-05
war,5e-05
confused,5e-05
sc,5e-05
chilean,5e-05
nobody,5e-05
researchers,5e-05
providers,5e-05
shame,5e-05
housing,5e-05
hiring,5e-05
latin,5e-05
replacing,5e-05
includes,5e-05
covering,5e-05
gained,5e-05
bidders,5e-05
yellow,5e-05
ownership,5e-05
removing,5e-05
lord,5e-05
surprises,5e-05
boat,5e-05
donors,5e-05
widening,5e-05
attempt,5e-05
jets,5e-05
demographic,5e-05
downside,5e-05
correct,5e-05
pound,5e-05
text,5e-05
sourced,5e-05
funded,5e-05
extreme,5e-05
fr,5e-05
departure,5e-05
burning,5e-05
financing,5e-05
oriented,5e-05
curbed,5e-05
enterprise,5e-05
profile,5e-05
curbs,5e-05
bandwagon,5e-05
officers,5e-05
sides,5e-05
nominee,5e-05
loves,5e-05
mouth,5e-05
yea,5e-05
sunday,5e-05
pot,5e-05
facility,5e-05
retail,5e-05
reject,5e-05
mode,3e-05
coffin,3e-05
screen,3e-05
beverage,3e-05
ranges,3e-05
replies,3e-05
crooked,3e-05
refused,3e-05
organizations,3e-05
handle,3e-05
credited,3e-05
released,3e-05
shipped,3e-05
kwa,3e-05
radio,3e-05
taxpayer,3e-05
fined,3e-05
consolidating,3e-05
couples,3e-05
ax,3e-05
evening,3e-05
reflection,3e-05
placed,3e-05
garrison,3e-05
nog,3e-05
log,3e-05
northern,3e-05
charges,3e-05
leads,3e-05
controllers,3e-05
winter,3e-05
flowing,3e-05
letting,3e-05
flush,3e-05
ambassador,3e-05
unleashed,3e-05
financiers,3e-05
code,3e-05
station,3e-05
rv,3e-05
wherewithal,3e-05
interference,3e-05
drain,3e-05
coaching,3e-05
kb,3e-05
cl,3e-05
greed,3e-05
schools,3e-05
fascinating,3e-05
dakota,3e-05
chatroom,3e-05
ballots,3e-05
conservative,3e-05
bin,3e-05
professor,3e-05
blood,3e-05
accusing,3e-05
narrative,3e-05
abandoning,3e-05
backs,3e-05
household,3e-05
bearing,3e-05
sending,3e-05
competitor,3e-05
mf,3e-05
commitment,3e-05
causes,3e-05
risking,3e-05
patented,3e-05
expense,3e-05
repeat,3e-05
abandoned,3e-05
fixing,3e-05
colbert,3e-05
ebitda,3e-05
erode,3e-05
crashing,3e-05
peer,3e-05
ten,3e-05
piece,3e-05
closer,3e-05
solidarity,3e-05
height,3e-05
busted,3e-05
prep,3e-05
quarantine,3e-05
deepening,3e-05
becomes,3e-05
radiotherapy,3e-05
resurgence,3e-05
covered,3e-05
scrutinise,3e-05
reacts,3e-05
queens,3e-05
ramping,3e-05
occurs,3e-05
forces,3e-05
affect,3e-05
seek,3e-05
vacation,3e-05
successor,3e-05
garbage,3e-05
reflect,3e-05
hinting,3e-05
journalists,3e-05
collected,3e-05
carriers,3e-05
shoring,3e-05
displayed,3e-05
ambition,3e-05
rescue,3e-05
yr,3e-05
admits,3e-05
videos,3e-05
known,3e-05
gi,3e-05
assessments,3e-05
grub,3e-05
restaurant,3e-05
southeast,3e-05
excitement,3e-05
oversaw,3e-05
stabilisation,3e-05
reference,3e-05
mas,3e-05
upended,3e-05
assault,3e-05
overhauling,3e-05
pharmaceutical,3e-05
exterior,3e-05
corrupt,3e-05
sought,3e-05
liberals,3e-05
teachers,3e-05
printing,3e-05
sliding,3e-05
induced,3e-05
jet,3e-05
calculate,3e-05
humiliating,3e-05
legs,3e-05
discouraged,3e-05
coast,3e-05
require,3e-05
prayers,3e-05
hubs,3e-05
hook,3e-05
astounding,3e-05
equivalent,3e-05
houses,3e-05
town,3e-05
fo,3e-05
signing,3e-05
wings,3e-05
greenhouse,3e-05
implications,3e-05
coney,3e-05
expenditure,3e-05
border,3e-05
coffers,3e-05
environments,3e-05
evil,3e-05
peeled,3e-05
blackmailed,3e-05
expires,3e-05
organic,3e-05
resigned,3e-05
types,3e-05
accounted,3e-05
treatments,3e-05
film,3e-05
checked,3e-05
commentator,3e-05
toll,3e-05
reception,3e-05
performing,3e-05
ignore,3e-05
corner,3e-05
promoter,3e-05
mother,3e-05
wiped,3e-05
texans,3e-05
ells,3e-05
mail,3e-05
gun,3e-05
sir,3e-05
kept,3e-05
chemical,3e-05
allies,3e-05
ks,3e-05
versions,3e-05
adventure,3e-05
viewed,3e-05
gearing,3e-05
felonies,3e-05
spies,3e-05
retirement,3e-05
stockpile,3e-05
joins,3e-05
tweeting,3e-05
mix,3e-05
advised,3e-05
beta,3e-05
swearing,3e-05
prison,3e-05
irs,3e-05
stepping,3e-05
manipulator,3e-05
accumulation,3e-05
musk,3e-05
declining,3e-05
chuck,3e-05
billionaires,3e-05
clip,3e-05
suffering,3e-05
plays,3e-05
stresses,3e-05
columnist,3e-05
celebrated,3e-05
conclusion,3e-05
ray,3e-05
assigned,3e-05
ecosystem,3e-05
shot,3e-05
channels,3e-05
celebrates,3e-05
caught,3e-05
dog,3e-05
duke,3e-05
sanders,3e-05
mrna,3e-05
proving,3e-05
reelection,3e-05
journalist,3e-05
brent,3e-05
topping,3e-05
buys,3e-05
prop,3e-05
built,3e-05
pizza,3e-05
correlations,3e-05
goods,3e-05
risen,3e-05
shifted,3e-05
rallies,3e-05
heroes,3e-05
choices,3e-05
courtesy,3e-05
happens,3e-05
bs,3e-05
blaming,3e-05
hangs,3e-05
squint,3e-05
warning,3e-05
tenure,3e-05
flipped,3e-05
entrepreneur,3e-05
sporting,3e-05
oversees,3e-05
stakes,3e-05
derivative,3e-05
diversifying,3e-05
skills,3e-05
pictures,3e-05
penalty,3e-05
computing,3e-05
separated,3e-05
waste,3e-05
poison,3e-05
duck,3e-05
daughter,3e-05
ramona,3e-05
cry,3e-05
trimming,3e-05
ground,3e-05
lotto,3e-05
underperforming,3e-05
protest,3e-05
steelmaker,3e-05
bitch,3e-05
travelers,3e-05
unions,3e-05
blind,3e-05
identifying,3e-05
inflection,3e-05
organization,3e-05
loved,3e-05
heard,3e-05
fertiliser,3e-05
discontent,3e-05
raw,3e-05
harts,3e-05
yrs,3e-05
planner,3e-05
fore,3e-05
gear,3e-05
lay,3e-05
string,3e-05
bi,3e-05
bother,3e-05
memories,3e-05
stated,3e-05
waves,3e-05
escalating,3e-05
continent,3e-05
delaware,3e-05
astrology,3e-05
holiday,3e-05
dm,3e-05
materialize,3e-05
regards,3e-05
fever,3e-05
slight,3e-05
theories,3e-05
bubbles,3e-05
nutrition,3e-05
halting,3e-05
suffered,3e-05
grade,3e-05
fan,3e-05
warming,3e-05
heads,3e-05
clouds,3e-05
rein,3e-05
dealer,3e-05
todays,3e-05
tailwinds,3e-05
arms,3e-05
wit,3e-05
heat,3e-05
bridge,3e-05
replaced,3e-05
twin,3e-05
tilted,3e-05
thread,3e-05
fitch,3e-05
documents,3e-05
opinions,3e-05
si,3e-05
substantive,3e-05
imbalances,3e-05
somebody,3e-05
slim,3e-05
lab,3e-05
ventilation,3e-05
immune,3e-05
church,3e-05
understand,3e-05
commitments,3e-05
category,3e-05
stayed,3e-05
honour,3e-05
dailies,3e-05
jv,3e-05
brimming,3e-05
dunking,3e-05
required,3e-05
welfare,3e-05
appetite,3e-05
cages,3e-05
be,3e-05
emerged,3e-05
traction,3e-05
licence,3e-05
corona,3e-05
sensor,3e-05
soared,3e-05
slapped,3e-05
punishment,3e-05
accept,3e-05
passes,3e-05
morgans,3e-05
throttles,3e-05
bugs,3e-05
halve,3e-05
glass,3e-05
lottos,3e-05
wood,3e-05
visited,3e-05
ignored,3e-05
disgrace,3e-05
calculation,3e-05
greeting,3e-05
surges,3e-05
logistics,3e-05
spin,3e-05
blog,3e-05
jam,3e-05
coupled,3e-05
gnus,3e-05
submarines,3e-05
demonstrates,3e-05
headlines,3e-05
advancers,3e-05
roll,3e-05
gym,3e-05
ambitions,3e-05
jimmy,3e-05
releasing,3e-05
laser,3e-05
zeroes,3e-05
treat,3e-05
upgrade,3e-05
landing,3e-05
crushing,3e-05
pop,3e-05
newsletter,3e-05
gratitude,3e-05
disposal,3e-05
froth,3e-05
represented,3e-05
silence,3e-05
admit,3e-05
deposition,3e-05
declines,3e-05
relies,3e-05
prospect,3e-05
tip,3e-05
inverse,3e-05
staying,3e-05
gaming,3e-05
award,3e-05
flood,3e-05
arbitrage,3e-05
kr,3e-05
certificates,3e-05
highlight,3e-05
plea,3e-05
trigger,3e-05
valuing,3e-05
knowing,3e-05
admitted,3e-05
pride,3e-05
squad,3e-05
reclaim,3e-05
exact,3e-05
generating,3e-05
gp,3e-05
argument,3e-05
wearing,3e-05
rb,3e-05
excited,3e-05
arrest,3e-05
flirting,3e-05
australian,3e-05
commons,3e-05
discuss,3e-05
milestone,3e-05
education,3e-05
license,3e-05
m3,3e-05
sites,3e-05
inflow,3e-05
chaos,3e-05
limiting,3e-05
ways,3e-05
stockholders,3e-05
presidents,3e-05
pulls,3e-05
pact,3e-05
finds,3e-05
lowers,3e-05
shifting,3e-05
distributed,3e-05
symbol,3e-05
probe,3e-05
warships,3e-05
baits,3e-05
fashion,3e-05
jacob,3e-05
pounced,3e-05
shout,3e-05
keen,3e-05
movements,3e-05
avenue,3e-05
slash,3e-05
outcomes,3e-05
refreshing,3e-05
satisfaction,3e-05
doing,3e-05
letter,3e-05
praise,3e-05
preparations,3e-05
colleague,3e-05
weather,3e-05
finish,3e-05
stag,3e-05
opens,3e-05
chose,3e-05
polish,3e-05
guest,3e-05
trip,3e-05
lining,3e-05
mc,3e-05
coke,3e-05
occasioned,3e-05
slashed,3e-05
ply,3e-05
inauguration,3e-05
color,3e-05
flee,3e-05
stuff,3e-05
ignited,3e-05
pull,3e-05
regulation,3e-05
weaken,3e-05
objects,3e-05
franchises,3e-05
produces,3e-05
slashing,3e-05
chamber,3e-05
flotation,3e-05
sharing,3e-05
stopped,3e-05
taught,3e-05
billionaire,3e-05
processing,3e-05
foot,3e-05
misdeeds,3e-05
attends,3e-05
expiring,3e-05
compounded,3e-05
scope,3e-05
episode,3e-05
berlin,3e-05
capitulating,3e-05
lion,3e-05
absolute,3e-05
ark,3e-05
exploration,3e-05
metrics,3e-05
signaled,3e-05
fueled,3e-05
advice,3e-05
sightedness,3e-05
airbus,3e-05
rallied,3e-05
performed,3e-05
inherited,3e-05
shilling,3e-05
advisers,3e-05
survival,3e-05
arts,3e-05
smash,3e-05
inflating,3e-05
peaks,3e-05
manhattan,3e-05
assumptions,3e-05
recall,3e-05
fade,3e-05
touches,3e-05
siren,3e-05
pol,3e-05
panacea,3e-05
shortage,3e-05
compass,3e-05
announcing,3e-05
reverse,3e-05
promotion,3e-05
dampened,3e-05
fws,3e-05
canceled,3e-05
offered,3e-05
determined,3e-05
oracle,3e-05
alerted,3e-05
loading,3e-05
fill,3e-05
basic,3e-05
dirty,3e-05
predominate,3e-05
opecs,3e-05
forms,3e-05
cities,3e-05
brings,3e-05
camera,3e-05
attacks,3e-05
iron,3e-05
vanguard,3e-05
lh,3e-05
violations,3e-05
retirements,3e-05
laws,3e-05
training,3e-05
implied,3e-05
tanked,3e-05
reimposition,3e-05
freedom,3e-05
parisian,3e-05
coordinators,3e-05
ranked,3e-05
anticipated,3e-05
threaten,3e-05
hap,3e-05
butter,3e-05
obligations,3e-05
conditioners,3e-05
seemed,3e-05
warn,3e-05
arguing,3e-05
agents,3e-05
ends,3e-05
boxes,3e-05
indicative,3e-05
dubbed,3e-05
elevators,3e-05
rounding,3e-05
band,3e-05
filings,3e-05
shoes,3e-05
proposal,3e-05
ventures,3e-05
supposed,3e-05
kilometre,3e-05
dominance,3e-05
sums,3e-05
digits,3e-05
gross,3e-05
tot,3e-05
ministers,3e-05
downplaying,3e-05
solutions,3e-05
window,3e-05
connecting,3e-05
barriers,3e-05
tons,3e-05
secure,3e-05
sweeping,3e-05
processed,3e-05
scrutiny,3e-05
fail,3e-05
doubling,3e-05
modernist,3e-05
sheep,3e-05
flat,3e-05
sloping,3e-05
scans,3e-05
prospectuses,3e-05
scared,3e-05
generate,3e-05
fabrication,3e-05
courts,3e-05
divided,3e-05
remembering,3e-05
jan,3e-05
dressed,3e-05
ccs,3e-05
amateur,3e-05
cheered,3e-05
borrowed,3e-05
reversed,3e-05
floating,3e-05
nurses,3e-05
hundreds,3e-05
volumes,3e-05
noon,3e-05
author,3e-05
flights,3e-05
retailers,3e-05
eviction,3e-05
poverty,3e-05
conditions,3e-05
mess,3e-05
timing,3e-05
caution,3e-05
specialist,3e-05
promised,3e-05
roper,3e-05
mirror,3e-05
fetch,3e-05
chinas,3e-05
races,3e-05
mv,3e-05
overwhelming,3e-05
sole,3e-05
repeats,3e-05
safety,3e-05
blockade,3e-05
facilitate,3e-05
enter,3e-05
outlining,3e-05
tuck,3e-05
trials,3e-05
dms,3e-05
performances,3e-05
jurisdictions,3e-05
tho,3e-05
spurred,3e-05
targeted,3e-05
economics,3e-05
kissing,3e-05
killed,3e-05
harm,3e-05
watchers,3e-05
swings,3e-05
fee,3e-05
potentials,3e-05
indicate,3e-05
accelerates,3e-05
trick,3e-05
helps,3e-05
disinformation,3e-05
ruled,3e-05
narrowing,3e-05
controller,3e-05
indicates,3e-05
crush,3e-05
charging,3e-05
statesmen,3e-05
auction,3e-05
soar,3e-05
frank,3e-05
parliament,3e-05
picks,3e-05
jean,3e-05
coalition,3e-05
personality,3e-05
overheating,3e-05
rough,3e-05
youth,3e-05
recycling,3e-05
exclusive,3e-05
initiates,3e-05
tumbling,3e-05
praying,3e-05
feels,3e-05
fit,3e-05
holy,3e-05
congratulations,3e-05
survive,3e-05
hick,3e-05
poses,3e-05
remote,3e-05
pocket,3e-05
therapist,3e-05
seating,3e-05
committing,3e-05
bus,3e-05
stamps,3e-05
briefing,3e-05
sat,3e-05
scammer,3e-05
laundering,3e-05
expiration,3e-05
controlled,3e-05
occurred,3e-05
decentralised,3e-05
canceling,3e-05
vehicles,3e-05
donations,3e-05
disposed,3e-05
applying,3e-05
hollywood,3e-05
depreciation,3e-05
guidelines,3e-05
venue,3e-05
assume,3e-05
va,3e-05
principles,3e-05
combination,3e-05
einsteins,3e-05
mined,3e-05
recorded,3e-05
players,3e-05
kill,3e-05
borderline,3e-05
century,3e-05
neighborhood,3e-05
doctors,3e-05
estimating,3e-05
philanthropy,3e-05
boot,3e-05
pleased,3e-05
attracted,3e-05
western,3e-05
reshaping,3e-05
tastes,3e-05
mathematics,3e-05
debits,3e-05
impacting,3e-05
steps,3e-05
foundation,3e-05
israeli,3e-05
attracts,3e-05
tan,3e-05
optimism,3e-05
finished,3e-05
promotes,3e-05
hospitalizations,3e-05
diligence,3e-05
wondering,3e-05
interoperability,3e-05
balances,3e-05
dignity,3e-05
scientist,3e-05
rick,3e-05
immigrants,3e-05
handout,3e-05
miracle,3e-05
fri,3e-05
smelters,3e-05
slaps,3e-05
exposures,3e-05
subsidised,3e-05
cps,3e-05
developed,3e-05
quorum,3e-05
dragging,3e-05
rain,3e-05
rejected,3e-05
ice,3e-05
default,3e-05
leveraged,3e-05
coverage,3e-05
laboratory,3e-05
evacuating,3e-05
savings,3e-05
poker,3e-05
wipe,3e-05
terminal,3e-05
cartel,3e-05
principal,3e-05
chess,3e-05
haves,3e-05
reset,3e-05
charge,3e-05
struggle,3e-05
wife,3e-05
capture,3e-05
misconduct,3e-05
layer,3e-05
fix,3e-05
accused,3e-05
stash,3e-05
reits,3e-05
offsetting,3e-05
abandons,3e-05
pundits,3e-05
movers,3e-05
impression,3e-05
scandal,3e-05
conditioning,3e-05
scene,3e-05
zone,3e-05
flatten,3e-05
fragmentation,3e-05
decide,3e-05
playbook,3e-05
carrying,3e-05
misses,3e-05
turnaround,3e-05
waivers,3e-05
habit,3e-05
monte,3e-05
worker,3e-05
perishing,3e-05
handled,3e-05
christian,3e-05
rogue,3e-05
hum,3e-05
walls,3e-05
archipelago,3e-05
halt,3e-05
eclipse,3e-05
politician,3e-05
referencing,3e-05
topics,3e-05
controlling,3e-05
impacts,3e-05
registration,3e-05
turquoise,3e-05
excuse,3e-05
operation,3e-05
cope,3e-05
merit,3e-05
gee,3e-05
dividing,3e-05
relegation,3e-05
sowing,3e-05
thousands,3e-05
difference,3e-05
refusing,3e-05
ideas,3e-05
song,3e-05
affected,3e-05
disturbing,3e-05
image,3e-05
dumped,3e-05
down,3e-05
fellow,3e-05
exceeded,3e-05
tracking,3e-05
sea,3e-05
aired,3e-05
crossed,3e-05
graduate,3e-05
clouded,3e-05
compulsive,3e-05
nps,3e-05
spreading,3e-05
premium,3e-05
engaged,3e-05
wasted,3e-05
turmoil,3e-05
sars,3e-05
surprising,3e-05
contrasting,3e-05
cruises,3e-05
relied,3e-05
occasions,3e-05
why,3e-05
hut,3e-05
flag,3e-05
cycles,3e-05
max,3e-05
spanish,3e-05
structured,3e-05
handling,3e-05
justify,3e-05
markers,3e-05
compensated,3e-05
manoeuvre,3e-05
lowering,3e-05
doubles,3e-05
smears,3e-05
revised,3e-05
criminals,3e-05
landscape,3e-05
assassin,3e-05
blame,3e-05
pioneer,3e-05
ramps,3e-05
cream,3e-05
unfit,3e-05
commentary,3e-05
length,3e-05
le,3e-05
easing,3e-05
railroad,3e-05
leaves,3e-05
outdoors,3e-05
stops,3e-05
suggested,3e-05
utilities,3e-05
genius,3e-05
cargoes,3e-05
block,3e-05
fbi,3e-05
pat,2e-05
pension,2e-05
surrounding,2e-05
racists,2e-05
colleen,2e-05
hurry,2e-05
floats,2e-05
republic,2e-05
insist,2e-05
underwear,2e-05
hostile,2e-05
illegitimate,2e-05
extends,2e-05
clues,2e-05
borrowers,2e-05
appoints,2e-05
reel,2e-05
similarities,2e-05
structures,2e-05
stadium,2e-05
tailwind,2e-05
archives,2e-05
awards,2e-05
wiping,2e-05
nationals,2e-05
clue,2e-05
marvel,2e-05
moral,2e-05
relieving,2e-05
knocked,2e-05
starving,2e-05
insurers,2e-05
shooter,2e-05
prodding,2e-05
exposing,2e-05
terrace,2e-05
igbo,2e-05
thrash,2e-05
fixtures,2e-05
staggering,2e-05
answering,2e-05
gay,2e-05
seneca,2e-05
dbs,2e-05
chi,2e-05
recruiting,2e-05
efficiencies,2e-05
invested,2e-05
tool,2e-05
requirement,2e-05
pandemics,2e-05
session,2e-05
palladium,2e-05
favourite,2e-05
feat,2e-05
tries,2e-05
mistake,2e-05
pennies,2e-05
entering,2e-05
pesticides,2e-05
meg,2e-05
grains,2e-05
frustrated,2e-05
volunteers,2e-05
ticked,2e-05
thoroughfares,2e-05
inspiration,2e-05
pursued,2e-05
surround,2e-05
illnesses,2e-05
forgetting,2e-05
prompts,2e-05
trained,2e-05
associations,2e-05
dinosaurs,2e-05
glut,2e-05
relation,2e-05
ab,2e-05
dicks,2e-05
censoring,2e-05
defaults,2e-05
stickers,2e-05
apologize,2e-05
corpses,2e-05
daniels,2e-05
ng,2e-05
partial,2e-05
audience,2e-05
extortion,2e-05
possess,2e-05
ws,2e-05
cabinet,2e-05
severity,2e-05
crowded,2e-05
takeout,2e-05
gates,2e-05
campaigning,2e-05
quantity,2e-05
mortgage,2e-05
impaired,2e-05
pose,2e-05
sa,2e-05
embraced,2e-05
deb,2e-05
chukka,2e-05
magazine,2e-05
blathers,2e-05
refineries,2e-05
carburetor,2e-05
messages,2e-05
slippage,2e-05
rejection,2e-05
remedy,2e-05
faith,2e-05
rocketed,2e-05
route,2e-05
bloc,2e-05
orange,2e-05
describe,2e-05
cans,2e-05
appreciating,2e-05
journalism,2e-05
rex,2e-05
inspectors,2e-05
accessories,2e-05
yoruba,2e-05
apologized,2e-05
squeezing,2e-05
shooters,2e-05
dedicated,2e-05
raided,2e-05
annoying,2e-05
trailer,2e-05
kwanza,2e-05
enemy,2e-05
acts,2e-05
gathered,2e-05
settle,2e-05
interaction,2e-05
sketch,2e-05
disappeared,2e-05
frenzy,2e-05
lockdown,2e-05
underground,2e-05
diseases,2e-05
phony,2e-05
reopen,2e-05
fretted,2e-05
ruined,2e-05
cola,2e-05
towering,2e-05
copy,2e-05
frightened,2e-05
lightening,2e-05
monetization,2e-05
progresses,2e-05
rf,2e-05
row,2e-05
wars,2e-05
dish,2e-05
benefitted,2e-05
lifts,2e-05
crosswalk,2e-05
will,2e-05
dystrophy,2e-05
socialized,2e-05
summers,2e-05
immunity,2e-05
cells,2e-05
carried,2e-05
abortion,2e-05
meantime,2e-05
emboldened,2e-05
vac,2e-05
accompanying,2e-05
chases,2e-05
cried,2e-05
pushes,2e-05
giraffe,2e-05
citizen,2e-05
sky,2e-05
mapped,2e-05
cushion,2e-05
slots,2e-05
threats,2e-05
emulate,2e-05
veterinary,2e-05
sweatshirt,2e-05
slams,2e-05
propaganda,2e-05
majors,2e-05
swoon,2e-05
flipping,2e-05
depositors,2e-05
voluntary,2e-05
slips,2e-05
downgrade,2e-05
retired,2e-05
marking,2e-05
ripple,2e-05
specializing,2e-05
drifted,2e-05
table,2e-05
shines,2e-05
reminded,2e-05
programme,2e-05
industrialised,2e-05
illustrator,2e-05
naming,2e-05
dynamic,2e-05
touched,2e-05
litigation,2e-05
ether,2e-05
rotting,2e-05
ration,2e-05
downturns,2e-05
rhythm,2e-05
acute,2e-05
bodyguard,2e-05
born,2e-05
hazards,2e-05
rigging,2e-05
organisers,2e-05
collaboration,2e-05
disgusting,2e-05
remarried,2e-05
appointments,2e-05
alienate,2e-05
boy,2e-05
nowadays,2e-05
lovers,2e-05
polled,2e-05
suppliers,2e-05
ads,2e-05
shifts,2e-05
customs,2e-05
mil,2e-05
lunch,2e-05
homes,2e-05
translates,2e-05
disparities,2e-05
quickening,2e-05
river,2e-05
characteristics,2e-05
stripe,2e-05
binged,2e-05
pip,2e-05
combo,2e-05
healing,2e-05
item,2e-05
predicts,2e-05
feminism,2e-05
czech,2e-05
newbie,2e-05
appeared,2e-05
coyotes,2e-05
strikes,2e-05
computer,2e-05
plotted,2e-05
cmbs,2e-05
snapping,2e-05
rewrites,2e-05
champs,2e-05
span,2e-05
runoff,2e-05
fishing,2e-05
tabu,2e-05
breaker,2e-05
produce,2e-05
displaced,2e-05
enclosure,2e-05
mainers,2e-05
suckers,2e-05
monitors,2e-05
br,2e-05
machines,2e-05
mystic,2e-05
suing,2e-05
accounting,2e-05
recession,2e-05
charged,2e-05
pimp,2e-05
directing,2e-05
disaster,2e-05
fighter,2e-05
russians,2e-05
telecoms,2e-05
veteran,2e-05
dudes,2e-05
registered,2e-05
affiliated,2e-05
gatherings,2e-05
flopped,2e-05
gate,2e-05
mug,2e-05
manifestation,2e-05
threatens,2e-05
lawsuits,2e-05
shelter,2e-05
arc,2e-05
drumming,2e-05
folding,2e-05
stands,2e-05
rolls,2e-05
discussed,2e-05
litigating,2e-05
retrofitting,2e-05
reinstating,2e-05
bloody,2e-05
unity,2e-05
slate,2e-05
withdrew,2e-05
insult,2e-05
pants,2e-05
eclipsed,2e-05
anti,2e-05
tariffs,2e-05
shenanigans,2e-05
rip,2e-05
leo,2e-05
eased,2e-05
hurting,2e-05
singing,2e-05
appointed,2e-05
riser,2e-05
caches,2e-05
remake,2e-05
discover,2e-05
coffins,2e-05
prioritised,2e-05
butt,2e-05
lisu,2e-05
reintroduced,2e-05
aleves,2e-05
hackers,2e-05
sneering,2e-05
breast,2e-05
trimmed,2e-05
actor,2e-05
imprisoned,2e-05
monopoly,2e-05
exceed,2e-05
tycoon,2e-05
burner,2e-05
stars,2e-05
ropes,2e-05
rifle,2e-05
yearns,2e-05
laxness,2e-05
sen,2e-05
robot,2e-05
managements,2e-05
baseball,2e-05
contemplating,2e-05
confessing,2e-05
quarterback,2e-05
cameras,2e-05
function,2e-05
forfeit,2e-05
dips,2e-05
consortium,2e-05
jersey,2e-05
assuming,2e-05
kits,2e-05
remedies,2e-05
defenders,2e-05
claw,2e-05
reservations,2e-05
trouble,2e-05
ordeal,2e-05
handwriting,2e-05
retreated,2e-05
marathon,2e-05
cock,2e-05
sander,2e-05
wrist,2e-05
filling,2e-05
forum,2e-05
exuberance,2e-05
doctor,2e-05
payable,2e-05
gloves,2e-05
projection,2e-05
actors,2e-05
port,2e-05
burn,2e-05
misery,2e-05
inga,2e-05
attitude,2e-05
northwest,2e-05
transmission,2e-05
showroom,2e-05
host,2e-05
efficiency,2e-05
pretending,2e-05
blur,2e-05
wen,2e-05
beneficiaries,2e-05
balcony,2e-05
engram,2e-05
trajectory,2e-05
rendition,2e-05
embedding,2e-05
median,2e-05
ripped,2e-05
decency,2e-05
po,2e-05
habitat,2e-05
chasing,2e-05
sand,2e-05
ward,2e-05
tens,2e-05
expanded,2e-05
triangle,2e-05
stick,2e-05
tripling,2e-05
attacked,2e-05
doc,2e-05
argentina,2e-05
introductions,2e-05
prognosis,2e-05
problems,2e-05
fired,2e-05
bastards,2e-05
magazines,2e-05
cosponsored,2e-05
shadows,2e-05
rn,2e-05
crooks,2e-05
studio,2e-05
pe,2e-05
destroying,2e-05
sexuality,2e-05
pretend,2e-05
riband,2e-05
fuck,2e-05
believed,2e-05
music,2e-05
operate,2e-05
poster,2e-05
sooner,2e-05
plots,2e-05
booked,2e-05
alternatives,2e-05
predicated,2e-05
tools,2e-05
blasting,2e-05
luxury,2e-05
repeated,2e-05
flagship,2e-05
speakers,2e-05
vaccinated,2e-05
suck,2e-05
stirred,2e-05
affecting,2e-05
loaded,2e-05
attack,2e-05
ideal,2e-05
steam,2e-05
anger,2e-05
accomplice,2e-05
repair,2e-05
unites,2e-05
heirs,2e-05
broadcast,2e-05
eld,2e-05
skyline,2e-05
droped,2e-05
viruses,2e-05
paused,2e-05
searching,2e-05
boards,2e-05
email,2e-05
replacement,2e-05
walks,2e-05
tall,2e-05
underscores,2e-05
dominated,2e-05
proliferation,2e-05
projections,2e-05
fiduciary,2e-05
impacted,2e-05
counts,2e-05
aurora,2e-05
satisfying,2e-05
tarnished,2e-05
absorb,2e-05
clears,2e-05
discussing,2e-05
road,2e-05
hole,2e-05
spotter,2e-05
alarming,2e-05
celebrating,2e-05
visiting,2e-05
concrete,2e-05
reiterated,2e-05
pyramid,2e-05
debunking,2e-05
abuser,2e-05
runner,2e-05
hiding,2e-05
reeling,2e-05
television,2e-05
shipment,2e-05
auto,2e-05
expertise,2e-05
utility,2e-05
expand,2e-05
km,2e-05
baron,2e-05
greats,2e-05
yahoo,2e-05
surging,2e-05
echoing,2e-05
muddle,2e-05
convinced,2e-05
section,2e-05
witnessing,2e-05
hype,2e-05
dat,2e-05
clashing,2e-05
looters,2e-05
kraft,2e-05
numbered,2e-05
culture,2e-05
imply,2e-05
rod,2e-05
booths,2e-05
odyssey,2e-05
mooted,2e-05
tennis,2e-05
connect,2e-05
branches,2e-05
lived,2e-05
refund,2e-05
teamwork,2e-05
derailed,2e-05
soviet,2e-05
solidified,2e-05
spa,2e-05
reviewer,2e-05
typo,2e-05
tory,2e-05
smoked,2e-05
bare,2e-05
ds,2e-05
waved,2e-05
insight,2e-05
orbiting,2e-05
instruction,2e-05
manipulated,2e-05
pundit,2e-05
bucks,2e-05
stumping,2e-05
boosts,2e-05
experiment,2e-05
elder,2e-05
triumph,2e-05
thus,2e-05
entries,2e-05
argue,2e-05
danish,2e-05
tailspin,2e-05
flyover,2e-05
salvo,2e-05
creators,2e-05
slipping,2e-05
interpreted,2e-05
spirits,2e-05
soaring,2e-05
doubts,2e-05
bye,2e-05
covert,2e-05
reshape,2e-05
warehouse,2e-05
dec,2e-05
widened,2e-05
vendors,2e-05
threshold,2e-05
engulfing,2e-05
valuations,2e-05
civilians,2e-05
les,2e-05
fame,2e-05
turning,2e-05
champagne,2e-05
sorts,2e-05
padding,2e-05
servers,2e-05
reflected,2e-05
penny,2e-05
have,2e-05
te,2e-05
yanks,2e-05
overwhelmed,2e-05
chorus,2e-05
soldiers,2e-05
dispersion,2e-05
tips,2e-05
dominate,2e-05
patterns,2e-05
resonance,2e-05
joys,2e-05
killer,2e-05
windmills,2e-05
reparations,2e-05
backup,2e-05
shock,2e-05
lights,2e-05
pic,2e-05
sos,2e-05
indicating,2e-05
quotes,2e-05
involve,2e-05
brazilian,2e-05
at,2e-05
premiums,2e-05
amortization,2e-05
executing,2e-05
affects,2e-05
techs,2e-05
stave,2e-05
snare,2e-05
gentle,2e-05
palace,2e-05
moms,2e-05
assistance,2e-05
drove,2e-05
prints,2e-05
hotels,2e-05
farms,2e-05
bogey,2e-05
eliminating,2e-05
chickens,2e-05
fort,2e-05
violet,2e-05
bough,2e-05
borrows,2e-05
iq,2e-05
womans,2e-05
faucet,2e-05
wheel,2e-05
guessing,2e-05
breaks,2e-05
centers,2e-05
participation,2e-05
empathy,2e-05
reserved,2e-05
valued,2e-05
campus,2e-05
kinds,2e-05
defy,2e-05
hive,2e-05
hopeful,2e-05
shoppers,2e-05
ghosts,2e-05
struck,2e-05
forestry,2e-05
vaccination,2e-05
slap,2e-05
tonnages,2e-05
penis,2e-05
plane,2e-05
begs,2e-05
ni,2e-05
detected,2e-05
replying,2e-05
crybaby,2e-05
lean,2e-05
suggests,2e-05
swapping,2e-05
scare,2e-05
iowa,2e-05
breached,2e-05
doubled,2e-05
restarted,2e-05
permanent,2e-05
flyovers,2e-05
honor,2e-05
input,2e-05
interchange,2e-05
organise,2e-05
adopted,2e-05
alcohol,2e-05
impose,2e-05
chemicals,2e-05
attrition,2e-05
sits,2e-05
rumored,2e-05
references,2e-05
dreams,2e-05
businessperson,2e-05
elephant,2e-05
misspelled,2e-05
riggers,2e-05
discord,2e-05
regions,2e-05
thieving,2e-05
penetration,2e-05
dismissed,2e-05
bed,2e-05
stray,2e-05
tickles,2e-05
crockery,2e-05
hostage,2e-05
rooms,2e-05
redacting,2e-05
pierce,2e-05
sarcasm,2e-05
observed,2e-05
ph,2e-05
positivity,2e-05
explosives,2e-05
shopping,2e-05
nature,2e-05
abc,2e-05
prioritise,2e-05
mandates,2e-05
merchants,2e-05
navigate,2e-05
slapping,2e-05
dry,2e-05
emitters,2e-05
tank,2e-05
stupidity,2e-05
periods,2e-05
preceding,2e-05
declares,2e-05
footnote,2e-05
patent,2e-05
judgment,2e-05
counterparts,2e-05
albums,2e-05
martens,2e-05
skewed,2e-05
dwarfed,2e-05
improving,2e-05
departments,2e-05
stalking,2e-05
surrendering,2e-05
chat,2e-05
heightened,2e-05
deterred,2e-05
cfo,2e-05
rogues,2e-05
lis,2e-05
frameworks,2e-05
collective,2e-05
jay,2e-05
bodyguards,2e-05
continuation,2e-05
cheering,2e-05
streak,2e-05
tents,2e-05
gem,2e-05
journal,2e-05
dose,2e-05
prioritizing,2e-05
trafficker,2e-05
scar,2e-05
edited,2e-05
pips,2e-05
aides,2e-05
latino,2e-05
mans,2e-05
nuts,2e-05
avoiding,2e-05
poised,2e-05
secrets,2e-05
farming,2e-05
tout,2e-05
forced,2e-05
golf,2e-05
doors,2e-05
interiors,2e-05
extending,2e-05
supremacists,2e-05
comrade,2e-05
promoting,2e-05
dragged,2e-05
element,2e-05
revising,2e-05
handshakes,2e-05
evade,2e-05
agio,2e-05
waitressing,2e-05
bourbons,2e-05
omissions,2e-05
thresholds,2e-05
tightness,2e-05
simplify,2e-05
walker,2e-05
drink,2e-05
spirals,2e-05
sentenced,2e-05
infection,2e-05
mood,2e-05
clowned,2e-05
latency,2e-05
dictators,2e-05
radiation,2e-05
emitting,2e-05
shops,2e-05
weakness,2e-05
subscriptions,2e-05
gofer,2e-05
exceeding,2e-05
receives,2e-05
perform,2e-05
merger,2e-05
ru,2e-05
kneel,2e-05
separation,2e-05
destroyed,2e-05
capitalization,2e-05
questioned,2e-05
posts,2e-05
deterrence,2e-05
misunderstanding,2e-05
bottle,2e-05
vat,2e-05
edits,2e-05
irradiation,2e-05
racer,2e-05
endowment,2e-05
swat,2e-05
powerhouse,2e-05
hat,2e-05
pst,2e-05
extremes,2e-05
spectators,2e-05
titans,2e-05
plummet,2e-05
plus,2e-05
taxi,2e-05
crossing,2e-05
sheer,2e-05
emblem,2e-05
exercise,2e-05
appreciates,2e-05
insolvent,2e-05
recognized,2e-05
repurchasing,2e-05
battery,2e-05
disavow,2e-05
dunk,2e-05
escalation,2e-05
pin,2e-05
disinfecting,2e-05
barrage,2e-05
mocks,2e-05
narrates,2e-05
pack,2e-05
drafting,2e-05
ceiling,2e-05
instant,2e-05
eyeing,2e-05
smelter,2e-05
delighted,2e-05
credibility,2e-05
lecture,2e-05
parties,2e-05
bns,2e-05
cousins,2e-05
retake,2e-05
dealers,2e-05
russ,2e-05
behaves,2e-05
goggles,2e-05
cable,2e-05
popped,2e-05
doom,2e-05
pregnancy,2e-05
ego,2e-05
targeting,2e-05
admirer,2e-05
shortfalls,2e-05
pieces,2e-05
charity,2e-05
infusion,2e-05
cabal,2e-05
regulations,2e-05
twisted,2e-05
rejoiced,2e-05
formation,2e-05
diamond,2e-05
wink,2e-05
crescent,2e-05
daughters,2e-05
noses,2e-05
streets,2e-05
casting,2e-05
shield,2e-05
hygiene,2e-05
jab,2e-05
amounted,2e-05
activist,2e-05
relying,2e-05
posed,2e-05
identified,2e-05
actress,2e-05
expired,2e-05
clown,2e-05
underestimate,2e-05
fuelling,2e-05
defeated,2e-05
providing,2e-05
championing,2e-05
turd,2e-05
statements,2e-05
representatives,2e-05
ramming,2e-05
chine,2e-05
pal,2e-05
throwing,2e-05
manifest,2e-05
hauler,2e-05
plummeted,2e-05
piranha,2e-05
biased,2e-05
lamb,2e-05
invited,2e-05
bush,2e-05
realizing,2e-05
dies,2e-05
hod,2e-05
tethered,2e-05
motivated,2e-05
crashes,2e-05
accelerating,2e-05
underpinning,2e-05
crows,2e-05
joking,2e-05
allure,2e-05
portrayed,2e-05
outflows,2e-05
mock,2e-05
approaching,2e-05
ne,2e-05
load,2e-05
perplexed,2e-05
encourages,2e-05
harvester,2e-05
comparability,2e-05
welcomes,2e-05
lifeboat,2e-05
dissatisfaction,2e-05
comparing,2e-05
provisions,2e-05
debated,2e-05
bulging,2e-05
jews,2e-05
convictions,2e-05
sneak,2e-05
transcript,2e-05
buildup,2e-05
cooking,2e-05
facts,2e-05
turbine,2e-05
stole,2e-05
fabricating,2e-05
prefer,2e-05
countering,2e-05
variant,2e-05
abuse,2e-05
onset,2e-05
paddock,2e-05
hooked,2e-05
carmaker,2e-05
sororities,2e-05
swell,2e-05
capitalising,2e-05
wagon,2e-05
sellers,2e-05
bullshit,2e-05
lobbyist,2e-05
irish,2e-05
summoned,2e-05
prompting,2e-05
mod,2e-05
breach,2e-05
enforcement,2e-05
classes,2e-05
rumors,2e-05
analysing,2e-05
mexican,2e-05
lev,2e-05
spitting,2e-05
rock,2e-05
muscle,2e-05
overshoot,2e-05
wavelength,2e-05
relating,2e-05
rampage,2e-05
mandated,2e-05
kidding,2e-05
economists,2e-05
dandy,2e-05
allege,2e-05
washing,2e-05
answers,2e-05
beth,2e-05
disinfectants,2e-05
gauge,2e-05
finances,2e-05
clostridium,2e-05
sealed,2e-05
reaching,2e-05
weighing,2e-05
symptoms,2e-05
methods,2e-05
outweighing,2e-05
dialysis,2e-05
bottoms,2e-05
booming,2e-05
escalate,2e-05
hoe,2e-05
icing,2e-05
contacted,2e-05
spokeswoman,2e-05
sizes,2e-05
conviction,2e-05
consists,2e-05
internet,2e-05
hungarians,2e-05
dust,2e-05
marches,2e-05
wee,2e-05
describes,2e-05
radar,2e-05
tories,2e-05
dictate,2e-05
highway,2e-05
lure,2e-05
profiles,2e-05
underestimates,2e-05
participating,2e-05
crp,2e-05
invests,2e-05
staffs,2e-05
icus,2e-05
embarrassing,2e-05
hire,2e-05
flotations,2e-05
ion,2e-05
nerves,2e-05
merged,2e-05
laugh,2e-05
dropping,2e-05
worrying,2e-05
classic,2e-05
ensured,2e-05
native,2e-05
overlay,2e-05
clutch,2e-05
lures,2e-05
shockers,2e-05
basin,2e-05
encountered,2e-05
proven,2e-05
achieved,2e-05
symbolism,2e-05
pinch,2e-05
ev,2e-05
signaling,2e-05
cracklings,2e-05
footnoted,2e-05
withdrawals,2e-05
taste,2e-05
bargain,2e-05
math,2e-05
aftermath,2e-05
tribune,2e-05
gui,2e-05
royalties,2e-05
congratulated,2e-05
composition,2e-05
storage,2e-05
chasers,2e-05
needle,2e-05
explores,2e-05
scrambled,2e-05
privatizing,2e-05
millionaires,2e-05
ace,2e-05
cas,2e-05
shaken,2e-05
warnings,2e-05
presented,2e-05
courtroom,2e-05
touted,2e-05
architect,2e-05
boys,2e-05
arrested,2e-05
scrapped,2e-05
earth,2e-05
dominion,2e-05
trailing,2e-05
tops,2e-05
material,2e-05
shuttered,2e-05
count,2e-05
joy,2e-05
circumcised,2e-05
yardstick,2e-05
elicited,2e-05
panthers,2e-05
translate,2e-05
settlements,2e-05
aesthetics,2e-05
essays,2e-05
atom,2e-05
upped,2e-05
creation,2e-05
nonsense,2e-05
notable,2e-05
allows,2e-05
criticism,2e-05
artist,2e-05
villages,2e-05
loose,2e-05
property,2e-05
influenced,2e-05
bulk,2e-05
participated,2e-05
gis,2e-05
recreating,2e-05
nearing,2e-05
cleaner,2e-05
prosecutor,2e-05
magic,2e-05
nasa,2e-05
sets,2e-05
regression,2e-05
kingdom,2e-05
experiments,2e-05
shoe,2e-05
weight,2e-05
compromising,2e-05
replenishing,2e-05
possibility,2e-05
quitter,2e-05
underestimating,2e-05
publication,2e-05
counteract,2e-05
founders,2e-05
footnotes,2e-05
liquidation,2e-05
language,2e-05
repelled,2e-05
handing,2e-05
floated,2e-05
spans,2e-05
acne,2e-05
allegro,2e-05
denies,2e-05
establishment,2e-05
postponing,2e-05
engaging,2e-05
migrants,2e-05
variable,2e-05
fluff,2e-05
condemning,2e-05
is,2e-05
intensity,2e-05
dare,2e-05
unionized,2e-05
satellite,2e-05
backstop,2e-05
hysterectomies,2e-05
employ,2e-05
observer,2e-05
sound,2e-05
mapping,2e-05
library,2e-05
harassment,2e-05
defend,2e-05
undercut,2e-05
hosting,2e-05
paging,2e-05
follower,2e-05
tracker,2e-05
outperform,2e-05
balls,2e-05
fueling,2e-05
illiterate,2e-05
mills,2e-05
display,2e-05
tanzanians,2e-05
vampire,2e-05
hays,2e-05
injured,2e-05
pope,2e-05
appearing,2e-05
echoes,2e-05
weeklies,2e-05
draft,2e-05
henry,2e-05
benjamin,2e-05
complicated,2e-05
conservatives,2e-05
crook,2e-05
flowers,2e-05
scheme,2e-05
organising,2e-05
ths,2e-05
gather,2e-05
forfeited,2e-05
resume,2e-05
tia,2e-05
learned,2e-05
bod,2e-05
ordered,2e-05
destruction,2e-05
vantage,2e-05
fsb,2e-05
vise,2e-05
bootlicker,2e-05
realty,2e-05
scream,2e-05
devil,2e-05
emerge,2e-05
puppy,2e-05
caring,2e-05
sang,2e-05
standing,2e-05
restricting,2e-05
coal,2e-05
minerals,2e-05
sterns,2e-05
tucks,2e-05
arctic,2e-05
squared,2e-05
malfeasance,2e-05
greetings,2e-05
walk,2e-05
approached,2e-05
incarceration,2e-05
generations,2e-05
packing,2e-05
schemes,2e-05
urine,2e-05
expansion,2e-05
weigh,2e-05
goldilocks,2e-05
designer,2e-05
birds,2e-05
reelected,2e-05
reinstated,2e-05
letters,2e-05
pac,2e-05
weaponized,2e-05
eating,2e-05
motion,2e-05
rebounding,2e-05
fares,2e-05
feared,2e-05
pockets,2e-05
advises,2e-05
bounced,2e-05
homeless,2e-05
outline,2e-05
rejuvenate,2e-05
bruised,2e-05
myth,2e-05
oilfields,2e-05
gds,2e-05
minster,2e-05
bike,2e-05
aug,2e-05
cass,2e-05
rotation,2e-05
submitting,2e-05
pinto,2e-05
pile,2e-05
tussle,2e-05
token,2e-05
merits,2e-05
tea,2e-05
asses,2e-05
dives,2e-05
shorted,2e-05
dissuaded,2e-05
elected,2e-05
clicks,2e-05
mama,2e-05
forums,2e-05
climbing,2e-05
helm,2e-05
relax,2e-05
relate,2e-05
realized,2e-05
drowned,2e-05
locked,2e-05
stunning,2e-05
tempered,2e-05
erupted,2e-05
powered,2e-05
barber,2e-05
dwarf,2e-05
warrior,2e-05
shutting,2e-05
masking,2e-05
michael,2e-05
rap,2e-05
sobering,2e-05
delicious,2e-05
fools,2e-05
assumption,2e-05
sail,2e-05
leverages,2e-05
leisure,2e-05
leaking,2e-05
legend,2e-05
posit,2e-05
airing,2e-05
shed,2e-05
reimbursement,2e-05
kitchens,2e-05
girl,2e-05
ancient,2e-05
dawn,2e-05
initiated,2e-05
donating,2e-05
likelihood,2e-05
connected,2e-05
argentine,2e-05
virtue,2e-05
breakfast,2e-05
modern,2e-05
appreciation,2e-05
fool,2e-05
ages,2e-05
embarrassment,2e-05
icon,2e-05
tucker,2e-05
contest,2e-05
adversaries,2e-05
stronghold,2e-05
sentence,2e-05
ratios,2e-05
proliferated,2e-05
adapts,2e-05
dogs,2e-05
holders,2e-05
backgrounds,2e-05
shaking,2e-05
tackle,2e-05
eat,2e-05
scrambling,2e-05
scares,2e-05
endorsements,2e-05
calculated,2e-05
overtaking,2e-05
illustrates,2e-05
punk,2e-05
factions,2e-05
brace,2e-05
scrolling,2e-05
unveiled,2e-05
responds,2e-05
affording,2e-05
critic,2e-05
evoking,2e-05
ultraviolet,2e-05
traveling,2e-05
juniors,2e-05
grandparents,2e-05
appliance,2e-05
hikes,2e-05
featuring,2e-05
feelings,2e-05
representing,2e-05
adaptability,2e-05
imperative,2e-05
spins,2e-05
mentioned,2e-05
crew,2e-05
pathways,2e-05
fridges,2e-05
rejecting,2e-05
temperature,2e-05
photographed,2e-05
hip,2e-05
sticks,2e-05
ushered,2e-05
confusing,2e-05
punches,2e-05
deserve,2e-05
airwaves,2e-05
quantities,2e-05
towers,2e-05
bowl,2e-05
tumor,2e-05
assist,2e-05
satisfied,2e-05
luck,2e-05
lasting,2e-05
neglects,2e-05
technicals,2e-05
limitation,2e-05
mike,2e-05
stems,2e-05
condoms,2e-05
dell,2e-05
writes,2e-05
finger,2e-05
unleashing,2e-05
abandon,2e-05
amusement,2e-05
discipline,2e-05
butler,2e-05
panic,2e-05
subdued,2e-05
sentences,2e-05
moss,2e-05
amortisation,2e-05
pounding,2e-05
encounter,2e-05
speak,2e-05
stranger,2e-05
diaper,2e-05
bails,2e-05
scarcity,2e-05
visualization,2e-05
accomplishments,2e-05
constraints,2e-05
titan,2e-05
achievements,2e-05
wounding,2e-05
ira,2e-05
context,2e-05
recommends,2e-05
repercussions,2e-05
speaks,2e-05
rocketing,2e-05
retiring,2e-05
ocean,2e-05
swift,2e-05
obs,2e-05
foreigners,2e-05
mortgages,2e-05
indexes,2e-05
brother,2e-05
salaam,2e-05
deterring,2e-05
bug,2e-05
scepticism,2e-05
overhauls,2e-05
converted,2e-05
refiners,2e-05
fas,2e-05
celebrity,2e-05
flexibility,2e-05
mi,2e-05
min,2e-05
emphasizes,2e-05
bd,2e-05
employs,2e-05
cronies,2e-05
mourning,2e-05
king,2e-05
sack,2e-05
objectives,2e-05
associated,2e-05
allocating,2e-05
foaming,2e-05
yang,2e-05
federation,2e-05
reduces,2e-05
print,2e-05
mafia,2e-05
hating,2e-05
masks,2e-05
prayer,2e-05
conjunction,2e-05
footing,2e-05
comeback,2e-05
ride,2e-05
assembling,2e-05
venus,2e-05
rail,2e-05
epic,2e-05
slotted,2e-05
shadow,2e-05
stokes,2e-05
interior,2e-05
bumping,2e-05
populated,2e-05
veterans,2e-05
seconds,2e-05
dysfunction,2e-05
stooped,2e-05
consulting,2e-05
walking,2e-05
wallet,2e-05
coils,2e-05
offense,2e-05
ml,2e-05
fir,2e-05
twelve,2e-05
surrogate,2e-05
revenge,2e-05
dent,2e-05
propagandists,2e-05
frs,2e-05
queuing,2e-05
minis,2e-05
shipments,2e-05
pct,2e-05
quartz,2e-05
examined,2e-05
mutations,2e-05
wounds,2e-05
railway,2e-05
anova,2e-05
overview,2e-05
violated,2e-05
signage,2e-05
magnifying,2e-05
pointed,2e-05
lung,2e-05
leanings,2e-05
realize,2e-05
proponents,2e-05
themes,2e-05
swathe,2e-05
colonialism,2e-05
sacking,2e-05
modified,2e-05
ants,2e-05
lighthouses,2e-05
panicking,2e-05
ankles,2e-05
topaz,2e-05
wake,2e-05
pharma,2e-05
settled,2e-05
chic,2e-05
marine,2e-05
clearing,2e-05
productivity,2e-05
puppet,2e-05
sweet,2e-05
tournament,2e-05
deserved,2e-05
mission,2e-05
depression,2e-05
thanking,2e-05
expose,2e-05
watchdogs,2e-05
exploring,2e-05
ripping,2e-05
predict,2e-05
billionth,2e-05
horseman,2e-05
donor,2e-05
surviving,2e-05
minor,2e-05
reads,2e-05
asians,2e-05
daring,2e-05
pigeons,2e-05
brokerages,2e-05
gps,2e-05
prof,2e-05
bailed,2e-05
rattled,2e-05
unemployment,2e-05
spotted,2e-05
compounding,2e-05
homophobia,2e-05
focusing,2e-05
affection,2e-05
deluge,2e-05
demonstrated,2e-05
pharmaceuticals,2e-05
assumed,2e-05
dragon,2e-05
method,2e-05
particles,2e-05
narrowed,2e-05
undertaking,2e-05
dependency,2e-05
marketplace,2e-05
leftists,2e-05
dream,2e-05
mayors,2e-05
fish,2e-05
cruise,2e-05
rippled,2e-05
disrespect,2e-05
provision,2e-05
callous,2e-05
negotiator,2e-05
rhymes,2e-05
criticizing,2e-05
authors,2e-05
offset,2e-05
fad,2e-05
dame,2e-05
communication,2e-05
overdrafts,2e-05
corn,2e-05
updated,2e-05
coaster,2e-05
disadvantage,2e-05
prompted,2e-05
intention,2e-05
institution,2e-05
penthouse,2e-05
begging,2e-05
depending,2e-05
familys,2e-05
deductions,2e-05
packs,2e-05
justifying,2e-05
referenced,2e-05
expanse,2e-05
flies,2e-05
dents,2e-05
dissatisfied,2e-05
proportion,2e-05
unhinged,2e-05
johns,2e-05
innovation,2e-05
dirt,2e-05
fans,2e-05
reaps,2e-05
intimidate,2e-05
filter,2e-05
venturing,2e-05
ebit,2e-05
sunrise,2e-05
design,2e-05
experienced,2e-05
literal,2e-05
ordering,2e-05
efficacy,2e-05
appalling,2e-05
trademarks,2e-05
interested,2e-05
knockout,2e-05
salary,2e-05
wash,2e-05
patriot,2e-05
toys,2e-05
inclusion,2e-05
transfers,2e-05
hardware,2e-05
deterrent,2e-05
overwhelm,2e-05
mises,2e-05
fleets,2e-05
emailed,2e-05
addressing,2e-05
requested,2e-05
rhs,2e-05
reduced,2e-05
sit,2e-05
dons,2e-05
forging,2e-05
screech,2e-05
locker,2e-05
warm,2e-05
smile,2e-05
acoustic,2e-05
fist,2e-05
gases,2e-05
bicycles,2e-05
con,2e-05
lowered,2e-05
brawl,2e-05
shielded,2e-05
structure,2e-05
articles,2e-05
cartoonist,2e-05
grill,2e-05
conjugates,2e-05
badgers,2e-05
trio,2e-05
rebounded,2e-05
reeks,2e-05
apparel,2e-05
academic,2e-05
constitution,2e-05
pussies,2e-05
choosing,2e-05
imagine,2e-05
characterization,2e-05
horse,2e-05
envisioning,2e-05
sustain,2e-05
lip,2e-05
dmd,2e-05
packages,2e-05
wheelbarrows,2e-05
wrap,2e-05
african,2e-05
contracting,2e-05
behaved,2e-05
bap,2e-05
warner,2e-05
plate,2e-05
pumped,2e-05
samples,2e-05
rad,2e-05
shine,2e-05
inevitable,2e-05
massacre,2e-05
desperate,2e-05
necromancy,2e-05
homestretch,2e-05
leverage,2e-05
bribes,2e-05
flattered,2e-05
cracks,2e-05
authority,2e-05
paragraph,2e-05
baker,2e-05
obstruction,2e-05
curbing,2e-05
ew,2e-05
innocence,2e-05
totaling,2e-05
tucked,2e-05
butterfly,2e-05
creams,2e-05
holes,2e-05
innings,2e-05
enjoyed,2e-05
kansas,2e-05
smoking,2e-05
gathering,2e-05
bob,2e-05
comprehensive,2e-05
hp,2e-05
pizzas,2e-05
goo,2e-05
peaked,2e-05
queen,2e-05
turf,2e-05
dying,2e-05
connection,2e-05
violation,2e-05
liquefied,2e-05
snapshot,2e-05
ce,2e-05
thin,2e-05
brandy,2e-05
upgraded,2e-05
discussions,2e-05
shrinking,2e-05
swept,2e-05
babe,2e-05
mispronouncing,2e-05
inform,2e-05
colors,2e-05
soars,2e-05
minting,2e-05
risked,2e-05
encouraging,2e-05
ct,2e-05
tucking,2e-05
browsing,2e-05
founding,2e-05
ts,2e-05
disruptions,2e-05
bankruptcy,2e-05
belts,2e-05
grants,2e-05
anchor,2e-05
attendance,2e-05
victims,2e-05
standings,2e-05
condolences,2e-05
towel,2e-05
prepare,2e-05
buried,2e-05
fortunes,2e-05
feds,2e-05
societies,2e-05
fires,2e-05
recruiter,2e-05
raphael,2e-05
bm,2e-05
walled,2e-05
chips,2e-05
examples,2e-05
petition,2e-05
thrilled,2e-05
sinking,2e-05
destroys,2e-05
uniform,2e-05
cisco,2e-05
buses,2e-05
suns,2e-05
cr,2e-05
teenagers,2e-05
budgets,2e-05
empire,2e-05
floridians,2e-05
guns,2e-05
muslim,2e-05
deliveries,2e-05
abating,2e-05
refuses,2e-05
bestsellers,2e-05
luring,2e-05
associates,2e-05
hurdles,2e-05
overstep,2e-05
accomplished,2e-05
opponents,2e-05
mordant,2e-05
billings,2e-05
opposes,2e-05
capitalise,2e-05
chunk,2e-05
anxiety,2e-05
strengthen,2e-05
village,2e-05
bankruptcies,2e-05
ticks,2e-05
mentoring,2e-05
devastating,2e-05
comic,2e-05
kappa,2e-05
fthm,2e-05
tipping,2e-05
slogans,2e-05
recidivist,2e-05
alliances,2e-05
ceos,2e-05
leaping,2e-05
vermilion,2e-05
transcripts,2e-05
vale,2e-05
battered,2e-05
objections,2e-05
chapter,2e-05
parity,2e-05
correlates,2e-05
lefthander,2e-05
groceries,2e-05
spiking,2e-05
gb,2e-05
dragons,2e-05
slip,2e-05
thursdays,2e-05
battle,2e-05
implemented,2e-05
havoc,2e-05
rods,2e-05
sinks,2e-05
website,2e-05
parcel,2e-05
attending,2e-05
jr,2e-05
nut,2e-05
lysol,2e-05
dope,2e-05
amphibian,2e-05
boomed,2e-05
hammer,2e-05
spell,2e-05
appearance,2e-05
alabamas,2e-05
siding,2e-05
organized,2e-05
garden,2e-05
compares,2e-05
cough,2e-05
buddies,2e-05
interviews,2e-05
breakouts,2e-05
optics,2e-05
sugar,2e-05
downtown,2e-05
apocalypse,2e-05
salvation,2e-05
collapses,2e-05
sucking,2e-05
stealing,2e-05
farce,2e-05
makers,2e-05
fin,2e-05
displaying,2e-05
tuna,2e-05
deteriorate,2e-05
paddles,2e-05
spice,2e-05
insecurity,2e-05
hunch,2e-05
protect,2e-05
hoping,2e-05
duty,2e-05
weighting,2e-05
perception,2e-05
classified,2e-05
fridge,2e-05
mate,2e-05
hebrew,2e-05
informed,2e-05
ft,2e-05
icc,2e-05
integrity,2e-05
plenty,2e-05
guide,2e-05
box,2e-05
infected,2e-05
wrecking,2e-05
mom,2e-05
html,2e-05
diversion,2e-05
surface,2e-05
wrestling,2e-05
homelessness,2e-05
wanting,2e-05
embraces,2e-05
arrived,2e-05
bud,2e-05
steaks,2e-05
carolinians,2e-05
clawback,2e-05
peoples,2e-05
gallant,2e-05
starters,2e-05
throwback,2e-05
valley,2e-05
ramp,2e-05
licenses,2e-05
cents,2e-05
invented,2e-05
relaxing,2e-05
protocol,2e-05
impressions,2e-05
accountability,2e-05
landslide,2e-05
drag,2e-05
blames,2e-05
withdraw,2e-05
shirts,2e-05
relieves,2e-05
iris,2e-05
correlated,2e-05
gems,2e-05
phones,2e-05
milk,2e-05
operators,2e-05
descending,2e-05
basing,2e-05
interviewing,2e-05
edging,2e-05
lifted,2e-05
setup,2e-05
heralded,2e-05
cup,2e-05
hoard,2e-05
outfit,2e-05
grills,2e-05
adults,2e-05
zions,2e-05
hunters,2e-05
irony,2e-05
device,2e-05
mins,2e-05
awarded,2e-05
spokesperson,2e-05
shining,2e-05
flattening,2e-05
dynamics,2e-05
assertion,2e-05
collage,2e-05
bosses,2e-05
abused,2e-05
lady,2e-05
sadness,2e-05
welcomed,2e-05
blows,2e-05
male,2e-05
flock,2e-05
figured,2e-05
rescued,2e-05
stoppages,2e-05
drafted,2e-05
walked,2e-05
cementing,2e-05
involvement,2e-05
consequences,2e-05
screaming,2e-05
caul,2e-05
stimuli,2e-05
reporter,2e-05
knock,2e-05
dropper,2e-05
interests,2e-05
meltdown,2e-05
behaviours,2e-05
badger,2e-05
changer,2e-05
steady,2e-05
tears,2e-05
hoped,2e-05
murdered,2e-05
granddaughter,2e-05
normalization,2e-05
vault,2e-05
audiovisual,2e-05
molecule,2e-05
blessing,2e-05
hike,2e-05
jaw,2e-05
tankers,2e-05
bust,2e-05
consequence,2e-05
embark,2e-05
pos,2e-05
repayment,2e-05
punters,2e-05
congratulation,2e-05
abundance,2e-05
roads,2e-05
argued,2e-05
distinction,2e-05
banded,2e-05
rickey,2e-05
eleven,2e-05
circle,2e-05
messaging,2e-05
trek,2e-05
climbs,2e-05
transparency,2e-05
pueblo,2e-05
birthmark,2e-05
uses,2e-05
bribery,2e-05
sentiments,2e-05
starter,2e-05
whisper,2e-05
punch,2e-05
ranking,2e-05
raced,2e-05
narc,2e-05
concentrated,2e-05
colon,2e-05
decarbonising,2e-05
pun,2e-05
supporting,2e-05
rookie,2e-05
opposed,2e-05
tide,2e-05
stacking,2e-05
buyback,2e-05
goodwill,2e-05
millennia,2e-05
ceremonial,2e-05
monitoring,2e-05
mandatory,2e-05
worshippers,2e-05
graphs,2e-05
soap,2e-05
eighties,2e-05
suggest,2e-05
devoting,2e-05
beaten,2e-05
whips,2e-05
algorithm,2e-05
politicians,2e-05
dented,2e-05
strands,2e-05
therapeutics,2e-05
whopping,2e-05
brad,2e-05
complements,2e-05
impunity,2e-05
sink,2e-05
readers,2e-05
telegraph,2e-05
recognize,2e-05
jumping,2e-05
rocks,2e-05
lens,2e-05
incentive,2e-05
bouncer,2e-05
ado,2e-05
rage,2e-05
observers,2e-05
defending,2e-05
compassion,2e-05
wrestlers,2e-05
complained,2e-05
theatres,2e-05
calamity,2e-05
keys,2e-05
essentials,2e-05
legacies,2e-05
echo,2e-05
euro,2e-05
locusts,2e-05
licensed,2e-05
gray,2e-05
