co,0.02932
https,0.02428
stocks,0.01675
stock,0.01338
points,0.01247
market,0.01107
week,0.00974
flow,0.00918
inc,0.0089
shares,0.00855
top,0.00781
index,0.00767
said,0.00739
day,0.00711
buy,0.00687
futures,0.00673
fell,0.00596
earnings,0.00575
rose,0.00571
highs,0.00564
trading,0.00557
york,0.00536
investors,0.00536
sell,0.00518
street,0.00515
energy,0.0042
corp,0.00417
ratio,0.00413
year,0.00413
last,0.0041
data,0.00396
composite,0.00392
investment,0.00389
today,0.00378
high,0.00375
lows,0.00357
exchange,0.00354
companies,0.0035
stimulus,0.00347
lower,0.00343
volume,0.00343
average,0.00336
markets,0.00329
closed,0.00329
future,0.00326
live,0.00319
quarter,0.00319
wall,0.00315
animated,0.00308
issues,0.00305
file,0.00298
mini,0.00294
trump,0.00294
growth,0.00287
sector,0.00287
amp,0.00287
photo,0.0028
house,0.00266
price,0.00266
news,0.00263
time,0.00263
indexes,0.00263
weekly,0.00256
sign,0.00245
president,0.00242
posted,0.00242
record,0.00242
pandemic,0.00242
group,0.00231
quarterly,0.00231
see,0.00231
wednesday,0.00231
election,0.00228
month,0.00224
technology,0.00224
first,0.00224
package,0.00221
recovery,0.00217
profit,0.00217
third,0.00217
single,0.00217
vaccine,0.00217
prices,0.00214
gains,0.0021
major,0.002
deal,0.00196
trade,0.00196
added,0.00196
expectations,0.00193
gained,0.00193
favored,0.00189
jumped,0.00189
recorded,0.00186
main,0.00186
low,0.00182
apple,0.00182
crude,0.00179
outnumbered,0.00179
chief,0.00179
support,0.00175
results,0.00175
days,0.00175
relief,0.00172
session,0.00172
long,0.00172
bank,0.00172
treasury,0.00172
back,0.00168
value,0.00168
sectors,0.00168
like,0.00168
lost,0.00168
hit,0.00165
still,0.00165
economy,0.00165
according,0.00165
showed,0.00165
short,0.00161
drop,0.00158
dropped,0.00158
rise,0.00158
amazon,0.00158
company,0.00158
tech,0.00158
declining,0.00158
report,0.00154
advancing,0.00154
yields,0.00151
oil,0.00147
reporting,0.00144
aid,0.00144
tesla,0.0014
sales,0.00137
going,0.00137
including,0.00137
demand,0.00133
alphabet,0.0013
due,0.0013
resistance,0.0013
go,0.0013
states,0.0013
gold,0.00126
home,0.00126
estimates,0.00126
close,0.00126
hopes,0.00126
get,0.00126
forecast,0.00123
united,0.00123
oct,0.00123
term,0.00123
daily,0.00123
ones,0.00123
talks,0.00119
leading,0.00119
inflation,0.00119
advancers,0.00119
analysts,0.00119
federal,0.00116
european,0.00116
full,0.00116
work,0.00116
reports,0.00112
reported,0.00112
months,0.00112
traders,0.00112
season,0.00112
level,0.00109
window,0.00109
consumer,0.00109
think,0.00109
much,0.00105
worst,0.00105
fund,0.00105
volatility,0.00105
rising,0.00105
type,0.00105
white,0.00105
business,0.00105
equities,0.00105
potential,0.00105
weeks,0.00105
revenue,0.00102
slipped,0.00102
expected,0.00102
bill,0.00102
vs,0.00102
exchanges,0.00102
fourth,0.00102
total,0.00102
take,0.00102
cases,0.00098
percentage,0.00098
looking,0.00098
labor,0.00098
blog,0.00098
funds,0.00098
services,0.00098
deposit,0.00098
editing,0.00098
bond,0.00095
fall,0.00095
strategist,0.00095
google,0.00095
years,0.00095
falling,0.00095
airlines,0.00095
climbed,0.00095
maker,0.00095
city,0.00091
march,0.00091
set,0.00091
progress,0.00091
beat,0.00091
led,0.00088
concerns,0.00088
risk,0.00088
income,0.00088
backing,0.00088
helped,0.00088
democrats,0.00088
administration,0.00084
small,0.00084
making,0.00084
drug,0.00084
money,0.00084
post,0.00084
coming,0.00084
january,0.00084
breaching,0.00084
secretary,0.00084
cash,0.00084
capital,0.00084
indicate,0.00084
building,0.00084
ended,0.00084
bell,0.00084
people,0.00081
losses,0.00081
watch,0.00081
latest,0.00081
benchmark,0.00081
canadian,0.00081
rally,0.00081
focus,0.00081
indices,0.00081
plan,0.00081
second,0.00081
management,0.00081
private,0.00081
leaders,0.00081
agreement,0.00081
positive,0.00081
senate,0.00081
track,0.00077
sentiment,0.00077
traded,0.00077
moving,0.00077
remained,0.00077
fears,0.00077
cost,0.00077
yield,0.00077
decline,0.00077
reserve,0.00077
valuation,0.00077
restrictions,0.00077
related,0.00077
point,0.00074
head,0.00074
lagging,0.00074
near,0.00074
heavy,0.00074
uncertainty,0.00074
past,0.00074
key,0.00074
surged,0.00074
levels,0.00074
interest,0.0007
final,0.0007
valuations,0.0007
momentum,0.0007
look,0.0007
electric,0.0007
straight,0.0007
loss,0.0007
americans,0.0007
investing,0.0007
rebound,0.0007
declines,0.0007
barrel,0.0007
channel,0.0007
good,0.0007
activity,0.0007
meanwhile,0.0007
rates,0.0007
end,0.0007
system,0.00067
october,0.00067
swing,0.00067
sharp,0.00067
options,0.00067
speaker,0.00067
gmt,0.00067
round,0.00067
resources,0.00067
well,0.00067
percent,0.00067
gain,0.00067
policy,0.00067
holdings,0.00067
open,0.00067
art,0.00067
tuesday,0.00067
world,0.00067
even,0.00063
spending,0.00063
jobs,0.00063
equity,0.00063
volatile,0.00063
tomorrow,0.00063
republican,0.00063
manufacturing,0.00063
banks,0.00063
list,0.00063
congress,0.00063
expect,0.00063
etf,0.00063
products,0.00063
investor,0.00063
updates,0.00063
silver,0.00063
pullback,0.00063
min,0.00063
current,0.00063
closing,0.00063
thursday,0.00063
know,0.00063
tumbled,0.00063
bay,0.0006
falls,0.0006
upbeat,0.0006
debate,0.0006
monday,0.0006
annual,0.0006
optimism,0.0006
start,0.0006
reached,0.0006
increased,0.0006
outside,0.0006
original,0.0006
made,0.0006
chip,0.0006
stay,0.0006
west,0.0006
sensitive,0.0006
bottom,0.0006
lawmakers,0.0006
intermediate,0.0006
call,0.00056
software,0.00056
analysis,0.00056
little,0.00056
cap,0.00056
securities,0.00056
got,0.00056
poised,0.00056
offers,0.00056
blue,0.00056
deco,0.00056
car,0.00056
move,0.00056
number,0.00056
national,0.00056
asset,0.00056
mark,0.00056
health,0.00056
send,0.00056
claims,0.00056
investments,0.00056
off,0.00056
regular,0.00056
bets,0.00056
come,0.00053
black,0.00053
focused,0.00053
net,0.00053
firms,0.00053
following,0.00053
way,0.00053
friday,0.00053
comment,0.00053
signs,0.00053
buying,0.00053
change,0.00053
challenger,0.00053
selling,0.00053
flag,0.00053
september,0.00053
materials,0.00053
research,0.00053
director,0.00053
state,0.00053
unemployment,0.00049
portfolio,0.00049
comments,0.00049
targets,0.00049
dipped,0.00049
metals,0.00049
pictured,0.00049
manager,0.00049
wrap,0.00049
dm,0.00049
afternoon,0.00049
part,0.00049
times,0.00049
bonus,0.00049
signal,0.00049
adp,0.00049
es,0.00049
continue,0.00049
broker,0.00049
media,0.00049
right,0.00049
assets,0.00049
rises,0.00049
infections,0.00049
representatives,0.00049
great,0.00049
outlook,0.00049
december,0.00049
free,0.00049
moves,0.00049
need,0.00046
increase,0.00046
despite,0.00046
country,0.00046
return,0.00046
board,0.00046
best,0.00046
remain,0.00046
managing,0.00046
adds,0.00046
continued,0.00046
agreed,0.00046
proposal,0.00046
share,0.00046
includes,0.00046
say,0.00046
partner,0.00046
officer,0.00046
tracking,0.00046
make,0.00046
real,0.00046
benefits,0.00046
majority,0.00046
analyst,0.00042
monthly,0.00042
international,0.00042
find,0.00042
yesterday,0.00042
government,0.00042
feb,0.00042
video,0.00042
veracity,0.00042
tell,0.00042
surge,0.00042
department,0.00042
sessions,0.00042
weighed,0.00042
chart,0.00042
twitter,0.00042
averages,0.00042
cannabis,0.00042
taking,0.00042
target,0.00042
legislation,0.00042
gave,0.00042
tweet,0.00042
pushed,0.00042
pep,0.00042
members,0.00042
performers,0.00042
announced,0.00042
dividend,0.00042
opening,0.00042
looks,0.00042
trend,0.00042
bought,0.00042
communications,0.00042
declined,0.00042
getting,0.00042
industry,0.00042
boosted,0.00042
win,0.00039
floor,0.00039
shows,0.00039
june,0.00039
leader,0.00039
hold,0.00039
returns,0.00039
alliance,0.00039
remains,0.00039
saw,0.00039
store,0.00039
reach,0.00039
gainers,0.00039
emergency,0.00039
jump,0.00039
advanced,0.00039
raise,0.00039
run,0.00039
help,0.00039
saying,0.00039
losing,0.00039
crash,0.00039
negotiations,0.00039
systems,0.00039
dj,0.00039
streaming,0.00039
premium,0.00039
case,0.00039
miners,0.00039
reversal,0.00039
amd,0.00039
gauge,0.00039
lot,0.00039
cloud,0.00035
forward,0.00035
inside,0.00035
means,0.00035
travel,0.00035
use,0.00035
better,0.00035
virus,0.00035
base,0.00035
put,0.00035
flying,0.00035
posting,0.00035
trending,0.00035
chair,0.00035
chain,0.00035
continues,0.00035
finance,0.00035
midday,0.00035
show,0.00035
up,0.00035
zone,0.00035
caps,0.00035
seeing,0.00035
mu,0.00035
starting,0.00035
parent,0.00035
front,0.00035
edged,0.00035
flat,0.00035
technical,0.00035
jersey,0.00035
selloff,0.00035
disease,0.00035
emerging,0.00035
details,0.00035
pressure,0.00035
trials,0.00035
strategy,0.00035
large,0.00035
firm,0.00035
elections,0.00035
weighing,0.00035
expects,0.00035
utilities,0.00035
visit,0.00035
polls,0.00032
opens,0.00032
account,0.00032
using,0.00032
mixed,0.00032
course,0.00032
airline,0.00032
communication,0.00032
dominion,0.00032
bad,0.00032
depot,0.00032
orange,0.00032
natural,0.00032
vaccination,0.00032
employment,0.00032
finished,0.00032
slid,0.00032
profits,0.00032
missed,0.00032
improvement,0.00032
power,0.00032
race,0.00032
vaccines,0.00032
november,0.00032
candlestick,0.00032
possible,0.00032
keep,0.00032
shed,0.00032
register,0.00032
flight,0.00032
zoom,0.00032
candidate,0.00032
line,0.00032
mean,0.00032
ready,0.00032
follow,0.00032
brand,0.00032
american,0.00032
bit,0.00032
mining,0.00032
trades,0.00032
china,0.00032
payrolls,0.00032
meeting,0.00032
central,0.00028
article,0.00028
join,0.00028
reading,0.00028
cvs,0.00028
invest,0.00028
production,0.00028
efforts,0.00028
entertainment,0.00028
filing,0.00028
at,0.00028
give,0.00028
same,0.00028
manhattan,0.00028
presidency,0.00028
victory,0.00028
overall,0.00028
shopping,0.00028
social,0.00028
patent,0.00028
todays,0.00028
driven,0.00028
service,0.00028
want,0.00028
food,0.00028
review,0.00028
gainer,0.00028
cisco,0.00028
worth,0.00028
gap,0.00028
least,0.00028
semiconductor,0.00028
correction,0.00028
july,0.00028
advance,0.00028
technologies,0.00028
borough,0.00028
series,0.00028
turn,0.00028
businesses,0.00028
marathon,0.00028
pattern,0.00028
retailers,0.00028
battleground,0.00028
executive,0.00028
alert,0.00028
staples,0.00028
estate,0.00028
fas,0.00028
riot,0.00028
discuss,0.00028
candlesticks,0.00028
lack,0.00028
pointing,0.00028
approval,0.00028
senior,0.00028
participants,0.00028
life,0.00028
approved,0.00028
triggered,0.00028
hurt,0.00028
treatment,0.00028
developer,0.00028
therapeutics,0.00028
spy,0.00028
surging,0.00025
pass,0.00025
wealth,0.00025
increasing,0.00025
lenders,0.00025
red,0.00025
calling,0.00025
beating,0.00025
warned,0.00025
proposed,0.00025
hope,0.00025
staff,0.00025
break,0.00025
cluster,0.00025
public,0.00025
retailer,0.00025
beginning,0.00025
topped,0.00025
women,0.00025
factor,0.00025
willing,0.00025
birthday,0.00025
comprehensive,0.00025
test,0.00025
loan,0.00025
measures,0.00025
source,0.00025
chairman,0.00025
europe,0.00025
meadows,0.00025
client,0.00025
featuring,0.00025
started,0.00025
costs,0.00025
august,0.00025
peak,0.00025
reversed,0.00025
performing,0.00025
lead,0.00025
broke,0.00025
antibody,0.00025
view,0.00025
took,0.00025
star,0.00025
stop,0.00025
hours,0.00025
pace,0.00025
working,0.00025
messaging,0.00025
oriented,0.00025
reaching,0.00025
benefit,0.00025
direct,0.00025
mrna,0.00025
winners,0.00025
worried,0.00025
pairs,0.00025
air,0.00025
network,0.00021
trillium,0.00021
initial,0.00021
night,0.00021
pharmaceuticals,0.00021
warning,0.00021
prospects,0.00021
silva,0.00021
drugs,0.00021
push,0.00021
controlled,0.00021
ibex,0.00021
elevated,0.00021
whole,0.00021
damage,0.00021
left,0.00021
fear,0.00021
holding,0.00021
spike,0.00021
morning,0.00021
cautioned,0.00021
idea,0.00021
side,0.00021
stretch,0.00021
wholesale,0.00021
graphic,0.00021
signals,0.00021
thanks,0.00021
iowa,0.00021
holiday,0.00021
sending,0.00021
action,0.00021
buyers,0.00021
row,0.00021
lockdowns,0.00021
developed,0.00021
closer,0.00021
offer,0.00021
officials,0.00021
minutes,0.00021
click,0.00021
outperformed,0.00021
general,0.00021
stand,0.00021
consider,0.00021
testing,0.00021
announcement,0.00021
anil,0.00021
macro,0.00021
true,0.00021
things,0.00021
study,0.00021
rotation,0.00021
enough,0.00021
bulls,0.00021
strategists,0.00021
soared,0.00021
weekend,0.00021
powered,0.00021
asia,0.00021
disappointing,0.00021
wellness,0.00021
fifth,0.00021
miner,0.00021
eased,0.00021
sports,0.00021
lines,0.00021
ending,0.00021
countries,0.00021
betting,0.00021
told,0.00021
banking,0.00021
feedback,0.00021
adding,0.00021
vehicle,0.00021
patients,0.00021
play,0.00021
trial,0.00021
slump,0.00021
hedge,0.00021
game,0.00021
quick,0.00021
ride,0.00021
pts,0.00021
north,0.00021
prediction,0.00021
husky,0.00021
producer,0.00021
inflows,0.00021
shot,0.00021
began,0.00021
steep,0.00021
fed,0.00021
rut,0.00021
sunday,0.00021
images,0.00018
worries,0.00018
cruise,0.00018
limited,0.00018
performer,0.00018
entry,0.00018
rests,0.00018
soaring,0.00018
dec,0.00018
edge,0.00018
leads,0.00018
signaled,0.00018
fueled,0.00018
elect,0.00018
called,0.00018
boom,0.00018
nearing,0.00018
sold,0.00018
developing,0.00018
owner,0.00018
areas,0.00018
campaigning,0.00018
possibility,0.00018
commerce,0.00018
forecasts,0.00018
domestic,0.00018
managers,0.00018
question,0.00018
rebounded,0.00018
voting,0.00018
happen,0.00018
include,0.00018
slowing,0.00018
reverse,0.00018
let,0.00018
mines,0.00018
position,0.00018
growers,0.00018
extended,0.00018
light,0.00018
rate,0.00018
book,0.00018
giant,0.00018
tested,0.00018
bonds,0.00018
green,0.00018
performance,0.00018
underlying,0.00018
factory,0.00018
extending,0.00018
safe,0.00018
so,0.00018
voted,0.00018
movers,0.00018
hospital,0.00018
appeared,0.00018
heavyweights,0.00018
core,0.00018
speaking,0.00018
pulled,0.00018
operations,0.00018
locked,0.00018
vermilion,0.00018
pharmacy,0.00018
recession,0.00018
attention,0.00018
michael,0.00018
surges,0.00018
slack,0.00018
begin,0.00018
mobile,0.00018
royal,0.00018
roll,0.00018
medical,0.00018
orders,0.00018
center,0.00018
losers,0.00018
slow,0.00018
decade,0.00018
bounce,0.00018
platform,0.00018
jan,0.00018
information,0.00018
clients,0.00018
former,0.00018
boosting,0.00018
shift,0.00018
cautious,0.00018
inverse,0.00018
sustainability,0.00018
retreated,0.00018
prime,0.00018
races,0.00018
range,0.00018
kept,0.00018
wearing,0.00018
became,0.00018
flows,0.00018
area,0.00018
swift,0.00018
variants,0.00018
pressured,0.00018
came,0.00018
joins,0.00018
begins,0.00018
showing,0.00018
beta,0.00018
masks,0.00018
fast,0.00018
broad,0.00018
family,0.00018
steam,0.00018
half,0.00018
raising,0.00018
talking,0.00018
becoming,0.00018
flash,0.00018
become,0.00018
defensive,0.00018
indian,0.00018
changed,0.00018
face,0.00018
wake,0.00018
republicans,0.00018
television,0.00018
brent,0.00018
extend,0.00018
dropping,0.00014
drivers,0.00014
risen,0.00014
trader,0.00014
slumped,0.00014
beverage,0.00014
operator,0.00014
negative,0.00014
chevron,0.00014
quote,0.00014
add,0.00014
poll,0.00014
verify,0.00014
quotation,0.00014
tom,0.00014
followed,0.00014
constituents,0.00014
sharing,0.00014
eye,0.00014
desk,0.00014
person,0.00014
occidental,0.00014
invested,0.00014
devices,0.00014
governments,0.00014
waiting,0.00014
doubts,0.00014
payment,0.00014
portfolios,0.00014
security,0.00014
district,0.00014
environment,0.00014
ark,0.00014
looked,0.00014
ground,0.00014
dollar,0.00014
scenario,0.00014
cant,0.00014
ab,0.00014
prior,0.00014
phase,0.00014
rallied,0.00014
campaign,0.00014
club,0.00014
drove,0.00014
arts,0.00014
millions,0.00014
raised,0.00014
likes,0.00014
timeline,0.00014
corporations,0.00014
gets,0.00014
hopeful,0.00014
shortage,0.00014
sixth,0.00014
breakthroughs,0.00014
western,0.00014
hayes,0.00014
frenzy,0.00014
calls,0.00014
impact,0.00014
trust,0.00014
breaking,0.00014
petroleum,0.00014
territory,0.00014
sciences,0.00014
running,0.00014
setting,0.00014
care,0.00014
step,0.00014
lifting,0.00014
welcome,0.00014
personal,0.00014
thin,0.00014
wave,0.00014
approached,0.00014
digested,0.00014
aggregate,0.00014
cancer,0.00014
ts,0.00014
disruptions,0.00014
gaining,0.00014
issue,0.00014
pockets,0.00014
taxes,0.00014
bounced,0.00014
control,0.00014
motors,0.00014
hitting,0.00014
order,0.00014
plans,0.00014
buyout,0.00014
infection,0.00014
returned,0.00014
combined,0.00014
hogan,0.00014
nas,0.00014
decide,0.00014
separate,0.00014
nears,0.00014
minimum,0.00014
machines,0.00014
effort,0.00014
keeping,0.00014
hour,0.00014
lane,0.00014
recovering,0.00014
worker,0.00014
wood,0.00014
workers,0.00014
aviation,0.00014
measure,0.00014
cst,0.00014
induced,0.00014
force,0.00014
reason,0.00014
pay,0.00014
displaying,0.00014
consumers,0.00014
integral,0.00014
normal,0.00014
bolstered,0.00014
seems,0.00014
chase,0.00014
expressed,0.00014
sustained,0.00014
divided,0.00014
outcome,0.00014
margins,0.00014
infrastructure,0.00014
expecting,0.00014
charlotte,0.00014
dimmed,0.00014
image,0.00014
winning,0.00014
aims,0.00014
competition,0.00014
underscored,0.00014
elements,0.00014
delivery,0.00014
drag,0.00014
leave,0.00014
differences,0.00014
intelligence,0.00014
chance,0.00014
breakout,0.00014
developments,0.00014
peter,0.00014
believe,0.00014
dollars,0.00014
love,0.00014
crushed,0.00014
interesting,0.00014
semiconductors,0.00014
wage,0.00014
kind,0.00014
wells,0.00014
worse,0.00014
hoped,0.00014
committee,0.00014
max,0.00014
picked,0.00014
entered,0.00014
downturn,0.00014
swapped,0.00014
economists,0.00014
turned,0.00014
scaled,0.00014
stalling,0.00014
marks,0.00014
slide,0.00014
james,0.00014
caused,0.00014
supporting,0.00014
development,0.00014
healthcare,0.00014
plunging,0.00014
headline,0.00014
adjusted,0.00014
liquid,0.00014
approve,0.00014
benefited,0.00014
concern,0.00014
vice,0.00014
spiraling,0.00014
consensus,0.00014
shale,0.00011
canopy,0.00011
in,0.00011
teamed,0.00011
sank,0.00011
purchases,0.00011
size,0.00011
multiple,0.00011
halls,0.00011
powering,0.00011
feels,0.00011
stance,0.00011
rights,0.00011
released,0.00011
wiping,0.00011
values,0.00011
event,0.00011
goal,0.00011
ounce,0.00011
matter,0.00011
boosts,0.00011
simulation,0.00011
passed,0.00011
logged,0.00011
slowed,0.00011
output,0.00011
plunge,0.00011
pared,0.00011
clarity,0.00011
compounded,0.00011
winding,0.00011
provide,0.00011
launches,0.00011
material,0.00011
carrier,0.00011
vote,0.00011
anticipation,0.00011
needs,0.00011
enthusiasm,0.00011
reckoning,0.00011
notable,0.00011
figures,0.00011
tax,0.00011
authorization,0.00011
response,0.00011
threat,0.00011
transportation,0.00011
pressures,0.00011
sept,0.00011
closure,0.00011
drags,0.00011
sets,0.00011
writing,0.00011
fact,0.00011
goes,0.00011
law,0.00011
pro,0.00011
assistance,0.00011
reminder,0.00011
interview,0.00011
read,0.00011
yrs,0.00011
cars,0.00011
approach,0.00011
century,0.00011
bull,0.00011
pickup,0.00011
doctors,0.00011
summer,0.00011
extra,0.00011
announcing,0.00011
tobacco,0.00011
request,0.00011
automaker,0.00011
etfs,0.00011
scoop,0.00011
incoming,0.00011
treated,0.00011
acquired,0.00011
sitting,0.00011
doubled,0.00011
fill,0.00011
se,0.00011
fuel,0.00011
period,0.00011
records,0.00011
grew,0.00011
struggling,0.00011
thing,0.00011
happening,0.00011
resume,0.00011
theres,0.00011
watching,0.00011
seasonal,0.00011
suffered,0.00011
spokesman,0.00011
relative,0.00011
class,0.00011
held,0.00011
kohl,0.00011
moved,0.00011
preparing,0.00011
mondays,0.00011
rejected,0.00011
remarks,0.00011
improving,0.00011
pushing,0.00011
advisors,0.00011
sort,0.00011
risked,0.00011
covered,0.00011
continuation,0.00011
drifted,0.00011
streak,0.00011
anss,0.00011
touched,0.00011
alerts,0.00011
monitored,0.00011
exposure,0.00011
na,0.00011
promising,0.00011
agree,0.00011
spoke,0.00011
decisions,0.00011
rout,0.00011
derivatives,0.00011
simulators,0.00011
euros,0.00011
polled,0.00011
changes,0.00011
check,0.00011
homes,0.00011
eldorado,0.00011
views,0.00011
commodities,0.00011
mood,0.00011
deliveries,0.00011
mar,0.00011
entire,0.00011
counsel,0.00011
putting,0.00011
ms,0.00011
martin,0.00011
climbing,0.00011
medium,0.00011
commission,0.00011
parts,0.00011
failed,0.00011
individuals,0.00011
tweets,0.00011
spartan,0.00011
slip,0.00011
assumption,0.00011
addition,0.00011
margin,0.00011
shipping,0.00011
registered,0.00011
1990s,0.00011
housing,0.00011
update,0.00011
clean,0.00011
lagged,0.00011
apply,0.00011
boost,0.00011
release,0.00011
sought,0.00011
girl,0.00011
tec,0.00011
dip,0.00011
halt,0.00011
lift,0.00011
surprise,0.00011
wedge,0.00011
complete,0.00011
fading,0.00011
hand,0.00011
coupled,0.00011
sliding,0.00011
dividends,0.00011
opportunity,0.00011
growing,0.00011
threatening,0.00011
re,0.00011
properties,0.00011
ease,0.00011
room,0.00011
capped,0.00011
divergence,0.00011
makers,0.00011
subscribers,0.00011
testimony,0.00011
court,0.00011
discharged,0.00011
juggled,0.00011
turnover,0.00011
suggestions,0.00011
military,0.00011
unveiled,0.00011
town,0.00011
empty,0.00011
transport,0.00011
disorder,0.00011
tightening,0.00011
signed,0.00011
act,0.00011
positions,0.00011
trends,0.00011
supported,0.00011
dueling,0.00011
weighted,0.00011
norwegian,0.00011
picture,0.00011
streets,0.00011
workplace,0.00011
raises,0.00011
slowdown,0.00011
contain,0.00011
countered,0.00011
try,0.00011
pal,0.00011
accounts,0.00011
mike,0.00011
community,0.00011
games,0.00011
trigger,0.00011
grow,0.00011
delivering,0.00011
lifted,0.00011
survey,0.00011
inoculation,0.00011
outflows,0.00011
debt,0.00011
ne,0.00011
helping,0.00011
numbers,0.00011
clocking,0.00011
names,0.00011
senators,0.00011
deficiency,0.00011
contracted,0.00011
moments,0.00011
chasing,0.00011
sidelines,0.00011
shy,0.00011
applications,0.00011
safety,0.00011
tracked,0.00011
effects,0.00011
charts,0.00011
received,0.00011
diversify,0.00011
rock,0.00011
muscle,0.00011
plunged,0.00011
proposals,0.00011
tools,0.00011
musk,0.00011
job,0.00011
german,0.00011
economist,0.00011
story,0.00011
regulator,0.00011
opec,0.00011
crept,0.00011
backed,0.00011
minis,0.00011
fashion,0.00011
opposed,0.00011
prescription,0.00011
budget,0.00011
aurora,0.00011
gas,0.00011
out,0.00011
profile,0.00011
voters,0.00011
pointed,0.00011
blocks,0.00011
beaten,0.00011
compromise,0.00011
easing,0.00011
jumping,0.00011
firmed,0.00011
protein,0.00011
sale,0.00011
hire,0.00011
weather,0.00011
buys,0.00011
date,0.00011
block,0.00011
euro,0.00011
medications,0.00011
brokerages,7e-05
option,7e-05
fizzling,7e-05
shied,7e-05
campaigns,7e-05
spread,7e-05
devon,7e-05
diminishing,7e-05
passengers,7e-05
stores,7e-05
ninth,7e-05
sap,7e-05
spiral,7e-05
clutch,7e-05
surpassed,7e-05
thoughts,7e-05
edition,7e-05
happens,7e-05
underscoring,7e-05
flyers,7e-05
pivot,7e-05
surprised,7e-05
treasuries,7e-05
body,7e-05
piling,7e-05
reviewing,7e-05
citizens,7e-05
congratulations,7e-05
spark,7e-05
math,7e-05
outperforming,7e-05
stalled,7e-05
cascades,7e-05
content,7e-05
obsessed,7e-05
aim,7e-05
notes,7e-05
offset,7e-05
roiling,7e-05
evening,7e-05
broken,7e-05
reality,7e-05
priority,7e-05
slipping,7e-05
sparked,7e-05
british,7e-05
computing,7e-05
makeover,7e-05
learn,7e-05
euphoria,7e-05
bookings,7e-05
accelerate,7e-05
cos,7e-05
decades,7e-05
god,7e-05
jitters,7e-05
vehicles,7e-05
turning,7e-05
purging,7e-05
entering,7e-05
paid,7e-05
starts,7e-05
roaring,7e-05
active,7e-05
wants,7e-05
reversing,7e-05
loose,7e-05
design,7e-05
form,7e-05
balance,7e-05
speculators,7e-05
tired,7e-05
nothing,7e-05
bet,7e-05
shock,7e-05
tolerate,7e-05
favorites,7e-05
joining,7e-05
inflicting,7e-05
bar,7e-05
indicating,7e-05
shorting,7e-05
condition,7e-05
unnerved,7e-05
bears,7e-05
bolster,7e-05
strategies,7e-05
neck,7e-05
movies,7e-05
failure,7e-05
tracks,7e-05
office,7e-05
cheat,7e-05
yes,7e-05
launch,7e-05
vaccinations,7e-05
governors,7e-05
learning,7e-05
techs,7e-05
matt,7e-05
climb,7e-05
simple,7e-05
holds,7e-05
opinion,7e-05
combination,7e-05
odds,7e-05
crisis,7e-05
fallout,7e-05
haul,7e-05
passage,7e-05
hotels,7e-05
warren,7e-05
feeding,7e-05
rotations,7e-05
regained,7e-05
grill,7e-05
peaks,7e-05
payments,7e-05
crystallizing,7e-05
illustration,7e-05
fade,7e-05
breaks,7e-05
profitability,7e-05
solution,7e-05
ballots,7e-05
citing,7e-05
wait,7e-05
blackberry,7e-05
conservative,7e-05
struck,7e-05
physician,7e-05
hailing,7e-05
alpha,7e-05
wont,7e-05
castor,7e-05
lip,7e-05
wild,7e-05
packages,7e-05
weakening,7e-05
match,7e-05
dampened,7e-05
steps,7e-05
suggests,7e-05
tm,7e-05
partners,7e-05
canceled,7e-05
distribution,7e-05
agreeing,7e-05
oracle,7e-05
cord,7e-05
player,7e-05
dot,7e-05
advertisers,7e-05
particular,7e-05
justice,7e-05
site,7e-05
ok,7e-05
places,7e-05
thinking,7e-05
pledged,7e-05
outbreak,7e-05
stoking,7e-05
south,7e-05
background,7e-05
chinese,7e-05
paragraph,7e-05
catalyst,7e-05
abandoned,7e-05
baker,7e-05
leaf,7e-05
halting,7e-05
comes,7e-05
managed,7e-05
individual,7e-05
vanguard,7e-05
candidates,7e-05
headed,7e-05
exposures,7e-05
dgs,7e-05
outs,7e-05
accompanying,7e-05
piece,7e-05
credit,7e-05
included,7e-05
legacy,7e-05
standing,7e-05
sky,7e-05
logging,7e-05
therapy,7e-05
minerals,7e-05
contacts,7e-05
tend,7e-05
thirds,7e-05
shared,7e-05
spate,7e-05
violation,7e-05
kicked,7e-05
double,7e-05
expenses,7e-05
dipping,7e-05
discussions,7e-05
driving,7e-05
talk,7e-05
generations,7e-05
appears,7e-05
remarked,7e-05
expansion,7e-05
disappointment,7e-05
resurgence,7e-05
darkened,7e-05
pulling,7e-05
twin,7e-05
tilted,7e-05
bouncing,7e-05
meet,7e-05
rebounds,7e-05
member,7e-05
illness,7e-05
experts,7e-05
rocket,7e-05
reinstated,7e-05
reopening,7e-05
human,7e-05
antiviral,7e-05
principal,7e-05
float,7e-05
approves,7e-05
aircraft,7e-05
police,7e-05
kid,7e-05
rebounding,7e-05
chicago,7e-05
registering,7e-05
seemed,7e-05
rich,7e-05
warn,7e-05
statue,7e-05
pricing,7e-05
agency,7e-05
consumption,7e-05
horizontal,7e-05
indexs,7e-05
longer,7e-05
photographer,7e-05
february,7e-05
died,7e-05
polling,7e-05
independent,7e-05
turnout,7e-05
insurer,7e-05
customers,7e-05
neutral,7e-05
flip,7e-05
spent,7e-05
foods,7e-05
calmed,7e-05
hustle,7e-05
asking,7e-05
provider,7e-05
pence,7e-05
appetite,7e-05
cr,7e-05
vet,7e-05
empire,7e-05
commercial,7e-05
transition,7e-05
none,7e-05
resumed,7e-05
continuing,7e-05
notched,7e-05
ranks,7e-05
batch,7e-05
fun,7e-05
dominance,7e-05
save,7e-05
unit,7e-05
exceeding,7e-05
reflecting,7e-05
bullets,7e-05
produce,7e-05
groups,7e-05
discovery,7e-05
borrowing,7e-05
evolve,7e-05
videos,7e-05
enact,7e-05
accepting,7e-05
telephone,7e-05
gross,7e-05
turnaround,7e-05
recoup,7e-05
gi,7e-05
coating,7e-05
battered,7e-05
solutions,7e-05
aided,7e-05
approaches,7e-05
pins,7e-05
heading,7e-05
participate,7e-05
improved,7e-05
plodding,7e-05
democrat,7e-05
nation,7e-05
clear,7e-05
havoc,7e-05
sprucing,7e-05
parcel,7e-05
scheduled,7e-05
gate,7e-05
breakdown,7e-05
represents,7e-05
politics,7e-05
tone,7e-05
hiring,7e-05
turns,7e-05
cues,7e-05
spin,7e-05
planning,7e-05
graham,7e-05
fail,7e-05
stands,7e-05
contest,7e-05
rumor,7e-05
encouraged,7e-05
headlines,7e-05
fang,7e-05
votes,7e-05
avoided,7e-05
challenge,7e-05
reinforced,7e-05
weeklys,7e-05
founder,7e-05
raft,7e-05
ill,7e-05
suggesting,7e-05
hear,7e-05
employers,7e-05
cable,7e-05
cycle,7e-05
fails,7e-05
earned,7e-05
hands,7e-05
decelerating,7e-05
loads,7e-05
heres,7e-05
lesson,7e-05
overvalued,7e-05
flopping,7e-05
space,7e-05
guide,7e-05
faring,7e-05
ad,7e-05
limit,7e-05
facilitating,7e-05
booking,7e-05
spot,7e-05
diamond,7e-05
spotlight,7e-05
allow,7e-05
publisher,7e-05
favor,7e-05
create,7e-05
perspective,7e-05
heart,7e-05
surface,7e-05
wrangling,7e-05
talked,7e-05
style,7e-05
activist,7e-05
deemed,7e-05
glitches,7e-05
baseball,7e-05
equipment,7e-05
pump,7e-05
acknowledged,7e-05
meme,7e-05
expired,7e-05
valley,7e-05
prospect,7e-05
reserves,7e-05
assuming,7e-05
stuck,7e-05
treatments,7e-05
calm,7e-05
boo,7e-05
ba,7e-05
releases,7e-05
matchup,7e-05
worsening,7e-05
staying,7e-05
ultimate,7e-05
gaming,7e-05
lasting,7e-05
technicals,7e-05
rival,7e-05
forum,7e-05
choose,7e-05
rejections,7e-05
opened,7e-05
gifts,7e-05
operators,7e-05
reassured,7e-05
conditions,7e-05
deadline,7e-05
resolution,7e-05
port,7e-05
panic,7e-05
favouring,7e-05
creating,7e-05
approaching,7e-05
drugstore,7e-05
wireless,7e-05
device,7e-05
projects,7e-05
spokesperson,7e-05
hovering,7e-05
allocations,7e-05
checks,7e-05
pound,7e-05
mail,7e-05
trajectory,7e-05
killing,7e-05
sir,7e-05
facts,7e-05
reaffirmed,7e-05
mania,7e-05
cruises,7e-05
faded,7e-05
cutting,7e-05
billions,7e-05
sticking,7e-05
metal,7e-05
bug,7e-05
problems,7e-05
baked,7e-05
mi,7e-05
rent,7e-05
hovered,7e-05
maintaining,7e-05
owners,7e-05
milestone,7e-05
cancel,7e-05
search,7e-05
adss,7e-05
rumors,7e-05
sooner,7e-05
mexican,7e-05
supports,7e-05
nations,7e-05
provided,7e-05
weights,7e-05
afterglow,7e-05
ism,7e-05
spurred,7e-05
takes,7e-05
shoulder,7e-05
water,7e-05
climbs,7e-05
flagship,7e-05
aside,7e-05
watt,7e-05
extension,7e-05
vi,7e-05
spectrum,7e-05
rotated,7e-05
waited,7e-05
cornerstone,7e-05
holidays,7e-05
eld,7e-05
used,7e-05
defined,7e-05
causing,7e-05
swings,7e-05
paused,7e-05
brief,7e-05
participant,7e-05
symptoms,7e-05
funding,7e-05
blizzard,7e-05
waning,7e-05
projections,7e-05
counted,7e-05
tv,7e-05
multiples,7e-05
frame,7e-05
ruled,7e-05
sun,7e-05
liked,7e-05
th,7e-05
benefiting,7e-05
stalemate,7e-05
books,7e-05
curbs,7e-05
delays,7e-05
movements,7e-05
channels,7e-05
goals,7e-05
avenue,7e-05
bout,7e-05
reacting,7e-05
suggest,7e-05
ability,7e-05
indecision,7e-05
dented,7e-05
product,7e-05
conversations,7e-05
bucking,7e-05
trough,7e-05
hospitalisation,7e-05
preparations,7e-05
reeling,7e-05
judge,7e-05
gaps,7e-05
fridays,7e-05
component,7e-05
gs,7e-05
currency,7e-05
weakened,7e-05
suggested,7e-05
pot,7e-05
linked,7e-05
headway,7e-05
hampered,7e-05
happened,7e-05
local,7e-05
motor,7e-05
meaning,7e-05
plumb,7e-05
joined,4e-05
essential,4e-05
surrounding,4e-05
discount,4e-05
issuing,4e-05
rattled,4e-05
tiring,4e-05
grind,4e-05
digesting,4e-05
rivals,4e-05
snipe,4e-05
overhang,4e-05
compounding,4e-05
responded,4e-05
snap,4e-05
mode,4e-05
worrying,4e-05
classic,4e-05
focusing,4e-05
trip,4e-05
puzzled,4e-05
advantage,4e-05
inventories,4e-05
pausing,4e-05
exhaustion,4e-05
fight,4e-05
barometer,4e-05
cushioning,4e-05
rallies,4e-05
reopens,4e-05
overheating,4e-05
manufacture,4e-05
gen,4e-05
shocks,4e-05
drew,4e-05
demonstrated,4e-05
clues,4e-05
complex,4e-05
ranges,4e-05
electronics,4e-05
burst,4e-05
confirmed,4e-05
distressed,4e-05
achieved,4e-05
components,4e-05
ev,4e-05
gdp,4e-05
thrived,4e-05
tumbling,4e-05
spur,4e-05
marked,4e-05
agriculture,4e-05
hang,4e-05
overshadowing,4e-05
marketing,4e-05
behind,4e-05
addicted,4e-05
stuff,4e-05
quashed,4e-05
pull,4e-05
bigwigs,4e-05
handle,4e-05
bath,4e-05
gamble,4e-05
leg,4e-05
comp,4e-05
toss,4e-05
folks,4e-05
regulation,4e-05
stake,4e-05
inning,4e-05
visualizing,4e-05
russian,4e-05
assured,4e-05
composition,4e-05
indication,4e-05
clashed,4e-05
shooting,4e-05
eyes,4e-05
filed,4e-05
knocked,4e-05
sing,4e-05
contesting,4e-05
halted,4e-05
involved,4e-05
clothes,4e-05
tough,4e-05
halving,4e-05
possibles,4e-05
chartist,4e-05
stakeholders,4e-05
adjust,4e-05
recognizing,4e-05
thought,4e-05
earn,4e-05
limping,4e-05
pen,4e-05
conference,4e-05
degree,4e-05
briefing,4e-05
partials,4e-05
protests,4e-05
regaining,4e-05
staggering,4e-05
thus,4e-05
morgan,4e-05
young,4e-05
claim,4e-05
updated,4e-05
boys,4e-05
placed,4e-05
lipstick,4e-05
prompted,4e-05
hits,4e-05
had,4e-05
sheet,4e-05
algorithms,4e-05
lawsuit,4e-05
fundamentals,4e-05
dissipated,4e-05
tops,4e-05
trailing,4e-05
bled,4e-05
scope,4e-05
warehouse,4e-05
error,4e-05
threshold,4e-05
certify,4e-05
count,4e-05
appeal,4e-05
narrow,4e-05
dado,4e-05
practice,4e-05
card,4e-05
keeps,4e-05
cry,4e-05
comprises,4e-05
chopping,4e-05
northern,4e-05
swelling,4e-05
charges,4e-05
meg,4e-05
innovation,4e-05
have,4e-05
creation,4e-05
colliers,4e-05
slew,4e-05
doubt,4e-05
depends,4e-05
underperforming,4e-05
dominate,4e-05
winter,4e-05
patterns,4e-05
pledge,4e-05
heavyweight,4e-05
property,4e-05
jack,4e-05
peers,4e-05
mind,4e-05
dear,4e-05
facing,4e-05
climate,4e-05
blamed,4e-05
efficacy,4e-05
underperformed,4e-05
increases,4e-05
risks,4e-05
lit,4e-05
lights,4e-05
capping,4e-05
ta,4e-05
reliance,4e-05
travelers,4e-05
positioning,4e-05
sos,4e-05
catch,4e-05
headwinds,4e-05
fly,4e-05
result,4e-05
army,4e-05
defaults,4e-05
cut,4e-05
segment,4e-05
thick,4e-05
hardware,4e-05
disasters,4e-05
institute,4e-05
tear,4e-05
allied,4e-05
instructions,4e-05
evacuated,4e-05
monitor,4e-05
seventh,4e-05
partial,4e-05
audience,4e-05
executing,4e-05
thou,4e-05
id,4e-05
organization,4e-05
reduced,4e-05
proprietary,4e-05
therapeutic,4e-05
hotel,4e-05
wins,4e-05
proceeds,4e-05
peace,4e-05
roar,4e-05
ushers,4e-05
collectible,4e-05
buildings,4e-05
principles,4e-05
weight,4e-05
warm,4e-05
history,4e-05
construction,4e-05
lakes,4e-05
factories,4e-05
sa,4e-05
cl,4e-05
amplify,4e-05
common,4e-05
reasons,4e-05
rack,4e-05
tire,4e-05
vertex,4e-05
wholesaler,4e-05
raw,4e-05
harts,4e-05
hinted,4e-05
speculation,4e-05
floated,4e-05
tsa,4e-05
supply,4e-05
articles,4e-05
success,4e-05
detail,4e-05
inflating,4e-05
sera,4e-05
rejection,4e-05
machine,4e-05
dearth,4e-05
compound,4e-05
removed,4e-05
acceptance,4e-05
negotiating,4e-05
contested,4e-05
resolved,4e-05
delivered,4e-05
scalping,4e-05
burrito,4e-05
recall,4e-05
okay,4e-05
determine,4e-05
cohort,4e-05
wrote,4e-05
gear,4e-05
centers,4e-05
basket,4e-05
participation,4e-05
boot,4e-05
driver,4e-05
convincing,4e-05
bumper,4e-05
spouses,4e-05
string,4e-05
needed,4e-05
paving,4e-05
niggers,4e-05
purchased,4e-05
disappointed,4e-05
predicted,4e-05
horse,4e-05
opponent,4e-05
roi,4e-05
noise,4e-05
miller,4e-05
master,4e-05
drive,4e-05
breed,4e-05
stages,4e-05
bills,4e-05
bursting,4e-05
brands,4e-05
dictated,4e-05
slammed,4e-05
flags,4e-05
stretched,4e-05
fa,4e-05
gathered,4e-05
paying,4e-05
lean,4e-05
settle,4e-05
topic,4e-05
behemoth,4e-05
nominated,4e-05
children,4e-05
styles,4e-05
absorbed,4e-05
acquire,4e-05
battled,4e-05
scare,4e-05
african,4e-05
armor,4e-05
offered,4e-05
breached,4e-05
moderate,4e-05
lockdown,4e-05
restarted,4e-05
overhaul,4e-05
businessmen,4e-05
constant,4e-05
fueling,4e-05
medicines,4e-05
aisle,4e-05
storms,4e-05
bearing,4e-05
rapid,4e-05
reopen,4e-05
word,4e-05
beats,4e-05
curves,4e-05
chemicals,4e-05
found,4e-05
braced,4e-05
mitigated,4e-05
est,4e-05
payroll,4e-05
appearing,4e-05
commonwealth,4e-05
cop,4e-05
industries,4e-05
sister,4e-05
horizon,4e-05
leverage,4e-05
launched,4e-05
spooked,4e-05
treating,4e-05
blowing,4e-05
demo,4e-05
brings,4e-05
deploying,4e-05
sees,4e-05
bubbles,4e-05
improve,4e-05
swirl,4e-05
gather,4e-05
denials,4e-05
capitol,4e-05
guarantees,4e-05
rape,4e-05
rubber,4e-05
bed,4e-05
iron,4e-05
please,4e-05
brain,4e-05
directors,4e-05
ordered,4e-05
persuade,4e-05
ew,4e-05
uncertainties,4e-05
inoculations,4e-05
land,4e-05
downbeat,4e-05
nature,4e-05
fend,4e-05
additions,4e-05
emerge,4e-05
door,4e-05
note,4e-05
problem,4e-05
rating,4e-05
brought,4e-05
vac,4e-05
peer,4e-05
hunt,4e-05
stabilization,4e-05
pored,4e-05
wear,4e-05
depressed,4e-05
periods,4e-05
paper,4e-05
privacy,4e-05
wrapping,4e-05
pushes,4e-05
amazons,4e-05
smoking,4e-05
legislature,4e-05
gathering,4e-05
assembly,4e-05
estimate,4e-05
dampening,4e-05
dragging,4e-05
judgment,4e-05
cards,4e-05
shaved,4e-05
zs,4e-05
indicator,4e-05
policies,4e-05
ed,4e-05
tonight,4e-05
valuable,4e-05
skewed,4e-05
auger,4e-05
prepared,4e-05
pivoting,4e-05
http,4e-05
quarantine,4e-05
instance,4e-05
suite,4e-05
coverage,4e-05
chat,4e-05
curb,4e-05
distance,4e-05
upgraded,4e-05
rest,4e-05
heightened,4e-05
walk,4e-05
geared,4e-05
pies,4e-05
carnage,4e-05
shrink,4e-05
marking,4e-05
experiencing,4e-05
weekends,4e-05
exit,4e-05
novel,4e-05
clamped,4e-05
analyzed,4e-05
weigh,4e-05
inflicted,4e-05
ripple,4e-05
words,4e-05
cleared,4e-05
encouraging,4e-05
chances,4e-05
bb,4e-05
oilfield,4e-05
aide,4e-05
positives,4e-05
tranches,4e-05
pummeled,4e-05
table,4e-05
designer,4e-05
situation,4e-05
startups,4e-05
overcoming,4e-05
anticipated,4e-05
subsided,4e-05
owing,4e-05
dose,4e-05
unknowns,4e-05
fixed,4e-05
substantive,4e-05
inched,4e-05
assuage,4e-05
snag,4e-05
bellwethers,4e-05
asias,4e-05
shattering,4e-05
confidence,4e-05
express,4e-05
pips,4e-05
skinny,4e-05
occurs,4e-05
ford,4e-05
slim,4e-05
noted,4e-05
machinery,4e-05
deep,4e-05
buoyed,4e-05
iv,4e-05
turbulence,4e-05
prepare,4e-05
swung,4e-05
stall,4e-05
contrast,4e-05
moon,4e-05
scenarios,4e-05
allocation,4e-05
stage,4e-05
applied,4e-05
kss,4e-05
sawed,4e-05
drawing,4e-05
wife,4e-05
stayed,4e-05
element,4e-05
someone,4e-05
pepper,4e-05
pullbacks,4e-05
trainer,4e-05
champion,4e-05
delaying,4e-05
threatened,4e-05
farm,4e-05
recordings,4e-05
burnt,4e-05
filings,4e-05
anima,4e-05
packed,4e-05
stemming,4e-05
husband,4e-05
poi,4e-05
shifts,4e-05
vials,4e-05
joint,4e-05
fifths,4e-05
highlights,4e-05
lunch,4e-05
sense,4e-05
deals,4e-05
aug,4e-05
expanding,4e-05
beef,4e-05
inflated,4e-05
accelerated,4e-05
chugged,4e-05
war,4e-05
offseting,4e-05
hinting,4e-05
characteristics,4e-05
appreciate,4e-05
makeup,4e-05
pave,4e-05
effect,4e-05
guns,4e-05
be,4e-05
partisan,4e-05
sweep,4e-05
weighs,4e-05
pressuring,4e-05
ticket,4e-05
dangling,4e-05
powerhouses,4e-05
gives,4e-05
dives,4e-05
shorted,4e-05
insurance,4e-05
carriers,4e-05
fixes,4e-05
syringes,4e-05
glad,4e-05
reined,4e-05
accomplished,4e-05
cancellations,4e-05
computer,4e-05
massachusetts,4e-05
displayed,4e-05
dominating,4e-05
snapping,4e-05
friendly,4e-05
weakness,4e-05
constructs,4e-05
mounting,4e-05
nominal,4e-05
ticks,4e-05
sum,4e-05
cast,4e-05
perform,4e-05
merger,4e-05
trailed,4e-05
equality,4e-05
passing,4e-05
hearing,4e-05
nova,4e-05
karen,4e-05
drama,4e-05
renting,4e-05
deadlock,4e-05
adjusting,4e-05
alternative,4e-05
italian,4e-05
trail,4e-05
version,4e-05
variety,4e-05
nato,4e-05
digits,4e-05
stunning,4e-05
planned,4e-05
wow,4e-05
tempered,4e-05
collects,4e-05
gm,4e-05
capitalization,4e-05
splitting,4e-05
suvs,4e-05
acquisition,4e-05
needy,4e-05
objections,4e-05
economies,4e-05
jolted,4e-05
questioned,4e-05
approvals,4e-05
gotten,4e-05
decided,4e-05
posts,4e-05
fetching,4e-05
stood,4e-05
governor,4e-05
rolled,4e-05
remaining,4e-05
gins,4e-05
spiking,4e-05
springs,4e-05
battle,4e-05
rump,4e-05
aversion,4e-05
link,4e-05
crow,4e-05
melting,4e-05
reference,4e-05
wanted,4e-05
beige,4e-05
disparaged,4e-05
access,4e-05
leisure,4e-05
impasse,4e-05
da,4e-05
quiet,4e-05
hospitalization,4e-05
hedging,4e-05
equal,4e-05
deliberations,4e-05
pharmaceutical,4e-05
opportunities,4e-05
plastic,4e-05
sweeping,4e-05
exterior,4e-05
automobile,4e-05
positioned,4e-05
stormed,4e-05
stabilizing,4e-05
plus,4e-05
scrutiny,4e-05
logistics,4e-05
says,4e-05
dawn,4e-05
conducted,4e-05
relationship,4e-05
threatens,4e-05
buff,4e-05
incapacitated,4e-05
likelihood,4e-05
governance,4e-05
skew,4e-05
spreads,4e-05
referring,4e-05
spiked,4e-05
protesters,4e-05
bikes,4e-05
cdc,4e-05
bread,4e-05
exercise,4e-05
middle,4e-05
striking,4e-05
han,4e-05
party,4e-05
region,4e-05
command,4e-05
contracts,4e-05
appreciation,4e-05
revise,4e-05
corners,4e-05
jet,4e-05
scored,4e-05
shut,4e-05
spree,4e-05
quelling,4e-05
sugar,4e-05
adobe,4e-05
provides,4e-05
man,4e-05
visits,4e-05
confirm,4e-05
stronghold,4e-05
bloody,4e-05
biotech,4e-05
sentence,4e-05
pin,4e-05
vision,4e-05
theater,4e-05
unmanned,4e-05
cell,4e-05
outpacing,4e-05
incarnation,4e-05
propel,4e-05
shaking,4e-05
laptops,4e-05
regarding,4e-05
fin,4e-05
insights,4e-05
hurting,4e-05
observations,4e-05
unicorns,4e-05
averted,4e-05
urged,4e-05
blown,4e-05
protect,4e-05
hoping,4e-05
dia,4e-05
quelled,4e-05
seat,4e-05
la,4e-05
cracked,4e-05
russ,4e-05
weighting,4e-05
perception,4e-05
copper,4e-05
genesis,4e-05
guy,4e-05
doom,4e-05
spring,4e-05
hints,4e-05
needles,4e-05
ego,4e-05
irrational,4e-05
targeting,4e-05
drives,4e-05
ranger,4e-05
fo,4e-05
plenty,4e-05
temporary,4e-05
declared,4e-05
surprises,4e-05
difficulties,4e-05
box,4e-05
plowed,4e-05
dealership,4e-05
ditched,4e-05
filled,4e-05
shutdowns,4e-05
terminals,4e-05
weaver,4e-05
regulations,4e-05
dive,4e-05
derail,4e-05
bringing,4e-05
calculus,4e-05
hikes,4e-05
las,4e-05
formation,4e-05
unloaded,4e-05
reduce,4e-05
affected,4e-05
mentioned,4e-05
carrot,4e-05
crescent,4e-05
swarms,4e-05
draw,4e-05
hypocrite,4e-05
lineups,4e-05
peaking,4e-05
confines,4e-05
pause,4e-05
ramifications,4e-05
remember,4e-05
beneficiary,4e-05
entrenched,4e-05
coinciding,4e-05
guaranteed,4e-05
sparking,4e-05
rejecting,4e-05
aerial,4e-05
harvest,4e-05
cheered,4e-05
develop,4e-05
inputs,4e-05
builder,4e-05
favoring,4e-05
cuts,4e-05
contract,4e-05
skidded,4e-05
viewing,4e-05
chambers,4e-05
follows,4e-05
went,4e-05
laboratories,4e-05
place,4e-05
contenders,4e-05
muted,4e-05
pleading,4e-05
rouge,4e-05
down,4e-05
intent,4e-05
tied,4e-05
assessment,4e-05
resurfaced,4e-05
april,4e-05
organic,4e-05
raging,4e-05
licenses,4e-05
dips,4e-05
aging,4e-05
donate,4e-05
resorts,4e-05
harmonic,4e-05
cents,4e-05
accounted,4e-05
wind,4e-05
suspect,4e-05
redemption,4e-05
weed,4e-05
spelling,4e-05
exceeded,4e-05
floating,4e-05
attempt,4e-05
brewery,4e-05
evidence,4e-05
underpinned,4e-05
hail,4e-05
age,4e-05
providing,4e-05
satisfied,4e-05
cleans,4e-05
spurs,4e-05
sagged,4e-05
sent,4e-05
sunlight,4e-05
downdraft,4e-05
jets,4e-05
tail,4e-05
flurry,4e-05
disclosed,4e-05
finding,4e-05
cross,4e-05
submit,4e-05
volumes,4e-05
tends,4e-05
throwing,4e-05
definition,4e-05
exuberance,4e-05
coiled,4e-05
fraud,4e-05
stays,4e-05
inherit,4e-05
closes,4e-05
adviser,4e-05
ecosystems,4e-05
fair,4e-05
ties,4e-05
poverty,4e-05
emotions,4e-05
projection,4e-05
talent,4e-05
corner,4e-05
mitigate,4e-05
timing,4e-05
correct,4e-05
decision,4e-05
application,4e-05
setup,4e-05
requires,4e-05
subdued,4e-05
cup,4e-05
crashes,4e-05
caution,4e-05
underpinning,4e-05
maple,4e-05
benchmarks,4e-05
eclipsing,4e-05
democratizing,4e-05
burn,4e-05
cover,4e-05
committed,4e-05
load,4e-05
amount,4e-05
suit,4e-05
ear,4e-05
downplayed,4e-05
wick,4e-05
mins,4e-05
connectivity,4e-05
ascending,4e-05
wiped,4e-05
square,4e-05
arm,4e-05
sm,4e-05
turmoil,4e-05
abated,4e-05
assurances,4e-05
switched,4e-05
titan,4e-05
trucks,4e-05
shapes,4e-05
admitted,4e-05
fanatic,4e-05
revealed,4e-05
glimpse,4e-05
plant,4e-05
provisions,4e-05
beneficiaries,4e-05
lady,4e-05
ceo,4e-05
asian,4e-05
dated,4e-05
airways,4e-05
engineering,4e-05
experience,4e-05
generated,4e-05
matched,4e-05
reaction,4e-05
gripped,4e-05
compiled,4e-05
tug,4e-05
fleet,4e-05
bias,4e-05
correlation,4e-05
pain,4e-05
brunt,4e-05
walked,4e-05
accustomed,4e-05
grounded,4e-05
labeled,4e-05
variant,4e-05
ward,4e-05
scalp,4e-05
southwest,4e-05
consequences,4e-05
resident,4e-05
excited,4e-05
puts,4e-05
promotions,4e-05
delay,4e-05
pharmaceutic,4e-05
stick,4e-05
craters,4e-05
viewed,4e-05
carmaker,4e-05
protracted,4e-05
gearing,4e-05
piled,4e-05
contained,4e-05
brother,4e-05
narratives,4e-05
considered,4e-05
transfer,4e-05
sellers,4e-05
allowed,4e-05
truck,4e-05
kicking,4e-05
stagnated,4e-05
super,4e-05
supporters,4e-05
cycles,4e-05
played,4e-05
professional,4e-05
concluded,4e-05
king,4e-05
findings,4e-05
whipsaw,4e-05
lying,4e-05
sterling,4e-05
prompting,4e-05
staged,4e-05
bankers,4e-05
relations,4e-05
wire,4e-05
winner,4e-05
plants,4e-05
closures,4e-05
footing,4e-05
reform,4e-05
pos,4e-05
downgraded,4e-05
comeback,4e-05
worked,4e-05
slopes,4e-05
contributed,4e-05
reinforcing,4e-05
boon,4e-05
build,4e-05
makes,4e-05
ge,4e-05
superimposed,4e-05
nov,4e-05
regulators,4e-05
advertising,4e-05
generic,4e-05
bump,4e-05
tap,4e-05
micron,4e-05
laden,4e-05
japanese,4e-05
containing,4e-05
recovered,4e-05
automakers,4e-05
shocking,4e-05
pr,4e-05
seconds,4e-05
consulting,4e-05
districts,4e-05
pact,4e-05
controls,4e-05
workhorse,4e-05
prepares,4e-05
overweight,4e-05
dashed,4e-05
ipos,4e-05
bottles,4e-05
hammered,4e-05
estates,4e-05
integrate,4e-05
french,4e-05
crosses,4e-05
rolling,4e-05
latter,4e-05
lock,4e-05
walks,4e-05
backbone,4e-05
unemployed,4e-05
punch,4e-05
recycled,4e-05
speed,4e-05
pedals,4e-05
curbed,4e-05
dominated,4e-05
raced,4e-05
cad,4e-05
blow,4e-05
unsettled,4e-05
inching,4e-05
midnight,4e-05
deficit,4e-05
bandages,4e-05
booming,4e-05
wonder,4e-05
nick,4e-05
sponsored,4e-05
capitalizations,4e-05
shipments,4e-05
pct,4e-05
joke,4e-05
covers,4e-05
conglomerate,4e-05
liquidity,4e-05
counts,4e-05
pouring,4e-05
spokeswoman,4e-05
sizes,4e-05
amendments,4e-05
looming,4e-05
clawing,4e-05
gram,4e-05
instrument,4e-05
quantum,4e-05
drops,4e-05
missing,4e-05
railway,4e-05
ray,4e-05
hello,4e-05
replace,4e-05
train,4e-05
violated,4e-05
arizona,4e-05
outweighed,4e-05
team,4e-05
pick,4e-05
tag,4e-05
dates,4e-05
storming,4e-05
officers,4e-05
signifying,4e-05
gauging,4e-05
road,4e-05
witnessed,4e-05
dictate,4e-05
hurricane,4e-05
stack,4e-05
heartening,4e-05
caught,4e-05
poured,4e-05
commentary,4e-05
runs,4e-05
dog,4e-05
struggled,4e-05
plowing,4e-05
inspired,4e-05
ko,4e-05
tutorial,4e-05
casino,4e-05
invests,4e-05
pharma,4e-05
sides,4e-05
letter,4e-05
takeover,4e-05
settled,4e-05
sink,4e-05
dick,4e-05
nominee,4e-05
incumbent,4e-05
productivity,4e-05
amplifying,4e-05
shorts,4e-05
terms,4e-05
jumps,4e-05
acceleration,4e-05
railroad,4e-05
producers,4e-05
leaves,4e-05
snacks,4e-05
rules,4e-05
lets,4e-05
movie,4e-05
locking,4e-05
cashing,4e-05
auto,4e-05
trying,4e-05
remove,4e-05
requiring,4e-05
xi,4e-05
staging,4e-05
genius,4e-05
guys,4e-05
playing,4e-05
topping,4e-05
saturday,4e-05
imp,4e-05
marijuana,4e-05
feature,4e-05
assessed,4e-05
consolidate,4e-05
casualty,4e-05
utterance,4e-05
wreaked,4e-05
unseating,4e-05
seeks,4e-05
