co,0.01401
said,0.01375
https,0.01231
year,0.00635
streaming,0.00541
people,0.00445
like,0.00397
company,0.00384
market,0.00384
stocks,0.0038
time,0.00334
last,0.00332
series,0.00327
week,0.00321
inc,0.00319
shares,0.00316
investors,0.0031
revenue,0.00308
service,0.00308
stock,0.00308
media,0.00301
first,0.00295
tv,0.00295
movie,0.00284
pandemic,0.00282
film,0.00277
quarter,0.00266
content,0.0026
world,0.0026
month,0.00251
years,0.00249
growth,0.00247
york,0.00238
see,0.00234
day,0.00234
companies,0.00229
high,0.00229
according,0.00225
news,0.00223
white,0.00216
premium,0.00214
back,0.00212
earnings,0.0021
points,0.00205
photo,0.00203
third,0.00203
get,0.00201
file,0.00201
make,0.00199
top,0.00194
watch,0.00194
spy,0.00192
says,0.0019
live,0.0019
including,0.00188
chief,0.00186
google,0.00183
video,0.00183
group,0.00183
president,0.00181
sales,0.00179
home,0.00179
amazon,0.00179
still,0.00179
index,0.00177
subscribers,0.00177
shows,0.00177
show,0.00175
election,0.0017
stimulus,0.0017
markets,0.0017
hit,0.00168
even,0.00166
social,0.00166
data,0.00166
deal,0.00164
go,0.00162
business,0.00162
going,0.00159
movies,0.00159
best,0.00159
trump,0.00157
months,0.00157
rose,0.00155
house,0.00153
life,0.00153
way,0.00153
trade,0.00151
work,0.00148
trading,0.00148
buy,0.00148
films,0.00146
september,0.00146
made,0.00146
well,0.00144
government,0.00144
average,0.00142
customers,0.00142
services,0.00142
helmets,0.00142
apple,0.0014
report,0.0014
states,0.0014
executive,0.0014
good,0.00138
united,0.00138
fell,0.00135
street,0.00135
major,0.00135
family,0.00135
value,0.00133
television,0.00131
take,0.00129
open,0.00129
documentary,0.00127
today,0.00127
price,0.00127
prime,0.00124
entertainment,0.00122
prices,0.00122
yuan,0.00122
tech,0.00122
hollywood,0.00122
long,0.00122
analysts,0.0012
european,0.0012
days,0.0012
options,0.00118
told,0.00118
march,0.00116
added,0.00116
theaters,0.00113
demand,0.00113
free,0.00113
much,0.00113
coming,0.00111
corp,0.00111
image,0.00111
short,0.00111
second,0.00109
think,0.00109
money,0.00109
analyst,0.00109
results,0.00107
court,0.00107
comment,0.00107
technology,0.00107
tuesday,0.00107
need,0.00107
highs,0.00107
star,0.00105
ratio,0.00105
firm,0.00105
call,0.00103
expectations,0.00103
monday,0.00103
say,0.00103
look,0.00103
help,0.00103
amp,0.00103
increase,0.001
rise,0.001
past,0.001
season,0.00098
economy,0.00098
james,0.00098
country,0.00096
wall,0.00096
point,0.00096
reported,0.00096
members,0.00096
alphabet,0.00096
love,0.00096
case,0.00096
full,0.00094
black,0.00094
yields,0.00094
low,0.00094
club,0.00094
drama,0.00094
got,0.00092
working,0.00092
share,0.00092
british,0.00092
story,0.00092
lows,0.00092
investment,0.00092
director,0.00092
cases,0.00089
young,0.00089
come,0.00089
issues,0.00089
platforms,0.00089
part,0.00089
know,0.00089
great,0.00087
put,0.00087
looking,0.00087
making,0.00085
record,0.00085
search,0.00085
little,0.00085
police,0.00085
syrian,0.00085
rules,0.00085
gains,0.00085
pay,0.00085
profit,0.00085
posted,0.00085
due,0.00083
office,0.00083
sector,0.00083
state,0.00083
investor,0.00083
futures,0.00083
former,0.00083
research,0.00083
post,0.00081
package,0.00081
watching,0.00081
run,0.00081
release,0.00081
showed,0.00081
support,0.00081
wrote,0.00081
right,0.00081
talks,0.00081
war,0.00081
interview,0.00079
old,0.00079
close,0.00079
minister,0.00079
original,0.00079
times,0.00079
exchange,0.00079
platform,0.00079
consumer,0.00079
international,0.00079
korean,0.00079
end,0.00079
agreement,0.00076
composite,0.00076
head,0.00076
twitter,0.00076
quarterly,0.00076
indexes,0.00076
saying,0.00076
rising,0.00076
treasury,0.00076
industry,0.00074
images,0.00074
things,0.00074
move,0.00074
re,0.00074
target,0.00074
outside,0.00074
accounts,0.00074
users,0.00074
south,0.00074
weeks,0.00074
plans,0.00072
return,0.00072
estimates,0.00072
national,0.00072
despite,0.00072
reporting,0.00072
rights,0.00072
potential,0.00072
annual,0.0007
better,0.0007
royal,0.0007
sign,0.0007
source,0.00068
bank,0.00068
announced,0.00068
dollar,0.00068
gained,0.00068
came,0.00068
network,0.00065
city,0.00065
statement,0.00065
running,0.00065
stars,0.00065
large,0.00065
wait,0.00065
continue,0.00065
maker,0.00065
expected,0.00065
concerns,0.00063
public,0.00063
names,0.00063
account,0.00063
lower,0.00063
following,0.00063
action,0.00063
latest,0.00063
comments,0.00063
sell,0.00063
lot,0.00063
night,0.00063
left,0.00063
overall,0.00063
loss,0.00063
interest,0.00061
session,0.00061
subscription,0.00061
started,0.00061
hopes,0.00061
play,0.00061
patterns,0.00061
thing,0.00061
taking,0.00061
change,0.00061
believe,0.00061
bought,0.00061
thursday,0.00061
number,0.00061
studios,0.00061
ended,0.00061
forward,0.00061
recorded,0.00061
risk,0.00061
want,0.00061
party,0.00061
health,0.00061
china,0.00061
led,0.00059
manager,0.00059
numbers,0.00059
japan,0.00059
federal,0.00059
inflation,0.00059
future,0.00059
spending,0.00059
firms,0.00059
order,0.00059
region,0.00059
sports,0.00059
ba,0.00059
aid,0.00059
fast,0.00059
team,0.00059
fund,0.00059
competition,0.00059
fourth,0.00059
gold,0.00057
leader,0.00057
start,0.00057
flow,0.00057
rescue,0.00057
videos,0.00057
music,0.00057
period,0.00057
access,0.00057
buying,0.00057
bit,0.00057
producer,0.00057
saw,0.00057
focus,0.00057
equities,0.00057
energy,0.00057
give,0.00055
control,0.00055
globes,0.00055
equity,0.00055
calls,0.00055
countries,0.00055
adding,0.00055
clear,0.00055
stop,0.00055
hours,0.00055
declined,0.00055
final,0.00055
production,0.00055
found,0.00055
enough,0.00055
behind,0.00052
relief,0.00052
indian,0.00052
book,0.00052
related,0.00052
hold,0.00052
impact,0.00052
watched,0.00052
officer,0.00052
american,0.00052
idea,0.00052
woman,0.00052
set,0.00052
up,0.00052
november,0.00052
helped,0.00052
half,0.00052
history,0.0005
starting,0.0005
near,0.0005
special,0.0005
current,0.0005
key,0.0005
jumped,0.0005
person,0.0005
logo,0.0005
gmt,0.0005
dropped,0.0005
activist,0.0005
wednesday,0.0005
trying,0.0005
russian,0.0005
programming,0.0005
sectors,0.0005
graphic,0.0005
oil,0.0005
saudi,0.0005
place,0.0005
view,0.0005
took,0.0005
trades,0.0005
plan,0.00048
local,0.00048
culture,0.00048
event,0.00048
phone,0.00048
hope,0.00048
official,0.00048
adaptation,0.00048
total,0.00048
became,0.00048
trial,0.00048
chinese,0.00048
stay,0.00048
closed,0.00048
governments,0.00048
drop,0.00048
mobile,0.00048
awards,0.00046
reached,0.00046
football,0.00046
reason,0.00046
gain,0.00046
businesses,0.00046
term,0.00046
dividend,0.00046
restrictions,0.00046
studio,0.00046
turned,0.00046
sale,0.00046
role,0.00046
level,0.00046
increased,0.00046
discovery,0.00046
version,0.00046
front,0.00046
challenge,0.00046
smart,0.00046
picture,0.00046
west,0.00046
australian,0.00046
comedy,0.00046
internet,0.00046
positive,0.00046
paid,0.00046
lockdowns,0.00046
giant,0.00046
moon,0.00046
measures,0.00046
keep,0.00046
yield,0.00046
friends,0.00046
details,0.00046
bad,0.00046
main,0.00046
study,0.00046
asia,0.00046
sex,0.00046
july,0.00046
viewers,0.00046
editing,0.00046
recovery,0.00044
morning,0.00044
death,0.00044
comes,0.00044
organisation,0.00044
daily,0.00044
tesla,0.00044
democrats,0.00044
declining,0.00044
central,0.00044
investigation,0.00044
matter,0.00044
june,0.00044
bond,0.00044
remains,0.00044
illustration,0.00044
friday,0.00044
products,0.00044
award,0.00044
join,0.00044
women,0.00044
least,0.00044
bill,0.00044
sources,0.00044
elections,0.00044
portfolio,0.00044
western,0.00044
african,0.00044
wife,0.00044
outnumbered,0.00044
changes,0.00044
turn,0.00044
league,0.00041
fall,0.00041
moving,0.00041
raise,0.00041
ad,0.00041
anime,0.00041
system,0.00041
monthly,0.00041
cry,0.00041
entire,0.00041
commission,0.00041
press,0.00041
representatives,0.00041
limited,0.00041
forecast,0.00041
amd,0.00041
expects,0.00041
changed,0.00041
small,0.00041
areas,0.00041
ending,0.00041
ceremony,0.00041
reserve,0.00041
stories,0.00041
hedge,0.00041
majority,0.00041
globe,0.00039
reach,0.00039
performance,0.00039
returned,0.00039
boost,0.00039
senior,0.00039
journalist,0.00039
rivals,0.00039
strategist,0.00039
blog,0.00039
man,0.00039
range,0.00039
ones,0.00039
subscriber,0.00039
leading,0.00039
remain,0.00039
sort,0.00039
weekend,0.00039
girl,0.00039
uncertainty,0.00039
cash,0.00039
game,0.00039
getting,0.00039
win,0.00039
campaign,0.00039
law,0.00039
board,0.00039
use,0.00039
optimism,0.00039
groups,0.00039
gave,0.00039
box,0.00039
makes,0.00039
course,0.00037
facing,0.00037
means,0.00037
offer,0.00037
gambit,0.00037
gives,0.00037
possible,0.00037
kept,0.00037
selling,0.00037
december,0.00037
prince,0.00037
sharp,0.00037
step,0.00037
festival,0.00037
tweet,0.00037
private,0.00037
religious,0.00037
diversify,0.00037
meanwhile,0.00037
levels,0.00037
feel,0.00037
property,0.00037
cap,0.00037
talk,0.00037
progress,0.00037
someone,0.00037
committee,0.00037
membership,0.00037
using,0.00037
fans,0.00037
climate,0.00037
summer,0.00037
tonight,0.00037
advancing,0.00037
continued,0.00037
baba,0.00037
sunday,0.00037
track,0.00035
moved,0.00035
speaking,0.00035
dia,0.00035
town,0.00035
went,0.00035
user,0.00035
pressure,0.00035
looks,0.00035
playing,0.00035
wealth,0.00035
agreed,0.00035
keeping,0.00035
wanted,0.00035
pop,0.00035
played,0.00035
conference,0.00035
net,0.00035
raised,0.00035
position,0.00035
allegations,0.00035
shared,0.00035
consumers,0.00035
creating,0.00035
capital,0.00035
debut,0.00035
become,0.00035
events,0.00035
administration,0.00035
include,0.00035
power,0.00035
force,0.00035
episodes,0.00035
ready,0.00035
audiences,0.00035
lawmakers,0.00035
single,0.00035
surged,0.00035
direct,0.00035
screen,0.00033
october,0.00033
pictured,0.00033
conservative,0.00033
starring,0.00033
thriller,0.00033
longer,0.00033
cost,0.00033
cast,0.00033
seeing,0.00033
growing,0.00033
actors,0.00033
rob,0.00033
falling,0.00033
duke,0.00033
needs,0.00033
operating,0.00033
fact,0.00033
reports,0.00033
adds,0.00033
strategy,0.00033
face,0.00033
sharing,0.00033
success,0.00033
children,0.00033
bollywood,0.00033
remained,0.00033
hour,0.00033
showing,0.00033
feature,0.00033
option,0.00033
security,0.00033
launch,0.00033
request,0.00033
distribution,0.00033
shanghai,0.00033
normal,0.00033
decade,0.00033
updates,0.00033
management,0.00033
releases,0.00033
advertising,0.00033
benchmark,0.00031
protests,0.00031
charges,0.00031
mayday,0.00031
issue,0.00031
customer,0.00031
equivalent,0.00031
actor,0.00031
dark,0.00031
oct,0.00031
policy,0.00031
outlook,0.00031
owners,0.00031
output,0.00031
android,0.00031
read,0.00031
brands,0.00031
thinking,0.00031
afternoon,0.00031
appears,0.00031
continues,0.00031
labor,0.00031
type,0.00031
act,0.00031
secretary,0.00031
delivery,0.00031
crown,0.00031
trend,0.00031
investments,0.00031
picked,0.00031
japanese,0.00031
letter,0.00031
rescuers,0.00031
eyes,0.00031
listed,0.00031
car,0.00031
over,0.00031
window,0.00031
military,0.00031
project,0.00031
christmas,0.00031
real,0.00031
lost,0.00031
worst,0.00031
find,0.00031
offering,0.00031
engine,0.00031
staff,0.00031
attracted,0.00031
securities,0.00031
tell,0.00031
profits,0.00031
stand,0.00031
situation,0.00031
human,0.00031
true,0.00031
scenes,0.00031
smith,0.00031
heavy,0.00031
chance,0.00031
max,0.00031
winners,0.00031
gay,0.00028
novel,0.00028
list,0.00028
link,0.00028
model,0.00028
expecting,0.00028
booked,0.00028
risen,0.00028
reality,0.00028
valuations,0.00028
voting,0.00028
virus,0.00028
launched,0.00028
flying,0.00028
green,0.00028
costs,0.00028
reaching,0.00028
rates,0.00028
laugh,0.00028
falls,0.00028
owner,0.00028
complaints,0.00028
paying,0.00028
trust,0.00028
assassins,0.00028
crude,0.00028
couple,0.00028
attention,0.00028
fire,0.00028
ml,0.00028
briefing,0.00028
seller,0.00028
sentiment,0.00028
theatrical,0.00028
break,0.00028
spent,0.00028
worth,0.00028
hospital,0.00028
mark,0.00028
kind,0.00028
traders,0.00028
households,0.00028
goal,0.00026
sold,0.00026
speaker,0.00026
estimate,0.00026
food,0.00026
department,0.00026
independent,0.00026
separate,0.00026
europe,0.00026
exceed,0.00026
reduce,0.00026
bottom,0.00026
claims,0.00026
takes,0.00026
began,0.00026
surprised,0.00026
calling,0.00026
cut,0.00026
royals,0.00026
fees,0.00026
goes,0.00026
percentage,0.00026
side,0.00026
rally,0.00026
fan,0.00026
held,0.00026
republican,0.00026
personal,0.00026
investing,0.00026
al,0.00026
beat,0.00026
generated,0.00026
valuation,0.00026
wearing,0.00026
page,0.00026
enforcement,0.00026
ge,0.00026
dead,0.00026
li,0.00026
affiliate,0.00026
favored,0.00026
red,0.00026
nothing,0.00026
items,0.00026
double,0.00026
nominations,0.00026
expect,0.00026
room,0.00026
august,0.00026
rudd,0.00026
opened,0.00026
lead,0.00026
nations,0.00026
north,0.00026
pounds,0.00026
becoming,0.00026
benefited,0.00026
worried,0.00026
joined,0.00026
communication,0.00026
software,0.00026
holding,0.00026
forecasts,0.00026
basis,0.00026
name,0.00026
nominated,0.00026
justice,0.00026
problem,0.00026
finance,0.00026
chess,0.00026
review,0.00026
men,0.00026
chart,0.00026
english,0.00026
cents,0.00026
baby,0.00026
asian,0.00026
invested,0.00024
debate,0.00024
wants,0.00024
warned,0.00024
called,0.00024
theory,0.00024
topic,0.00024
pays,0.00024
improve,0.00024
inflated,0.00024
panel,0.00024
appeared,0.00024
straight,0.00024
parts,0.00024
anti,0.00024
line,0.00024
signed,0.00024
information,0.00024
robin,0.00024
host,0.00024
versions,0.00024
channels,0.00024
stake,0.00024
appeal,0.00024
beating,0.00024
payments,0.00024
store,0.00024
let,0.00024
match,0.00024
rest,0.00024
animated,0.00024
casting,0.00024
viewing,0.00024
cinemas,0.00024
asked,0.00024
strength,0.00024
ways,0.00024
funding,0.00024
intellectual,0.00024
benefit,0.00024
ability,0.00024
networks,0.00024
air,0.00024
stores,0.00024
purchases,0.00024
body,0.00024
father,0.00024
push,0.00024
episode,0.00024
tax,0.00024
whole,0.00024
language,0.00024
slipped,0.00024
general,0.00024
parks,0.00024
chill,0.00024
volatility,0.00024
works,0.00024
presentation,0.00024
wedding,0.00024
january,0.00024
operations,0.00024
variety,0.00024
hand,0.00024
opportunity,0.00024
planet,0.00024
universe,0.00024
follow,0.00024
truth,0.00024
economics,0.00024
fake,0.00024
vaccine,0.00024
treatment,0.00024
theme,0.00024
roles,0.00024
female,0.00024
dream,0.00024
filed,0.00024
prompted,0.00024
park,0.00024
duties,0.00024
artists,0.00024
fear,0.00024
domestic,0.00024
crisis,0.00024
warner,0.00024
beginning,0.00024
living,0.00024
charge,0.00024
fears,0.00024
check,0.00024
ticket,0.00024
scene,0.00024
pulled,0.00024
congress,0.00024
society,0.00024
funds,0.00024
operation,0.00024
partner,0.00024
duchess,0.00024
cinema,0.00024
lifted,0.00024
messaging,0.00024
german,0.00024
budget,0.00024
producers,0.00024
bell,0.00024
advantage,0.00022
multiple,0.00022
created,0.00022
focused,0.00022
millions,0.00022
challenges,0.00022
trailer,0.00022
directors,0.00022
banks,0.00022
touched,0.00022
lawyer,0.00022
views,0.00022
displayed,0.00022
association,0.00022
stands,0.00022
equipment,0.00022
performing,0.00022
helping,0.00022
earns,0.00022
opening,0.00022
supporters,0.00022
attack,0.00022
hosted,0.00022
pirated,0.00022
slot,0.00022
caused,0.00022
article,0.00022
worries,0.00022
looked,0.00022
quality,0.00022
trafficking,0.00022
at,0.00022
analysis,0.00022
pro,0.00022
concentration,0.00022
dismissed,0.00022
abc,0.00022
surge,0.00022
experts,0.00022
sport,0.00022
race,0.00022
questioned,0.00022
measure,0.00022
vision,0.00022
center,0.00022
mean,0.00022
winning,0.00022
seem,0.00022
familiar,0.00022
volume,0.00022
arrest,0.00022
discuss,0.00022
takeover,0.00022
questions,0.00022
in,0.00022
stuff,0.00022
categories,0.00022
allows,0.00022
representative,0.00022
light,0.00022
door,0.00022
training,0.00022
child,0.00022
freedom,0.00022
kenyan,0.00022
feeling,0.00022
pair,0.00022
chairman,0.00022
faced,0.00022
spot,0.00022
fraud,0.00022
requests,0.00022
lack,0.00022
tvs,0.00022
job,0.00022
airlines,0.00022
off,0.00022
weekly,0.00022
settled,0.00022
concern,0.00022
date,0.00022
floor,0.00022
miss,0.00022
feels,0.00022
inside,0.00022
waiting,0.00022
wins,0.00022
players,0.00022
advertisers,0.00022
struggling,0.00022
factor,0.00022
spokesman,0.00022
lives,0.00022
member,0.00022
putting,0.00022
battle,0.00022
edged,0.00022
bring,0.00022
romantic,0.00022
age,0.00022
games,0.00022
channel,0.00022
denied,0.00022
area,0.00022
flag,0.00022
closing,0.00022
currency,0.00022
spread,0.0002
electronics,0.0002
increasing,0.0002
district,0.0002
dado,0.0002
web,0.0002
targets,0.0002
self,0.0002
code,0.0002
writing,0.0002
tobacco,0.0002
conversation,0.0002
thanks,0.0002
reopen,0.0002
wars,0.0002
restaurants,0.0002
closer,0.0002
queens,0.0002
announcement,0.0002
sense,0.0002
produce,0.0002
diversity,0.0002
chemical,0.0002
currencies,0.0002
broadcast,0.0002
sun,0.0002
introduced,0.0002
provide,0.0002
protest,0.0002
poacher,0.0002
happening,0.0002
please,0.0002
rate,0.0002
process,0.0002
included,0.0002
popping,0.0002
pips,0.0002
hitting,0.0002
mood,0.0002
giants,0.0002
save,0.0002
effort,0.0002
bid,0.0002
actress,0.0002
opposition,0.0002
murphy,0.0002
steep,0.0002
respond,0.0002
ratings,0.0002
directed,0.0002
movement,0.0002
ark,0.0002
criticism,0.0002
hotel,0.0002
www,0.0002
gets,0.0002
slowing,0.0002
upside,0.0002
draft,0.0002
attacks,0.0002
chair,0.0002
standing,0.0002
walk,0.0002
newspapers,0.0002
exposure,0.0002
dispute,0.0002
addition,0.0002
shut,0.0002
americans,0.0002
flat,0.0002
la,0.0002
crew,0.0002
communities,0.0002
fee,0.0002
soccer,0.0002
development,0.0002
boosted,0.0002
mission,0.0002
controlled,0.0002
vote,0.0002
edge,0.0002
example,0.0002
scripted,0.0002
round,0.0002
screens,0.0002
offers,0.0002
stage,0.0002
petition,0.0002
girls,0.0002
website,0.0002
relationship,0.0002
includes,0.0002
negotiations,0.0002
seems,0.0002
thousands,0.0002
trends,0.0002
allow,0.0002
controversy,0.0002
dance,0.0002
practices,0.0002
disease,0.0002
challenger,0.0002
pound,0.0002
crime,0.0002
puts,0.0002
activity,0.0002
urging,0.0002
argued,0.0002
french,0.0002
violence,0.0002
external,0.0002
euro,0.0002
summit,0.00017
eye,0.00017
threat,0.00017
messages,0.00017
feb,0.00017
happen,0.00017
credit,0.00017
sky,0.00017
care,0.00017
outperformed,0.00017
horror,0.00017
homes,0.00017
journalists,0.00017
nickel,0.00017
assets,0.00017
opportunities,0.00017
begin,0.00017
slow,0.00017
mail,0.00017
strike,0.00017
worked,0.00017
stepping,0.00017
concrete,0.00017
terms,0.00017
vice,0.00017
happened,0.00017
ran,0.00017
campaigns,0.00017
lived,0.00017
aim,0.00017
pictures,0.00017
hits,0.00017
efforts,0.00017
metals,0.00017
returns,0.00017
iq,0.00017
choice,0.00017
buddhist,0.00017
willing,0.00017
shopping,0.00017
triple,0.00017
faces,0.00017
forced,0.00017
spoke,0.00017
promoting,0.00017
songs,0.00017
vat,0.00017
fang,0.00017
advancers,0.00017
parties,0.00017
founder,0.00017
john,0.00017
pieces,0.00017
streets,0.00017
remember,0.00017
boosting,0.00017
april,0.00017
declines,0.00017
murder,0.00017
daniel,0.00017
pitch,0.00017
charts,0.00017
clubs,0.00017
pm,0.00017
gauge,0.00017
oscar,0.00017
copies,0.00017
triggered,0.00017
ev,0.00017
secret,0.00017
boys,0.00017
lawsuit,0.00017
berlin,0.00017
standard,0.00017
active,0.00017
segment,0.00017
kingdom,0.00017
announcing,0.00017
university,0.00017
scheme,0.00017
activists,0.00017
es,0.00017
dominance,0.00017
unit,0.00017
pins,0.00017
orders,0.00017
generate,0.00017
leave,0.00017
launching,0.00017
caution,0.00017
peter,0.00017
holdings,0.00017
brother,0.00017
trials,0.00017
allowed,0.00017
communications,0.00017
walking,0.00017
regular,0.00017
seasons,0.00017
runs,0.00017
republicans,0.00017
exclusive,0.00017
add,0.00017
interested,0.00017
squeeze,0.00017
word,0.00017
topped,0.00017
fighting,0.00017
discussions,0.00017
victims,0.00017
democrat,0.00017
providers,0.00017
workers,0.00017
spend,0.00017
ben,0.00017
perfect,0.00017
ownership,0.00017
difference,0.00017
positions,0.00017
island,0.00017
leaders,0.00017
try,0.00017
decision,0.00017
wireless,0.00017
son,0.00017
democracy,0.00017
emerging,0.00017
photograph,0.00017
titles,0.00017
wei,0.00017
assassin,0.00017
profile,0.00017
blocks,0.00017
judge,0.00017
theatres,0.00017
decades,0.00015
northern,0.00015
die,0.00015
proposed,0.00015
introducing,0.00015
audience,0.00015
lake,0.00015
runners,0.00015
exits,0.00015
sitting,0.00015
prize,0.00015
managing,0.00015
chain,0.00015
words,0.00015
thinks,0.00015
capacity,0.00015
test,0.00015
forces,0.00015
organisers,0.00015
captain,0.00015
highlights,0.00015
gap,0.00015
bang,0.00015
politics,0.00015
employees,0.00015
bringing,0.00015
pushed,0.00015
barrel,0.00015
send,0.00015
battleground,0.00015
grow,0.00015
projects,0.00015
revealed,0.00015
musk,0.00015
plays,0.00015
inflows,0.00015
critics,0.00015
response,0.00015
turkey,0.00015
produced,0.00015
commerce,0.00015
basket,0.00015
victory,0.00015
holiday,0.00015
grew,0.00015
privacy,0.00015
wave,0.00015
career,0.00015
ex,0.00015
licence,0.00015
subscriptions,0.00015
bulls,0.00015
decided,0.00015
exercise,0.00015
middle,0.00015
releasing,0.00015
heart,0.00015
stuck,0.00015
outcry,0.00015
committed,0.00015
load,0.00015
brand,0.00015
reaction,0.00015
building,0.00015
senate,0.00015
meeting,0.00015
sap,0.00015
exciting,0.00015
mixed,0.00015
marketing,0.00015
prospects,0.00015
disabilities,0.00015
creator,0.00015
union,0.00015
injunction,0.00015
fueled,0.00015
bar,0.00015
pressures,0.00015
result,0.00015
army,0.00015
magic,0.00015
citing,0.00015
moment,0.00015
dois,0.00015
resume,0.00015
score,0.00015
setting,0.00015
transaction,0.00015
bonds,0.00015
consider,0.00015
ends,0.00015
revenues,0.00015
languages,0.00015
losing,0.00015
husband,0.00015
electric,0.00015
shop,0.00015
appear,0.00015
legislation,0.00015
signs,0.00015
jan,0.00015
rupees,0.00015
ship,0.00015
evidence,0.00015
sent,0.00015
hundreds,0.00015
porter,0.00015
overweight,0.00015
approval,0.00015
gas,0.00015
books,0.00015
themes,0.00015
hurt,0.00015
shorts,0.00015
moves,0.00015
status,0.00015
starts,0.00015
mind,0.00015
cant,0.00015
swing,0.00015
guidelines,0.00015
reminder,0.00015
managers,0.00015
acting,0.00015
horse,0.00015
treated,0.00015
particular,0.00015
managed,0.00015
mine,0.00015
bob,0.00015
busy,0.00015
message,0.00015
struggle,0.00015
neutral,0.00015
productions,0.00015
disappointing,0.00015
asset,0.00015
division,0.00015
actions,0.00015
aims,0.00015
tracking,0.00015
figure,0.00015
programmes,0.00013
polls,0.00013
dean,0.00013
ounce,0.00013
influence,0.00013
radio,0.00013
evening,0.00013
headquarters,0.00013
shareholder,0.00013
parents,0.00013
grand,0.00013
bail,0.00013
base,0.00013
site,0.00013
sending,0.00013
sees,0.00013
class,0.00013
turkish,0.00013
amazing,0.00013
float,0.00013
giving,0.00013
hub,0.00013
boy,0.00013
photographer,0.00013
died,0.00013
derivatives,0.00013
joint,0.00013
veteran,0.00013
sought,0.00013
referring,0.00013
tenet,0.00013
leaving,0.00013
eased,0.00013
signatures,0.00013
houses,0.00013
lagging,0.00013
hands,0.00013
empty,0.00013
infrastructure,0.00013
border,0.00013
style,0.00013
cover,0.00013
mother,0.00013
dollars,0.00013
billions,0.00013
problems,0.00013
rn,0.00013
joins,0.00013
findings,0.00013
winner,0.00013
received,0.00013
poster,0.00013
prison,0.00013
lifetime,0.00013
bounty,0.00013
humanitarian,0.00013
lock,0.00013
dominated,0.00013
blow,0.00013
petitions,0.00013
missing,0.00013
shot,0.00013
dog,0.00013
dialogue,0.00013
remove,0.00013
fight,0.00013
involving,0.00013
document,0.00013
newsroom,0.00013
size,0.00013
happens,0.00013
landed,0.00013
tom,0.00013
entry,0.00013
philippines,0.00013
creators,0.00013
claim,0.00013
minded,0.00013
ground,0.00013
jobs,0.00013
organization,0.00013
travel,0.00013
spike,0.00013
samurai,0.00013
executives,0.00013
partners,0.00013
journey,0.00013
bed,0.00013
rating,0.00013
audit,0.00013
minutes,0.00013
meet,0.00013
rich,0.00013
considering,0.00013
effect,0.00013
bodies,0.00013
weakness,0.00013
update,0.00013
cricket,0.00013
sensitive,0.00013
queer,0.00013
paralyzed,0.00013
intelligence,0.00013
nigerian,0.00013
benchmarks,0.00013
crores,0.00013
moments,0.00013
excited,0.00013
promoted,0.00013
colleagues,0.00013
sites,0.00013
finds,0.00013
wonder,0.00013
fashion,0.00013
celebrities,0.00013
science,0.00013
bomb,0.00013
families,0.00013
thought,0.00013
material,0.00013
shareholders,0.00013
artist,0.00013
boom,0.00013
filing,0.00013
documentaries,0.00013
honors,0.00013
sounds,0.00013
needed,0.00013
whale,0.00013
writer,0.00013
advanced,0.00013
gather,0.00013
brought,0.00013
rush,0.00013
resources,0.00013
missed,0.00013
pence,0.00013
fun,0.00013
weighed,0.00013
plot,0.00013
engagement,0.00013
dip,0.00013
skew,0.00013
soul,0.00013
speech,0.00013
unveiled,0.00013
poaching,0.00013
scared,0.00013
decline,0.00013
field,0.00013
dissident,0.00013
tweeted,0.00013
worlds,0.00013
speaks,0.00013
alert,0.00013
safety,0.00013
bear,0.00013
combat,0.00013
househusband,0.00013
art,0.00013
benefits,0.00013
saturday,0.00013
snap,0.00013
youth,0.00013
operator,0.00013
cloud,0.00013
obscenity,0.00013
balance,0.00013
inclusion,0.00013
dramas,0.00013
question,0.00013
signals,0.00013
divisions,0.00013
traffic,0.00013
buyer,0.00013
player,0.00013
drug,0.00013
retailer,0.00013
population,0.00013
suspects,0.00013
breaking,0.00013
stream,0.00013
paper,0.00013
improvement,0.00013
promising,0.00013
chicago,0.00013
accused,0.00013
stash,0.00013
deals,0.00013
blue,0.00013
decide,0.00013
housing,0.00013
equal,0.00013
latin,0.00013
contracts,0.00013
explains,0.00013
knowledge,0.00013
song,0.00013
wanting,0.00013
stereotypes,0.00013
slowdown,0.00013
rebel,0.00013
calm,0.00013
exchanges,0.00013
phones,0.00013
deadline,0.00013
champions,0.00013
receive,0.00013
hunters,0.00013
filmed,0.00013
super,0.00013
county,0.00013
dal,0.00013
uses,0.00013
sentiments,0.00013
complaining,0.00013
speed,0.00013
reporters,0.00013
pioneer,0.00013
bout,0.00013
felt,0.00013
seeks,0.00013
ordinary,0.00011
pivot,0.00011
released,0.00011
listening,0.00011
suggestion,0.00011
tough,0.00011
sparked,0.00011
broadcasting,0.00011
payment,0.00011
practice,0.00011
form,0.00011
exhibition,0.00011
boasts,0.00011
hate,0.00011
haul,0.00011
magazine,0.00011
machine,0.00011
presidency,0.00011
professor,0.00011
cult,0.00011
sleep,0.00011
lockdown,0.00011
household,0.00011
territory,0.00011
land,0.00011
meantime,0.00011
accompanying,0.00011
conspiracy,0.00011
piece,0.00011
slots,0.00011
quarantine,0.00011
startups,0.00011
anil,0.00011
ministry,0.00011
abuses,0.00011
embrace,0.00011
contains,0.00011
machines,0.00011
gm,0.00011
distributor,0.00011
registered,0.00011
carpet,0.00011
properties,0.00011
ill,0.00011
remake,0.00011
clients,0.00011
technologies,0.00011
mask,0.00011
talent,0.00011
experience,0.00011
pace,0.00011
destroying,0.00011
fuck,0.00011
quick,0.00011
recovered,0.00011
dominant,0.00011
replacement,0.00011
walks,0.00011
suffering,0.00011
equivalents,0.00011
buzz,0.00011
mrna,0.00011
tumbled,0.00011
convinced,0.00011
negative,0.00011
purchase,0.00011
clothing,0.00011
teaching,0.00011
iraqi,0.00011
footage,0.00011
soaring,0.00011
accelerate,0.00011
competitors,0.00011
dec,0.00011
god,0.00011
environment,0.00011
dipped,0.00011
bag,0.00011
conduct,0.00011
realised,0.00011
east,0.00011
dreams,0.00011
nature,0.00011
welcome,0.00011
instance,0.00011
revolution,0.00011
filmmakers,0.00011
apartment,0.00011
ford,0.00011
agree,0.00011
taxes,0.00011
agency,0.00011
screening,0.00011
businessman,0.00011
ranks,0.00011
sum,0.00011
discovered,0.00011
parent,0.00011
nation,0.00011
premiering,0.00011
surges,0.00011
surprise,0.00011
visits,0.00011
headlines,0.00011
pin,0.00011
location,0.00011
dd,0.00011
ambitions,0.00011
copying,0.00011
favorite,0.00011
broadcaster,0.00011
silence,0.00011
infections,0.00011
selloff,0.00011
amount,0.00011
admitted,0.00011
sneak,0.00011
offerings,0.00011
killing,0.00011
telling,0.00011
triggering,0.00011
prompting,0.00011
slump,0.00011
manage,0.00011
struggles,0.00011
newspaper,0.00011
raising,0.00011
used,0.00011
bets,0.00011
inspired,0.00011
nominees,0.00011
decreeing,0.00011
guys,0.00011
weather,0.00011
consensus,0.00011
dropping,0.00011
classic,0.00011
reading,0.00011
upbeat,0.00011
arrested,0.00011
earth,0.00011
expiring,0.00011
joy,0.00011
fly,0.00011
rallied,0.00011
simple,0.00011
possibility,0.00011
arts,0.00011
removed,0.00011
manhattan,0.00011
intensity,0.00011
drive,0.00011
reverse,0.00011
school,0.00011
chilling,0.00011
background,0.00011
brings,0.00011
camera,0.00011
individual,0.00011
pushing,0.00011
disclosure,0.00011
cancer,0.00011
rocket,0.00011
worry,0.00011
watchdog,0.00011
pricing,0.00011
so,0.00011
asking,0.00011
climbing,0.00011
lamenting,0.00011
regulates,0.00011
lift,0.00011
complete,0.00011
urged,0.00011
losers,0.00011
marriage,0.00011
bounce,0.00011
representing,0.00011
vs,0.00011
develop,0.00011
shift,0.00011
cowboy,0.00011
conditions,0.00011
alleging,0.00011
broke,0.00011
ceo,0.00011
flows,0.00011
blockbusters,0.00011
ride,0.00011
column,0.00011
kissing,0.00011
killed,0.00011
climbed,0.00011
disinformation,0.00011
herd,0.00011
wan,0.00011
boss,0.00011
liberal,0.00011
wake,0.00011
seeking,0.00011
pass,0.00011
losses,0.00011
piracy,0.00011
fit,0.00011
bus,0.00011
thank,0.00011
tour,0.00011
invest,0.00011
updated,0.00011
lies,0.00011
doubt,0.00011
figures,0.00011
described,0.00011
jihadists,0.00011
partnerships,0.00011
vowed,0.00011
sept,0.00011
subs,0.00011
holds,0.00011
structure,0.00011
specialty,0.00011
publishing,0.00011
foundation,0.00011
tomorrow,0.00011
theres,0.00011
additions,0.00011
comprehensive,0.00011
prepared,0.00011
coverage,0.00011
advisors,0.00011
click,0.00011
driving,0.00011
infringement,0.00011
founded,0.00011
ms,0.00011
characters,0.00011
specific,0.00011
tells,0.00011
economies,0.00011
habit,0.00011
christian,0.00011
halt,0.00011
theater,0.00011
makers,0.00011
medical,0.00011
habits,0.00011
hoping,0.00011
zoom,0.00011
dozens,0.00011
bombing,0.00011
rival,0.00011
operators,0.00011
enabled,0.00011
debt,0.00011
wildlife,0.00011
male,0.00011
responsibility,0.00011
extreme,0.00011
premiere,0.00011
ton,0.00011
water,0.00011
paris,0.00011
oriented,0.00011
talking,0.00011
supporting,0.00011
out,0.00011
compromise,0.00011
marijuana,0.00011
grown,9e-05
crazy,9e-05
digging,9e-05
awareness,9e-05
organizations,9e-05
weapon,9e-05
couples,9e-05
appeals,9e-05
devices,9e-05
mistake,9e-05
meg,9e-05
leads,9e-05
revision,9e-05
damage,9e-05
accusation,9e-05
yearly,9e-05
failure,9e-05
developing,9e-05
crowded,9e-05
matt,9e-05
escape,9e-05
importance,9e-05
stretch,9e-05
claiming,9e-05
blood,9e-05
narrative,9e-05
acquired,9e-05
agreeing,9e-05
fuel,9e-05
ok,9e-05
copy,9e-05
publishers,9e-05
canadian,9e-05
transform,9e-05
proceed,9e-05
tend,9e-05
propaganda,9e-05
helmet,9e-05
manufacturing,9e-05
marking,9e-05
table,9e-05
rescues,9e-05
programme,9e-05
direction,9e-05
confidence,9e-05
groan,9e-05
dating,9e-05
ads,9e-05
grandpa,9e-05
defence,9e-05
trail,9e-05
acquisition,9e-05
governor,9e-05
shipping,9e-05
bunch,9e-05
animal,9e-05
represents,9e-05
discussed,9e-05
emphasis,9e-05
provides,9e-05
singing,9e-05
discharged,9e-05
intro,9e-05
create,9e-05
robot,9e-05
baseball,9e-05
treatments,9e-05
betting,9e-05
toll,9e-05
touching,9e-05
en,9e-05
burn,9e-05
musical,9e-05
activations,9e-05
sir,9e-05
ranging,9e-05
bias,9e-05
adventure,9e-05
doc,9e-05
pages,9e-05
concluded,9e-05
sexuality,9e-05
animals,9e-05
sooner,9e-05
provided,9e-05
lulu,9e-05
build,9e-05
filming,9e-05
tap,9e-05
containing,9e-05
anger,9e-05
email,9e-05
circumstances,9e-05
midnight,9e-05
benefitting,9e-05
counts,9e-05
grounds,9e-05
th,9e-05
conclusion,9e-05
product,9e-05
sanctions,9e-05
hiding,9e-05
brent,9e-05
baron,9e-05
section,9e-05
tennis,9e-05
confirmed,9e-05
initial,9e-05
halls,9e-05
silva,9e-05
bubble,9e-05
argue,9e-05
diversifying,9e-05
doubts,9e-05
cos,9e-05
weird,9e-05
autobiography,9e-05
involve,9e-05
opinion,9e-05
palace,9e-05
applauded,9e-05
shoulders,9e-05
approach,9e-05
timeline,9e-05
yen,9e-05
suggests,9e-05
throw,9e-05
lawyers,9e-05
dm,9e-05
reputation,9e-05
footprint,9e-05
correspondent,9e-05
cited,9e-05
generation,9e-05
heightened,9e-05
sweeps,9e-05
express,9e-05
editor,9e-05
sells,9e-05
immune,9e-05
champion,9e-05
features,9e-05
gene,9e-05
required,9e-05
appetite,9e-05
crash,9e-05
excluding,9e-05
transition,9e-05
planes,9e-05
receives,9e-05
hearing,9e-05
nowhere,9e-05
posts,9e-05
stood,9e-05
wood,9e-05
gnus,9e-05
meadows,9e-05
battery,9e-05
hospitals,9e-05
delighted,9e-05
swedish,9e-05
changing,9e-05
cable,9e-05
trapped,9e-05
temporary,9e-05
regulations,9e-05
draw,9e-05
borough,9e-05
providing,9e-05
staying,9e-05
flurry,9e-05
silver,9e-05
tables,9e-05
highlight,9e-05
subject,9e-05
abuse,9e-05
maintaining,9e-05
rock,9e-05
entered,9e-05
broad,9e-05
gravitate,9e-05
storm,9e-05
clothed,9e-05
intermediate,9e-05
married,9e-05
ins,9e-05
backed,9e-05
covers,9e-05
healthcare,9e-05
shit,9e-05
voters,9e-05
pick,9e-05
cook,9e-05
incidents,9e-05
superstars,9e-05
dutch,9e-05
popularity,9e-05
universities,9e-05
regulation,9e-05
franchises,9e-05
drugs,9e-05
airline,9e-05
presented,9e-05
constituents,9e-05
stopped,9e-05
billionaire,9e-05
euphoria,9e-05
elevated,9e-05
homepage,9e-05
creation,9e-05
increases,9e-05
momentum,9e-05
friend,9e-05
yes,9e-05
sets,9e-05
traded,9e-05
fucking,9e-05
same,9e-05
likes,9e-05
er,9e-05
sound,9e-05
hosting,9e-05
basic,9e-05
conservatives,9e-05
learned,9e-05
ordered,9e-05
laws,9e-05
kicked,9e-05
approached,9e-05
motion,9e-05
one,9e-05
turbulence,9e-05
safe,9e-05
students,9e-05
voted,9e-05
strip,9e-05
rotation,9e-05
appreciate,9e-05
artwork,9e-05
insurance,9e-05
knows,9e-05
caps,9e-05
allowing,9e-05
failed,9e-05
powered,9e-05
appearances,9e-05
michael,9e-05
rewarded,9e-05
quiet,9e-05
shed,9e-05
scrutiny,9e-05
divergence,9e-05
doubting,9e-05
meetings,9e-05
binge,9e-05
guy,9e-05
pink,9e-05
space,9e-05
candidate,9e-05
supported,9e-05
protection,9e-05
publisher,9e-05
authorities,9e-05
hip,9e-05
cause,9e-05
peak,9e-05
disclosed,9e-05
author,9e-05
closes,9e-05
scripts,9e-05
banking,9e-05
context,9e-05
wells,9e-05
promotions,9e-05
swift,9e-05
hindu,9e-05
tracked,9e-05
outlining,9e-05
cancel,9e-05
tasked,9e-05
relations,9e-05
heels,9e-05
carry,9e-05
holidays,9e-05
watchers,9e-05
waffle,9e-05
helps,9e-05
subjects,9e-05
discussion,9e-05
tag,9e-05
telecom,9e-05
focusing,9e-05
phasing,9e-05
personality,9e-05
backlash,9e-05
pharmaceuticals,9e-05
criminal,9e-05
flyers,9e-05
survive,9e-05
involved,9e-05
humbled,9e-05
offset,9e-05
obtained,9e-05
caption,9e-05
endure,9e-05
mannequin,9e-05
rupiah,9e-05
buildings,9e-05
kill,9e-05
feeding,9e-05
supply,9e-05
celebrate,9e-05
doctors,9e-05
mop,9e-05
profitability,9e-05
choosing,9e-05
toe,9e-05
battling,9e-05
lands,9e-05
monk,9e-05
programs,9e-05
storms,9e-05
finished,9e-05
authority,9e-05
paragraph,9e-05
extended,9e-05
absence,9e-05
compliance,9e-05
relative,9e-05
factors,9e-05
amazons,9e-05
wing,9e-05
rejected,9e-05
officials,9e-05
screenings,9e-05
aide,9e-05
alerts,9e-05
principal,9e-05
testing,9e-05
attendance,9e-05
cisco,9e-05
avoid,9e-05
commercial,9e-05
muslim,9e-05
deliveries,9e-05
alternative,9e-05
nobody,9e-05
dragons,9e-05
ro,9e-05
recovering,9e-05
tone,9e-05
covering,9e-05
insights,9e-05
testimony,9e-05
technical,9e-05
weighting,9e-05
fingers,9e-05
affected,9e-05
contract,9e-05
contenders,9e-05
blockbuster,9e-05
named,9e-05
contend,9e-05
community,9e-05
fair,9e-05
cup,9e-05
distancing,9e-05
playlists,9e-05
adults,9e-05
identify,9e-05
spokesperson,9e-05
dig,9e-05
funded,9e-05
resident,9e-05
cruises,9e-05
spanish,9e-05
agencies,9e-05
waited,9e-05
straits,9e-05
replace,9e-05
lets,9e-05
rs,9e-05
block,9e-05
issuing,7e-05
americana,7e-05
tycoons,7e-05
cooper,7e-05
marked,7e-05
hang,7e-05
bath,7e-05
urge,7e-05
marvel,7e-05
employee,7e-05
followed,7e-05
narrow,7e-05
carrier,7e-05
keeps,7e-05
doubted,7e-05
frustrated,7e-05
volunteers,7e-05
inspiration,7e-05
elect,7e-05
winter,7e-05
stretches,7e-05
lit,7e-05
ambassador,7e-05
glut,7e-05
station,7e-05
renews,7e-05
drags,7e-05
coaching,7e-05
wished,7e-05
pose,7e-05
fallout,7e-05
hinted,7e-05
fascinating,7e-05
pickup,7e-05
journalism,7e-05
ruling,7e-05
abstained,7e-05
knew,7e-05
protections,7e-05
enemy,7e-05
description,7e-05
accusing,7e-05
wondered,7e-05
hills,7e-05
competitor,7e-05
commitment,7e-05
guard,7e-05
expert,7e-05
meant,7e-05
posting,7e-05
affairs,7e-05
romance,7e-05
columnists,7e-05
koalas,7e-05
wrong,7e-05
carried,7e-05
peer,7e-05
grant,7e-05
consultancy,7e-05
cushion,7e-05
distance,7e-05
expenses,7e-05
deliberate,7e-05
slips,7e-05
bouncing,7e-05
reopening,7e-05
underlying,7e-05
kid,7e-05
born,7e-05
noted,7e-05
collaboration,7e-05
streams,7e-05
insurer,7e-05
fascinated,7e-05
expanding,7e-05
czech,7e-05
cursed,7e-05
guarantee,7e-05
known,7e-05
individuals,7e-05
wow,7e-05
gi,7e-05
heading,7e-05
improved,7e-05
bohemia,7e-05
furniture,7e-05
spaceman,7e-05
gatherings,7e-05
apply,7e-05
haunting,7e-05
averages,7e-05
rapes,7e-05
induced,7e-05
independence,7e-05
tiger,7e-05
hurting,7e-05
loans,7e-05
exaggerate,7e-05
lines,7e-05
probing,7e-05
filled,7e-05
focuses,7e-05
tycoon,7e-05
casts,7e-05
realising,7e-05
raises,7e-05
followers,7e-05
reopened,7e-05
organic,7e-05
accounted,7e-05
spurs,7e-05
endeavour,7e-05
minnow,7e-05
solo,7e-05
portrayals,7e-05
pill,7e-05
rattling,7e-05
recommendations,7e-05
profess,7e-05
protecting,7e-05
princess,7e-05
semiconductors,7e-05
jerry,7e-05
median,7e-05
patients,7e-05
crying,7e-05
indonesian,7e-05
habitat,7e-05
tens,7e-05
viewed,7e-05
concept,7e-05
suffer,7e-05
metal,7e-05
transfer,7e-05
considered,7e-05
discounts,7e-05
prosecutors,7e-05
effects,7e-05
wire,7e-05
advised,7e-05
curbside,7e-05
coattails,7e-05
loyalty,7e-05
tags,7e-05
calendar,7e-05
boards,7e-05
demonstrations,7e-05
ass,7e-05
dates,7e-05
cancellation,7e-05
icons,7e-05
caught,7e-05
brutality,7e-05
struggled,7e-05
verge,7e-05
fed,7e-05
producing,7e-05
pyramid,7e-05
expertise,7e-05
visit,7e-05
buys,7e-05
prop,7e-05
surging,7e-05
passengers,7e-05
goods,7e-05
hero,7e-05
jailed,7e-05
gen,7e-05
complex,7e-05
estimated,7e-05
digit,7e-05
piling,7e-05
thus,7e-05
expectation,7e-05
premiered,7e-05
rests,7e-05
card,7e-05
fame,7e-05
turning,7e-05
atrocities,7e-05
armed,7e-05
limits,7e-05
jack,7e-05
blamed,7e-05
tired,7e-05
depot,7e-05
lights,7e-05
pic,7e-05
chauvinist,7e-05
tracks,7e-05
premiums,7e-05
learning,7e-05
impossible,7e-05
loved,7e-05
lots,7e-05
heard,7e-05
compound,7e-05
gear,7e-05
guessing,7e-05
centers,7e-05
supernatural,7e-05
shoppers,7e-05
purchased,7e-05
hollywoods,7e-05
sixth,7e-05
plane,7e-05
restricted,7e-05
scare,7e-05
honor,7e-05
emergency,7e-05
buyers,7e-05
alcohol,7e-05
slid,7e-05
elephant,7e-05
proved,7e-05
slight,7e-05
viability,7e-05
rooms,7e-05
ph,7e-05
fend,7e-05
heads,7e-05
un,7e-05
logging,7e-05
loses,7e-05
fare,7e-05
todays,7e-05
exploitation,7e-05
attend,7e-05
collective,7e-05
sitcom,7e-05
surname,7e-05
mindset,7e-05
studies,7e-05
chairwoman,7e-05
avoiding,7e-05
poised,7e-05
deep,7e-05
macro,7e-05
initiation,7e-05
doors,7e-05
extending,7e-05
packed,7e-05
inspiring,7e-05
dealing,7e-05
drink,7e-05
be,7e-05
infection,7e-05
commodities,7e-05
emerged,7e-05
traction,7e-05
exceeding,7e-05
reflecting,7e-05
merger,7e-05
accepted,7e-05
italian,7e-05
soared,7e-05
dixie,7e-05
accept,7e-05
reckon,7e-05
beliefs,7e-05
attributed,7e-05
motivations,7e-05
titans,7e-05
trusted,7e-05
ceiling,7e-05
recommended,7e-05
percent,7e-05
checkouts,7e-05
borders,7e-05
dealers,7e-05
enticed,7e-05
guests,7e-05
chase,7e-05
motivation,7e-05
premier,7e-05
shutdowns,7e-05
satire,7e-05
nationalist,7e-05
frozen,7e-05
achieve,7e-05
avengers,7e-05
newsletter,7e-05
drip,7e-05
prospect,7e-05
funny,7e-05
gaming,7e-05
plea,7e-05
olympics,7e-05
trigger,7e-05
motivated,7e-05
approaching,7e-05
antibody,7e-05
knowing,7e-05
fits,7e-05
interesting,7e-05
pride,7e-05
transcript,7e-05
temper,7e-05
reversal,7e-05
estate,7e-05
piled,7e-05
pageant,7e-05
sticking,7e-05
inquiry,7e-05
delayed,7e-05
papers,7e-05
saving,7e-05
seventeen,7e-05
guidance,7e-05
mexican,7e-05
closures,7e-05
kit,7e-05
revealing,7e-05
regulators,7e-05
bump,7e-05
routes,7e-05
throne,7e-05
probe,7e-05
weighing,7e-05
sick,7e-05
stopping,7e-05
tale,7e-05
drops,7e-05
dust,7e-05
defensive,7e-05
train,7e-05
spirit,7e-05
traditions,7e-05
colleague,7e-05
recurring,7e-05
meaning,7e-05
essential,7e-05
tilting,7e-05
opens,7e-05
encryption,7e-05
responded,7e-05
native,7e-05
indies,7e-05
present,7e-05
taste,7e-05
formal,7e-05
postponed,7e-05
replied,7e-05
representation,7e-05
travelling,7e-05
hinge,7e-05
reckoning,7e-05
sexualizing,7e-05
peers,7e-05
risks,7e-05
horses,7e-05
catch,7e-05
bolster,7e-05
catching,7e-05
prosecutor,7e-05
faking,7e-05
neutralize,7e-05
shocked,7e-05
emerges,7e-05
admitting,7e-05
construction,7e-05
publication,7e-05
weapons,7e-05
era,7e-05
nods,7e-05
fringe,7e-05
alleged,7e-05
camp,7e-05
imports,7e-05
alerted,7e-05
fueling,7e-05
injured,7e-05
cop,7e-05
jump,7e-05
aspirations,7e-05
waffles,7e-05
expansion,7e-05
breakthrough,7e-05
letters,7e-05
brown,7e-05
eager,7e-05
voices,7e-05
sessions,7e-05
dangers,7e-05
filings,7e-05
resumed,7e-05
batch,7e-05
experimentation,7e-05
hindi,7e-05
gross,7e-05
tweets,7e-05
semiconductor,7e-05
da,7e-05
indictment,7e-05
breakfast,7e-05
planning,7e-05
locations,7e-05
dividends,7e-05
split,7e-05
mates,7e-05
chairs,7e-05
teaming,7e-05
unknown,7e-05
transport,7e-05
stockpiles,7e-05
identity,7e-05
featuring,7e-05
totality,7e-05
candle,7e-05
spotlight,7e-05
backing,7e-05
favor,7e-05
securing,7e-05
racecourse,7e-05
perking,7e-05
premieres,7e-05
mon,7e-05
reversed,7e-05
countered,7e-05
subtitles,7e-05
speak,7e-05
investigations,7e-05
agreements,7e-05
superior,7e-05
delay,7e-05
franchise,7e-05
hell,7e-05
riot,7e-05
album,7e-05
teams,7e-05
courage,7e-05
stupid,7e-05
gender,7e-05
backdrop,7e-05
renamed,7e-05
swings,7e-05
celebration,7e-05
receiving,7e-05
fox,7e-05
attorney,7e-05
approved,7e-05
stoked,7e-05
realize,7e-05
conversations,7e-05
offing,7e-05
gaps,7e-05
minute,7e-05
shred,7e-05
extend,7e-05
discount,7e-05
unemployment,7e-05
praising,7e-05
wales,7e-05
dragon,7e-05
poll,7e-05
negotiator,7e-05
earn,7e-05
ethics,7e-05
writers,7e-05
experiences,7e-05
pimps,7e-05
sheet,7e-05
pool,7e-05
clarity,7e-05
shelling,7e-05
launches,7e-05
emails,7e-05
consulate,7e-05
bet,7e-05
transportation,7e-05
ta,7e-05
disasters,7e-05
elephants,7e-05
dress,7e-05
principles,7e-05
odds,7e-05
common,7e-05
fist,7e-05
blocking,7e-05
contested,7e-05
wu,7e-05
collar,7e-05
teen,7e-05
natural,7e-05
gainers,7e-05
packages,7e-05
biodiversity,7e-05
operates,7e-05
carts,7e-05
records,7e-05
wondering,7e-05
troubled,7e-05
insisted,7e-05
coordinate,7e-05
censorship,7e-05
addiction,7e-05
lured,7e-05
reflects,7e-05
note,7e-05
resistance,7e-05
developed,7e-05
enjoyed,7e-05
keyboard,7e-05
legacy,7e-05
policies,7e-05
thirds,7e-05
recommendation,7e-05
upgraded,7e-05
printed,7e-05
decisions,7e-05
featured,7e-05
affinity,7e-05
disruption,7e-05
impression,7e-05
bk,7e-05
breakup,7e-05
promote,7e-05
detailing,7e-05
brazil,7e-05
undermine,7e-05
wrongdoing,7e-05
tried,7e-05
researchers,7e-05
groceries,7e-05
havoc,7e-05
worker,7e-05
tower,7e-05
hiring,7e-05
appearance,7e-05
ban,7e-05
replacing,7e-05
warranty,7e-05
duty,7e-05
suggesting,7e-05
relegation,7e-05
expressed,7e-05
ideas,7e-05
receipt,7e-05
calculus,7e-05
dueling,7e-05
rebound,7e-05
donors,7e-05
amassed,7e-05
proof,7e-05
damn,7e-05
meditation,7e-05
respect,7e-05
meme,7e-05
elements,7e-05
captured,7e-05
secrecy,7e-05
grandchildren,7e-05
finding,7e-05
sea,7e-05
aired,7e-05
sleeping,7e-05
compelling,7e-05
finale,7e-05
plant,7e-05
lady,7e-05
challenging,7e-05
welcomed,7e-05
accustomed,7e-05
reporter,7e-05
interests,7e-05
worse,7e-05
alleges,7e-05
hoped,7e-05
eu,7e-05
venture,7e-05
origin,7e-05
materials,7e-05
favourites,7e-05
deposit,7e-05
financing,7e-05
laden,7e-05
castle,7e-05
pr,7e-05
controls,7e-05
gods,7e-05
qualify,7e-05
elite,7e-05
debuted,7e-05
peacock,7e-05
landscape,7e-05
hop,7e-05
goals,7e-05
suggest,7e-05
politicians,7e-05
extracts,7e-05
casino,7e-05
sides,7e-05
suggested,7e-05
utilities,7e-05
compassion,7e-05
photos,7e-05
trader,4e-05
gift,4e-05
wifi,4e-05
exercises,4e-05
shocks,4e-05
dc,4e-05
trim,4e-05
potter,4e-05
burst,4e-05
stadium,4e-05
brave,4e-05
spur,4e-05
chosen,4e-05
showtime,4e-05
handle,4e-05
credited,4e-05
gamble,4e-05
jury,4e-05
matching,4e-05
initiative,4e-05
commodity,4e-05
exposing,4e-05
fined,4e-05
distributors,4e-05
staggering,4e-05
slowed,4e-05
broken,4e-05
occidental,4e-05
improves,4e-05
placed,4e-05
plunge,4e-05
consideration,4e-05
octopus,4e-05
portfolios,4e-05
umbrella,4e-05
desks,4e-05
thief,4e-05
entertaining,4e-05
deficiencies,4e-05
megaphone,4e-05
grievance,4e-05
roots,4e-05
flowing,4e-05
exporter,4e-05
trained,4e-05
joining,4e-05
appoint,4e-05
overturned,4e-05
banning,4e-05
backhand,4e-05
fiber,4e-05
opposite,4e-05
corpses,4e-05
collapse,4e-05
id,4e-05
disputing,4e-05
volatile,4e-05
sa,4e-05
realities,4e-05
bull,4e-05
meets,4e-05
ballots,4e-05
vocal,4e-05
driver,4e-05
convincing,4e-05
extra,4e-05
bin,4e-05
acted,4e-05
gathered,4e-05
airs,4e-05
pivots,4e-05
crashed,4e-05
sketch,4e-05
frenzy,4e-05
manila,4e-05
enjoying,4e-05
businessmen,4e-05
bearing,4e-05
beats,4e-05
weightings,4e-05
interviewed,4e-05
coffee,4e-05
herald,4e-05
outbreak,4e-05
row,4e-05
petroleum,4e-05
deaths,4e-05
retaining,4e-05
campaigned,4e-05
hunt,4e-05
pushes,4e-05
assembly,4e-05
prejudice,4e-05
dimming,4e-05
threats,4e-05
valuable,4e-05
rotating,4e-05
pixel,4e-05
driven,4e-05
subtitled,4e-05
geared,4e-05
retired,4e-05
goddesses,4e-05
blends,4e-05
snag,4e-05
exploded,4e-05
appointments,4e-05
burgeoning,4e-05
euros,4e-05
nowadays,4e-05
tests,4e-05
pent,4e-05
waiter,4e-05
trumps,4e-05
collected,4e-05
detractors,4e-05
dressing,4e-05
combined,4e-05
neighbours,4e-05
strikes,4e-05
snapping,4e-05
requirements,4e-05
beleaguered,4e-05
fishing,4e-05
talents,4e-05
earning,4e-05
strategists,4e-05
obtain,4e-05
breathing,4e-05
br,4e-05
planned,4e-05
suing,4e-05
accounting,4e-05
charged,4e-05
directing,4e-05
jeweller,4e-05
southeast,4e-05
telecoms,4e-05
grudges,4e-05
responses,4e-05
arc,4e-05
striking,4e-05
printing,4e-05
cigarette,4e-05
engages,4e-05
rolls,4e-05
jet,4e-05
systems,4e-05
rule,4e-05
kills,4e-05
maria,4e-05
liking,4e-05
contact,4e-05
heres,4e-05
fo,4e-05
signing,4e-05
client,4e-05
stable,4e-05
booking,4e-05
outcome,4e-05
talked,4e-05
discretion,4e-05
manufacturer,4e-05
firestorm,4e-05
flu,4e-05
gossip,4e-05
presents,4e-05
trouble,4e-05
streamed,4e-05
differences,4e-05
banana,4e-05
territories,4e-05
medication,4e-05
enforcing,4e-05
reception,4e-05
forum,4e-05
activism,4e-05
accent,4e-05
behavior,4e-05
requires,4e-05
handed,4e-05
attitude,4e-05
wiped,4e-05
morales,4e-05
trajectory,4e-05
centre,4e-05
sand,4e-05
expanded,4e-05
wish,4e-05
triangle,4e-05
stick,4e-05
theatre,4e-05
cutting,4e-05
completed,4e-05
spies,4e-05
residents,4e-05
professional,4e-05
respirators,4e-05
begins,4e-05
pretend,4e-05
plants,4e-05
operate,4e-05
biasing,4e-05
drill,4e-05
luxury,4e-05
stirred,4e-05
steam,4e-05
billionaires,4e-05
cornerstone,4e-05
causing,4e-05
stalls,4e-05
ramped,4e-05
brief,4e-05
nail,4e-05
incs,4e-05
searching,4e-05
slide,4e-05
joke,4e-05
liked,4e-05
wastes,4e-05
discrimination,4e-05
banked,4e-05
candles,4e-05
enterprises,4e-05
renewed,4e-05
tortured,4e-05
nestle,4e-05
portion,4e-05
hole,4e-05
adventures,4e-05
offices,4e-05
runner,4e-05
coda,4e-05
proving,4e-05
gulf,4e-05
mrs,4e-05
locking,4e-05
debuting,4e-05
oblige,4e-05
suburb,4e-05
trash,4e-05
pu,4e-05
digesting,4e-05
phenomenon,4e-05
rallies,4e-05
grips,4e-05
heroes,4e-05
choices,4e-05
connect,4e-05
plotting,4e-05
beach,4e-05
spark,4e-05
warning,4e-05
tenure,4e-05
indication,4e-05
clothes,4e-05
participates,4e-05
passed,4e-05
honey,4e-05
faked,4e-05
skewing,4e-05
danish,4e-05
skills,4e-05
telecommunications,4e-05
rallying,4e-05
misusing,4e-05
farmers,4e-05
civilians,4e-05
daughter,4e-05
emerald,4e-05
trimming,4e-05
enjoy,4e-05
execution,4e-05
penny,4e-05
soldiers,4e-05
underperforming,4e-05
delight,4e-05
killer,4e-05
cd,4e-05
executions,4e-05
scenario,4e-05
shock,4e-05
obligated,4e-05
travelers,4e-05
positioning,4e-05
strategies,4e-05
yawning,4e-05
unions,4e-05
softened,4e-05
identifying,4e-05
vaccinations,4e-05
techs,4e-05
owes,4e-05
vanessa,4e-05
stress,4e-05
assistance,4e-05
aggregator,4e-05
hotels,4e-05
regained,4e-05
chewing,4e-05
bullying,4e-05
inclined,4e-05
breaks,4e-05
solution,4e-05
corporations,4e-05
lay,4e-05
weekdays,4e-05
hopeful,4e-05
predicted,4e-05
opponent,4e-05
till,4e-05
miller,4e-05
extradition,4e-05
feet,4e-05
miami,4e-05
genres,4e-05
airport,4e-05
acquire,4e-05
continent,4e-05
hearts,4e-05
armor,4e-05
colombian,4e-05
dinner,4e-05
purpose,4e-05
employment,4e-05
legitimate,4e-05
em,4e-05
except,4e-05
commonwealth,4e-05
pledged,4e-05
hill,4e-05
ashes,4e-05
collection,4e-05
regions,4e-05
penetration,4e-05
halting,4e-05
misinformation,4e-05
alternate,4e-05
suffered,4e-05
regulated,4e-05
warming,4e-05
patent,4e-05
preparing,4e-05
dampening,4e-05
captains,4e-05
http,4e-05
gothic,4e-05
arms,4e-05
compare,4e-05
bridge,4e-05
weekends,4e-05
crossings,4e-05
advocacy,4e-05
hz,4e-05
mocking,4e-05
cheering,4e-05
documents,4e-05
streak,4e-05
gem,4e-05
blooms,4e-05
sheets,4e-05
judges,4e-05
explain,4e-05
understand,4e-05
contrast,4e-05
commitments,4e-05
category,4e-05
solid,4e-05
restructured,4e-05
trainer,4e-05
claimed,4e-05
snow,4e-05
burton,4e-05
professionals,4e-05
neighbourhoods,4e-05
powerhouses,4e-05
none,4e-05
rockets,4e-05
ac,4e-05
tune,4e-05
incident,4e-05
necessary,4e-05
destroyed,4e-05
capitalization,4e-05
passes,4e-05
overshadowed,4e-05
canisters,4e-05
remaining,4e-05
title,4e-05
robes,4e-05
glass,4e-05
beige,4e-05
mainstream,4e-05
ignored,4e-05
conjuring,4e-05
clean,4e-05
serving,4e-05
plus,4e-05
speeches,4e-05
graham,4e-05
command,4e-05
looms,4e-05
avoided,4e-05
roll,4e-05
eyeing,4e-05
overloading,4e-05
defeat,4e-05
voiced,4e-05
raft,4e-05
spring,4e-05
muscles,4e-05
declared,4e-05
tablets,4e-05
outflow,4e-05
titled,4e-05
relying,4e-05
posed,4e-05
identified,4e-05
bloom,4e-05
interface,4e-05
tip,4e-05
shape,4e-05
sustainability,4e-05
statements,4e-05
epidemic,4e-05
disturb,4e-05
rethink,4e-05
receipts,4e-05
throwing,4e-05
ecosystems,4e-05
certificates,4e-05
underpinning,4e-05
wobbles,4e-05
hi,4e-05
pipeline,4e-05
mock,4e-05
fe,4e-05
suit,4e-05
sub,4e-05
exhausted,4e-05
demise,4e-05
generating,4e-05
voice,4e-05
examining,4e-05
pursue,4e-05
technicians,4e-05
cricketers,4e-05
shy,4e-05
variants,4e-05
zeus,4e-05
visa,4e-05
lam,4e-05
sellers,4e-05
leaning,4e-05
license,4e-05
fuels,4e-05
eyelashes,4e-05
muscle,4e-05
embassy,4e-05
occupation,4e-05
chaos,4e-05
studying,4e-05
guarded,4e-05
finances,4e-05
disgruntled,4e-05
rolling,4e-05
comedians,4e-05
symptoms,4e-05
junk,4e-05
directorate,4e-05
apology,4e-05
booming,4e-05
chatting,4e-05
destroy,4e-05
reed,4e-05
counted,4e-05
spokeswoman,4e-05
rice,4e-05
exposed,4e-05
jacob,4e-05
dinners,4e-05
keen,4e-05
partnership,4e-05
movements,4e-05
avenue,4e-05
lose,4e-05
patronages,4e-05
hes,4e-05
profiles,4e-05
plowing,4e-05
praise,4e-05
fiance,4e-05
preparations,4e-05
snacks,4e-05
nerves,4e-05
linked,4e-05
droughts,4e-05
kids,4e-05
worrying,4e-05
polish,4e-05
trip,4e-05
slumped,4e-05
liquor,4e-05
anna,4e-05
color,4e-05
reviewing,4e-05
pull,4e-05
vow,4e-05
advising,4e-05
obsession,4e-05
lac,4e-05
confirming,4e-05
priority,4e-05
heights,4e-05
ii,4e-05
foray,4e-05
fundamentals,4e-05
trailing,4e-05
scope,4e-05
steepening,4e-05
count,4e-05
deck,4e-05
notable,4e-05
fine,4e-05
advice,4e-05
reckoned,4e-05
speculators,4e-05
alarm,4e-05
wears,4e-05
favorites,4e-05
laid,4e-05
curfew,4e-05
josh,4e-05
seventh,4e-05
peace,4e-05
flaming,4e-05
weight,4e-05
earnest,4e-05
messiah,4e-05
renown,4e-05
questioning,4e-05
arak,4e-05
cars,4e-05
counterpoint,4e-05
oscars,4e-05
switch,4e-05
suits,4e-05
battles,4e-05
norman,4e-05
exhibitors,4e-05
physician,4e-05
hailing,4e-05
wont,4e-05
grey,4e-05
tm,4e-05
adaptations,4e-05
offered,4e-05
determined,4e-05
comedies,4e-05
balls,4e-05
served,4e-05
attitudes,4e-05
dirty,4e-05
permission,4e-05
henry,4e-05
hosts,4e-05
forms,4e-05
flowers,4e-05
cities,4e-05
vetting,4e-05
disable,4e-05
warrant,4e-05
emerge,4e-05
kohl,4e-05
evasion,4e-05
console,4e-05
contacts,4e-05
fiction,4e-05
cancelled,4e-05
swiss,4e-05
complement,4e-05
exit,4e-05
weigh,4e-05
wraps,4e-05
guess,4e-05
fcc,4e-05
ranked,4e-05
eats,4e-05
miles,4e-05
threaten,4e-05
moviegoers,4e-05
eating,4e-05
integrator,4e-05
seemed,4e-05
warn,4e-05
bounced,4e-05
voyage,4e-05
rout,4e-05
surcharge,4e-05
drawing,4e-05
threatened,4e-05
band,4e-05
provider,4e-05
trips,4e-05
proposal,4e-05
bombed,4e-05
indices,4e-05
wailing,4e-05
shorted,4e-05
mama,4e-05
suspend,4e-05
karen,4e-05
bent,4e-05
sponsor,4e-05
superstar,4e-05
maps,4e-05
powers,4e-05
lira,4e-05
assumption,4e-05
sin,4e-05
barriers,4e-05
legend,4e-05
digitalization,4e-05
protesters,4e-05
modern,4e-05
hobbled,4e-05
icon,4e-05
contest,4e-05
pedestrians,4e-05
shaking,4e-05
tackle,4e-05
vcr,4e-05
libraries,4e-05
bolstered,4e-05
relinquish,4e-05
scrolling,4e-05
earned,4e-05
schedule,4e-05
chip,4e-05
sustained,4e-05
costing,4e-05
hikes,4e-05
brokerage,4e-05
witnesses,4e-05
burden,4e-05
pause,4e-05
reveal,4e-05
crocodile,4e-05
workplace,4e-05
follows,4e-05
animation,4e-05
sobbed,4e-05
sticks,4e-05
acknowledged,4e-05
attended,4e-05
indians,4e-05
nightmare,4e-05
blank,4e-05
lasting,4e-05
mike,4e-05
choose,4e-05
defense,4e-05
retailers,4e-05
mountain,4e-05
mess,4e-05
branded,4e-05
ballot,4e-05
timing,4e-05
panic,4e-05
specialist,4e-05
attempts,4e-05
survey,4e-05
sentences,4e-05
inoculation,4e-05
unfortunate,4e-05
promised,4e-05
character,4e-05
scarcity,4e-05
square,4e-05
collider,4e-05
diluting,4e-05
encompassing,4e-05
compiled,4e-05
mania,4e-05
accusations,4e-05
repeating,4e-05
chord,4e-05
bruising,4e-05
mountains,4e-05
king,4e-05
performances,4e-05
print,4e-05
footing,4e-05
uprising,4e-05
epic,4e-05
shadow,4e-05
economist,4e-05
consulting,4e-05
establishing,4e-05
pointing,4e-05
defeats,4e-05
fearing,4e-05
festivals,4e-05
sponsored,4e-05
collect,4e-05
galleries,4e-05
hats,4e-05
participants,4e-05
jonathan,4e-05
eroded,4e-05
centered,4e-05
trainees,4e-05
developer,4e-05
modified,4e-05
pharma,4e-05
charging,4e-05
info,4e-05
depression,4e-05
starred,4e-05
afp,4e-05
hampered,4e-05
daring,4e-05
menu,4e-05
spotted,4e-05
homophobia,4e-05
parliament,4e-05
picks,4e-05
cushioning,4e-05
fib,4e-05
woke,4e-05
preventive,4e-05
drew,4e-05
rough,4e-05
advances,4e-05
originals,4e-05
treasuries,4e-05
grossed,4e-05
bookcases,4e-05
reviewed,4e-05
values,4e-05
remote,4e-05
exile,4e-05
clashed,4e-05
committing,4e-05
adjust,4e-05
sat,4e-05
financed,4e-05
creek,4e-05
queues,4e-05
somewhere,4e-05
diplomat,4e-05
occurred,4e-05
address,4e-05
depending,4e-05
doj,4e-05
destination,4e-05
error,4e-05
proceedings,4e-05
motorway,4e-05
flies,4e-05
protagonists,4e-05
patriarchy,4e-05
experienced,4e-05
ordering,4e-05
contradiction,4e-05
spritz,4e-05
bars,4e-05
complementary,4e-05
housekeeper,4e-05
salary,4e-05
condition,4e-05
neck,4e-05
sedition,4e-05
sit,4e-05
slayer,4e-05
mysteries,4e-05
multiplex,4e-05
sparks,4e-05
tie,4e-05
campaigners,4e-05
recap,4e-05
hide,4e-05
reveals,4e-05
returning,4e-05
distracting,4e-05
century,4e-05
discloses,4e-05
rebounded,4e-05
okay,4e-05
income,4e-05
depth,4e-05
academic,4e-05
ceding,4e-05
comply,4e-05
master,4e-05
lip,4e-05
fundraising,4e-05
ambulances,4e-05
limped,4e-05
fa,4e-05
felicity,4e-05
gravity,4e-05
profession,4e-05
sabre,4e-05
cord,4e-05
israeli,4e-05
attracts,4e-05
ensure,4e-05
hacking,4e-05
junior,4e-05
snowdrop,4e-05
desperate,4e-05
horizon,4e-05
canapes,4e-05
trending,4e-05
handout,4e-05
supplying,4e-05
misleading,4e-05
sciences,4e-05
exposures,4e-05
butterfly,4e-05
crimes,4e-05
gathering,4e-05
guided,4e-05
rain,4e-05
downer,4e-05
ice,4e-05
handlers,4e-05
did,4e-05
queen,4e-05
connection,4e-05
recounts,4e-05
taboo,4e-05
thin,4e-05
answer,4e-05
commissioned,4e-05
originators,4e-05
shrinking,4e-05
swept,4e-05
encouraging,4e-05
oilfield,4e-05
apprehension,4e-05
exaggerated,4e-05
unveiling,4e-05
disruptions,4e-05
praised,4e-05
advocate,4e-05
aircraft,4e-05
blogger,4e-05
na,4e-05
aimed,4e-05
pan,4e-05
editorial,4e-05
postponement,4e-05
jagged,4e-05
freezes,4e-05
translation,4e-05
polling,4e-05
thrilled,4e-05
uniform,4e-05
curfews,4e-05
depicting,4e-05
cr,4e-05
girlfriends,4e-05
scandal,4e-05
confused,4e-05
uncle,4e-05
freebies,4e-05
decker,4e-05
zone,4e-05
continuing,4e-05
anxiety,4e-05
toy,4e-05
misses,4e-05
devastating,4e-05
initiatives,4e-05
polarisation,4e-05
mu,4e-05
budding,4e-05
scraped,4e-05
battered,4e-05
chapter,4e-05
slip,4e-05
thursdays,4e-05
reforms,4e-05
levy,4e-05
activated,4e-05
joked,4e-05
lagged,4e-05
scheduled,4e-05
spiked,4e-05
inferior,4e-05
interviews,4e-05
impacts,4e-05
manner,4e-05
downtown,4e-05
researcher,4e-05
excuse,4e-05
rises,4e-05
desire,4e-05
firefighters,4e-05
removing,4e-05
protect,4e-05
freelance,4e-05
suggestions,4e-05
pesos,4e-05
limit,4e-05
copyright,4e-05
infected,4e-05
refusing,4e-05
broadside,4e-05
disturbing,4e-05
muted,4e-05
cautious,4e-05
down,4e-05
fundamental,4e-05
racism,4e-05
underscored,4e-05
wind,4e-05
exceeded,4e-05
museum,4e-05
accountability,4e-05
conflict,4e-05
spreading,4e-05
laughs,4e-05
publications,4e-05
intervention,4e-05
device,4e-05
engaged,4e-05
indie,4e-05
ukrainian,4e-05
arm,4e-05
wasted,4e-05
dynamics,4e-05
abused,4e-05
resolve,4e-05
engineering,4e-05
racist,4e-05
cake,4e-05
robe,4e-05
wards,4e-05
attracting,4e-05
narratives,4e-05
steady,4e-05
tears,4e-05
burning,4e-05
disagreeing,4e-05
devils,4e-05
murdered,4e-05
sterling,4e-05
cent,4e-05
travelled,4e-05
soil,4e-05
object,4e-05
arriving,4e-05
circle,4e-05
spectrum,4e-05
scour,4e-05
defined,4e-05
enterprise,4e-05
concentrated,4e-05
conglomerate,4e-05
leak,4e-05
dozen,4e-05
fitting,4e-05
monitoring,4e-05
arizona,4e-05
thai,4e-05
blame,4e-05
officers,4e-05
bombs,4e-05
feeds,4e-05
lifestyle,4e-05
cultures,4e-05
sink,4e-05
ho,4e-05
easing,4e-05
telegraph,4e-05
jumping,4e-05
outdoors,4e-05
setups,4e-05
keys,4e-05
casualty,4e-05
expire,4e-05
wreaked,4e-05
privilege,4e-05
entrance,2e-05
failures,2e-05
root,2e-05
deliverable,2e-05
path,2e-05
gashing,2e-05
mode,2e-05
drivers,2e-05
psychologists,2e-05
exhaustion,2e-05
copes,2e-05
islamists,2e-05
download,2e-05
extends,2e-05
clues,2e-05
sank,2e-05
borrowers,2e-05
replies,2e-05
distressed,2e-05
gdp,2e-05
beetle,2e-05
acquiring,2e-05
objecting,2e-05
deserter,2e-05
citizens,2e-05
wolf,2e-05
addressed,2e-05
comp,2e-05
toss,2e-05
feed,2e-05
wiping,2e-05
bitter,2e-05
shipped,2e-05
ushering,2e-05
stalled,2e-05
clue,2e-05
towns,2e-05
cvs,2e-05
knocked,2e-05
tiles,2e-05
fringilla,2e-05
overreaction,2e-05
pouches,2e-05
do,2e-05
notes,2e-05
obligation,2e-05
tape,2e-05
saviour,2e-05
infant,2e-05
answering,2e-05
themed,2e-05
stressing,2e-05
requirement,2e-05
urgency,2e-05
chests,2e-05
groundwork,2e-05
maintain,2e-05
shutdown,2e-05
troubling,2e-05
tries,2e-05
berries,2e-05
entering,2e-05
banned,2e-05
trainers,2e-05
thwacked,2e-05
stunned,2e-05
omitted,2e-05
mall,2e-05
disguise,2e-05
batsman,2e-05
letting,2e-05
sodomizing,2e-05
ears,2e-05
prompts,2e-05
duration,2e-05
drake,2e-05
dada,2e-05
slumps,2e-05
bandwidth,2e-05
commendations,2e-05
enforced,2e-05
pendulum,2e-05
fantasy,2e-05
specialists,2e-05
bel,2e-05
avatar,2e-05
mimic,2e-05
excuses,2e-05
explained,2e-05
scouring,2e-05
possess,2e-05
giveaway,2e-05
gates,2e-05
climb,2e-05
bored,2e-05
militant,2e-05
tempted,2e-05
prizes,2e-05
sorcery,2e-05
fuelled,2e-05
listeners,2e-05
crops,2e-05
cheyenne,2e-05
cautioned,2e-05
adverts,2e-05
fronting,2e-05
panned,2e-05
clips,2e-05
schools,2e-05
assertiveness,2e-05
os,2e-05
frost,2e-05
intrusion,2e-05
rotations,2e-05
integration,2e-05
ada,2e-05
nanny,2e-05
detail,2e-05
beheadings,2e-05
murderers,2e-05
gardens,2e-05
route,2e-05
bloc,2e-05
subscribe,2e-05
prohibition,2e-05
essence,2e-05
frog,2e-05
epidemiology,2e-05
organised,2e-05
floods,2e-05
signature,2e-05
deciding,2e-05
partnered,2e-05
jokes,2e-05
succumbing,2e-05
drugged,2e-05
primary,2e-05
explore,2e-05
utmost,2e-05
overcome,2e-05
recommend,2e-05
offends,2e-05
flooding,2e-05
acts,2e-05
extinction,2e-05
coronation,2e-05
muster,2e-05
nickelodeon,2e-05
battled,2e-05
procedure,2e-05
conferences,2e-05
bakers,2e-05
hidden,2e-05
backs,2e-05
underground,2e-05
freezing,2e-05
sleuth,2e-05
activities,2e-05
splints,2e-05
ruined,2e-05
tribulations,2e-05
twists,2e-05
est,2e-05
places,2e-05
props,2e-05
sister,2e-05
iga,2e-05
button,2e-05
fitness,2e-05
presenters,2e-05
kos,2e-05
furloughed,2e-05
will,2e-05
expense,2e-05
fathers,2e-05
abandoned,2e-05
repeat,2e-05
temple,2e-05
distractions,2e-05
handover,2e-05
painkiller,2e-05
immunity,2e-05
attempted,2e-05
accolades,2e-05
birthday,2e-05
cheer,2e-05
motherhood,2e-05
abortion,2e-05
egg,2e-05
traveller,2e-05
boasted,2e-05
shia,2e-05
stabilization,2e-05
matches,2e-05
zeitgeist,2e-05
outgoing,2e-05
nominate,2e-05
citizen,2e-05
height,2e-05
hyped,2e-05
basil,2e-05
resounding,2e-05
sixes,2e-05
blinks,2e-05
remarks,2e-05
arrives,2e-05
thrill,2e-05
emmy,2e-05
wasting,2e-05
majors,2e-05
flipping,2e-05
brits,2e-05
rushed,2e-05
adp,2e-05
knot,2e-05
consolation,2e-05
resurgence,2e-05
px,2e-05
ripple,2e-05
paparazzi,2e-05
expands,2e-05
covered,2e-05
pulling,2e-05
abbey,2e-05
stature,2e-05
transpired,2e-05
poor,2e-05
breath,2e-05
derby,2e-05
aged,2e-05
ramping,2e-05
spider,2e-05
athlete,2e-05
recipients,2e-05
litigation,2e-05
ration,2e-05
credentials,2e-05
voicing,2e-05
ignoring,2e-05
slippers,2e-05
tethering,2e-05
affect,2e-05
weary,2e-05
dweller,2e-05
remark,2e-05
photographs,2e-05
ravages,2e-05
complaint,2e-05
greek,2e-05
vigil,2e-05
gainer,2e-05
anise,2e-05
diluted,2e-05
allegation,2e-05
format,2e-05
granted,2e-05
haircut,2e-05
delaying,2e-05
demands,2e-05
successor,2e-05
ftc,2e-05
lovers,2e-05
someones,2e-05
shifts,2e-05
calmed,2e-05
lunch,2e-05
reflect,2e-05
injuries,2e-05
accelerated,2e-05
mechanism,2e-05
verified,2e-05
waking,2e-05
binged,2e-05
dolls,2e-05
combo,2e-05
raining,2e-05
striving,2e-05
dangling,2e-05
stiff,2e-05
spare,2e-05
itineraries,2e-05
payoff,2e-05
meatballs,2e-05
spoiler,2e-05
carriers,2e-05
clauses,2e-05
axe,2e-05
tradition,2e-05
array,2e-05
destroyer,2e-05
computer,2e-05
lah,2e-05
mamas,2e-05
yr,2e-05
sills,2e-05
glowing,2e-05
indicators,2e-05
travels,2e-05
pseudo,2e-05
evolve,2e-05
accessed,2e-05
valentines,2e-05
upstairs,2e-05
sympathisers,2e-05
collects,2e-05
carol,2e-05
cia,2e-05
grub,2e-05
fate,2e-05
recession,2e-05
beasts,2e-05
supplies,2e-05
pimp,2e-05
restaurant,2e-05
fighter,2e-05
circles,2e-05
bondholders,2e-05
noting,2e-05
stranglehold,2e-05
lessons,2e-05
assault,2e-05
ageing,2e-05
intimate,2e-05
laying,2e-05
deliberations,2e-05
kick,2e-05
gate,2e-05
corrupt,2e-05
correspondence,2e-05
fluids,2e-05
explanation,2e-05
cbr,2e-05
lawsuits,2e-05
safeguards,2e-05
bikes,2e-05
aviation,2e-05
enhanced,2e-05
underlines,2e-05
bittersweet,2e-05
fiancee,2e-05
surrey,2e-05
buybacks,2e-05
ballroom,2e-05
privileged,2e-05
cocaine,2e-05
prolonged,2e-05
slate,2e-05
ease,2e-05
eclipsed,2e-05
arrests,2e-05
coast,2e-05
require,2e-05
fats,2e-05
prayers,2e-05
hubs,2e-05
hook,2e-05
propel,2e-05
bobby,2e-05
finalists,2e-05
loathing,2e-05
wander,2e-05
deputy,2e-05
appointed,2e-05
etf,2e-05
widows,2e-05
seat,2e-05
prodigy,2e-05
flapping,2e-05
published,2e-05
needles,2e-05
shrieks,2e-05
resulting,2e-05
drives,2e-05
glory,2e-05
laundry,2e-05
faring,2e-05
muslims,2e-05
grain,2e-05
advance,2e-05
hares,2e-05
contrition,2e-05
dominican,2e-05
tainted,2e-05
timeliness,2e-05
barring,2e-05
coney,2e-05
nurture,2e-05
probes,2e-05
defying,2e-05
selection,2e-05
cbc,2e-05
aerial,2e-05
evil,2e-05
precision,2e-05
manipulating,2e-05
memberships,2e-05
cameras,2e-05
legalised,2e-05
function,2e-05
thesis,2e-05
donate,2e-05
consortium,2e-05
types,2e-05
soothed,2e-05
streamers,2e-05
commentator,2e-05
swayed,2e-05
billing,2e-05
marathon,2e-05
disassembling,2e-05
barrels,2e-05
poems,2e-05
pullback,2e-05
filling,2e-05
suspended,2e-05
recessions,2e-05
perpetuating,2e-05
demilitarised,2e-05
suspected,2e-05
corner,2e-05
nudging,2e-05
cage,2e-05
connections,2e-05
arab,2e-05
supplier,2e-05
rectify,2e-05
aiming,2e-05
disclosing,2e-05
misery,2e-05
devastation,2e-05
showers,2e-05
googles,2e-05
dg,2e-05
regulate,2e-05
grasp,2e-05
behave,2e-05
booker,2e-05
beneficiaries,2e-05
airways,2e-05
envoy,2e-05
matters,2e-05
miners,2e-05
depicted,2e-05
rendition,2e-05
vehicle,2e-05
reef,2e-05
shoddy,2e-05
airway,2e-05
marshals,2e-05
po,2e-05
instances,2e-05
chasing,2e-05
confronted,2e-05
absorbing,2e-05
ward,2e-05
allies,2e-05
ks,2e-05
unearthed,2e-05
ditch,2e-05
settling,2e-05
tms,2e-05
shutter,2e-05
transporting,2e-05
overlooked,2e-05
stinging,2e-05
magazines,2e-05
reviews,2e-05
pe,2e-05
injury,2e-05
glasses,2e-05
staged,2e-05
reorganization,2e-05
tweeting,2e-05
inception,2e-05
grandson,2e-05
secondary,2e-05
pets,2e-05
mix,2e-05
barrier,2e-05
rupee,2e-05
nicotine,2e-05
milestones,2e-05
merge,2e-05
afterglow,2e-05
avert,2e-05
conspiracies,2e-05
warmth,2e-05
nordics,2e-05
agenda,2e-05
strengthened,2e-05
influenza,2e-05
darlings,2e-05
nonprofit,2e-05
repeated,2e-05
speakers,2e-05
reenactments,2e-05
blitz,2e-05
romans,2e-05
repair,2e-05
chuck,2e-05
jujutsu,2e-05
forecasting,2e-05
excludes,2e-05
validated,2e-05
colouring,2e-05
sofa,2e-05
rainfall,2e-05
hardships,2e-05
van,2e-05
backbone,2e-05
clip,2e-05
spyware,2e-05
presence,2e-05
riding,2e-05
strive,2e-05
mastered,2e-05
enacted,2e-05
frame,2e-05
tube,2e-05
agent,2e-05
aurora,2e-05
brothers,2e-05
wicket,2e-05
select,2e-05
perpetrated,2e-05
ray,2e-05
withstand,2e-05
worms,2e-05
highlighting,2e-05
commentators,2e-05
acquisitions,2e-05
diplomats,2e-05
dss,2e-05
reassuring,2e-05
adjusted,2e-05
celebrates,2e-05
road,2e-05
peek,2e-05
pocketbooks,2e-05
proxies,2e-05
males,2e-05
associate,2e-05
berk,2e-05
outbreaks,2e-05
lee,2e-05
celebrating,2e-05
visiting,2e-05
reiterated,2e-05
withheld,2e-05
mainstay,2e-05
blasted,2e-05
situations,2e-05
reeling,2e-05
drawers,2e-05
component,2e-05
developers,2e-05
auto,2e-05
requiring,2e-05
staging,2e-05
visitors,2e-05
drone,2e-05
absent,2e-05
obesity,2e-05
creates,2e-05
sundays,2e-05
denounced,2e-05
assertions,2e-05
built,2e-05
yahoo,2e-05
genitals,2e-05
pizza,2e-05
ghost,2e-05
shied,2e-05
rave,2e-05
rev,2e-05
progressing,2e-05
don,2e-05
canister,2e-05
sexist,2e-05
masterminded,2e-05
rod,2e-05
clotted,2e-05
peanut,2e-05
premises,2e-05
chartered,2e-05
insomnia,2e-05
villains,2e-05
branches,2e-05
tacking,2e-05
smattering,2e-05
leaked,2e-05
miscarriage,2e-05
bs,2e-05
orchestrate,2e-05
soviet,2e-05
bolstering,2e-05
convention,2e-05
classification,2e-05
flora,2e-05
tory,2e-05
jars,2e-05
dialling,2e-05
dude,2e-05
visibility,2e-05
outperforming,2e-05
sequence,2e-05
manor,2e-05
consultant,2e-05
commercialization,2e-05
bestowed,2e-05
skirts,2e-05
snuff,2e-05
flipped,2e-05
cue,2e-05
obsessed,2e-05
expos,2e-05
mounted,2e-05
showcase,2e-05
experiment,2e-05
entrepreneur,2e-05
sporting,2e-05
oversees,2e-05
elder,2e-05
discredit,2e-05
housekeeping,2e-05
crunch,2e-05
painter,2e-05
availability,2e-05
fruition,2e-05
slipping,2e-05
lipstick,2e-05
catholic,2e-05
learn,2e-05
spirits,2e-05
bye,2e-05
quizzed,2e-05
underpricing,2e-05
winding,2e-05
centralization,2e-05
reshape,2e-05
pursuit,2e-05
warehouse,2e-05
kt,2e-05
conclude,2e-05
justices,2e-05
uniforms,2e-05
enthusiasm,2e-05
protocols,2e-05
reflected,2e-05
islands,2e-05
outlets,2e-05
have,2e-05
embroiled,2e-05
tips,2e-05
adored,2e-05
elation,2e-05
dramatizes,2e-05
garner,2e-05
authorization,2e-05
au,2e-05
bitch,2e-05
suffocated,2e-05
rescuer,2e-05
tailed,2e-05
temperatures,2e-05
websites,2e-05
grouping,2e-05
bait,2e-05
exhibiting,2e-05
prowess,2e-05
honoured,2e-05
amortization,2e-05
cocktail,2e-05
blind,2e-05
contributing,2e-05
serves,2e-05
glance,2e-05
adherence,2e-05
executing,2e-05
seduced,2e-05
predicting,2e-05
stave,2e-05
novels,2e-05
tensions,2e-05
gentle,2e-05
hall,2e-05
devastated,2e-05
metropolitan,2e-05
relevance,2e-05
outreach,2e-05
logos,2e-05
twinkling,2e-05
reasons,2e-05
retreat,2e-05
explosive,2e-05
wheelchair,2e-05
laver,2e-05
foothills,2e-05
collapsed,2e-05
melds,2e-05
prom,2e-05
renewal,2e-05
disappear,2e-05
sec,2e-05
eddy,2e-05
surrounded,2e-05
wheel,2e-05
stifling,2e-05
riots,2e-05
torture,2e-05
lingering,2e-05
submerging,2e-05
participation,2e-05
slept,2e-05
kinds,2e-05
string,2e-05
bi,2e-05
innocent,2e-05
slices,2e-05
critique,2e-05
deposits,2e-05
struck,2e-05
memories,2e-05
libel,2e-05
vaccination,2e-05
waves,2e-05
eyeballs,2e-05
escalating,2e-05
apex,2e-05
enforcers,2e-05
cowardice,2e-05
ni,2e-05
museums,2e-05
confessions,2e-05
hayes,2e-05
stamina,2e-05
flags,2e-05
lean,2e-05
disagreements,2e-05
behemoth,2e-05
colored,2e-05
illusion,2e-05
teaser,2e-05
smoke,2e-05
organisations,2e-05
doubled,2e-05
coopers,2e-05
permanent,2e-05
delaware,2e-05
woods,2e-05
grabbed,2e-05
gcas,2e-05
otis,2e-05
se,2e-05
tame,2e-05
rugs,2e-05
punctuated,2e-05
adopted,2e-05
mentor,2e-05
arena,2e-05
impose,2e-05
wigs,2e-05
sits,2e-05
scaling,2e-05
fever,2e-05
yay,2e-05
charter,2e-05
reallocating,2e-05
culminating,2e-05
comfort,2e-05
shuffle,2e-05
theories,2e-05
catalyst,2e-05
favors,2e-05
discord,2e-05
fruit,2e-05
oath,2e-05
brain,2e-05
recreation,2e-05
weakens,2e-05
pierce,2e-05
observed,2e-05
understands,2e-05
forcing,2e-05
overtook,2e-05
collaborator,2e-05
headed,2e-05
dry,2e-05
conceded,2e-05
tank,2e-05
vengeance,2e-05
dilemma,2e-05
declassification,2e-05
cologne,2e-05
cigars,2e-05
rein,2e-05
cards,2e-05
hanging,2e-05
muse,2e-05
plucked,2e-05
metaphor,2e-05
adoption,2e-05
mockery,2e-05
restaurateur,2e-05
improving,2e-05
lizard,2e-05
childhood,2e-05
rainbow,2e-05
bridges,2e-05
departments,2e-05
wit,2e-05
chat,2e-05
curb,2e-05
contributor,2e-05
behaviour,2e-05
presenter,2e-05
outraged,2e-05
digested,2e-05
bans,2e-05
disappointment,2e-05
grasping,2e-05
headboard,2e-05
foe,2e-05
replaced,2e-05
cleared,2e-05
chances,2e-05
doping,2e-05
roof,2e-05
continuation,2e-05
stuffed,2e-05
clashes,2e-05
wooing,2e-05
vouchers,2e-05
antiquity,2e-05
phoenix,2e-05
powder,2e-05
shattering,2e-05
edited,2e-05
somebody,2e-05
slim,2e-05
gang,2e-05
secrets,2e-05
vanished,2e-05
torn,2e-05
res,2e-05
farming,2e-05
deems,2e-05
hobbies,2e-05
chlorine,2e-05
mods,2e-05
consumption,2e-05
lays,2e-05
supremacists,2e-05
wisdom,2e-05
stayed,2e-05
compatriots,2e-05
plasterboard,2e-05
flip,2e-05
loan,2e-05
survivors,2e-05
moles,2e-05
rebels,2e-05
walker,2e-05
deserves,2e-05
makeup,2e-05
latency,2e-05
widow,2e-05
waving,2e-05
vaccines,2e-05
progressive,2e-05
missiles,2e-05
organizers,2e-05
telcos,2e-05
glad,2e-05
shops,2e-05
corona,2e-05
sunshine,2e-05
sponsors,2e-05
girlfriend,2e-05
realizes,2e-05
lunchtime,2e-05
borrowing,2e-05
medium,2e-05
sided,2e-05
overjoyed,2e-05
balkans,2e-05
pelt,2e-05
telephone,2e-05
hostility,2e-05
recoup,2e-05
execs,2e-05
fellowships,2e-05
accommodation,2e-05
rolled,2e-05
barbarians,2e-05
par,2e-05
rear,2e-05
grumbling,2e-05
lane,2e-05
johnny,2e-05
belgian,2e-05
evacuation,2e-05
glittering,2e-05
dub,2e-05
visited,2e-05
decorator,2e-05
mo,2e-05
crumpled,2e-05
bottle,2e-05
murders,2e-05
drunk,2e-05
files,2e-05
logistics,2e-05
varied,2e-05
religion,2e-05
devotees,2e-05
dishes,2e-05
sheer,2e-05
picking,2e-05
rains,2e-05
cargo,2e-05
jeopardy,2e-05
goliath,2e-05
arrow,2e-05
dysphoria,2e-05
locating,2e-05
basking,2e-05
precedent,2e-05
fifth,2e-05
chunks,2e-05
tamp,2e-05
spree,2e-05
gorge,2e-05
bahasa,2e-05
collecting,2e-05
dna,2e-05
tributaries,2e-05
disinfecting,2e-05
complexes,2e-05
instant,2e-05
academia,2e-05
fizzles,2e-05
jade,2e-05
accompanied,2e-05
isolation,2e-05
mention,2e-05
switching,2e-05
popped,2e-05
pregnancy,2e-05
targeting,2e-05
imagined,2e-05
depictions,2e-05
tiff,2e-05
spotlights,2e-05
shortfalls,2e-05
clad,2e-05
charity,2e-05
dropout,2e-05
nu,2e-05
treat,2e-05
decoders,2e-05
daughters,2e-05
charlotte,2e-05
pep,2e-05
wrangling,2e-05
ramifications,2e-05
jab,2e-05
refunds,2e-05
trawling,2e-05
resort,2e-05
soothing,2e-05
subversives,2e-05
grandfather,2e-05
mythology,2e-05
laboratories,2e-05
conflicts,2e-05
represented,2e-05
rouge,2e-05
accountants,2e-05
shrine,2e-05
expired,2e-05
admit,2e-05
conceding,2e-05
prided,2e-05
fuelling,2e-05
fakers,2e-05
screams,2e-05
legitimising,2e-05
suicide,2e-05
smiths,2e-05
wale,2e-05
evaluation,2e-05
worsening,2e-05
frustrating,2e-05
stabilize,2e-05
liberty,2e-05
forget,2e-05
tragedy,2e-05
homebound,2e-05
ultimate,2e-05
saga,2e-05
ma,2e-05
exports,2e-05
tends,2e-05
procedures,2e-05
gifts,2e-05
engineered,2e-05
aunt,2e-05
ties,2e-05
lamb,2e-05
straw,2e-05
congested,2e-05
berlins,2e-05
bush,2e-05
cobblestones,2e-05
realizing,2e-05
entertained,2e-05
heel,2e-05
fryer,2e-05
application,2e-05
investigating,2e-05
removal,2e-05
accelerating,2e-05
strung,2e-05
jackets,2e-05
outflows,2e-05
snows,2e-05
ne,2e-05
encourages,2e-05
harvester,2e-05
plunges,2e-05
welcomes,2e-05
stint,2e-05
ravaged,2e-05
aprons,2e-05
booze,2e-05
sheltering,2e-05
comparing,2e-05
contends,2e-05
squad,2e-05
jews,2e-05
projected,2e-05
prosecution,2e-05
convictions,2e-05
dated,2e-05
buildup,2e-05
mannequins,2e-05
avail,2e-05
cooking,2e-05
matched,2e-05
facts,2e-05
obliged,2e-05
sequences,2e-05
unsettling,2e-05
prefer,2e-05
staples,2e-05
vanity,2e-05
startup,2e-05
variant,2e-05
dateline,2e-05
visas,2e-05
banging,2e-05
liners,2e-05
viewer,2e-05
witch,2e-05
inspirations,2e-05
hippie,2e-05
damages,2e-05
acclaimed,2e-05
trolleys,2e-05
advertisements,2e-05
flirting,2e-05
rent,2e-05
outfits,2e-05
strain,2e-05
enduring,2e-05
hovered,2e-05
abound,2e-05
piers,2e-05
milestone,2e-05
mesmerised,2e-05
prophets,2e-05
education,2e-05
detectives,2e-05
countermeasures,2e-05
amplified,2e-05
friction,2e-05
modelling,2e-05
rumors,2e-05
imposed,2e-05
innocents,2e-05
wine,2e-05
wrench,2e-05
downgraded,2e-05
banker,2e-05
nuggets,2e-05
labels,2e-05
economists,2e-05
cynics,2e-05
yi,2e-05
presidents,2e-05
monarch,2e-05
shocking,2e-05
coco,2e-05
gore,2e-05
stalling,2e-05
pulls,2e-05
medal,2e-05
premise,2e-05
beth,2e-05
regulator,2e-05
integrate,2e-05
riven,2e-05
augusts,2e-05
fluctuations,2e-05
desired,2e-05
mixes,2e-05
graduating,2e-05
symbol,2e-05
explode,2e-05
intends,2e-05
custom,2e-05
outweighing,2e-05
mush,2e-05
editors,2e-05
baseline,2e-05
pouring,2e-05
loving,2e-05
attributes,2e-05
plunging,2e-05
sieves,2e-05
piles,2e-05
apartments,2e-05
motel,2e-05
tickets,2e-05
marches,2e-05
razor,2e-05
creativity,2e-05
rental,2e-05
dictate,2e-05
poured,2e-05
heartening,2e-05
snowballed,2e-05
advertisement,2e-05
colonel,2e-05
el,2e-05
stepped,2e-05
horn,2e-05
bird,2e-05
banged,2e-05
embarrassing,2e-05
gs,2e-05
specifics,2e-05
ion,2e-05
operated,2e-05
iss,2e-05
aggression,2e-05
dreamed,2e-05
merged,2e-05
finish,2e-05
existence,2e-05
chose,2e-05
disc,2e-05
hemorrhaging,2e-05
guest,2e-05
lining,2e-05
puzzled,2e-05
destined,2e-05
tense,2e-05
memory,2e-05
binary,2e-05
spiral,2e-05
exiled,2e-05
reaches,2e-05
patrons,2e-05
freeman,2e-05
quote,2e-05
tailors,2e-05
thoughts,2e-05
achieved,2e-05
pinch,2e-05
saturation,2e-05
tagged,2e-05
overshadowing,2e-05
revival,2e-05
boots,2e-05
bargain,2e-05
math,2e-05
oral,2e-05
climaxing,2e-05
undergo,2e-05
declaration,2e-05
birth,2e-05
assured,2e-05
defends,2e-05
ceremonies,2e-05
fuller,2e-05
competitions,2e-05
lenders,2e-05
storage,2e-05
sing,2e-05
leap,2e-05
scrambled,2e-05
contesting,2e-05
recognizing,2e-05
routines,2e-05
academy,2e-05
pen,2e-05
racket,2e-05
chamber,2e-05
trophy,2e-05
roiling,2e-05
courtroom,2e-05
taught,2e-05
knight,2e-05
shovels,2e-05
arrangements,2e-05
perceive,2e-05
scrapped,2e-05
foot,2e-05
polarized,2e-05
holder,2e-05
lineup,2e-05
adult,2e-05
compounded,2e-05
brick,2e-05
tops,2e-05
warring,2e-05
bled,2e-05
promise,2e-05
issued,2e-05
terrorists,2e-05
flops,2e-05
functions,2e-05
salaries,2e-05
bureau,2e-05
waltz,2e-05
screenplay,2e-05
misguided,2e-05
absolute,2e-05
intersection,2e-05
chemistry,2e-05
consultants,2e-05
splattered,2e-05
exploration,2e-05
heroism,2e-05
relatives,2e-05
lob,2e-05
blunt,2e-05
abstract,2e-05
villages,2e-05
subsidiary,2e-05
enlisting,2e-05
fooled,2e-05
libyan,2e-05
ci,2e-05
reliance,2e-05
intruding,2e-05
hotpot,2e-05
storylines,2e-05
vacuum,2e-05
bears,2e-05
segments,2e-05
nearing,2e-05
cleaner,2e-05
filmmaker,2e-05
affray,2e-05
performed,2e-05
inequality,2e-05
assess,2e-05
task,2e-05
cold,2e-05
lied,2e-05
renaissance,2e-05
disciplined,2e-05
shoe,2e-05
bothering,2e-05
mhz,2e-05
syrup,2e-05
spoken,2e-05
pauses,2e-05
chatter,2e-05
tsa,2e-05
passwords,2e-05
slick,2e-05
homeland,2e-05
postponing,2e-05
ha,2e-05
delivered,2e-05
links,2e-05
recall,2e-05
fade,2e-05
determine,2e-05
is,2e-05
memorandum,2e-05
dutchman,2e-05
highness,2e-05
oversight,2e-05
disappointed,2e-05
noise,2e-05
clan,2e-05
bills,2e-05
sacked,2e-05
promotion,2e-05
curator,2e-05
viola,2e-05
library,2e-05
cat,2e-05
defend,2e-05
villainy,2e-05
styles,2e-05
antagonists,2e-05
waters,2e-05
commutes,2e-05
appropriations,2e-05
pyjamas,2e-05
outperform,2e-05
combine,2e-05
refuel,2e-05
loading,2e-05
display,2e-05
skill,2e-05
trumpet,2e-05
mailing,2e-05
rapid,2e-05
helicopters,2e-05
polygon,2e-05
crowned,2e-05
appearing,2e-05
industries,2e-05
implicated,2e-05
bananas,2e-05
disharmony,2e-05
downloaded,2e-05
nickname,2e-05
investigate,2e-05
bullion,2e-05
piloting,2e-05
treating,2e-05
imperialist,2e-05
enamoured,2e-05
orientation,2e-05
dashing,2e-05
difficulty,2e-05
tia,2e-05
completing,2e-05
bold,2e-05
destruction,2e-05
democratize,2e-05
victories,2e-05
fiestas,2e-05
incensed,2e-05
hindsight,2e-05
scream,2e-05
devil,2e-05
receded,2e-05
humbling,2e-05
outs,2e-05
exiting,2e-05
violations,2e-05
wear,2e-05
rescuing,2e-05
brakes,2e-05
wipeout,2e-05
sovereign,2e-05
imperial,2e-05
kitchen,2e-05
indicator,2e-05
defeating,2e-05
signal,2e-05
portals,2e-05
oversee,2e-05
minorities,2e-05
offence,2e-05
ingenuity,2e-05
discharge,2e-05
implement,2e-05
packing,2e-05
patient,2e-05
experiencing,2e-05
recognised,2e-05
analyzed,2e-05
deprived,2e-05
embedded,2e-05
counterpart,2e-05
earrings,2e-05
remainder,2e-05
crises,2e-05
groom,2e-05
designer,2e-05
undoing,2e-05
comer,2e-05
overcoming,2e-05
whistleblowers,2e-05
anticipated,2e-05
crackdown,2e-05
rushing,2e-05
reinstated,2e-05
toil,2e-05
butter,2e-05
medics,2e-05
obligations,2e-05
earthquake,2e-05
factory,2e-05
registering,2e-05
demurred,2e-05
feared,2e-05
trauma,2e-05
swung,2e-05
mobility,2e-05
arguing,2e-05
pasts,2e-05
agents,2e-05
preserving,2e-05
applied,2e-05
whitewash,2e-05
aisles,2e-05
meals,2e-05
mouthpiece,2e-05
bike,2e-05
filipino,2e-05
tussle,2e-05
ventures,2e-05
benjamins,2e-05
tea,2e-05
pageants,2e-05
spade,2e-05
dumplings,2e-05
designs,2e-05
qualifications,2e-05
headwaters,2e-05
experimenting,2e-05
hospitalisations,2e-05
equality,2e-05
couture,2e-05
rift,2e-05
accepting,2e-05
chandler,2e-05
tempered,2e-05
soured,2e-05
shutting,2e-05
mauritanian,2e-05
solutions,2e-05
beauty,2e-05
approaches,2e-05
stability,2e-05
accelerator,2e-05
demon,2e-05
stripped,2e-05
singer,2e-05
nutshell,2e-05
mismanagement,2e-05
menus,2e-05
transformation,2e-05
recover,2e-05
layers,2e-05
leisure,2e-05
prospered,2e-05
models,2e-05
menace,2e-05
tons,2e-05
testament,2e-05
codes,2e-05
secure,2e-05
iii,2e-05
tales,2e-05
boniface,2e-05
sprung,2e-05
headache,2e-05
limitations,2e-05
reimbursement,2e-05
interpol,2e-05
turns,2e-05
connected,2e-05
seed,2e-05
fingerprints,2e-05
appreciation,2e-05
midpoint,2e-05
bloggers,2e-05
opera,2e-05
threatening,2e-05
zeal,2e-05
here,2e-05
backer,2e-05
cancels,2e-05
miner,2e-05
suspension,2e-05
sentence,2e-05
votes,2e-05
nazis,2e-05
twist,2e-05
holders,2e-05
backgrounds,2e-05
regarding,2e-05
eat,2e-05
officialdom,2e-05
dedication,2e-05
throwaway,2e-05
calculated,2e-05
syrians,2e-05
imagining,2e-05
settings,2e-05
radical,2e-05
illustrates,2e-05
cycle,2e-05
sweepers,2e-05
brigade,2e-05
combed,2e-05
gridlock,2e-05
buckets,2e-05
ultraviolet,2e-05
traveling,2e-05
plowed,2e-05
animators,2e-05
remembering,2e-05
margins,2e-05
imperative,2e-05
purporting,2e-05
dos,2e-05
dressed,2e-05
carrot,2e-05
dimmed,2e-05
microchip,2e-05
firefly,2e-05
rejecting,2e-05
sweaters,2e-05
injustices,2e-05
pod,2e-05
glitches,2e-05
temperature,2e-05
exasperated,2e-05
likened,2e-05
contain,2e-05
glories,2e-05
cooks,2e-05
intent,2e-05
distressing,2e-05
revolutionary,2e-05
floors,2e-05
landslides,2e-05
reserves,2e-05
cries,2e-05
towers,2e-05
floating,2e-05
detainees,2e-05
sights,2e-05
grave,2e-05
noon,2e-05
definition,2e-05
debit,2e-05
europes,2e-05
dining,2e-05
flights,2e-05
showdown,2e-05
honored,2e-05
headaches,2e-05
finger,2e-05
poverty,2e-05
abandon,2e-05
biography,2e-05
achievement,2e-05
elan,2e-05
horrifying,2e-05
notion,2e-05
chuckle,2e-05
developments,2e-05
mirror,2e-05
stranger,2e-05
breton,2e-05
bleeding,2e-05
debates,2e-05
obscurity,2e-05
repay,2e-05
hovering,2e-05
meal,2e-05
titan,2e-05
glimpse,2e-05
merchandise,2e-05
ira,2e-05
brainwashing,2e-05
worthy,2e-05
peanuts,2e-05
vulture,2e-05
clamor,2e-05
pain,2e-05
exhortation,2e-05
shiva,2e-05
mogul,2e-05
waged,2e-05
repeats,2e-05
applications,2e-05
pantsuit,2e-05
enter,2e-05
bicker,2e-05
neutrality,2e-05
hiked,2e-05
scepticism,2e-05
victim,2e-05
silenced,2e-05
truck,2e-05
weeping,2e-05
wowed,2e-05
quests,2e-05
misplaced,2e-05
drinking,2e-05
lying,2e-05
seats,2e-05
medicine,2e-05
commuted,2e-05
explaining,2e-05
females,2e-05
sympathies,2e-05
automatic,2e-05
civilian,2e-05
masks,2e-05
geminis,2e-05
supports,2e-05
conjunction,2e-05
graph,2e-05
argues,2e-05
ism,2e-05
tho,2e-05
fakes,2e-05
pissed,2e-05
auctions,2e-05
rail,2e-05
lupin,2e-05
trapping,2e-05
potters,2e-05
repaid,2e-05
displacing,2e-05
harm,2e-05
coroner,2e-05
evaluated,2e-05
frauds,2e-05
districts,2e-05
paradoxes,2e-05
outing,2e-05
complain,2e-05
marks,2e-05
depleted,2e-05
partys,2e-05
assert,2e-05
countryside,2e-05
languishing,2e-05
indicate,2e-05
accelerates,2e-05
twelve,2e-05
coaches,2e-05
tipped,2e-05
pedals,2e-05
revenge,2e-05
apron,2e-05
routine,2e-05
propagandists,2e-05
thatcher,2e-05
met,2e-05
feasibility,2e-05
mice,2e-05
egyptian,2e-05
np,2e-05
liquidity,2e-05
implies,2e-05
roman,2e-05
ruled,2e-05
examined,2e-05
accepts,2e-05
turner,2e-05
shoot,2e-05
touch,2e-05
pointed,2e-05
plain,2e-05
rome,2e-05
liquid,2e-05
rivalry,2e-05
stack,2e-05
downloads,2e-05
exercising,2e-05
panicking,2e-05
trough,2e-05
stoke,2e-05
amusements,2e-05
zombie,2e-05
nights,2e-05
builders,2e-05
rut,2e-05
pond,2e-05
firmed,2e-05
kp,2e-05
deserved,2e-05
veneer,2e-05
infused,2e-05
chili,2e-05
pasted,2e-05
expose,2e-05
exploring,2e-05
frank,2e-05
spiraling,2e-05
teens,2e-05
donor,2e-05
reads,2e-05
catalogue,2e-05
collections,2e-05
palestinian,2e-05
erase,2e-05
downloading,2e-05
pike,2e-05
reflation,2e-05
oak,2e-05
toppling,2e-05
understanding,2e-05
overheating,2e-05
dwindling,2e-05
bay,2e-05
recycling,2e-05
twitch,2e-05
missile,2e-05
assumed,2e-05
investigates,2e-05
addicted,2e-05
stance,2e-05
innovating,2e-05
congratulations,2e-05
believing,2e-05
marketplace,2e-05
bucket,2e-05
erosion,2e-05
captive,2e-05
tanks,2e-05
refer,2e-05
corruption,2e-05
mp,2e-05
pocket,2e-05
shooting,2e-05
cruise,2e-05
seating,2e-05
madam,2e-05
provision,2e-05
responding,2e-05
outsiders,2e-05
teacher,2e-05
limping,2e-05
fad,2e-05
aces,2e-05
geneva,2e-05
desk,2e-05
fashioned,2e-05
foes,2e-05
blink,2e-05
expiration,2e-05
discovering,2e-05
had,2e-05
squeezed,2e-05
institution,2e-05
waits,2e-05
dissertation,2e-05
factored,2e-05
hoaxes,2e-05
plug,2e-05
checking,2e-05
downgrades,2e-05
canceling,2e-05
analyzer,2e-05
viva,2e-05
vehicles,2e-05
donations,2e-05
forwards,2e-05
softie,2e-05
debating,2e-05
accomplishment,2e-05
grace,2e-05
sunbathing,2e-05
disputed,2e-05
harvesting,2e-05
reversing,2e-05
judged,2e-05
design,2e-05
queries,2e-05
shroud,2e-05
pioneers,2e-05
inmate,2e-05
supermarket,2e-05
prescribe,2e-05
mini,2e-05
knockout,2e-05
clipped,2e-05
prior,2e-05
wickets,2e-05
bending,2e-05
hollow,2e-05
farmer,2e-05
supervision,2e-05
wiggles,2e-05
swath,2e-05
pacing,2e-05
depreciation,2e-05
fury,2e-05
requested,2e-05
surgeries,2e-05
wed,2e-05
acknowledgement,2e-05
spares,2e-05
warm,2e-05
portcullis,2e-05
smile,2e-05
ram,2e-05
alliance,2e-05
weaknesses,2e-05
yesterday,2e-05
captioned,2e-05
endured,2e-05
mooch,2e-05
articles,2e-05
captaining,2e-05
charming,2e-05
fizzle,2e-05
grill,2e-05
dearth,2e-05
nudity,2e-05
dramatisations,2e-05
camps,2e-05
badgers,2e-05
negotiating,2e-05
unconscious,2e-05
sheepskin,2e-05
volunteer,2e-05
imo,2e-05
recaps,2e-05
aerospace,2e-05
imagine,2e-05
pleased,2e-05
chicken,2e-05
venues,2e-05
sustain,2e-05
tastes,2e-05
tours,2e-05
recruitment,2e-05
millionaire,2e-05
rapping,2e-05
wrap,2e-05
pumped,2e-05
navigating,2e-05
shine,2e-05
macho,2e-05
sorted,2e-05
travellers,2e-05
latinos,2e-05
curves,2e-05
bride,2e-05
liberties,2e-05
crowds,2e-05
gradual,2e-05
accuracy,2e-05
hospitalizations,2e-05
salt,2e-05
pixie,2e-05
toddler,2e-05
spooked,2e-05
pretended,2e-05
genetics,2e-05
scientist,2e-05
accidents,2e-05
runway,2e-05
isis,2e-05
baker,2e-05
ew,2e-05
witness,2e-05
headset,2e-05
sparkling,2e-05
acronym,2e-05
defended,2e-05
depict,2e-05
circulating,2e-05
reaped,2e-05
slaps,2e-05
innings,2e-05
smoking,2e-05
siblings,2e-05
transient,2e-05
crabgrass,2e-05
typeface,2e-05
pt,2e-05
advantages,2e-05
capability,2e-05
turf,2e-05
hq,2e-05
violation,2e-05
heir,2e-05
answered,2e-05
sues,2e-05
retain,2e-05
dipping,2e-05
govern,2e-05
relishing,2e-05
shrink,2e-05
stalked,2e-05
fences,2e-05
refreshment,2e-05
heats,2e-05
illuminating,2e-05
bb,2e-05
resignation,2e-05
ts,2e-05
muddy,2e-05
bombings,2e-05
cranked,2e-05
popper,2e-05
persuading,2e-05
labour,2e-05
gaining,2e-05
visitor,2e-05
outrun,2e-05
buried,2e-05
spends,2e-05
anomaly,2e-05
capture,2e-05
emperor,2e-05
chips,2e-05
examples,2e-05
pullbacks,2e-05
excellence,2e-05
beveled,2e-05
fix,2e-05
enables,2e-05
donation,2e-05
deploy,2e-05
hustle,2e-05
offsetting,2e-05
pundits,2e-05
sticker,2e-05
movers,2e-05
buyout,2e-05
budgets,2e-05
weighs,2e-05
bestsellers,2e-05
hurdles,2e-05
associates,2e-05
crack,2e-05
intrigued,2e-05
accomplished,2e-05
martin,2e-05
capitalise,2e-05
core,2e-05
nominal,2e-05
riddles,2e-05
damaged,2e-05
playbook,2e-05
carrying,2e-05
listened,2e-05
mentoring,2e-05
passing,2e-05
comic,2e-05
fallen,2e-05
yesterdays,2e-05
portraying,2e-05
reorganized,2e-05
vermilion,2e-05
transcripts,2e-05
objections,2e-05
anticipators,2e-05
militias,2e-05
electricity,2e-05
sitters,2e-05
carries,2e-05
monochrome,2e-05
charm,2e-05
program,2e-05
margin,2e-05
ring,2e-05
walls,2e-05
jr,2e-05
professors,2e-05
swap,2e-05
gamin,2e-05
positioned,2e-05
subscribed,2e-05
dope,2e-05
batsmen,2e-05
spreads,2e-05
spell,2e-05
thrilling,2e-05
firth,2e-05
hint,2e-05
masses,2e-05
executed,2e-05
flushed,2e-05
goers,2e-05
keepers,2e-05
breakouts,2e-05
wining,2e-05
quit,2e-05
register,2e-05
fright,2e-05
bidders,2e-05
prevalence,2e-05
undertakers,2e-05
identities,2e-05
displaying,2e-05
reinforced,2e-05
spots,2e-05
pranks,2e-05
enhancing,2e-05
escapism,2e-05
lord,2e-05
chapel,2e-05
interpret,2e-05
informed,2e-05
casualties,2e-05
pillow,2e-05
lesson,2e-05
shellings,2e-05
plenty,2e-05
attempting,2e-05
guide,2e-05
serials,2e-05
tightening,2e-05
boat,2e-05
listing,2e-05
while,2e-05
mom,2e-05
overlooking,2e-05
lavishness,2e-05
encourage,2e-05
mono,2e-05
confines,2e-05
discrediting,2e-05
omit,2e-05
arrived,2e-05
pocketed,2e-05
fault,2e-05
glen,2e-05
dumped,2e-05
brogues,2e-05
chambers,2e-05
peoples,2e-05
coined,2e-05
brilliance,2e-05
valley,2e-05
coordinating,2e-05
consultations,2e-05
relaxing,2e-05
scale,2e-05
attempt,2e-05
landslide,2e-05
stunt,2e-05
shirts,2e-05
gild,2e-05
bidding,2e-05
gems,2e-05
angered,2e-05
skits,2e-05
adviser,2e-05
descending,2e-05
basing,2e-05
galaxy,2e-05
feasts,2e-05
edging,2e-05
mfs,2e-05
setup,2e-05
decorated,2e-05
crowd,2e-05
daredevil,2e-05
admired,2e-05
shanks,2e-05
wick,2e-05
prescriptions,2e-05
awarded,2e-05
knights,2e-05
abated,2e-05
sword,2e-05
flattening,2e-05
trucks,2e-05
grocery,2e-05
text,2e-05
contracted,2e-05
reschedules,2e-05
interrupted,2e-05
universal,2e-05
upholding,2e-05
ciao,2e-05
authored,2e-05
flock,2e-05
spoof,2e-05
accolade,2e-05
rescued,2e-05
divorced,2e-05
divorce,2e-05
involvement,2e-05
hunting,2e-05
athletics,2e-05
literature,2e-05
cliffhanger,2e-05
knock,2e-05
faded,2e-05
endorsement,2e-05
deleting,2e-05
churn,2e-05
departure,2e-05
hut,2e-05
audio,2e-05
theft,2e-05
marrying,2e-05
japans,2e-05
blessing,2e-05
wore,2e-05
mayonnaise,2e-05
sampled,2e-05
visionary,2e-05
tribes,2e-05
documenting,2e-05
jaw,2e-05
tabloids,2e-05
quarters,2e-05
pos,2e-05
dwellers,2e-05
fleece,2e-05
rearranged,2e-05
weights,2e-05
saved,2e-05
proposals,2e-05
arguments,2e-05
extravaganzas,2e-05
structured,2e-05
handling,2e-05
gangster,2e-05
subcommittee,2e-05
lover,2e-05
justify,2e-05
stiles,2e-05
scaled,2e-05
detailed,2e-05
crap,2e-05
surroundings,2e-05
established,2e-05
teenager,2e-05
humiliated,2e-05
ethnic,2e-05
marines,2e-05
understated,2e-05
homo,2e-05
blot,2e-05
sacrifice,2e-05
doubles,2e-05
crept,2e-05
piano,2e-05
flown,2e-05
depository,2e-05
unnerving,2e-05
curbed,2e-05
raced,2e-05
trailblazers,2e-05
criminals,2e-05
inventor,2e-05
affair,2e-05
tod,2e-05
suited,2e-05
flagged,2e-05
engineer,2e-05
angel,2e-05
multiples,2e-05
texts,2e-05
marathons,2e-05
pains,2e-05
leash,2e-05
iws,2e-05
politicize,2e-05
leadership,2e-05
curbs,2e-05
incitement,2e-05
bandwagon,2e-05
laughed,2e-05
cream,2e-05
soap,2e-05
ghetto,2e-05
chafing,2e-05
notifying,2e-05
ko,2e-05
therapeutics,2e-05
le,2e-05
discographies,2e-05
zionism,2e-05
incumbent,2e-05
loves,2e-05
readers,2e-05
impartiality,2e-05
jumps,2e-05
railroad,2e-05
assisting,2e-05
babies,2e-05
leaves,2e-05
eyewitness,2e-05
sailing,2e-05
stops,2e-05
mfa,2e-05
rage,2e-05
weakened,2e-05
praises,2e-05
observers,2e-05
pot,2e-05
genius,2e-05
facility,2e-05
defending,2e-05
sauce,2e-05
