co,0.10222
https,0.08252
amp,0.02901
stocks,0.01715
market,0.0148
stock,0.01179
trading,0.00851
spy,0.00828
futures,0.00762
flow,0.00722
top,0.00715
term,0.00642
buy,0.00603
today,0.00589
day,0.00566
week,0.0055
year,0.00546
pips,0.00543
free,0.00487
toys,0.0047
index,0.0047
gold,0.00444
es,0.00444
sell,0.00434
chart,0.00424
lego,0.00421
profit,0.00407
markets,0.00407
short,0.00407
election,0.00387
keep,0.00384
join,0.00371
like,0.00371
signals,0.00368
set,0.00368
investment,0.00364
release,0.00361
inclusion,0.00358
trade,0.00354
earnings,0.00341
daily,0.00338
performance,0.00321
points,0.00318
see,0.00318
analysis,0.00311
long,0.00308
target,0.00295
price,0.00291
high,0.00291
tesla,0.00288
levels,0.00285
support,0.00281
hit,0.00281
collectible,0.00278
watch,0.00275
uncertainty,0.00272
time,0.00262
stimulus,0.00258
still,0.00255
future,0.00252
teslas,0.00245
news,0.00245
back,0.00242
check,0.00242
animated,0.00242
record,0.00238
vs,0.00235
lower,0.00222
low,0.00222
trump,0.00219
weekly,0.00219
post,0.00215
list,0.00215
happening,0.00212
mini,0.00209
oct,0.00209
dollars,0.00209
flowing,0.00205
good,0.00205
correlation,0.00205
billions,0.00205
bull,0.00202
average,0.00202
date,0.00202
risk,0.00199
current,0.00199
deal,0.00195
starting,0.00195
right,0.00195
large,0.00192
investors,0.00189
technical,0.00189
level,0.00185
get,0.00185
street,0.00182
close,0.00182
look,0.00179
volatility,0.00179
days,0.00176
medium,0.00176
well,0.00176
key,0.00176
companies,0.00172
remains,0.00172
line,0.00172
final,0.00169
ratio,0.00166
best,0.00162
near,0.00159
cap,0.00156
indices,0.00156
first,0.00156
range,0.00156
small,0.00152
end,0.00152
win,0.00149
looking,0.00149
returns,0.00146
equities,0.00142
plunge,0.00139
dollar,0.00139
last,0.00139
downside,0.00139
go,0.00136
world,0.00136
morning,0.00132
data,0.00132
growth,0.00129
surge,0.00129
fall,0.00126
link,0.00126
gains,0.00123
investor,0.00123
ready,0.00123
great,0.00123
past,0.00123
ge,0.00123
mind,0.00119
options,0.00119
money,0.00119
signal,0.00119
years,0.00119
major,0.00119
mark,0.00119
hopes,0.00119
looks,0.00119
review,0.00116
capitulation,0.00116
channel,0.00116
open,0.00116
results,0.00113
dropped,0.00113
traders,0.00113
off,0.00113
know,0.00113
equity,0.00109
side,0.00109
report,0.00109
plan,0.00109
valuation,0.00109
volatile,0.00106
wave,0.00106
use,0.00103
row,0.00103
wars,0.00103
star,0.00103
shares,0.00099
oil,0.00099
wall,0.00099
started,0.00099
resumes,0.00099
climbs,0.00099
return,0.00096
suggests,0.00096
ok,0.00096
sector,0.00096
positive,0.00096
system,0.00093
following,0.00093
commodities,0.00093
funds,0.00093
month,0.00093
trend,0.00093
real,0.00093
live,0.00089
forecast,0.00089
point,0.00089
friday,0.00089
investing,0.00089
business,0.00089
stories,0.00089
total,0.00089
targets,0.00086
indicator,0.00086
says,0.00086
interesting,0.00086
dividend,0.00086
shows,0.00083
talks,0.00083
read,0.00083
double,0.00083
coming,0.00083
etf,0.00083
chief,0.00083
think,0.00083
folks,0.00079
climb,0.00079
forecasts,0.00079
divergence,0.00079
signaling,0.00076
patterns,0.00076
resistance,0.00076
caps,0.00076
opportunity,0.00076
pep,0.00076
pts,0.00076
elections,0.00076
events,0.00076
third,0.00073
ms,0.00073
sinks,0.00073
media,0.00073
update,0.00073
economy,0.00073
view,0.00073
predictor,0.00073
need,0.0007
collapse,0.0007
moving,0.0007
todays,0.0007
loss,0.0007
move,0.0007
according,0.0007
silver,0.0007
session,0.00066
edge,0.00066
sectors,0.00066
sentiment,0.00066
making,0.00066
video,0.00066
managed,0.00066
deadline,0.00066
hi,0.00066
alert,0.00066
showing,0.00066
latest,0.00063
highs,0.00063
break,0.00063
focus,0.00063
click,0.00063
drop,0.00063
show,0.00063
correction,0.00063
lows,0.00063
stay,0.00063
beat,0.00063
ba,0.00063
breakout,0.00063
take,0.00063
regular,0.00063
call,0.0006
notes,0.0006
value,0.0006
hope,0.0006
going,0.0006
march,0.0006
beginning,0.0006
clear,0.0006
tilt,0.0006
months,0.0006
make,0.0006
aid,0.0006
closed,0.0006
architecture,0.0006
amd,0.0006
trader,0.00056
despite,0.00056
red,0.00056
swing,0.00056
tomorrow,0.00056
put,0.00056
rally,0.00056
compare,0.00056
finance,0.00056
zone,0.00056
york,0.00056
copper,0.00056
warns,0.00056
hours,0.00056
indexes,0.00056
tickers,0.00056
profile,0.00056
losses,0.00053
much,0.00053
worries,0.00053
recap,0.00053
income,0.00053
better,0.00053
position,0.00053
trending,0.00053
sup,0.00053
http,0.00053
crude,0.00053
bulls,0.00053
share,0.00053
slip,0.00053
possible,0.00053
reporting,0.00053
closing,0.00053
tech,0.00053
added,0.00053
visit,0.00053
wealth,0.0005
cases,0.0005
ranges,0.0005
october,0.0005
hold,0.0005
yesterday,0.0005
scoring,0.0005
fill,0.0005
uploaded,0.0005
jump,0.0005
house,0.0005
res,0.0005
mull,0.0005
package,0.0005
recommended,0.0005
change,0.0005
bear,0.0005
falling,0.0005
strategy,0.0005
charts,0.0005
pm,0.0005
algorithm,0.0005
face,0.0005
people,0.00046
portfolio,0.00046
debate,0.00046
bad,0.00046
bears,0.00046
wins,0.00046
let,0.00046
sees,0.00046
developed,0.00046
bb,0.00046
test,0.00046
unit,0.00046
cc,0.00046
yield,0.00046
clusters,0.00046
remember,0.00046
members,0.00046
performing,0.00046
send,0.00046
bottom,0.00046
volume,0.00046
bias,0.00046
indicate,0.00046
using,0.00043
even,0.00043
chi,0.00043
president,0.00043
country,0.00043
standard,0.00043
reminder,0.00043
way,0.00043
google,0.00043
annual,0.00043
perched,0.00043
dm,0.00043
credit,0.00043
bonds,0.00043
want,0.00043
progress,0.00043
crash,0.00043
exchange,0.00043
say,0.00043
gave,0.00043
implications,0.00043
decline,0.00043
lead,0.00043
asian,0.00043
bit,0.00043
truck,0.00043
reviews,0.00043
pandemic,0.00043
broad,0.00043
symbol,0.00043
liquidity,0.00043
become,0.00043
sales,0.0004
sats,0.0004
ounce,0.0004
constituents,0.0004
corn,0.0004
cl,0.0004
board,0.0004
monday,0.0004
continues,0.0004
rising,0.0004
expect,0.0004
flat,0.0004
technology,0.0004
pump,0.0004
barrel,0.0004
tip,0.0004
associated,0.0004
max,0.0004
weeks,0.0004
ko,0.0004
correlations,0.00036
negative,0.00036
mixed,0.00036
comp,0.00036
outperforming,0.00036
thought,0.00036
net,0.00036
revenue,0.00036
lawsuit,0.00036
quarter,0.00036
scenario,0.00036
apple,0.00036
breaks,0.00036
needed,0.00036
presidency,0.00036
school,0.00036
outperform,0.00036
part,0.00036
guess,0.00036
cheers,0.00036
failed,0.00036
amazon,0.00036
hour,0.00036
room,0.00036
convoluted,0.00036
bounce,0.00036
gain,0.00036
reported,0.00036
developments,0.00036
american,0.00036
said,0.00036
stop,0.00036
play,0.00036
energy,0.00036
september,0.00036
hedge,0.00036
getting,0.00036
interest,0.00033
forward,0.00033
tl,0.00033
thanks,0.00033
calls,0.00033
neutral,0.00033
friendly,0.00033
indicators,0.00033
over,0.00033
candlestick,0.00033
access,0.00033
bill,0.00033
sliding,0.00033
heres,0.00033
turn,0.00033
peak,0.00033
mike,0.00033
numbers,0.00033
cycles,0.00033
potential,0.00033
moves,0.00033
rs,0.00033
path,0.0003
inauguration,0.0003
eyes,0.0003
worst,0.0003
beating,0.0003
probability,0.0003
track,0.0003
boom,0.0003
result,0.0003
office,0.0003
sets,0.0003
holding,0.0003
goes,0.0003
retrieved,0.0003
little,0.0003
remain,0.0003
victory,0.0003
base,0.0003
home,0.0003
start,0.0003
public,0.0003
occured,0.0003
charting,0.0003
note,0.0003
lifting,0.0003
run,0.0003
service,0.0003
banks,0.0003
rise,0.0003
solid,0.0003
demand,0.0003
cost,0.0003
prices,0.0003
twitter,0.0003
complete,0.0003
cycle,0.0003
ending,0.0003
mean,0.0003
cross,0.0003
tends,0.0003
area,0.0003
details,0.0003
surging,0.00026
opens,0.00026
picks,0.00026
article,0.00026
push,0.00026
bye,0.00026
find,0.00026
active,0.00026
sold,0.00026
at,0.00026
club,0.00026
crowded,0.00026
history,0.00026
wait,0.00026
squeeze,0.00026
gravity,0.00026
group,0.00026
rate,0.00026
wrong,0.00026
care,0.00026
testing,0.00026
announcement,0.00026
police,0.00026
giving,0.00026
race,0.00026
blue,0.00026
insurance,0.00026
source,0.00026
nears,0.00026
heading,0.00026
blog,0.00026
model,0.00026
percent,0.00026
seems,0.00026
pink,0.00026
second,0.00026
management,0.00026
follows,0.00026
leaders,0.00026
company,0.00026
inverse,0.00026
presidencies,0.00026
conditions,0.00026
broke,0.00026
believe,0.00026
case,0.00026
took,0.00026
cash,0.00026
fas,0.00026
candlesticks,0.00026
declined,0.00026
talking,0.00026
ended,0.00026
mat,0.00026
began,0.00026
setups,0.00026
account,0.00023
thoughts,0.00023
cloud,0.00023
rose,0.00023
entry,0.00023
positioning,0.00023
due,0.00023
firms,0.00023
metals,0.00023
possibility,0.00023
fell,0.00023
alpha,0.00023
watching,0.00023
social,0.00023
setting,0.00023
estimates,0.00023
answer,0.00023
chat,0.00023
round,0.00023
outperformed,0.00023
main,0.00023
green,0.00023
alerts,0.00023
express,0.00023
got,0.00023
power,0.00023
deep,0.00023
increased,0.00023
full,0.00023
movers,0.00023
least,0.00023
weakness,0.00023
rockets,0.00023
continue,0.00023
oxford,0.00023
parity,0.00023
work,0.00023
assets,0.00023
white,0.00023
averages,0.00023
made,0.00023
motivation,0.00023
limit,0.00023
smart,0.00023
practices,0.00023
try,0.00023
accounts,0.00023
closes,0.00023
currents,0.00023
parabolas,0.00023
requires,0.00023
promised,0.00023
emerging,0.00023
wheat,0.00023
opening,0.00023
came,0.00023
water,0.00023
research,0.00023
climbed,0.00023
rates,0.00023
vaccine,0.00023
fed,0.00023
state,0.00023
lets,0.00023
bell,0.00023
entrance,0.0002
spread,0.0002
add,0.0002
multiple,0.0002
handle,0.0002
insider,0.0002
city,0.0002
indication,0.0002
cvs,0.0002
recovery,0.0002
eye,0.0002
slipping,0.0002
trailing,0.0002
keeps,0.0002
needs,0.0002
looked,0.0002
nothing,0.0002
ci,0.0002
momentum,0.0002
left,0.0002
informations,0.0002
cat,0.0002
wrap,0.0002
imports,0.0002
se,0.0002
drug,0.0002
action,0.0002
fund,0.0002
optimism,0.0002
overall,0.0002
echoes,0.0002
posting,0.0002
bellow,0.0002
thing,0.0002
expectations,0.0002
closer,0.0002
wing,0.0002
imperial,0.0002
counterparts,0.0002
ice,0.0002
persisting,0.0002
journal,0.0002
gaining,0.0002
hitting,0.0002
category,0.0002
couple,0.0002
changes,0.0002
up,0.0002
drama,0.0002
deadlock,0.0002
par,0.0002
transformation,0.0002
including,0.0002
racer,0.0002
mistaking,0.0002
europe,0.0002
re,0.0002
trusted,0.0002
asset,0.0002
mistakes,0.0002
tweet,0.0002
soybeans,0.0002
trends,0.0002
buying,0.0002
winning,0.0002
forming,0.0002
cautious,0.0002
declines,0.0002
luck,0.0002
intelligence,0.0002
clock,0.0002
timing,0.0002
treasury,0.0002
hogs,0.0002
agreement,0.0002
trades,0.0002
joins,0.0002
capital,0.0002
game,0.0002
bought,0.0002
democrats,0.0002
musk,0.0002
turned,0.0002
family,0.0002
intermediate,0.0002
building,0.0002
plays,0.0002
shipments,0.0002
suggest,0.0002
gs,0.0002
air,0.0002
euro,0.0002
option,0.00017
feel,0.00017
snap,0.00017
secured,0.00017
present,0.00017
relief,0.00017
monthly,0.00017
come,0.00017
inside,0.00017
black,0.00017
ii,0.00017
hits,0.00017
waiting,0.00017
dec,0.00017
vote,0.00017
paid,0.00017
ab,0.00017
regression,0.00017
reports,0.00017
percentage,0.00017
holds,0.00017
role,0.00017
reasons,0.00017
supply,0.00017
solitary,0.00017
till,0.00017
drive,0.00017
buyer,0.00017
virus,0.00017
frequenting,0.00017
united,0.00017
buyers,0.00017
found,0.00017
records,0.00017
industries,0.00017
grew,0.00017
yields,0.00017
breaking,0.00017
times,0.00017
sky,0.00017
step,0.00017
goo,0.00017
gambling,0.00017
cfo,0.00017
talk,0.00017
amazing,0.00017
tick,0.00017
soles,0.00017
reopening,0.00017
works,0.00017
taxes,0.00017
bounced,0.00017
true,0.00017
loan,0.00017
straight,0.00017
head,0.00017
weekend,0.00017
decoupling,0.00017
front,0.00017
spreads,0.00017
turns,0.00017
dividends,0.00017
perfect,0.00017
checkout,0.00017
anti,0.00017
reason,0.00017
dia,0.00017
verification,0.00017
predators,0.00017
place,0.00017
correlated,0.00017
follow,0.00017
performers,0.00017
chance,0.00017
domiciled,0.00017
zones,0.00017
outlook,0.00017
ceo,0.00017
reaction,0.00017
probable,0.00017
selling,0.00017
strength,0.00017
flag,0.00017
owners,0.00017
automatic,0.00017
makes,0.00017
column,0.00017
nov,0.00017
bets,0.00017
art,0.00017
life,0.00017
candles,0.00017
cattle,0.00017
stops,0.00017
guys,0.00017
playing,0.00017
retail,0.00017
gps,0.00013
confirmed,0.00013
size,0.00013
edition,0.00013
digit,0.00013
congratulations,0.00013
increase,0.00013
upbeat,0.00013
storage,0.00013
matter,0.00013
limited,0.00013
squares,0.00013
briefing,0.00013
morgan,0.00013
movement,0.00013
invested,0.00013
invest,0.00013
tool,0.00013
algorithms,0.00013
soaring,0.00013
crawler,0.00013
count,0.00013
god,0.00013
bond,0.00013
starts,0.00013
subscriber,0.00013
doubt,0.00013
figures,0.00013
quality,0.00013
tax,0.00013
possibilities,0.00013
response,0.00013
tired,0.00013
bar,0.00013
pressures,0.00013
statement,0.00013
station,0.00013
means,0.00013
example,0.00013
fear,0.00013
spike,0.00013
odds,0.00013
ram,0.00013
leading,0.00013
saw,0.00013
question,0.00013
name,0.00013
inflation,0.00013
ic,0.00013
conferences,0.00013
distribution,0.00013
period,0.00013
cola,0.00013
inc,0.00013
struggling,0.00013
brings,0.00013
authorizations,0.00013
collection,0.00013
willing,0.00013
wakes,0.00013
comes,0.00013
headed,0.00013
held,0.00013
problem,0.00013
moved,0.00013
basketball,0.00013
offer,0.00013
republican,0.00013
tend,0.00013
message,0.00013
generation,0.00013
tested,0.00013
resources,0.00013
tendency,0.00013
touched,0.00013
improvement,0.00013
help,0.00013
rich,0.00013
eib,0.00013
longer,0.00013
expected,0.00013
rout,0.00013
stage,0.00013
ends,0.00013
boxes,0.00013
tests,0.00013
losing,0.00013
asking,0.00013
summary,0.00013
shakes,0.00013
enough,0.00013
tonnage,0.00013
ventures,0.00013
measures,0.00013
gap,0.00013
core,0.00013
alternative,0.00013
gb,0.00013
fighter,0.00013
hedging,0.00013
number,0.00013
buybacks,0.00013
fool,0.00013
breakouts,0.00013
gained,0.00013
fin,0.00013
insights,0.00013
ps,0.00013
exhibits,0.00013
losers,0.00013
mention,0.00013
hands,0.00013
lines,0.00013
crane,0.00013
spikes,0.00013
space,0.00013
surprises,0.00013
updates,0.00013
rebound,0.00013
expecting,0.00013
coca,0.00013
clone,0.00013
health,0.00013
repurchases,0.00013
galaxy,0.00013
correct,0.00013
cup,0.00013
special,0.00013
policy,0.00013
baby,0.00013
adding,0.00013
resurface,0.00013
generating,0.00013
facts,0.00013
flows,0.00013
scalp,0.00013
triangle,0.00013
puts,0.00013
shy,0.00013
page,0.00013
pressure,0.00013
worse,0.00013
steady,0.00013
working,0.00013
begins,0.00013
search,0.00013
investments,0.00013
supports,0.00013
upper,0.00013
castle,0.00013
vi,0.00013
china,0.00013
scaled,0.00013
fractals,0.00013
reaching,0.00013
lost,0.00013
nos,0.00013
flash,0.00013
th,0.00013
buyback,0.00013
drops,0.00013
wednesday,0.00013
direct,0.00013
product,0.00013
offices,0.00013
rut,0.00013
sunday,0.00013
season,0.00013
block,0.00013
pass,0.0001
hedges,0.0001
mode,0.0001
reflation,0.0001
extractor,0.0001
reaches,0.0001
night,0.0001
purchase,0.0001
benchmark,0.0001
poll,0.0001
surprised,0.0001
color,0.0001
trad,0.0001
pull,0.0001
course,0.0001
container,0.0001
warning,0.0001
cruise,0.0001
womens,0.0001
boosts,0.0001
sight,0.0001
airline,0.0001
tape,0.0001
degree,0.0001
evening,0.0001
expiration,0.0001
federal,0.0001
sheet,0.0001
accelerate,0.0001
decades,0.0001
comments,0.0001
emails,0.0001
spending,0.0001
te,0.0001
leads,0.0001
wants,0.0001
pennant,0.0001
dominate,0.0001
loader,0.0001
failure,0.0001
tracks,0.0001
friend,0.0001
yes,0.0001
instructions,0.0001
pumping,0.0001
fact,0.0001
learning,0.0001
give,0.0001
proprietary,0.0001
simple,0.0001
lots,0.0001
bounces,0.0001
fucking,0.0001
recorded,0.0001
players,0.0001
magazine,0.0001
withholding,0.0001
government,0.0001
idea,0.0001
success,0.0001
approach,0.0001
scalping,0.0001
summer,0.0001
er,0.0001
stated,0.0001
european,0.0001
plane,0.0001
request,0.0001
fa,0.0001
paying,0.0001
topic,0.0001
camp,0.0001
throw,0.0001
mercury,0.0001
holiday,0.0001
incorporation,0.0001
atm,0.0001
treating,0.0001
mib,0.0001
women,0.0001
extended,0.0001
trust,0.0001
cheer,0.0001
relative,0.0001
vanguard,0.0001
running,0.0001
reached,0.0001
posted,0.0001
dragging,0.0001
tonight,0.0001
adoption,0.0001
thin,0.0001
tell,0.0001
rest,0.0001
minutes,0.0001
stalked,0.0001
profits,0.0001
coping,0.0001
curve,0.0001
usa,0.0001
triple,0.0001
promising,0.0001
macro,0.0001
complaint,0.0001
safe,0.0001
dragged,0.0001
saying,0.0001
continued,0.0001
replay,0.0001
customers,0.0001
appetite,0.0001
worth,0.0001
climbing,0.0001
ac,0.0001
seeing,0.0001
earning,0.0001
transactions,0.0001
consolidation,0.0001
version,0.0001
teach,0.0001
posts,0.0001
michael,0.0001
piazza,0.0001
battle,0.0001
bid,0.0001
quarterly,0.0001
woes,0.0001
asia,0.0001
opportunities,0.0001
dip,0.0001
wedge,0.0001
fet,0.0001
pileup,0.0001
cargo,0.0001
split,0.0001
services,0.0001
negotiations,0.0001
mobile,0.0001
headlines,0.0001
taking,0.0001
original,0.0001
pants,0.0001
pay,0.0001
fortune,0.0001
bring,0.0001
subscribers,0.0001
center,0.0001
retrieve,0.0001
flight,0.0001
zoom,0.0001
guy,0.0001
products,0.0001
july,0.0001
positions,0.0001
pitchfork,0.0001
geometry,0.0001
crushing,0.0001
former,0.0001
secretary,0.0001
island,0.0001
series,0.0001
beer,0.0001
went,0.0001
crushes,0.0001
cause,0.0001
fire,0.0001
heavy,0.0001
exceeded,0.0001
scale,0.0001
differences,0.0001
pattern,0.0001
memes,0.0001
backhoe,0.0001
pullback,0.0001
prime,0.0001
helicopter,0.0001
corner,0.0001
told,0.0001
setup,0.0001
ai,0.0001
noticed,0.0001
attempts,0.0001
blended,0.0001
love,0.0001
checks,0.0001
analysts,0.0001
alien,0.0001
skid,0.0001
median,0.0001
insiders,0.0001
became,0.0001
reward,0.0001
ticking,0.0001
suffer,0.0001
pics,0.0001
mining,0.0001
sellers,0.0001
sign,0.0001
min,0.0001
performances,0.0001
ones,0.0001
fast,0.0001
grabbing,0.0001
north,0.0001
predictions,0.0001
job,0.0001
presidents,0.0001
seconds,0.0001
bounty,0.0001
story,0.0001
shuttle,0.0001
blizzard,0.0001
industry,0.0001
narrowing,0.0001
plunging,0.0001
gas,0.0001
team,0.0001
shot,0.0001
blocks,0.0001
beaten,0.0001
lot,0.0001
republicans,0.0001
terms,0.0001
jumps,0.0001
theme,0.0001
fridays,0.0001
winners,0.0001
embarrassing,0.0001
currency,0.0001
trying,0.0001
reelection,0.0001
closings,0.0001
pairs,0.0001
extend,0.0001
minor,0.0001
polls,7e-05
discount,7e-05
ghost,7e-05
pa,7e-05
trip,7e-05
rev,7e-05
mc,7e-05
crazy,7e-05
fight,7e-05
miss,7e-05
crypt,7e-05
analyst,7e-05
acc,7e-05
in,7e-05
sank,7e-05
export,7e-05
exclusive,7e-05
components,7e-05
ev,7e-05
gdp,7e-05
comparison,7e-05
diagonal,7e-05
ply,7e-05
increasing,7e-05
summit,7e-05
hang,7e-05
body,7e-05
vintage,7e-05
leg,7e-05
feed,7e-05
prospects,7e-05
clue,7e-05
content,7e-05
mars,7e-05
followed,7e-05
trophy,7e-05
presented,7e-05
sat,7e-05
focused,7e-05
broken,7e-05
quad,7e-05
june,7e-05
psa,7e-05
valuations,7e-05
narrow,7e-05
bot,7e-05
magnitude,7e-05
soh,7e-05
absolute,7e-05
enthusiasm,7e-05
led,7e-05
exploration,7e-05
concerns,7e-05
soldiers,7e-05
tips,7e-05
underperforming,7e-05
winter,7e-05
jobs,7e-05
experienced,7e-05
facing,7e-05
climate,7e-05
killer,7e-05
increases,7e-05
whole,7e-05
risks,7e-05
called,7e-05
indicating,7e-05
entertainment,7e-05
shorting,7e-05
listed,7e-05
cut,7e-05
magic,7e-05
inherited,7e-05
launch,7e-05
developing,7e-05
oscillator,7e-05
governors,7e-05
hate,7e-05
hotel,7e-05
compression,7e-05
grand,7e-05
weight,7e-05
swells,7e-05
traded,7e-05
opinion,7e-05
construction,7e-05
zion,7e-05
law,7e-05
basis,7e-05
greed,7e-05
doldrums,7e-05
pro,7e-05
arts,7e-05
interview,7e-05
warren,7e-05
fascinating,7e-05
yrs,7e-05
structure,7e-05
bulldozer,7e-05
excavator,7e-05
behaving,7e-05
shoulders,7e-05
raised,7e-05
hedgefunds,7e-05
ha,7e-05
orange,7e-05
delivered,7e-05
angler,7e-05
wrote,7e-05
estimating,7e-05
solution,7e-05
corporations,7e-05
convincing,7e-05
workout,7e-05
include,7e-05
slumping,7e-05
ecs,7e-05
noise,7e-05
traffic,7e-05
gainers,7e-05
master,7e-05
reverse,7e-05
sound,7e-05
stretched,7e-05
etfs,7e-05
hidden,7e-05
household,7e-05
constant,7e-05
dumping,7e-05
observing,7e-05
upside,7e-05
site,7e-05
credits,7e-05
chemicals,7e-05
except,7e-05
coffee,7e-05
growers,7e-05
launched,7e-05
spying,7e-05
slight,7e-05
please,7e-05
recapping,7e-05
indictments,7e-05
expiry,7e-05
stream,7e-05
periods,7e-05
heads,7e-05
preparing,7e-05
estimate,7e-05
included,7e-05
improvements,7e-05
serpent,7e-05
cited,7e-05
valuable,7e-05
busy,7e-05
arctic,7e-05
welcome,7e-05
heat,7e-05
leveraged,7e-05
remained,7e-05
driving,7e-05
destiny,7e-05
retired,7e-05
chain,7e-05
general,7e-05
soars,7e-05
stand,7e-05
consider,7e-05
roof,7e-05
table,7e-05
streak,7e-05
meet,7e-05
reminded,7e-05
poor,7e-05
terminal,7e-05
direction,7e-05
algonquin,7e-05
forces,7e-05
reply,7e-05
lighthouse,7e-05
offers,7e-05
agree,7e-05
forced,7e-05
feeling,7e-05
control,7e-05
sessions,7e-05
order,7e-05
things,7e-05
vacation,7e-05
derivatives,7e-05
band,7e-05
featured,7e-05
hispanic,7e-05
sense,7e-05
cisco,7e-05
plans,7e-05
slope,7e-05
rotation,7e-05
effect,7e-05
empire,7e-05
views,7e-05
mar,7e-05
putting,7e-05
continuing,7e-05
shop,7e-05
nas,7e-05
car,7e-05
ticks,7e-05
perform,7e-05
morphology,7e-05
cruiser,7e-05
wow,7e-05
gm,7e-05
capitalization,7e-05
cares,7e-05
accounting,7e-05
title,7e-05
approaches,7e-05
steered,7e-05
democrat,7e-05
netted,7e-05
models,7e-05
tons,7e-05
equal,7e-05
breakdown,7e-05
represents,7e-05
relationship,7e-05
tower,7e-05
lift,7e-05
statistics,7e-05
surprise,7e-05
picking,7e-05
striking,7e-05
syndicate,7e-05
cst,7e-05
includes,7e-05
jet,7e-05
fifth,7e-05
man,7e-05
encouraged,7e-05
medical,7e-05
instant,7e-05
employees,7e-05
rip,7e-05
lag,7e-05
ownership,7e-05
protect,7e-05
diagnosis,7e-05
trapped,7e-05
aristocrats,7e-05
tree,7e-05
town,7e-05
plenty,7e-05
guide,7e-05
box,7e-05
featuring,7e-05
jan,7e-05
formation,7e-05
weighted,7e-05
mouse,7e-05
heart,7e-05
robot,7e-05
press,7e-05
sensitive,7e-05
boomers,7e-05
dips,7e-05
mon,7e-05
wind,7e-05
reversed,7e-05
claw,7e-05
calm,7e-05
infections,7e-05
betting,7e-05
gallery,7e-05
gems,7e-05
opened,7e-05
bottomed,7e-05
descending,7e-05
emotions,7e-05
collector,7e-05
sharper,7e-05
trigger,7e-05
grow,7e-05
decision,7e-05
dump,7e-05
disease,7e-05
qi,7e-05
banking,7e-05
harbor,7e-05
amount,7e-05
naga,7e-05
square,7e-05
labs,7e-05
taira,7e-05
fourth,7e-05
confirmations,7e-05
executive,7e-05
brand,7e-05
teasing,7e-05
provisions,7e-05
exact,7e-05
context,7e-05
miners,7e-05
sir,7e-05
telling,7e-05
speaks,7e-05
chemical,7e-05
screaming,7e-05
winds,7e-05
applications,7e-05
changer,7e-05
super,7e-05
professional,7e-05
eu,7e-05
king,7e-05
committee,7e-05
relations,7e-05
breach,7e-05
justified,7e-05
quick,7e-05
comeback,7e-05
lack,7e-05
manufacturers,7e-05
takes,7e-05
economics,7e-05
bands,7e-05
prediction,7e-05
broadening,7e-05
declining,7e-05
half,7e-05
districts,7e-05
airlines,7e-05
broadcast,7e-05
used,7e-05
motorized,7e-05
sentiments,7e-05
stalls,7e-05
dead,7e-05
inverted,7e-05
producer,7e-05
opec,7e-05
rolling,7e-05
slide,7e-05
junk,7e-05
ask,7e-05
riding,7e-05
caused,7e-05
tv,7e-05
pas,7e-05
garage,7e-05
frame,7e-05
healthcare,7e-05
reporters,7e-05
appointment,7e-05
missing,7e-05
decay,7e-05
december,7e-05
hello,7e-05
meanwhile,7e-05
boosted,7e-05
pick,7e-05
plain,7e-05
graphs,7e-05
movements,7e-05
benefits,7e-05
tuesday,7e-05
indicates,7e-05
triggered,7e-05
hurt,7e-05
portion,7e-05
thursday,7e-05
le,7e-05
reverses,7e-05
charging,7e-05
passive,7e-05
fez,7e-05
yea,7e-05
prevention,7e-05
brent,7e-05
saturday,7e-05
happened,7e-05
buys,7e-05
ran,7e-05
natives,7e-05
yahoo,3e-05
pension,3e-05
trash,3e-05
teaches,3e-05
tilting,3e-05
convinced,3e-05
floor,3e-05
administration,3e-05
grind,3e-05
hype,3e-05
unemployment,3e-05
hurry,3e-05
floats,3e-05
looters,3e-05
grown,3e-05
focusing,3e-05
kraft,3e-05
ratings,3e-05
icebreaker,3e-05
strives,3e-05
lumber,3e-05
goods,3e-05
fib,3e-05
analogy,3e-05
binary,3e-05
cave,3e-05
sap,3e-05
analyze,3e-05
bomb,3e-05
understanding,3e-05
central,3e-05
gen,3e-05
drones,3e-05
drew,3e-05
rough,3e-05
bay,3e-05
chartered,3e-05
operator,3e-05
maul,3e-05
investigation,3e-05
backlash,3e-05
achieved,3e-05
ejection,3e-05
falls,3e-05
gouda,3e-05
marked,3e-05
hideout,3e-05
pivot,3e-05
treasuries,3e-05
marketing,3e-05
behind,3e-05
stuff,3e-05
fit,3e-05
citizens,3e-05
felicitated,3e-05
dames,3e-05
bucket,3e-05
status,3e-05
tumbles,3e-05
reading,3e-05
dream,3e-05
stalled,3e-05
remote,3e-05
pocket,3e-05
quota,3e-05
event,3e-05
goal,3e-05
needle,3e-05
secret,3e-05
international,3e-05
tough,3e-05
advising,3e-05
chartist,3e-05
ace,3e-05
ron,3e-05
blocked,3e-05
obligation,3e-05
entrepreneur,3e-05
gazillions,3e-05
cocoa,3e-05
consolidating,3e-05
delisted,3e-05
lu,3e-05
dime,3e-05
sharing,3e-05
stopped,3e-05
gay,3e-05
idiot,3e-05
endurance,3e-05
derivative,3e-05
mixture,3e-05
knight,3e-05
logged,3e-05
slowed,3e-05
residing,3e-05
billionaire,3e-05
desk,3e-05
hf,3e-05
sth,3e-05
occidental,3e-05
updated,3e-05
ig,3e-05
coaster,3e-05
ambulance,3e-05
foot,3e-05
rests,3e-05
learn,3e-05
controlled,3e-05
annuities,3e-05
doubts,3e-05
creator,3e-05
fundamentals,3e-05
constitute,3e-05
park,3e-05
address,3e-05
doj,3e-05
escapes,3e-05
weird,3e-05
rallying,3e-05
tab,3e-05
demolition,3e-05
episode,3e-05
portfolios,3e-05
leader,3e-05
favored,3e-05
skyrocketed,3e-05
carrier,3e-05
calling,3e-05
downgrades,3e-05
berlin,3e-05
intensify,3e-05
occasion,3e-05
anticipation,3e-05
vehicles,3e-05
web,3e-05
charges,3e-05
elevated,3e-05
hex,3e-05
ground,3e-05
announces,3e-05
headquarters,3e-05
allows,3e-05
dispersion,3e-05
removes,3e-05
ruby,3e-05
reversing,3e-05
elect,3e-05
advice,3e-05
fooled,3e-05
mall,3e-05
letting,3e-05
design,3e-05
form,3e-05
balance,3e-05
dear,3e-05
guides,3e-05
scam,3e-05
threat,3e-05
loosing,3e-05
bet,3e-05
fireworks,3e-05
depot,3e-05
cant,3e-05
au,3e-05
bitch,3e-05
relation,3e-05
travelers,3e-05
catch,3e-05
sept,3e-05
prior,3e-05
phase,3e-05
bandwidth,3e-05
represent,3e-05
strategies,3e-05
neck,3e-05
opposite,3e-05
yearly,3e-05
snapped,3e-05
interference,3e-05
getaway,3e-05
league,3e-05
cocktail,3e-05
canyon,3e-05
settlement,3e-05
zero,3e-05
finishes,3e-05
fees,3e-05
va,3e-05
areas,3e-05
shocked,3e-05
hillside,3e-05
sit,3e-05
footprints,3e-05
mortgage,3e-05
alums,3e-05
tie,3e-05
schools,3e-05
founders,3e-05
claws,3e-05
crisis,3e-05
kill,3e-05
malevolence,3e-05
prints,3e-05
transit,3e-05
old,3e-05
spans,3e-05
managers,3e-05
millions,3e-05
falcon,3e-05
nuisance,3e-05
peaks,3e-05
laughter,3e-05
preview,3e-05
route,3e-05
grocer,3e-05
contested,3e-05
runners,3e-05
drilled,3e-05
pickup,3e-05
wheel,3e-05
fade,3e-05
voting,3e-05
okay,3e-05
fore,3e-05
tantrum,3e-05
driver,3e-05
death,3e-05
pol,3e-05
gets,3e-05
lockup,3e-05
endearing,3e-05
shade,3e-05
string,3e-05
exits,3e-05
innocent,3e-05
hopeful,3e-05
aquila,3e-05
reach,3e-05
primary,3e-05
satellite,3e-05
pleased,3e-05
hoy,3e-05
roi,3e-05
announcing,3e-05
knew,3e-05
western,3e-05
buffets,3e-05
conversation,3e-05
packages,3e-05
lean,3e-05
suspensions,3e-05
undercut,3e-05
pajama,3e-05
photo,3e-05
airport,3e-05
grey,3e-05
partners,3e-05
scare,3e-05
incoming,3e-05
smoke,3e-05
sitting,3e-05
moderate,3e-05
carbon,3e-05
parallels,3e-05
tracker,3e-05
appreciated,3e-05
woods,3e-05
cracking,3e-05
confirmation,3e-05
player,3e-05
mines,3e-05
honor,3e-05
particular,3e-05
justice,3e-05
shanghai,3e-05
sending,3e-05
rapid,3e-05
word,3e-05
beats,3e-05
troughs,3e-05
whipsaws,3e-05
commitment,3e-05
thinking,3e-05
cop,3e-05
references,3e-05
horizon,3e-05
shark,3e-05
hospitalizations,3e-05
salt,3e-05
fitness,3e-05
writer,3e-05
charter,3e-05
speaker,3e-05
south,3e-05
doe,3e-05
chinese,3e-05
puller,3e-05
impact,3e-05
catalyst,3e-05
will,3e-05
improve,3e-05
abandoned,3e-05
attacks,3e-05
temple,3e-05
gather,3e-05
heating,3e-05
completing,3e-05
light,3e-05
petroleum,3e-05
territory,3e-05
innovator,3e-05
score,3e-05
fri,3e-05
afternoon,3e-05
securities,3e-05
shopping,3e-05
individual,3e-05
cycled,3e-05
class,3e-05
items,3e-05
door,3e-05
leftist,3e-05
fighting,3e-05
taker,3e-05
boulder,3e-05
greeks,3e-05
exiting,3e-05
lei,3e-05
paper,3e-05
mine,3e-05
book,3e-05
dominates,3e-05
bob,3e-05
legacy,3e-05
mondays,3e-05
logging,3e-05
albums,3e-05
rain,3e-05
ladies,3e-05
pt,3e-05
zs,3e-05
blinks,3e-05
policies,3e-05
pricks,3e-05
remarks,3e-05
listen,3e-05
queen,3e-05
driven,3e-05
bank,3e-05
prep,3e-05
improving,3e-05
shared,3e-05
lighting,3e-05
quarantine,3e-05
personal,3e-05
connection,3e-05
gmt,3e-05
wit,3e-05
cool,3e-05
majors,3e-05
trunk,3e-05
snapshot,3e-05
outsize,3e-05
freedom,3e-05
upgraded,3e-05
regain,3e-05
discharge,3e-05
disagree,3e-05
appears,3e-05
becomes,3e-05
ships,3e-05
rush,3e-05
digested,3e-05
exit,3e-05
evolution,3e-05
coach,3e-05
breakthrough,3e-05
snub,3e-05
colors,3e-05
exploding,3e-05
weigh,3e-05
goldilocks,3e-05
encouragements,3e-05
poker,3e-05
chances,3e-05
pulling,3e-05
discrepancy,3e-05
thread,3e-05
wednesdays,3e-05
bouncing,3e-05
convergence,3e-05
thinks,3e-05
rebounds,3e-05
reacts,3e-05
anticipated,3e-05
member,3e-05
mirroring,3e-05
experts,3e-05
gem,3e-05
founding,3e-05
rocket,3e-05
hovercraft,3e-05
printed,3e-05
smells,3e-05
human,3e-05
pronounced,3e-05
principal,3e-05
minim,3e-05
breadth,3e-05
food,3e-05
confidence,3e-05
skinny,3e-05
somebody,3e-05
selections,3e-05
exposure,3e-05
eager,3e-05
obligations,3e-05
diesel,3e-05
poised,3e-05
kid,3e-05
one,3e-05
registering,3e-05
explain,3e-05
seek,3e-05
prepare,3e-05
das,3e-05
pricing,3e-05
cooked,3e-05
gainer,3e-05
transporter,3e-05
spoke,3e-05
scenarios,3e-05
boy,3e-05
extending,3e-05
fears,3e-05
advancing,3e-05
struggle,3e-05
inversion,3e-05
drawing,3e-05
department,3e-05
indicative,3e-05
histogram,3e-05
treasure,3e-05
forecasted,3e-05
someone,3e-05
pullbacks,3e-05
champion,3e-05
students,3e-05
requesting,3e-05
farm,3e-05
fix,3e-05
voted,3e-05
nowadays,3e-05
flip,3e-05
vessel,3e-05
tractor,3e-05
bike,3e-05
aug,3e-05
expanding,3e-05
provider,3e-05
fanatics,3e-05
electric,3e-05
dolls,3e-05
avoid,3e-05
commercial,3e-05
item,3e-05
sweep,3e-05
mac,3e-05
predicts,3e-05
gives,3e-05
av,3e-05
semi,3e-05
spoiler,3e-05
strikes,3e-05
badge,3e-05
streaks,3e-05
hangover,3e-05
jeans,3e-05
giants,3e-05
dominating,3e-05
fun,3e-05
cmbs,3e-05
rescue,3e-05
requirements,3e-05
methodology,3e-05
nominal,3e-05
pulled,3e-05
sum,3e-05
separate,3e-05
knows,3e-05
operations,3e-05
lb,3e-05
pair,3e-05
congress,3e-05
yesterdays,3e-05
commission,3e-05
pearl,3e-05
baba,3e-05
necessary,3e-05
millennium,3e-05
roc,3e-05
specific,3e-05
divergences,3e-05
mu,3e-05
execs,3e-05
upstairs,3e-05
tweets,3e-05
retrograde,3e-05
embarrassed,3e-05
passes,3e-05
chiefs,3e-05
habit,3e-05
var,3e-05
mbs,3e-05
stood,3e-05
attention,3e-05
synthetic,3e-05
keeping,3e-05
stability,3e-05
disaster,3e-05
beginners,3e-05
comedown,3e-05
window,3e-05
assumption,3e-05
charm,3e-05
tender,3e-05
providers,3e-05
veteran,3e-05
panels,3e-05
glass,3e-05
lottos,3e-05
addition,3e-05
sail,3e-05
personnel,3e-05
program,3e-05
melting,3e-05
outside,3e-05
registered,3e-05
cops,3e-05
tues,3e-05
ring,3e-05
melt,3e-05
mo,3e-05
decoupled,3e-05
assault,3e-05
dram,3e-05
iii,3e-05
english,3e-05
confirms,3e-05
defining,3e-05
type,3e-05
cemetery,3e-05
files,3e-05
workers,3e-05
expirations,3e-05
serving,3e-05
calculation,3e-05
bloodbath,3e-05
surges,3e-05
tone,3e-05
explanation,3e-05
buff,3e-05
blend,3e-05
corp,3e-05
friends,3e-05
maturing,3e-05
spiked,3e-05
bw,3e-05
spell,3e-05
aviation,3e-05
enhanced,3e-05
ban,3e-05
corrective,3e-05
locations,3e-05
coupled,3e-05
hand,3e-05
ben,3e-05
printing,3e-05
jeopardy,3e-05
region,3e-05
stumbles,3e-05
shake,3e-05
contracts,3e-05
mature,3e-05
covering,3e-05
arrow,3e-05
growing,3e-05
stands,3e-05
opera,3e-05
discussed,3e-05
begin,3e-05
prove,3e-05
formula,3e-05
battery,3e-05
apocalypse,3e-05
bloody,3e-05
properties,3e-05
pin,3e-05
ratios,3e-05
leaving,3e-05
appear,3e-05
yellow,3e-05
dogs,3e-05
challenge,3e-05
royal,3e-05
states,3e-05
holders,3e-05
require,3e-05
implying,3e-05
national,3e-05
reinforced,3e-05
parties,3e-05
sources,3e-05
court,3e-05
founder,3e-05
glob,3e-05
normal,3e-05
freight,3e-05
turnover,3e-05
orderly,3e-05
suggesting,3e-05
changing,3e-05
autos,3e-05
delta,3e-05
buffer,3e-05
fails,3e-05
slow,3e-05
military,3e-05
denying,3e-05
partner,3e-05
division,3e-05
lesson,3e-05
mus,3e-05
generate,3e-05
overvalued,3e-05
chase,3e-05
chip,3e-05
erased,3e-05
difficulties,3e-05
blond,3e-05
divided,3e-05
fairy,3e-05
crossovers,3e-05
signed,3e-05
dive,3e-05
act,3e-05
advance,3e-05
figuring,3e-05
parallel,3e-05
booking,3e-05
las,3e-05
outcome,3e-05
spot,3e-05
varies,3e-05
protection,3e-05
submarine,3e-05
spotlight,3e-05
ropes,3e-05
mentioned,3e-05
allow,3e-05
perspective,3e-05
picture,3e-05
idol,3e-05
crew,3e-05
information,3e-05
sensation,3e-05
consumer,3e-05
probes,3e-05
confines,3e-05
hedgers,3e-05
beneficiary,3e-05
achieve,3e-05
style,3e-05
sharpens,3e-05
deemed,3e-05
rejecting,3e-05
officer,3e-05
newsletter,3e-05
catched,3e-05
dumped,3e-05
cuts,3e-05
hassle,3e-05
ceremony,3e-05
centuries,3e-05
washes,3e-05
raises,3e-05
breakers,3e-05
rebel,3e-05
laboratories,3e-05
field,3e-05
down,3e-05
hated,3e-05
august,3e-05
reserve,3e-05
april,3e-05
businesses,3e-05
function,3e-05
fundamental,3e-05
jersey,3e-05
prospect,3e-05
wishes,3e-05
museum,3e-05
trouble,3e-05
boo,3e-05
recruit,3e-05
drag,3e-05
tracking,3e-05
tepee,3e-05
conflict,3e-05
funny,3e-05
sent,3e-05
stabilize,3e-05
lede,3e-05
tail,3e-05
seem,3e-05
sea,3e-05
technicals,3e-05
stays,3e-05
schooner,3e-05
graduate,3e-05
certificates,3e-05
ignore,3e-05
jacket,3e-05
sierra,3e-05
amusement,3e-05
projection,3e-05
plea,3e-05
resolution,3e-05
tidy,3e-05
shaped,3e-05
port,3e-05
panic,3e-05
en,3e-05
caution,3e-05
specialist,3e-05
remind,3e-05
benchmarks,3e-05
familiar,3e-05
elevation,3e-05
burn,3e-05
creating,3e-05
cover,3e-05
approaching,3e-05
cancelling,3e-05
worlds,3e-05
peter,3e-05
css,3e-05
mins,3e-05
host,3e-05
debates,3e-05
roller,3e-05
names,3e-05
assurance,3e-05
switched,3e-05
capitalism,3e-05
achievements,3e-05
reclaim,3e-05
text,3e-05
challenging,3e-05
mail,3e-05
crime,3e-05
matters,3e-05
junction,3e-05
engineering,3e-05
vehicle,3e-05
permanence,3e-05
reversal,3e-05
flaws,3e-05
proctor,3e-05
brink,3e-05
pain,3e-05
kind,3e-05
ambush,3e-05
earns,3e-05
holdings,3e-05
chasing,3e-05
centre,3e-05
staples,3e-05
pitch,3e-05
wells,3e-05
sand,3e-05
southwest,3e-05
progression,3e-05
ocean,3e-05
slated,3e-05
cake,3e-05
wish,3e-05
sidelines,3e-05
excited,3e-05
swift,3e-05
delay,3e-05
diversified,3e-05
errors,3e-05
adventure,3e-05
estate,3e-05
truth,3e-05
octs,3e-05
humility,3e-05
tracked,3e-05
socialism,3e-05
delayed,3e-05
asked,3e-05
flirting,3e-05
pages,3e-05
mi,3e-05
pace,3e-05
bras,3e-05
rent,3e-05
stagnated,3e-05
skull,3e-05
trial,3e-05
coasting,3e-05
supporters,3e-05
tages,3e-05
activity,3e-05
retirement,3e-05
studio,3e-05
played,3e-05
discuss,3e-05
sack,3e-05
bricks,3e-05
leaning,3e-05
medicine,3e-05
inch,3e-05
fuck,3e-05
cured,3e-05
tweeting,3e-05
indigo,3e-05
getaways,3e-05
surveillance,3e-05
saint,3e-05
prison,3e-05
rock,3e-05
nations,3e-05
entered,3e-05
plunged,3e-05
struggles,3e-05
ride,3e-05
shoulder,3e-05
communications,3e-05
disappointments,3e-05
financing,3e-05
mirage,3e-05
circle,3e-05
mirages,3e-05
carry,3e-05
luxury,3e-05
killed,3e-05
ways,3e-05
flagship,3e-05
stupid,3e-05
dal,3e-05
micron,3e-05
stockholders,3e-05
economists,3e-05
gender,3e-05
racing,3e-05
japanese,3e-05
automakers,3e-05
shocking,3e-05
pr,3e-05
backdrop,3e-05
detailed,3e-05
crap,3e-05
economist,3e-05
dragonfly,3e-05
attack,3e-05
ideal,3e-05
steam,3e-05
chug,3e-05
firm,3e-05
composite,3e-05
beings,3e-05
dominant,3e-05
prepayment,3e-05
prepares,3e-05
fores,3e-05
swings,3e-05
fee,3e-05
persons,3e-05
brief,3e-05
feeder,3e-05
ml,3e-05
spaghetti,3e-05
calendar,3e-05
kg,3e-05
boards,3e-05
pointing,3e-05
lock,3e-05
suppressing,3e-05
revenge,3e-05
knocking,3e-05
surged,3e-05
blow,3e-05
cure,3e-05
elite,3e-05
lever,3e-05
toda,3e-05
james,3e-05
waning,3e-05
neckline,3e-05
senior,3e-05
projections,3e-05
barge,3e-05
met,3e-05
fucked,3e-05
mice,3e-05
inflows,3e-05
booming,3e-05
dads,3e-05
fashion,3e-05
supporting,3e-05
rookie,3e-05
maverick,3e-05
telegram,3e-05
tube,3e-05
participants,3e-05
development,3e-05
agent,3e-05
budget,3e-05
skews,3e-05
halloween,3e-05
melee,3e-05
whirlpool,3e-05
instrument,3e-05
occurring,3e-05
out,3e-05
voters,3e-05
shoot,3e-05
violated,3e-05
patience,3e-05
outpost,3e-05
fox,3e-05
tag,3e-05
blame,3e-05
clears,3e-05
interceptor,3e-05
cream,3e-05
spirit,3e-05
radar,3e-05
landlord,3e-05
bode,3e-05
goals,3e-05
road,3e-05
realize,3e-05
changed,3e-05
stones,3e-05
highway,3e-05
propelling,3e-05
purple,3e-05
felt,3e-05
runs,3e-05
lose,3e-05
eclipses,3e-05
hes,3e-05
breather,3e-05
majority,3e-05
crush,3e-05
verge,3e-05
el,3e-05
daddy,3e-05
ranch,3e-05
wake,3e-05
adventures,3e-05
cliff,3e-05
perfected,3e-05
ho,3e-05
info,3e-05
shorts,3e-05
director,3e-05
senate,3e-05
imf,3e-05
concern,3e-05
mrs,3e-05
soar,3e-05
deserved,3e-05
hire,3e-05
grab,3e-05
li,3e-05
suggested,3e-05
abbot,3e-05
utilities,3e-05
staging,3e-05
relaxed,3e-05
drone,3e-05
linked,3e-05
decreased,3e-05
predict,3e-05
lags,3e-05
retrace,3e-05
recurring,3e-05
vertical,3e-05
sting,3e-05
automation,3e-05
feature,3e-05
jumped,3e-05
consolidate,3e-05
local,3e-05
tumbled,3e-05
doge,3e-05
