co,0.11999
https,0.08292
today,0.07139
help,0.07064
local,0.06789
raised,0.06738
reach,0.06613
goal,0.0511
index,0.03883
price,0.02355
rub,0.02129
trading,0.00952
dollar,0.00701
market,0.00526
cad,0.00476
trade,0.00376
members,0.00351
indices,0.00326
world,0.00301
lows,0.00251
close,0.00225
area,0.00225
milestone,0.00225
showing,0.00225
still,0.00225
see,0.00225
shirt,0.002
session,0.002
vs,0.002
platinum,0.002
get,0.002
waves,0.00175
minimum,0.00175
dynamics,0.00175
start,0.00175
low,0.00175
dynamic,0.00175
year,0.00175
good,0.0015
range,0.0015
time,0.0015
long,0.0015
short,0.0015
stocks,0.0015
day,0.0015
euro,0.0015
remain,0.00125
week,0.00125
chart,0.00125
yen,0.00125
latest,0.00125
hour,0.00125
support,0.00125
entry,0.00125
offer,0.00125
amp,0.00125
like,0.00125
last,0.00125
futures,0.00125
weakness,0.00125
move,0.001
gift,0.001
lira,0.001
negative,0.001
said,0.001
group,0.001
right,0.001
happening,0.001
extreme,0.001
bunker,0.001
finals,0.001
setting,0.001
turkish,0.001
hubs,0.001
ice,0.001
scores,0.001
traders,0.001
welcome,0.001
value,0.001
month,0.001
charity,0.001
fee,0.001
whole,0.001
main,0.001
funding,0.001
stay,0.001
backed,0.001
explained,0.001
consists,0.001
instrument,0.001
record,0.001
morning,0.001
rates,0.001
donation,0.001
idea,0.001
token,0.001
side,0.001
york,0.001
prices,0.001
report,0.00075
approaching,0.00075
first,0.00075
economies,0.00075
interest,0.00075
live,0.00075
overall,0.00075
money,0.00075
gold,0.00075
keep,0.00075
increase,0.00075
enter,0.00075
recovery,0.00075
limited,0.00075
eye,0.00075
reached,0.00075
bonus,0.00075
fuck,0.00075
technical,0.00075
card,0.00075
key,0.00075
high,0.00075
deposit,0.00075
major,0.00075
say,0.00075
turned,0.00075
ending,0.00075
bounce,0.00075
look,0.00075
direction,0.00075
spot,0.00075
continues,0.00075
weighted,0.00075
performance,0.00075
code,0.00075
commitments,0.00075
buy,0.00075
sessions,0.00075
health,0.00075
peak,0.00075
remains,0.00075
lose,0.00075
try,0.00075
silver,0.00075
sweet,0.00075
markets,0.00075
pairs,0.00075
grow,0.00075
daily,0.00075
date,0.00075
better,0.00075
call,0.0005
kids,0.0005
inflation,0.0005
administration,0.0005
let,0.0005
forecast,0.0005
analyst,0.0005
work,0.0005
network,0.0005
hit,0.0005
clear,0.0005
total,0.0005
sequences,0.0005
convenience,0.0005
assets,0.0005
leverage,0.0005
monthly,0.0005
even,0.0005
warning,0.0005
sidelines,0.0005
bill,0.0005
trending,0.0005
cot,0.0005
cash,0.0005
reps,0.0005
pi,0.0005
falling,0.0005
looks,0.0005
part,0.0005
re,0.0005
trend,0.0005
trades,0.0005
systems,0.0005
lower,0.0005
well,0.0005
taking,0.0005
revenue,0.0005
waiting,0.0005
challenge,0.0005
instruments,0.0005
go,0.0005
game,0.0005
stimulus,0.0005
http,0.0005
pandemic,0.0005
economy,0.0005
turning,0.0005
sell,0.0005
wave,0.0005
starts,0.0005
led,0.0005
extension,0.0005
point,0.0005
china,0.0005
street,0.0005
composite,0.0005
bonds,0.0005
raising,0.0005
situation,0.0005
swings,0.0005
lending,0.0005
calendar,0.0005
open,0.0005
sick,0.0005
talked,0.0005
means,0.0005
tracks,0.0005
become,0.0005
analysis,0.0005
reported,0.0005
highs,0.0005
mag,0.0005
metals,0.0005
place,0.0005
areas,0.0005
life,0.0005
weekly,0.0005
loan,0.0005
fell,0.0005
captured,0.0005
weeks,0.0005
risk,0.0005
months,0.0005
worth,0.0005
coming,0.0005
read,0.0005
spare,0.0005
forum,0.0005
looking,0.0005
violence,0.0005
certificates,0.0005
currency,0.0005
spy,0.0005
head,0.0005
extra,0.0005
seeing,0.0005
accepted,0.0005
name,0.0005
survey,0.0005
plan,0.0005
great,0.00025
consolidation,0.00025
coin,0.00025
vaccination,0.00025
people,0.00025
european,0.00025
points,0.00025
pizza,0.00025
debt,0.00025
tried,0.00025
losses,0.00025
br,0.00025
watch,0.00025
path,0.00025
rising,0.00025
tweets,0.00025
weakening,0.00025
attestation,0.00025
welcomes,0.00025
amazon,0.00025
hero,0.00025
march,0.00025
expect,0.00025
moving,0.00025
solutions,0.00025
trader,0.00025
view,0.00025
central,0.00025
news,0.00025
results,0.00025
gen,0.00025
present,0.00025
devalued,0.00025
employment,0.00025
confirmation,0.00025
estimated,0.00025
need,0.00025
miners,0.00025
benchmark,0.00025
voice,0.00025
sending,0.00025
link,0.00025
period,0.00025
activities,0.00025
fund,0.00025
reaction,0.00025
finished,0.00025
reversal,0.00025
inspection,0.00025
pivot,0.00025
chemicals,0.00025
negotiated,0.00025
ripped,0.00025
dairy,0.00025
mo,0.00025
models,0.00025
industries,0.00025
hangs,0.00025
pakistanis,0.00025
sister,0.00025
possible,0.00025
swimming,0.00025
relief,0.00025
meant,0.00025
much,0.00025
explorers,0.00025
launched,0.00025
put,0.00025
pharmaceutical,0.00025
turkeys,0.00025
dream,0.00025
hours,0.00025
safety,0.00025
girl,0.00025
stagflation,0.00025
chinese,0.00025
says,0.00025
impact,0.00025
can,0.00025
data,0.00025
collection,0.00025
ipo,0.00025
breaking,0.00025
bucks,0.00025
matter,0.00025
certification,0.00025
raise,0.00025
rally,0.00025
opening,0.00025
mentioning,0.00025
corrective,0.00025
phrase,0.00025
pressure,0.00025
immunity,0.00025
sellers,0.00025
black,0.00025
growth,0.00025
covering,0.00025
theres,0.00025
closed,0.00025
bound,0.00025
take,0.00025
rn,0.00025
mobile,0.00025
working,0.00025
provides,0.00025
man,0.00025
played,0.00025
current,0.00025
depend,0.00025
invest,0.00025
factors,0.00025
placed,0.00025
earth,0.00025
paper,0.00025
book,0.00025
target,0.00025
pushes,0.00025
hits,0.00025
appear,0.00025
closer,0.00025
worst,0.00025
pool,0.00025
controlled,0.00025
seller,0.00025
doubts,0.00025
tackle,0.00025
fuels,0.00025
cards,0.00025
provide,0.00025
milestones,0.00025
fare,0.00025
payment,0.00025
spanish,0.00025
todays,0.00025
supports,0.00025
indicator,0.00025
proposals,0.00025
bank,0.00025
small,0.00025
speech,0.00025
takes,0.00025
busy,0.00025
shared,0.00025
calling,0.00025
return,0.00025
keeps,0.00025
bond,0.00025
gmt,0.00025
cool,0.00025
majors,0.00025
paths,0.00025
bad,0.00025
freedom,0.00025
made,0.00025
misguided,0.00025
potential,0.00025
cycle,0.00025
manufacturing,0.00025
minutes,0.00025
ground,0.00025
round,0.00025
inclusions,0.00025
german,0.00025
lines,0.00025
heres,0.00025
hints,0.00025
concerns,0.00025
affecting,0.00025
backdrop,0.00025
declined,0.00025
evolution,0.00025
doubt,0.00025
wants,0.00025
chain,0.00025
quality,0.00025
attempting,0.00025
medal,0.00025
products,0.00025
covered,0.00025
webpage,0.00025
thousands,0.00025
curve,0.00025
guess,0.00025
die,0.00025
difference,0.00025
tightening,0.00025
rebounds,0.00025
anticipated,0.00025
queens,0.00025
supported,0.00025
mean,0.00025
pic,0.00025
sentiment,0.00025
getting,0.00025
reaching,0.00025
speed,0.00025
quotes,0.00025
deepens,0.00025
fly,0.00025
buying,0.00025
allow,0.00025
verification,0.00025
lost,0.00025
testing,0.00025
finance,0.00025
heist,0.00025
building,0.00025
bears,0.00025
strengthening,0.00025
progress,0.00025
industry,0.00025
test,0.00025
streets,0.00025
left,0.00025
sector,0.00025
ninja,0.00025
ana,0.00025
reply,0.00025
due,0.00025
stock,0.00025
affect,0.00025
herd,0.00025
stopping,0.00025
fear,0.00025
added,0.00025
yes,0.00025
supporting,0.00025
launch,0.00025
winning,0.00025
fact,0.00025
frame,0.00025
development,0.00025
budget,0.00025
hitting,0.00025
ready,0.00025
expected,0.00025
phases,0.00025
deal,0.00025
th,0.00025
following,0.00025
raises,0.00025
order,0.00025
regains,0.00025
weight,0.00025
april,0.00025
touch,0.00025
positive,0.00025
going,0.00025
role,0.00025
team,0.00025
petition,0.00025
tapering,0.00025
tag,0.00025
outreach,0.00025
making,0.00025
law,0.00025
show,0.00025
pioneering,0.00025
near,0.00025
types,0.00025
company,0.00025
assuming,0.00025
fiat,0.00025
highlights,0.00025
way,0.00025
crisis,0.00025
investment,0.00025
assist,0.00025
change,0.00025
tuesday,0.00025
lowered,0.00025
trump,0.00025
government,0.00025
crush,0.00025
treatment,0.00025
old,0.00025
related,0.00025
cr,0.00025
structure,0.00025
fed,0.00025
know,0.00025
lot,0.00025
saga,0.00025
inflating,0.00025
finding,0.00025
gaming,0.00025
feb,0.00025
mt,0.00025
definition,0.00025
pullback,0.00025
follow,0.00025
author,0.00025
auction,0.00025
containment,0.00025
moves,0.00025
convertible,0.00025
list,0.00025
acting,0.00025
issuance,0.00025
performing,0.00025
sunday,0.00025
term,0.00025
sale,0.00025
break,0.00025
tether,0.00025
weakened,0.00025
games,0.00025
shops,0.00025
participation,0.00025
downside,0.00025
little,0.00025
decide,0.00025
yr,0.00025
save,0.00025
trigger,0.00025
extend,0.00025
store,0.00025
retail,0.00025
decision,0.00025
setups,0.00025
best,0.00025
ruling,0.00025
theory,0.00025
port,0.00025
indicators,0.00025
block,0.00025
days,0.00025
maturities,0.00025
constrains,0.00025
signals,0.00025
events,0.00025
catalogue,0.00025
