co,0.05029
https,0.04851
python,0.01387
market,0.00903
spy,0.00875
week,0.00768
volatility,0.00587
time,0.00546
election,0.00534
like,0.00534
amp,0.00518
futures,0.00505
get,0.00493
stocks,0.00461
life,0.00448
gold,0.00443
ge,0.00443
day,0.00432
index,0.00427
stock,0.00418
trading,0.00402
people,0.00396
today,0.00382
good,0.00377
open,0.00373
markets,0.00366
see,0.00359
know,0.00357
points,0.00321
short,0.00321
high,0.00318
long,0.00314
street,0.00302
back,0.00298
said,0.0028
even,0.00277
go,0.00277
make,0.00273
think,0.00273
look,0.00271
ba,0.00264
world,0.00264
going,0.00252
dia,0.00252
dal,0.00252
move,0.00248
last,0.00246
much,0.00241
level,0.00239
still,0.00236
right,0.00236
buy,0.00218
thing,0.00218
want,0.00209
trump,0.00207
close,0.00207
well,0.00205
love,0.00202
lower,0.002
investors,0.00198
chart,0.00196
say,0.00196
take,0.00196
year,0.00193
days,0.00189
options,0.00186
wall,0.00184
post,0.00182
price,0.00182
put,0.00177
risk,0.00175
things,0.00175
live,0.00173
sell,0.00173
point,0.00173
tues,0.00173
little,0.00171
term,0.00171
stimulus,0.00171
silver,0.00161
drop,0.00159
watch,0.00157
better,0.00157
start,0.00157
trade,0.00157
breaking,0.00155
month,0.00155
change,0.00155
money,0.0015
months,0.0015
data,0.0015
earnings,0.00148
news,0.00143
keep,0.00143
trying,0.00143
video,0.00141
says,0.00141
first,0.00141
let,0.00136
great,0.00132
takes,0.00132
lot,0.00132
call,0.0013
support,0.0013
traders,0.0013
someone,0.00127
interest,0.00125
need,0.00125
equity,0.00125
got,0.00125
check,0.00125
work,0.00125
daily,0.00125
fear,0.00123
re,0.00123
falling,0.00123
strength,0.00123
low,0.0012
morning,0.0012
coming,0.0012
weekend,0.0012
wealth,0.00118
president,0.00118
nothing,0.00118
record,0.00118
weekly,0.00118
imf,0.00118
power,0.00116
es,0.00116
bad,0.00114
dollar,0.00114
best,0.00114
care,0.00114
past,0.00114
levels,0.00114
find,0.00111
mind,0.00111
looking,0.00111
weeks,0.00111
enough,0.00109
come,0.00107
baba,0.00107
single,0.00107
end,0.00107
latest,0.00105
friday,0.00105
consumer,0.00105
pandemic,0.00105
james,0.00105
shares,0.00102
deal,0.00102
thanks,0.00102
hit,0.00102
focus,0.00102
house,0.00102
credit,0.00102
confidence,0.00102
brown,0.00102
give,0.001
charts,0.001
makes,0.001
getting,0.001
increase,0.00098
les,0.00098
top,0.00095
sales,0.00095
gains,0.00095
oil,0.00095
yields,0.00095
comes,0.00095
range,0.00095
looks,0.00095
yesterday,0.00093
direction,0.00093
positions,0.00093
real,0.00093
content,0.00091
use,0.00091
home,0.00091
rising,0.00091
fundamental,0.00091
volume,0.00091
become,0.00091
dec,0.00089
way,0.00089
york,0.00089
prices,0.00089
plan,0.00089
turn,0.00089
lack,0.00089
losses,0.00086
relief,0.00086
dream,0.00086
lies,0.00086
problem,0.00086
rise,0.00086
yield,0.00086
years,0.00086
spot,0.00086
fed,0.00086
join,0.00084
cat,0.00084
moving,0.00084
saying,0.00084
uncertainty,0.00084
elections,0.00084
concern,0.00084
cases,0.00082
hope,0.00082
report,0.00082
wrong,0.00082
times,0.00082
curve,0.00082
article,0.0008
making,0.0008
calls,0.0008
stand,0.0008
help,0.0008
zig,0.0008
average,0.0008
franklin,0.0008
chief,0.0008
truth,0.0008
win,0.00077
night,0.00077
rose,0.00077
strategist,0.00077
white,0.00077
major,0.00077
seems,0.00077
man,0.00075
try,0.00075
pain,0.00075
play,0.00075
energy,0.00075
nov,0.00075
future,0.00075
goods,0.00073
provide,0.00073
needs,0.00073
bonds,0.00073
possible,0.00073
angst,0.00073
mon,0.00073
seem,0.00073
debt,0.00073
added,0.00073
currency,0.00073
talks,0.0007
small,0.0007
orders,0.0007
potential,0.0007
investment,0.0007
free,0.0007
bond,0.00068
fall,0.00068
learning,0.00068
indicator,0.00068
full,0.00068
planning,0.00068
policy,0.00068
gd,0.00068
playing,0.00068
fine,0.00066
due,0.00066
highs,0.00066
remains,0.00066
napoleon,0.00066
hill,0.00066
rich,0.00066
none,0.00066
head,0.00066
seeing,0.00066
hi,0.00066
closed,0.00066
art,0.00066
positive,0.00066
flipped,0.00064
vote,0.00064
analysis,0.00064
talk,0.00064
tweet,0.00064
vs,0.00064
stop,0.00064
current,0.00064
figure,0.00064
spread,0.00061
thought,0.00061
person,0.00061
virus,0.00061
march,0.00061
views,0.00061
preferred,0.00061
excluded,0.00061
asset,0.00061
john,0.00061
started,0.00061
bit,0.00061
off,0.00061
followed,0.00059
elevated,0.00059
spike,0.00059
government,0.00059
tomorrow,0.00059
living,0.00059
true,0.00059
share,0.00059
lows,0.00059
mark,0.00059
buying,0.00059
stay,0.00059
near,0.00059
reserves,0.00059
equities,0.00059
puts,0.00059
courage,0.00059
rut,0.00059
mixed,0.00057
failure,0.00057
following,0.00057
idea,0.00057
happen,0.00057
expectations,0.00057
scared,0.00057
difference,0.00057
selling,0.00057
capital,0.00057
large,0.00057
shorts,0.00057
option,0.00055
course,0.00055
einstein,0.00055
goes,0.00055
fell,0.00055
till,0.00055
impact,0.00055
answer,0.00055
kindness,0.00055
worth,0.00055
necessary,0.00055
hour,0.00055
taking,0.00055
flat,0.00055
recommended,0.00055
economy,0.00055
heavy,0.00055
decision,0.00055
premium,0.00055
quick,0.00055
jobs,0.00052
except,0.00052
up,0.00052
cost,0.00052
business,0.00052
closing,0.00052
hedge,0.00052
anger,0.00052
vaccine,0.00052
feel,0.0005
behind,0.0005
matter,0.0005
means,0.0005
blood,0.0005
part,0.0005
bank,0.0005
tell,0.0005
ends,0.0005
safe,0.0005
demand,0.0005
show,0.0005
study,0.0005
blue,0.0005
loss,0.0005
gm,0.0005
clear,0.0005
outside,0.0005
package,0.0005
vision,0.0005
technical,0.0005
lead,0.0005
en,0.0005
mother,0.0005
treasury,0.0005
strategy,0.0005
storm,0.0005
hes,0.0005
mrna,0.0005
happens,0.00048
goal,0.00048
left,0.00048
yes,0.00048
reach,0.00048
benjamin,0.00048
run,0.00048
gives,0.00048
front,0.00048
reason,0.00048
act,0.00048
oct,0.00048
wise,0.00048
developments,0.00048
interesting,0.00048
kind,0.00048
cash,0.00048
gs,0.00048
path,0.00045
quote,0.00045
seneca,0.00045
absolute,0.00045
hawking,0.00045
monitor,0.00045
wrote,0.00045
name,0.00045
door,0.00045
da,0.00045
contracts,0.00045
opportunity,0.00045
mean,0.00045
second,0.00045
remember,0.00045
management,0.00045
breakout,0.00045
numbers,0.00045
worse,0.00045
sign,0.00045
september,0.00045
key,0.00045
originality,0.00045
october,0.00043
session,0.00043
success,0.00043
break,0.00043
monday,0.00043
lama,0.00043
lincoln,0.00043
consciousness,0.00043
improve,0.00043
exchange,0.00043
shame,0.00043
twitter,0.00043
begin,0.00043
perfect,0.00043
line,0.00043
ideas,0.00043
according,0.00043
leaders,0.00043
bottom,0.00043
trades,0.00043
using,0.00041
sight,0.00041
reality,0.00041
episode,0.00041
error,0.00041
roots,0.00041
returns,0.00041
volatile,0.00041
moment,0.00041
fund,0.00041
thinking,0.00041
running,0.00041
note,0.00041
resistance,0.00041
wave,0.00041
surge,0.00041
feeling,0.00041
spent,0.00041
crash,0.00041
list,0.00041
least,0.00041
starting,0.00041
spreads,0.00041
fail,0.00041
gained,0.00041
target,0.00041
mistakes,0.00041
view,0.00041
son,0.00041
game,0.00041
moves,0.00041
guys,0.00041
companies,0.00039
ratio,0.00039
whole,0.00039
sentiment,0.00039
result,0.00039
holding,0.00039
children,0.00039
group,0.00039
inc,0.00039
rally,0.00039
light,0.00039
lie,0.00039
signal,0.00039
words,0.00039
streak,0.00039
sense,0.00039
bang,0.00039
christian,0.00039
melt,0.00039
assets,0.00039
made,0.00039
guy,0.00039
august,0.00039
health,0.00039
hans,0.00039
volumes,0.00039
moments,0.00039
strike,0.00039
fast,0.00039
oscar,0.00039
talking,0.00039
genius,0.00039
negative,0.00036
inside,0.00036
event,0.00036
morgan,0.00036
red,0.00036
debate,0.00036
phone,0.00036
magic,0.00036
fucking,0.00036
old,0.00036
lean,0.00036
photo,0.00036
position,0.00036
action,0.00036
scheme,0.00036
sees,0.00036
rate,0.00036
stream,0.00036
todays,0.00036
men,0.00036
bulls,0.00036
expect,0.00036
attention,0.00036
vulnerabilities,0.00036
spend,0.00036
dip,0.00036
number,0.00036
glory,0.00036
place,0.00036
mr,0.00036
betting,0.00036
correlation,0.00036
area,0.00036
super,0.00036
ask,0.00036
shit,0.00036
account,0.00034
miss,0.00034
created,0.00034
monthly,0.00034
eye,0.00034
waiting,0.00034
waste,0.00034
hold,0.00034
comments,0.00034
accomplishment,0.00034
risks,0.00034
cant,0.00034
history,0.00034
structure,0.00034
bull,0.00034
remain,0.00034
results,0.00034
posted,0.00034
round,0.00034
crude,0.00034
continues,0.00034
green,0.00034
finance,0.00034
giving,0.00034
dropped,0.00034
exhausts,0.00034
flow,0.00034
fun,0.00034
separate,0.00034
bid,0.00034
clean,0.00034
positioned,0.00034
funds,0.00034
bring,0.00034
losers,0.00034
technology,0.00034
pop,0.00034
ready,0.00034
members,0.00034
believe,0.00034
sub,0.00034
braces,0.00034
family,0.00034
state,0.00034
creates,0.00034
thoughts,0.00032
forward,0.00032
insider,0.00032
despite,0.00032
country,0.00032
begging,0.00032
targets,0.00032
blind,0.00032
fact,0.00032
leading,0.00032
read,0.00032
solved,0.00032
choice,0.00032
repetition,0.00032
gets,0.00032
overall,0.00032
buyers,0.00032
growth,0.00032
nature,0.00032
set,0.00032
food,0.00032
sector,0.00032
losing,0.00032
entire,0.00032
tune,0.00032
pet,0.00032
stone,0.00032
regarding,0.00032
expecting,0.00032
speak,0.00032
adding,0.00032
file,0.00032
outlook,0.00032
took,0.00032
experience,0.00032
trend,0.00032
tech,0.00032
gauge,0.00032
lost,0.00032
bets,0.00032
train,0.00032
thursday,0.00032
extend,0.00032
bell,0.00032
polls,0.0003
snap,0.0003
worrying,0.0003
net,0.0003
javas,0.0003
balance,0.0003
question,0.0003
side,0.0003
hedgefunds,0.0003
switch,0.0003
wait,0.0003
knew,0.0003
word,0.0003
henry,0.0003
woman,0.0003
held,0.0003
issues,0.0003
general,0.0003
exposure,0.0003
test,0.0003
drawing,0.0003
race,0.0003
imagination,0.0003
sills,0.0003
indicators,0.0003
girls,0.0003
continue,0.0003
keeping,0.0003
explains,0.0003
states,0.0003
center,0.0003
twain,0.0003
slow,0.0003
spring,0.0003
investor,0.0003
treat,0.0003
talked,0.0003
gild,0.0003
luck,0.0003
chance,0.0003
case,0.0003
indexes,0.0003
working,0.0003
mix,0.0003
job,0.0003
composite,0.0003
revenge,0.0003
node,0.0003
rates,0.0003
director,0.0003
terms,0.0003
jumped,0.0003
block,0.0003
add,0.00027
evening,0.00027
enjoy,0.00027
looked,0.00027
value,0.00027
concerns,0.00027
jack,0.00027
form,0.00027
bet,0.00027
boom,0.00027
impossible,0.00027
loved,0.00027
reasons,0.00027
realities,0.00027
withholding,0.00027
contested,0.00027
voting,0.00027
imo,0.00027
feet,0.00027
period,0.00027
hosts,0.00027
please,0.00027
watching,0.00027
relative,0.00027
social,0.00027
rest,0.00027
amazing,0.00027
ford,0.00027
gap,0.00027
weakness,0.00027
speaking,0.00027
cast,0.00027
media,0.00027
update,0.00027
haunting,0.00027
growing,0.00027
normal,0.00027
ill,0.00027
bounce,0.00027
decline,0.00027
inverse,0.00027
broke,0.00027
wasted,0.00027
analysts,0.00027
total,0.00027
agreement,0.00027
imitation,0.00027
sooner,0.00027
story,0.00027
wan,0.00027
showed,0.00027
loves,0.00027
sunday,0.00027
lets,0.00027
questions,0.00027
kids,0.00025
administration,0.00025
hero,0.00025
ordinary,0.00025
brave,0.00025
stuff,0.00025
warning,0.00025
aim,0.00025
expiration,0.00025
british,0.00025
self,0.00025
task,0.00025
wins,0.00025
flaming,0.00025
opinion,0.00025
possibility,0.00025
income,0.00025
supernatural,0.00025
theory,0.00025
manager,0.00025
squeeze,0.00025
waters,0.00025
found,0.00025
fan,0.00025
book,0.00025
chair,0.00025
step,0.00025
busy,0.00025
welcome,0.00025
third,0.00025
control,0.00025
faults,0.00025
source,0.00025
sunshine,0.00025
november,0.00025
tried,0.00025
wood,0.00025
relationship,0.00025
exercise,0.00025
hand,0.00025
party,0.00025
rule,0.00025
rebound,0.00025
heart,0.00025
winning,0.00025
went,0.00025
shift,0.00025
beat,0.00025
cause,0.00025
company,0.00025
attempt,0.00025
hopes,0.00025
matters,0.00025
flows,0.00025
regime,0.00025
hours,0.00025
hell,0.00025
details,0.00025
showing,0.00025
nb,0.00025
tesla,0.00025
fuck,0.00025
music,0.00025
stupid,0.00025
half,0.00025
pointing,0.00025
liquidity,0.00025
tuesday,0.00025
face,0.00025
in,0.00023
ripples,0.00023
edition,0.00023
increasing,0.00023
fit,0.00023
reading,0.00023
final,0.00023
city,0.00023
eyes,0.00023
recovery,0.00023
notes,0.00023
radio,0.00023
tom,0.00023
placed,0.00023
june,0.00023
return,0.00023
shock,0.00023
track,0.00023
parents,0.00023
id,0.00023
hate,0.00023
speculation,0.00023
supply,0.00023
saw,0.00023
www,0.00023
victory,0.00023
united,0.00023
intentions,0.00023
setting,0.00023
mine,0.00023
grant,0.00023
http,0.00023
double,0.00023
wasting,0.00023
service,0.00023
guess,0.00023
meet,0.00023
member,0.00023
worry,0.00023
throws,0.00023
alexander,0.00023
agree,0.00023
works,0.00023
taxes,0.00023
pricing,0.00023
moon,0.00023
expected,0.00023
struggle,0.00023
couple,0.00023
changes,0.00023
mushroom,0.00023
indices,0.00023
directions,0.00023
decide,0.00023
caps,0.00023
chapter,0.00023
democrat,0.00023
hedging,0.00023
type,0.00023
girl,0.00023
friends,0.00023
blog,0.00023
graham,0.00023
butcher,0.00023
soul,0.00023
appear,0.00023
investing,0.00023
gave,0.00023
candle,0.00023
create,0.00023
style,0.00023
gain,0.00023
evil,0.00023
contract,0.00023
cross,0.00023
newton,0.00023
amount,0.00023
peter,0.00023
feedback,0.00023
reaction,0.00023
ocean,0.00023
responsibility,0.00023
minds,0.00023
pressure,0.00023
came,0.00023
effects,0.00023
bought,0.00023
ones,0.00023
chaos,0.00023
fake,0.00023
research,0.00023
caught,0.00023
crush,0.00023
havens,0.00023
essentials,0.00023
privilege,0.00023
system,0.0002
affection,0.0002
size,0.0002
treasuries,0.0002
holy,0.0002
feed,0.0002
marvel,0.0002
black,0.0002
dickens,0.0002
worst,0.0002
quarter,0.0002
momentum,0.0002
mini,0.0002
swing,0.0002
peace,0.0002
common,0.0002
chatter,0.0002
interview,0.0002
sam,0.0002
slipped,0.0002
is,0.0002
choosing,0.0002
settle,0.0002
particular,0.0002
skill,0.0002
ok,0.0002
jump,0.0002
trust,0.0002
birthday,0.0002
freelancers,0.0002
deaths,0.0002
reached,0.0002
closer,0.0002
issue,0.0002
died,0.0002
cease,0.0002
bilingual,0.0002
shop,0.0002
medium,0.0002
strategists,0.0002
realized,0.0002
wow,0.0002
nobody,0.0002
fools,0.0002
aversion,0.0002
link,0.0002
margin,0.0002
quarterly,0.0002
limitations,0.0002
opportunities,0.0002
spiked,0.0002
europe,0.0002
force,0.0002
properties,0.0002
national,0.0002
expressed,0.0002
favorite,0.0002
reserve,0.0002
commercials,0.0002
calm,0.0002
relativity,0.0002
sent,0.0002
closes,0.0002
expression,0.0002
aid,0.0002
adventure,0.0002
amd,0.0002
render,0.0002
consist,0.0002
conquered,0.0002
swings,0.0002
climbed,0.0002
cusp,0.0002
loving,0.0002
th,0.0002
discovers,0.0002
flavor,0.0002
december,0.0002
ass,0.0002
headline,0.0002
trees,0.0002
amelia,0.0002
gift,0.00018
poll,0.00018
feels,0.00018
body,0.00018
limited,0.00018
thank,0.00018
focused,0.00018
philippines,0.00018
learn,0.00018
security,0.00018
count,0.00018
forgetting,0.00018
indicating,0.00018
positioning,0.00018
campaign,0.00018
simple,0.00018
percentage,0.00018
lots,0.00018
board,0.00018
recap,0.00018
millions,0.00018
gauges,0.00018
feb,0.00018
meets,0.00018
wheel,0.00018
breaks,0.00018
timeline,0.00018
solution,0.00018
european,0.00018
wont,0.00018
yen,0.00018
school,0.00018
regret,0.00018
humanity,0.00018
tan,0.00018
public,0.00018
happening,0.00018
capitol,0.00018
paper,0.00018
preparing,0.00018
hanging,0.00018
republican,0.00018
listen,0.00018
cool,0.00018
appears,0.00018
sheets,0.00018
missed,0.00018
performance,0.00018
ignoring,0.00018
reply,0.00018
one,0.00018
increased,0.00018
longer,0.00018
sessions,0.00018
ex,0.00018
commission,0.00018
accept,0.00018
java,0.00018
spiking,0.00018
window,0.00018
quiet,0.00018
bill,0.00018
likelihood,0.00018
surprise,0.00018
challenge,0.00018
hear,0.00018
cycle,0.00018
hands,0.00018
spikes,0.00018
remembering,0.00018
jan,0.00018
fault,0.00018
reported,0.00018
series,0.00018
floors,0.00018
peak,0.00018
intuition,0.00018
leave,0.00018
technicals,0.00018
community,0.00018
helping,0.00018
alert,0.00018
reward,0.00018
sellers,0.00018
trial,0.00018
reflections,0.00018
winner,0.00018
nations,0.00018
materials,0.00018
upper,0.00018
ways,0.00018
turned,0.00018
japan,0.00018
met,0.00018
musket,0.00018
meanwhile,0.00018
tag,0.00018
lose,0.00018
meeting,0.00018
compassion,0.00018
surging,0.00016
correlations,0.00016
unemployment,0.00016
statures,0.00016
shows,0.00016
benchmark,0.00016
portfolio,0.00016
math,0.00016
senator,0.00016
secret,0.00016
ron,0.00016
federal,0.00016
valuations,0.00016
environment,0.00016
edge,0.00016
forgotten,0.00016
doubt,0.00016
probability,0.00016
tax,0.00016
response,0.00016
speculators,0.00016
pic,0.00016
friend,0.00016
law,0.00016
preview,0.00016
okay,0.00016
death,0.00016
skies,0.00016
store,0.00016
nelson,0.00016
arise,0.00016
inflation,0.00016
drive,0.00016
suggests,0.00016
dumping,0.00016
se,0.00016
podcast,0.00016
posting,0.00016
factor,0.00016
land,0.00016
securities,0.00016
prize,0.00016
process,0.00016
institutions,0.00016
implied,0.00016
tonight,0.00016
tend,0.00016
rotating,0.00016
boa,0.00016
child,0.00016
remained,0.00016
advisors,0.00016
destiny,0.00016
continuation,0.00016
cancer,0.00016
banks,0.00016
subsided,0.00016
touched,0.00016
review,0.00016
prepare,0.00016
macro,0.00016
boy,0.00016
hitting,0.00016
fears,0.00016
attractions,0.00016
continued,0.00016
derivatives,0.00016
comment,0.00016
chancellor,0.00016
congress,0.00016
mu,0.00016
tweets,0.00016
heading,0.00016
complacency,0.00016
wanted,0.00016
happiness,0.00016
speeches,0.00016
ben,0.00016
correction,0.00016
services,0.00016
discussed,0.00016
reporting,0.00016
systems,0.00016
apocalypse,0.00016
rises,0.00016
etf,0.00016
maria,0.00016
box,0.00016
shutdowns,0.00016
july,0.00016
damn,0.00016
west,0.00016
helped,0.00016
suicide,0.00016
tends,0.00016
follow,0.00016
choose,0.00016
opened,0.00016
discipline,0.00016
baby,0.00016
mirror,0.00016
ceo,0.00016
miners,0.00016
telling,0.00016
consequences,0.00016
delay,0.00016
opening,0.00016
separates,0.00016
quarters,0.00016
investments,0.00016
pos,0.00016
worked,0.00016
democrats,0.00016
broad,0.00016
van,0.00016
industry,0.00016
riding,0.00016
plays,0.00016
mastered,0.00016
pains,0.00016
wednesday,0.00016
ended,0.00016
lee,0.00016
season,0.00016
phrases,0.00016
consensus,0.00016
obstacles,0.00016
finish,0.00014
dropping,0.00014
pass,0.00014
crazy,0.00014
gdp,0.00014
multiple,0.00014
bookmakers,0.00014
surrender,0.00014
folks,0.00014
dude,0.00014
bones,0.00014
cvs,0.00014
conference,0.00014
passed,0.00014
xxx,0.00014
embracing,0.00014
civilizations,0.00014
farmers,0.00014
leader,0.00014
turning,0.00014
trustee,0.00014
dispersion,0.00014
sectors,0.00014
cut,0.00014
strategies,0.00014
sold,0.00014
at,0.00014
metals,0.00014
matt,0.00014
grand,0.00014
faith,0.00014
ha,0.00014
bubbles,0.00014
cap,0.00014
signature,0.00014
signals,0.00014
base,0.00014
grey,0.00014
purpose,0.00014
upside,0.00014
optimism,0.00014
sus,0.00014
advanced,0.00014
favors,0.00014
profit,0.00014
theres,0.00014
fighting,0.00014
moved,0.00014
factors,0.00014
loses,0.00014
ice,0.00014
dying,0.00014
personal,0.00014
resurgence,0.00014
covered,0.00014
bb,0.00014
editor,0.00014
police,0.00014
farming,0.00014
bicycle,0.00014
solid,0.00014
independent,0.00014
agreed,0.00014
voted,0.00014
snow,0.00014
meals,0.00014
shoes,0.00014
slope,0.00014
rotation,0.00014
trap,0.00014
measures,0.00014
predicts,0.00014
straight,0.00014
climbing,0.00014
simplicity,0.00014
parts,0.00014
battle,0.00014
reference,0.00014
models,0.00014
mo,0.00014
decrease,0.00014
room,0.00014
pay,0.00014
regrets,0.00014
la,0.00014
knowledge,0.00014
exhibits,0.00014
avenues,0.00014
advance,0.00014
outcome,0.00014
featuring,0.00014
weighted,0.00014
dark,0.00014
wanting,0.00014
necessities,0.00014
pump,0.00014
infections,0.00014
trouble,0.00014
evidence,0.00014
whales,0.00014
exchanges,0.00014
pattern,0.00014
saga,0.00014
manifest,0.00014
author,0.00014
flood,0.00014
announced,0.00014
curiosity,0.00014
streaming,0.00014
shaped,0.00014
hoard,0.00014
challenger,0.00014
approaching,0.00014
character,0.00014
interfere,0.00014
lawmakers,0.00014
asian,0.00014
brains,0.00014
bound,0.00014
flag,0.00014
rock,0.00014
currencies,0.00014
north,0.00014
maturity,0.00014
economists,0.00014
vi,0.00014
steam,0.00014
distributed,0.00014
sick,0.00014
inflows,0.00014
supporting,0.00014
narrowing,0.00014
drops,0.00014
gas,0.00014
defensive,0.00014
luxuries,0.00014
changed,0.00014
suggest,0.00014
textbook,0.00014
judge,0.00014
mara,0.00014
defending,0.00014
air,0.00014
happened,0.00014
euro,0.00014
opens,0.00011
trance,0.00011
analyst,0.00011
images,0.00011
trader,0.00011
bomb,0.00011
falls,0.00011
spur,0.00011
pull,0.00011
worries,0.00011
responding,0.00011
adversity,0.00011
young,0.00011
tool,0.00011
hits,0.00011
weird,0.00011
favored,0.00011
practice,0.00011
calling,0.00011
jitters,0.00011
starts,0.00011
exploration,0.00011
fans,0.00011
wants,0.00011
sweat,0.00011
depends,0.00011
chop,0.00011
letting,0.00011
dear,0.00011
die,0.00011
damage,0.00011
fireworks,0.00011
shorting,0.00011
tl,0.00011
launch,0.00011
esquire,0.00011
serial,0.00011
volatilities,0.00011
giveaway,0.00011
reports,0.00011
traded,0.00011
basis,0.00011
survival,0.00011
recorded,0.00011
zn,0.00011
shoulders,0.00011
scoff,0.00011
ghosts,0.00011
tastes,0.00011
forecast,0.00011
throw,0.00011
incoming,0.00011
sitting,0.00011
frenzy,0.00011
coffee,0.00011
sister,0.00011
speaker,0.00011
background,0.00011
brokers,0.00011
journey,0.00011
women,0.00011
trending,0.00011
willing,0.00011
uncertainties,0.00011
afternoon,0.00011
developed,0.00011
shared,0.00011
gmt,0.00011
message,0.00011
tested,0.00011
expansion,0.00011
thread,0.00011
situation,0.00011
thinks,0.00011
capacity,0.00011
main,0.00011
poor,0.00011
printed,0.00011
human,0.00011
chill,0.00011
downturns,0.00011
underlying,0.00011
na,0.00011
secrets,0.00011
deep,0.00011
explain,0.00011
offers,0.00011
bounced,0.00011
wisdom,0.00011
order,0.00011
explosion,0.00011
band,0.00011
cheers,0.00011
asking,0.00011
expanding,0.00011
measured,0.00011
be,0.00011
mood,0.00011
mar,0.00011
token,0.00011
trumps,0.00011
watched,0.00011
nominal,0.00011
allowing,0.00011
drama,0.00011
version,0.00011
profoundness,0.00011
program,0.00011
closet,0.00011
jr,0.00011
politics,0.00011
referring,0.00011
wedge,0.00011
measure,0.00011
negotiations,0.00011
shut,0.00011
prolonged,0.00011
habits,0.00011
diagnosis,0.00011
partner,0.00011
pink,0.00011
candidate,0.00011
guide,0.00011
products,0.00011
limit,0.00011
smart,0.00011
protection,0.00011
diamond,0.00011
reduce,0.00011
proof,0.00011
information,0.00011
image,0.00011
widening,0.00011
cautious,0.00011
silence,0.00011
cents,0.00011
scale,0.00011
awake,0.00011
funny,0.00011
map,0.00011
tragedy,0.00011
mike,0.00011
send,0.00011
ballot,0.00011
channel,0.00011
practicing,0.00011
familiar,0.00011
creating,0.00011
shelf,0.00011
american,0.00011
reversal,0.00011
prefer,0.00011
determination,0.00011
problems,0.00011
riot,0.00011
pace,0.00011
album,0.00011
activity,0.00011
played,0.00011
cent,0.00011
tools,0.00011
water,0.00011
prediction,0.00011
declining,0.00011
raising,0.00011
answers,0.00011
defined,0.00011
brief,0.00011
calendar,0.00011
coinage,0.00011
email,0.00011
rolling,0.00011
lock,0.00011
walks,0.00011
becoming,0.00011
symptoms,0.00011
surged,0.00011
building,0.00011
maker,0.00011
slot,0.00011
senior,0.00011
wonder,0.00011
tale,0.00011
development,0.00011
plunging,0.00011
nod,0.00011
hello,0.00011
candles,0.00011
outpost,0.00011
fox,0.00011
pick,0.00011
began,0.00011
benefits,0.00011
ability,0.00011
hurt,0.00011
treatment,0.00011
sep,0.00011
capitals,0.00011
cliff,0.00011
settled,0.00011
info,0.00011
senate,0.00011
vice,0.00011
violence,0.00011
sale,0.00011
stops,0.00011
auto,0.00011
worried,0.00011
now,0.00011
date,0.00011
events,0.00011
meaning,0.00011
tumbled,0.00011
mode,9e-05
reflation,9e-05
insist,9e-05
ball,9e-05
smell,9e-05
screen,9e-05
globe,9e-05
drew,9e-05
ranges,9e-05
initial,9e-05
miracles,9e-05
pivot,9e-05
surprised,9e-05
handle,9e-05
tumbles,9e-05
listening,9e-05
regulation,9e-05
tenure,9e-05
consolidating,9e-05
honey,9e-05
stopped,9e-05
gay,9e-05
confirming,9e-05
ig,9e-05
revenue,9e-05
sheet,9e-05
joy,9e-05
narrow,9e-05
tries,9e-05
card,9e-05
anticipation,9e-05
god,9e-05
cry,9e-05
averaged,9e-05
beast,9e-05
northern,9e-05
led,9e-05
spending,9e-05
ground,9e-05
perfection,9e-05
roaring,9e-05
winter,9e-05
catch,9e-05
firms,9e-05
example,9e-05
faking,9e-05
office,9e-05
premiums,9e-05
avatar,9e-05
club,9e-05
writing,9e-05
owner,9e-05
zero,9e-05
wed,9e-05
forgot,9e-05
upset,9e-05
thirteen,9e-05
monthlies,9e-05
stress,9e-05
sparks,9e-05
domestic,9e-05
reminder,9e-05
crisis,9e-05
straddles,9e-05
sounds,9e-05
dakota,9e-05
raised,9e-05
machine,9e-05
likes,9e-05
staff,9e-05
acting,9e-05
kiss,9e-05
cruelty,9e-05
include,9e-05
dad,9e-05
primary,9e-05
traffic,9e-05
wild,9e-05
topic,9e-05
steps,9e-05
constant,9e-05
uploaded,9e-05
proportional,9e-05
em,9e-05
aids,9e-05
basic,9e-05
weeklies,9e-05
dm,9e-05
flying,9e-05
nervousness,9e-05
beginning,9e-05
slight,9e-05
chinese,9e-05
catalyst,9e-05
lockdowns,9e-05
raise,9e-05
vibration,9e-05
sup,9e-05
candidates,9e-05
hunt,9e-05
wear,9e-05
bonus,9e-05
offer,9e-05
stealth,9e-05
rejected,9e-05
freedom,9e-05
curb,9e-05
chances,9e-05
twin,9e-05
football,9e-05
experts,9e-05
career,9e-05
fixed,9e-05
iv,9e-05
turbulence,9e-05
res,9e-05
coma,9e-05
faces,9e-05
contrast,9e-05
rout,9e-05
advancing,9e-05
fancy,9e-05
polling,9e-05
neutral,9e-05
outnumbered,9e-05
taxpayers,9e-05
aug,9e-05
considering,9e-05
war,9e-05
cr,9e-05
effect,9e-05
commercial,9e-05
transition,9e-05
combined,9e-05
counsel,9e-05
crack,9e-05
sharp,9e-05
anxiety,9e-05
car,9e-05
char,9e-05
weighed,9e-05
trail,9e-05
nowhere,9e-05
reversals,9e-05
economies,9e-05
decided,9e-05
bikini,9e-05
pins,9e-05
springs,9e-05
lessons,9e-05
tons,9e-05
files,9e-05
equal,9e-05
asia,9e-05
shed,9e-05
workers,9e-05
release,9e-05
lift,9e-05
turns,9e-05
breakfast,9e-05
picking,9e-05
complete,9e-05
xx,9e-05
fading,9e-05
derived,9e-05
breakouts,9e-05
excuse,9e-05
divergence,9e-05
dogs,9e-05
americans,9e-05
meetings,9e-05
eat,9e-05
rip,9e-05
subscribers,9e-05
intro,9e-05
contacting,9e-05
legislation,9e-05
signs,9e-05
ft,9e-05
lines,9e-05
heres,9e-05
ending,9e-05
dedicate,9e-05
temporary,9e-05
transport,9e-05
divided,9e-05
signed,9e-05
implications,9e-05
barring,9e-05
perspective,9e-05
realising,9e-05
arrived,9e-05
secretary,9e-05
cuts,9e-05
docs,9e-05
followers,9e-05
expires,9e-05
ship,9e-05
barrel,9e-05
fire,9e-05
dj,9e-05
jersey,9e-05
assuming,9e-05
failing,9e-05
dance,9e-05
age,9e-05
drag,9e-05
hair,9e-05
excess,9e-05
bidding,9e-05
tail,9e-05
throwing,9e-05
pussy,9e-05
outsider,9e-05
stays,9e-05
retailers,9e-05
conditions,9e-05
corner,9e-05
eyelids,9e-05
selloff,9e-05
timing,9e-05
trigger,9e-05
correct,9e-05
recommendations,9e-05
setup,9e-05
panic,9e-05
survey,9e-05
xmas,9e-05
load,9e-05
knowing,9e-05
democracy,9e-05
kept,9e-05
claims,9e-05
chasing,9e-05
hybrid,9e-05
sidelines,9e-05
repeats,9e-05
safety,9e-05
tended,9e-05
bear,9e-05
pics,9e-05
metal,9e-05
min,9e-05
hoped,9e-05
bullshit,9e-05
rn,9e-05
print,9e-05
max,9e-05
classes,9e-05
frequency,9e-05
ism,9e-05
absorb,9e-05
raiser,9e-05
deposit,9e-05
tickers,9e-05
murphy,9e-05
german,9e-05
bands,9e-05
loaded,9e-05
economist,9e-05
attack,9e-05
ideal,9e-05
causing,9e-05
dead,9e-05
editing,9e-05
circumstances,9e-05
speed,9e-05
weighing,9e-05
custom,9e-05
helps,9e-05
flower,9e-05
tickets,9e-05
out,9e-05
voters,9e-05
team,9e-05
blame,9e-05
approved,9e-05
discussing,9e-05
din,9e-05
goals,9e-05
road,9e-05
hurricane,9e-05
purple,9e-05
dog,9e-05
triggered,9e-05
benefited,9e-05
wake,9e-05
sides,9e-05
incumbent,9e-05
mouth,9e-05
jumps,9e-05
yea,9e-05
winners,9e-05
movie,9e-05
minute,9e-05
zb,9e-05
carter,9e-05
local,9e-05
echoing,7e-05
joined,7e-05
surrounding,7e-05
discount,7e-05
grind,7e-05
parliament,7e-05
memory,7e-05
central,7e-05
rough,7e-05
premises,7e-05
surpassed,7e-05
confirmed,7e-05
bse,7e-05
assumed,7e-05
bs,7e-05
color,7e-05
trad,7e-05
puzzling,7e-05
believing,7e-05
rights,7e-05
monsters,7e-05
pocket,7e-05
shooting,7e-05
involved,7e-05
families,7e-05
international,7e-05
drugs,7e-05
do,7e-05
teacher,7e-05
airline,7e-05
father,7e-05
push,7e-05
stakes,7e-05
argue,7e-05
claim,7e-05
consideration,7e-05
soaring,7e-05
expiring,7e-05
park,7e-05
steepening,7e-05
portfolios,7e-05
approximation,7e-05
feat,7e-05
checking,7e-05
keeps,7e-05
vehicles,7e-05
entering,7e-05
doubted,7e-05
reversion,7e-05
te,7e-05
artist,7e-05
active,7e-05
fueled,7e-05
figures,7e-05
quality,7e-05
pledge,7e-05
loose,7e-05
stumble,7e-05
duration,7e-05
scenario,7e-05
succession,7e-05
dipped,7e-05
lit,7e-05
bitch,7e-05
rides,7e-05
slumps,7e-05
fly,7e-05
phase,7e-05
prior,7e-05
exaggeration,7e-05
rowed,7e-05
cooling,7e-05
rationale,7e-05
pumping,7e-05
developing,7e-05
silences,7e-05
settlement,7e-05
dress,7e-05
predicting,7e-05
fees,7e-05
guilt,7e-05
crowded,7e-05
travel,7e-05
sit,7e-05
weight,7e-05
few,7e-05
role,7e-05
bounces,7e-05
reducing,7e-05
cl,7e-05
schools,7e-05
stockman,7e-05
kill,7e-05
as,7e-05
managers,7e-05
articles,7e-05
smash,7e-05
google,7e-05
detail,7e-05
boats,7e-05
sera,7e-05
principle,7e-05
rational,7e-05
apple,7e-05
pictured,7e-05
assumptions,7e-05
recall,7e-05
summer,7e-05
driver,7e-05
conservative,7e-05
imagine,7e-05
compass,7e-05
disappointed,7e-05
purchased,7e-05
presidency,7e-05
announcing,7e-05
master,7e-05
reverse,7e-05
lip,7e-05
annoying,7e-05
sound,7e-05
draining,7e-05
battling,7e-05
hedged,7e-05
paying,7e-05
weakening,7e-05
etfs,7e-05
sketch,7e-05
smoke,7e-05
injections,7e-05
emergency,7e-05
sending,7e-05
crowds,7e-05
causes,7e-05
references,7e-05
regards,7e-05
meant,7e-05
ra,7e-05
conservatives,7e-05
struggling,7e-05
blanket,7e-05
gamma,7e-05
brings,7e-05
repeat,7e-05
baker,7e-05
official,7e-05
territory,7e-05
hostage,7e-05
addiction,7e-05
suffered,7e-05
individual,7e-05
retaining,7e-05
headed,7e-05
lauder,7e-05
stupidity,7e-05
accompanying,7e-05
ailing,7e-05
privacy,7e-05
enjoyed,7e-05
buck,7e-05
policies,7e-05
peaked,7e-05
turf,7e-05
improving,7e-05
lighting,7e-05
danger,7e-05
crater,7e-05
popping,7e-05
officials,7e-05
resource,7e-05
minutes,7e-05
becomes,7e-05
masters,7e-05
schemes,7e-05
digested,7e-05
exit,7e-05
wallowing,7e-05
colors,7e-05
pleasure,7e-05
profits,7e-05
centrist,7e-05
revolution,7e-05
table,7e-05
bouncing,7e-05
loser,7e-05
rescues,7e-05
dynamic,7e-05
inched,7e-05
studies,7e-05
progress,7e-05
triple,7e-05
kid,7e-05
noted,7e-05
wresting,7e-05
chicago,7e-05
dating,7e-05
ladder,7e-05
symptom,7e-05
lottery,7e-05
captain,7e-05
disruption,7e-05
hun,7e-05
inverting,7e-05
pros,7e-05
reflect,7e-05
summary,7e-05
plans,7e-05
commodities,7e-05
bombed,7e-05
labor,7e-05
tea,7e-05
scene,7e-05
zone,7e-05
putting,7e-05
strikes,7e-05
downtick,7e-05
glad,7e-05
ranks,7e-05
computer,7e-05
rescue,7e-05
unit,7e-05
mounting,7e-05
pinpoint,7e-05
strengthen,7e-05
pulled,7e-05
sum,7e-05
punting,7e-05
knows,7e-05
borrowing,7e-05
transactions,7e-05
passing,7e-05
antics,7e-05
failed,7e-05
variety,7e-05
individuals,7e-05
digits,7e-05
minimum,7e-05
gross,7e-05
chairman,7e-05
semiconductor,7e-05
supplies,7e-05
synthetic,7e-05
costume,7e-05
beauty,7e-05
rear,7e-05
db,7e-05
butts,7e-05
nation,7e-05
bottle,7e-05
hum,7e-05
including,7e-05
intimate,7e-05
bunch,7e-05
apply,7e-05
animal,7e-05
disappointing,7e-05
logistics,7e-05
corp,7e-05
protesters,7e-05
bikes,7e-05
hint,7e-05
covering,7e-05
vortex,7e-05
fool,7e-05
mobile,7e-05
provides,7e-05
headlines,7e-05
original,7e-05
operation,7e-05
coast,7e-05
shenanigans,7e-05
scenes,7e-05
medical,7e-05
bursts,7e-05
equivalent,7e-05
speech,7e-05
laureate,7e-05
percent,7e-05
houses,7e-05
possesses,7e-05
settings,7e-05
contact,7e-05
mention,7e-05
exaggerate,7e-05
weighting,7e-05
delta,7e-05
riffs,7e-05
dispersions,7e-05
mate,7e-05
convexity,7e-05
windshield,7e-05
decade,7e-05
schedule,7e-05
basics,7e-05
project,7e-05
ambitions,7e-05
plenty,7e-05
chip,7e-05
gridlock,7e-05
space,7e-05
spotlights,7e-05
thousands,7e-05
actions,7e-05
updates,7e-05
bringing,7e-05
supported,7e-05
song,7e-05
formation,7e-05
feelings,7e-05
affected,7e-05
pushed,7e-05
picture,7e-05
landing,7e-05
wrangling,7e-05
achieve,7e-05
former,7e-05
robot,7e-05
countries,7e-05
officer,7e-05
amateur,7e-05
private,7e-05
sensitive,7e-05
muted,7e-05
eventuality,7e-05
april,7e-05
declines,7e-05
wind,7e-05
reversed,7e-05
checked,7e-05
staying,7e-05
respondents,7e-05
representatives,7e-05
lasting,7e-05
fair,7e-05
poverty,7e-05
emotions,7e-05
ignore,7e-05
mess,7e-05
downside,7e-05
deadline,7e-05
grow,7e-05
liberalisation,7e-05
told,7e-05
gardener,7e-05
cup,7e-05
caution,7e-05
noticed,7e-05
crowd,7e-05
disease,7e-05
preserve,7e-05
aggressiveness,7e-05
names,7e-05
sophisticated,7e-05
hovering,7e-05
sword,7e-05
are,7e-05
executive,7e-05
allocations,7e-05
contends,7e-05
shorten,7e-05
challenging,7e-05
blows,7e-05
sars,7e-05
male,7e-05
voice,7e-05
sir,7e-05
tug,7e-05
valuation,7e-05
wearing,7e-05
gill,7e-05
counter,7e-05
unpredictability,7e-05
restrictions,7e-05
splurge,7e-05
screaming,7e-05
excited,7e-05
swift,7e-05
craters,7e-05
brother,7e-05
asked,7e-05
churn,7e-05
silenced,7e-05
trials,7e-05
existence,7e-05
steady,7e-05
devils,7e-05
strain,7e-05
saving,7e-05
professional,7e-05
discuss,7e-05
cancel,7e-05
search,7e-05
slump,7e-05
minister,7e-05
beds,7e-05
baulk,7e-05
hike,7e-05
masks,7e-05
wine,7e-05
punters,7e-05
comeback,7e-05
graph,7e-05
tho,7e-05
proposals,7e-05
jousting,7e-05
targeted,7e-05
structured,7e-05
regulators,7e-05
salmon,7e-05
carry,7e-05
aside,7e-05
racing,7e-05
japanese,7e-05
recovered,7e-05
standards,7e-05
seconds,7e-05
traps,7e-05
users,7e-05
controls,7e-05
holidays,7e-05
overcooked,7e-05
finds,7e-05
used,7e-05
forecasting,7e-05
walking,7e-05
fee,7e-05
inverted,7e-05
spirits,7e-05
explode,7e-05
reaching,7e-05
approval,7e-05
households,7e-05
stinks,7e-05
landscape,7e-05
tv,7e-05
budget,7e-05
liked,7e-05
rice,7e-05
snowflake,7e-05
looming,7e-05
steal,7e-05
jonathan,7e-05
rungs,7e-05
discrimination,7e-05
martins,7e-05
discussion,7e-05
commentators,7e-05
steepen,7e-05
cream,7e-05
shot,7e-05
realize,7e-05
avenue,7e-05
bout,7e-05
reacting,7e-05
beaten,7e-05
algorithm,7e-05
steep,7e-05
letter,7e-05
television,7e-05
colleague,7e-05
firmed,7e-05
li,7e-05
utilities,7e-05
pot,7e-05
guiding,7e-05
teens,7e-05
photos,7e-05
ran,7e-05
blues,7e-05
yahoo,5e-05
convinced,5e-05
rite,5e-05
failures,5e-05
section,5e-05
pa,5e-05
republic,5e-05
static,5e-05
trip,5e-05
scrap,5e-05
science,5e-05
mc,5e-05
copes,5e-05
acc,5e-05
understanding,5e-05
sap,5e-05
deluge,5e-05
mob,5e-05
exciting,5e-05
female,5e-05
demonstrated,5e-05
clues,5e-05
complex,5e-05
operator,5e-05
dean,5e-05
twitch,5e-05
burst,5e-05
insomnia,5e-05
lived,5e-05
tailwind,5e-05
appalled,5e-05
signaling,5e-05
marked,5e-05
withdrawals,5e-05
marketing,5e-05
taste,5e-05
narrowed,5e-05
reviewing,5e-05
congratulations,5e-05
ponies,5e-05
spark,5e-05
awards,5e-05
bucket,5e-05
laughing,5e-05
manias,5e-05
comp,5e-05
prospects,5e-05
monster,5e-05
poses,5e-05
starving,5e-05
ounce,5e-05
pundit,5e-05
boosts,5e-05
advisory,5e-05
swan,5e-05
blocked,5e-05
bubble,5e-05
limping,5e-05
octobers,5e-05
lu,5e-05
purchase,5e-05
briefing,5e-05
protests,5e-05
thus,5e-05
broken,5e-05
enhances,5e-05
reflection,5e-05
modeling,5e-05
movement,5e-05
burned,5e-05
invested,5e-05
fruition,5e-05
skills,5e-05
updated,5e-05
packaging,5e-05
stalker,5e-05
plunge,5e-05
costumes,5e-05
controlled,5e-05
pool,5e-05
pared,5e-05
fundamentals,5e-05
clarity,5e-05
tops,5e-05
packs,5e-05
union,5e-05
gc,5e-05
calibration,5e-05
entertaining,5e-05
beating,5e-05
production,5e-05
poised,5e-05
servers,5e-05
grains,5e-05
standard,5e-05
frustrated,5e-05
debating,5e-05
notable,5e-05
leads,5e-05
pennant,5e-05
elect,5e-05
design,5e-05
sideshow,5e-05
strangles,5e-05
authorization,5e-05
flush,5e-05
increases,5e-05
bars,5e-05
transportation,5e-05
lights,5e-05
overalls,5e-05
there,5e-05
bar,5e-05
software,5e-05
called,5e-05
entertainment,5e-05
toys,5e-05
liquidated,5e-05
ana,5e-05
opposite,5e-05
curfew,5e-05
flavors,5e-05
mayor,5e-05
league,5e-05
instructions,5e-05
reminds,5e-05
collapse,5e-05
affects,5e-05
organization,5e-05
mahatma,5e-05
holds,5e-05
odds,5e-05
mortgage,5e-05
einsteins,5e-05
smile,5e-05
salute,5e-05
tie,5e-05
forecasts,5e-05
clowns,5e-05
pro,5e-05
tactics,5e-05
retreat,5e-05
liquidation,5e-05
language,5e-05
con,5e-05
shielding,5e-05
pops,5e-05
conduct,5e-05
celebrate,5e-05
capabilities,5e-05
messages,5e-05
approach,5e-05
returning,5e-05
mt,5e-05
wrecked,5e-05
scalping,5e-05
issuance,5e-05
doctors,5e-05
puzzle,5e-05
stretch,5e-05
determine,5e-05
fooling,5e-05
concentration,5e-05
string,5e-05
chef,5e-05
innocent,5e-05
graphic,5e-05
aquila,5e-05
cluster,5e-05
adam,5e-05
deposits,5e-05
opponent,5e-05
trailer,5e-05
detected,5e-05
buyer,5e-05
request,5e-05
quiz,5e-05
flags,5e-05
harassment,5e-05
cult,5e-05
disagreements,5e-05
match,5e-05
sleep,5e-05
banter,5e-05
scare,5e-05
college,5e-05
armor,5e-05
outtakes,5e-05
moderate,5e-05
enjoying,5e-05
permanent,5e-05
balls,5e-05
confirmation,5e-05
gin,5e-05
swag,5e-05
university,5e-05
site,5e-05
rapid,5e-05
finished,5e-05
est,5e-05
percentile,5e-05
guard,5e-05
copy,5e-05
echoes,5e-05
expert,5e-05
slid,5e-05
grew,5e-05
leverage,5e-05
accuracy,5e-05
salt,5e-05
pacifying,5e-05
wondering,5e-05
reputation,5e-05
knee,5e-05
alt,5e-05
extended,5e-05
camera,5e-05
creeping,5e-05
attacks,5e-05
temple,5e-05
collection,5e-05
regions,5e-05
doses,5e-05
learned,5e-05
iron,5e-05
certification,5e-05
brain,5e-05
tucked,5e-05
shopping,5e-05
brought,5e-05
dry,5e-05
peer,5e-05
audit,5e-05
crimes,5e-05
pushes,5e-05
giant,5e-05
smoking,5e-05
sky,5e-05
therapy,5e-05
rain,5e-05
ladies,5e-05
outpatients,5e-05
skewed,5e-05
adoption,5e-05
prepared,5e-05
pushing,5e-05
estimates,5e-05
instance,5e-05
managing,5e-05
consent,5e-05
locals,5e-05
chat,5e-05
jeopardizes,5e-05
manufacturing,5e-05
walk,5e-05
click,5e-05
stalked,5e-05
lives,5e-05
rush,5e-05
experiencing,5e-05
resources,5e-05
outperformed,5e-05
weigh,5e-05
darkened,5e-05
sort,5e-05
cleared,5e-05
depths,5e-05
keyed,5e-05
wednesdays,5e-05
convergence,5e-05
aggregate,5e-05
ranked,5e-05
demanding,5e-05
tampax,5e-05
tossup,5e-05
rocket,5e-05
si,5e-05
doll,5e-05
permits,5e-05
express,5e-05
powder,5e-05
imbalances,5e-05
sells,5e-05
labour,5e-05
eating,5e-05
avoiding,5e-05
horror,5e-05
douche,5e-05
factory,5e-05
swoosh,5e-05
warn,5e-05
midday,5e-05
gainer,5e-05
spoke,5e-05
terrifying,5e-05
bps,5e-05
photographer,5e-05
awe,5e-05
capture,5e-05
stayed,5e-05
treasure,5e-05
so,5e-05
rounding,5e-05
students,5e-05
fix,5e-05
customers,5e-05
loan,5e-05
joint,5e-05
lunch,5e-05
illusions,5e-05
provider,5e-05
movers,5e-05
songs,5e-05
cereal,5e-05
pence,5e-05
depicting,5e-05
river,5e-05
electric,5e-05
drink,5e-05
theta,5e-05
makeup,5e-05
craven,5e-05
bow,5e-05
partisan,5e-05
cottage,5e-05
confused,5e-05
panel,5e-05
returned,5e-05
deliveries,5e-05
refuses,5e-05
darn,5e-05
payoff,5e-05
january,5e-05
insurance,5e-05
ms,5e-05
nas,5e-05
snapping,5e-05
friendly,5e-05
corona,5e-05
save,5e-05
guarantee,5e-05
playbook,5e-05
toy,5e-05
exceeding,5e-05
livelihoods,5e-05
m2,5e-05
ac,5e-05
earning,5e-05
accepted,5e-05
hearing,5e-05
elvis,5e-05
scars,5e-05
specific,5e-05
stunning,5e-05
tells,5e-05
valentines,5e-05
esp,5e-05
scatter,5e-05
amazon,5e-05
over,5e-05
shutting,5e-05
effort,5e-05
posts,5e-05
accounting,5e-05
parent,5e-05
recession,5e-05
rolled,5e-05
maps,5e-05
beliefs,5e-05
powers,5e-05
demon,5e-05
disaster,5e-05
lane,5e-05
nt,5e-05
slip,5e-05
fighter,5e-05
persist,5e-05
cocktail,5e-05
addition,5e-05
alarmed,5e-05
pairing,5e-05
shipping,5e-05
madness,5e-05
website,5e-05
ring,5e-05
association,5e-05
hospitalization,5e-05
english,5e-05
drunk,5e-05
headache,5e-05
boost,5e-05
kick,5e-05
gate,5e-05
plastic,5e-05
breakdown,5e-05
dope,5e-05
society,5e-05
appearance,5e-05
purchasing,5e-05
arc,5e-05
averages,5e-05
goodbye,5e-05
jam,5e-05
masses,5e-05
garden,5e-05
stands,5e-05
rolls,5e-05
restored,5e-05
icon,5e-05
demonstrates,5e-05
model,5e-05
customer,5e-05
votes,5e-05
eclipsed,5e-05
rug,5e-05
leaving,5e-05
tiger,5e-05
kills,5e-05
farce,5e-05
makers,5e-05
pack,5e-05
implying,5e-05
employees,5e-05
vapor,5e-05
observations,5e-05
bingo,5e-05
dancing,5e-05
court,5e-05
protect,5e-05
cow,5e-05
unknown,5e-05
lagging,5e-05
liking,5e-05
copper,5e-05
lord,5e-05
hebrew,5e-05
town,5e-05
burger,5e-05
concentrate,5e-05
chase,5e-05
boring,5e-05
copyright,5e-05
implosion,5e-05
traveling,5e-05
platform,5e-05
pinned,5e-05
figuring,5e-05
brokerage,5e-05
mover,5e-05
episodes,5e-05
mom,5e-05
graphics,5e-05
stars,5e-05
verification,5e-05
dressed,5e-05
carrot,5e-05
draw,5e-05
border,5e-05
asymmetry,5e-05
clients,5e-05
asthma,5e-05
newsletter,5e-05
manufacturer,5e-05
develop,5e-05
notice,5e-05
peoples,5e-05
acknowledged,5e-05
intent,5e-05
costs,5e-05
respect,5e-05
mask,5e-05
expired,5e-05
crushes,5e-05
function,5e-05
ramp,5e-05
hooker,5e-05
thesis,5e-05
mentions,5e-05
types,5e-05
soothed,5e-05
stuck,5e-05
wishes,5e-05
bowl,5e-05
despise,5e-05
comics,5e-05
frustrating,5e-05
tracking,5e-05
forget,5e-05
correlated,5e-05
validation,5e-05
gems,5e-05
memes,5e-05
intelligence,5e-05
impromptu,5e-05
debit,5e-05
pullback,5e-05
prime,5e-05
suspended,5e-05
doctor,5e-05
xiv,5e-05
performing,5e-05
tits,5e-05
games,5e-05
battleground,5e-05
sleeping,5e-05
maya,5e-05
talent,5e-05
behavior,5e-05
paye,5e-05
galaxy,5e-05
edging,5e-05
dump,5e-05
port,5e-05
spreading,5e-05
audiences,5e-05
deserved,5e-05
joking,5e-05
soybean,5e-05
special,5e-05
cover,5e-05
stills,5e-05
receive,5e-05
banking,5e-05
shirt,5e-05
label,5e-05
eq,5e-05
dollars,5e-05
cs,5e-05
bleeding,5e-05
sm,5e-05
knife,5e-05
fourth,5e-05
confirmations,5e-05
brand,5e-05
lady,5e-05
exact,5e-05
mail,5e-05
contracted,5e-05
context,5e-05
sneak,5e-05
denied,5e-05
generated,5e-05
vehicle,5e-05
facts,5e-05
autism,5e-05
overwhelming,5e-05
bias,5e-05
biopsy,5e-05
dancer,5e-05
po,5e-05
sausage,5e-05
centre,5e-05
wells,5e-05
scalp,5e-05
wish,5e-05
triangle,5e-05
shy,5e-05
cultivate,5e-05
emerging,5e-05
stick,5e-05
errors,5e-05
estate,5e-05
obs,5e-05
tracked,5e-05
extreme,5e-05
considered,5e-05
handles,5e-05
solves,5e-05
supporters,5e-05
championship,5e-05
eu,5e-05
pe,5e-05
begins,5e-05
welcoming,5e-05
sterling,5e-05
rand,5e-05
education,5e-05
pony,5e-05
pursuing,5e-05
smells,5e-05
breach,5e-05
tweeting,5e-05
matts,5e-05
inception,5e-05
received,5e-05
enforcement,5e-05
poster,5e-05
prison,5e-05
playlist,5e-05
stirs,5e-05
diverging,5e-05
kidding,5e-05
handling,5e-05
communications,5e-05
economics,5e-05
fluid,5e-05
shoulder,5e-05
moonie,5e-05
bump,5e-05
pm,5e-05
nd,5e-05
pr,5e-05
china,5e-05
hood,5e-05
arrival,5e-05
rub,5e-05
firm,5e-05
marks,5e-05
uses,5e-05
perpetuity,5e-05
tags,5e-05
intermediate,5e-05
participant,5e-05
variables,5e-05
doubles,5e-05
anxieties,5e-05
features,5e-05
slide,5e-05
pedals,5e-05
dominated,5e-05
lao,5e-05
inching,5e-05
toda,5e-05
waning,5e-05
bottoms,5e-05
caused,5e-05
buddy,5e-05
deficit,5e-05
collect,5e-05
joke,5e-05
pas,5e-05
frame,5e-05
participants,5e-05
halo,5e-05
contacted,5e-05
halloween,5e-05
exposed,5e-05
yelling,5e-05
hibernation,5e-05
internet,5e-05
wolves,5e-05
missing,5e-05
decay,5e-05
occurring,5e-05
goodwill,5e-05
profile,5e-05
quibbling,5e-05
interpretation,5e-05
seasons,5e-05
shoot,5e-05
attorney,5e-05
extent,5e-05
wee,5e-05
storming,5e-05
plain,5e-05
mat,5e-05
benefit,5e-05
spirit,5e-05
exception,5e-05
channels,5e-05
expects,5e-05
tories,5e-05
heartening,5e-05
pools,5e-05
felt,5e-05
anemia,5e-05
struggled,5e-05
majority,5e-05
profiles,5e-05
direct,5e-05
related,5e-05
notion,5e-05
stepped,5e-05
ebbs,5e-05
daydream,5e-05
le,5e-05
pigs,5e-05
sink,5e-05
nominees,5e-05
railroad,5e-05
gulf,5e-05
chaser,5e-05
rules,5e-05
fridays,5e-05
soar,5e-05
grab,5e-05
bass,5e-05
mission,5e-05
locking,5e-05
depression,5e-05
wristband,5e-05
linked,5e-05
spanking,5e-05
noticing,5e-05
retail,5e-05
saturday,5e-05
prop,5e-05
minor,5e-05
pension,2e-05
essential,2e-05
shouting,2e-05
issuing,2e-05
pizza,2e-05
entrance,2e-05
ghost,2e-05
scoreboard,2e-05
menu,2e-05
floor,2e-05
rattled,2e-05
degrading,2e-05
hype,2e-05
whos,2e-05
hedges,2e-05
hurry,2e-05
rivals,2e-05
compounding,2e-05
homophobia,2e-05
server,2e-05
looters,2e-05
classic,2e-05
mystery,2e-05
picks,2e-05
ratings,2e-05
advantage,2e-05
drivers,2e-05
segmentation,2e-05
don,2e-05
fight,2e-05
microwave,2e-05
funnel,2e-05
tense,2e-05
culture,2e-05
libra,2e-05
woke,2e-05
cave,2e-05
dun,2e-05
smiles,2e-05
signalling,2e-05
shocks,2e-05
spiral,2e-05
expressing,2e-05
twins,2e-05
civility,2e-05
thumbnails,2e-05
export,2e-05
gop,2e-05
reaches,2e-05
investigation,2e-05
idiots,2e-05
trim,2e-05
replies,2e-05
backlash,2e-05
omelette,2e-05
proven,2e-05
catapulting,2e-05
villains,2e-05
choices,2e-05
astonishing,2e-05
criminal,2e-05
exclusive,2e-05
commissions,2e-05
rioters,2e-05
ev,2e-05
awareness,2e-05
iron_man,2e-05
espoused,2e-05
beach,2e-05
cloud,2e-05
preferring,2e-05
nonessential,2e-05
flyers,2e-05
castaway,2e-05
summit,2e-05
incurred,2e-05
restriction,2e-05
addicted,2e-05
rangers,2e-05
method,2e-05
vintage,2e-05
boots,2e-05
citizens,2e-05
ki,2e-05
bargain,2e-05
popularity,2e-05
flora,2e-05
tory,2e-05
convert,2e-05
petite,2e-05
marker,2e-05
marketplace,2e-05
vampires,2e-05
status,2e-05
dislike,2e-05
leg,2e-05
tanks,2e-05
ledge,2e-05
teaching,2e-05
wiping,2e-05
pity,2e-05
urge,2e-05
fleeing,2e-05
stake,2e-05
formal,2e-05
skates,2e-05
birth,2e-05
hawk,2e-05
ham,2e-05
stalled,2e-05
reviewed,2e-05
pub,2e-05
mp,2e-05
indication,2e-05
query,2e-05
clashed,2e-05
gangs,2e-05
relieving,2e-05
layout,2e-05
sing,2e-05
elbow,2e-05
probabilities,2e-05
franchises,2e-05
initiative,2e-05
lurking,2e-05
bh,2e-05
candy,2e-05
kittens,2e-05
tissue,2e-05
taxpayer,2e-05
ace,2e-05
recognizing,2e-05
tandem,2e-05
experiment,2e-05
showcase,2e-05
asks,2e-05
bunnys,2e-05
exposing,2e-05
ethics,2e-05
pen,2e-05
mars,2e-05
tape,2e-05
offset,2e-05
sampling,2e-05
warnings,2e-05
imploded,2e-05
defiance,2e-05
rapist,2e-05
obsession,2e-05
gapped,2e-05
chamber,2e-05
regaining,2e-05
staggering,2e-05
drivel,2e-05
sharing,2e-05
sat,2e-05
faked,2e-05
idiot,2e-05
derivative,2e-05
crunch,2e-05
knight,2e-05
entry,2e-05
slowed,2e-05
momma,2e-05
billionaire,2e-05
baggage,2e-05
creators,2e-05
output,2e-05
boasting,2e-05
sparked,2e-05
boys,2e-05
slipping,2e-05
queues,2e-05
alphabet,2e-05
coaster,2e-05
debts,2e-05
foot,2e-05
oceans,2e-05
earth,2e-05
refused,2e-05
holder,2e-05
devices,2e-05
had,2e-05
hedgehogs,2e-05
reactionary,2e-05
governments,2e-05
euphoria,2e-05
notification,2e-05
ink,2e-05
waits,2e-05
mds,2e-05
bye,2e-05
occurred,2e-05
adult,2e-05
clapping,2e-05
promise,2e-05
tab,2e-05
warehouse,2e-05
payment,2e-05
shots,2e-05
resilience,2e-05
destination,2e-05
prompt,2e-05
maintain,2e-05
widened,2e-05
favourite,2e-05
caption,2e-05
minded,2e-05
certify,2e-05
mistake,2e-05
burns,2e-05
vaseline,2e-05
decades,2e-05
outcast,2e-05
belief,2e-05
az,2e-05
web,2e-05
qs,2e-05
politicise,2e-05
taint,2e-05
stinker,2e-05
donations,2e-05
swelling,2e-05
banned,2e-05
charges,2e-05
sorts,2e-05
breeder,2e-05
ledger,2e-05
deck,2e-05
chemistry,2e-05
ticked,2e-05
absurd,2e-05
trainers,2e-05
penny,2e-05
specializes,2e-05
reckoning,2e-05
wishing,2e-05
grace,2e-05
nonsense,2e-05
allows,2e-05
kith,2e-05
shareholders,2e-05
metrics,2e-05
tips,2e-05
reversing,2e-05
formulae,2e-05
patterns,2e-05
chest,2e-05
ears,2e-05
lan,2e-05
literal,2e-05
facing,2e-05
climate,2e-05
doctorate,2e-05
chimney,2e-05
protest,2e-05
warned,2e-05
prompts,2e-05
sour,2e-05
threat,2e-05
interested,2e-05
pickaxe,2e-05
roiled,2e-05
vowed,2e-05
tolerate,2e-05
joining,2e-05
winchesters,2e-05
ate,2e-05
overturned,2e-05
banger,2e-05
au,2e-05
ta,2e-05
contender,2e-05
eldest,2e-05
cycling,2e-05
invaders,2e-05
bag,2e-05
horses,2e-05
statement,2e-05
quotes,2e-05
headwinds,2e-05
condition,2e-05
artists,2e-05
listed,2e-05
army,2e-05
senses,2e-05
station,2e-05
bears,2e-05
divide,2e-05
bending,2e-05
nearing,2e-05
aa,2e-05
rallied,2e-05
thick,2e-05
ell,2e-05
movies,2e-05
closure,2e-05
pilot,2e-05
sedition,2e-05
institute,2e-05
tracks,2e-05
pix,2e-05
drags,2e-05
reservoir,2e-05
subs,2e-05
mermaids,2e-05
sets,2e-05
bisexual,2e-05
pumps,2e-05
ans,2e-05
evacuated,2e-05
kingdom,2e-05
cold,2e-05
excuses,2e-05
goose,2e-05
explained,2e-05
drinks,2e-05
chara,2e-05
produced,2e-05
experiments,2e-05
surgeries,2e-05
assume,2e-05
involves,2e-05
severity,2e-05
percentages,2e-05
va,2e-05
gaining,2e-05
coaching,2e-05
reduced,2e-05
bite,2e-05
proceeds,2e-05
roar,2e-05
austerity,2e-05
looney,2e-05
climb,2e-05
campaigning,2e-05
cheated,2e-05
fuelled,2e-05
swells,2e-05
pow,2e-05
bathe,2e-05
mysteries,2e-05
cautioned,2e-05
hybrids,2e-05
referred,2e-05
publication,2e-05
hedgehog,2e-05
alliance,2e-05
backyard,2e-05
trilogy,2e-05
pose,2e-05
revolt,2e-05
amplify,2e-05
assistance,2e-05
redecorating,2e-05
delights,2e-05
aggregator,2e-05
rack,2e-05
fallout,2e-05
canteens,2e-05
fields,2e-05
drove,2e-05
frost,2e-05
mummy,2e-05
handing,2e-05
hinted,2e-05
educator,2e-05
prints,2e-05
fax,2e-05
warren,2e-05
feeding,2e-05
damning,2e-05
adjustment,2e-05
encouragement,2e-05
regained,2e-05
specialty,2e-05
cars,2e-05
collateral,2e-05
substitution,2e-05
mommas,2e-05
charming,2e-05
fort,2e-05
slippage,2e-05
behaving,2e-05
rejection,2e-05
whoops,2e-05
crossover,2e-05
abracadabra,2e-05
disturbed,2e-05
peaks,2e-05
collapsed,2e-05
century,2e-05
iq,2e-05
removed,2e-05
corresponding,2e-05
pbs,2e-05
neighborhood,2e-05
dotted,2e-05
bullying,2e-05
sec,2e-05
realised,2e-05
orange,2e-05
manhattan,2e-05
introduction,2e-05
journalism,2e-05
collar,2e-05
volunteer,2e-05
gear,2e-05
variable,2e-05
guessing,2e-05
wet,2e-05
jerseys,2e-05
ballots,2e-05
fluff,2e-05
er,2e-05
citing,2e-05
flagging,2e-05
mouthed,2e-05
participation,2e-05
absorbs,2e-05
corporations,2e-05
slept,2e-05
era,2e-05
twenty,2e-05
intensity,2e-05
academic,2e-05
workout,2e-05
chats,2e-05
sucks,2e-05
kinds,2e-05
crystal,2e-05
constitution,2e-05
runoffs,2e-05
exits,2e-05
calanthe,2e-05
extra,2e-05
needed,2e-05
creamer,2e-05
dare,2e-05
wholesale,2e-05
shortage,2e-05
hopeful,2e-05
bother,2e-05
doodles,2e-05
characterization,2e-05
natural,2e-05
memories,2e-05
predicted,2e-05
biweekly,2e-05
dedicated,2e-05
bin,2e-05
divisions,2e-05
attracted,2e-05
cygnus,2e-05
noise,2e-05
mps,2e-05
creepers,2e-05
alpha,2e-05
escalating,2e-05
adhering,2e-05
blast,2e-05
overlaid,2e-05
recommend,2e-05
sixth,2e-05
challenges,2e-05
fundraising,2e-05
edit,2e-05
thunderstorm,2e-05
offends,2e-05
attached,2e-05
foster,2e-05
steeper,2e-05
acts,2e-05
statistic,2e-05
perceiving,2e-05
conversation,2e-05
plank,2e-05
fa,2e-05
packages,2e-05
description,2e-05
giggles,2e-05
belong,2e-05
narrative,2e-05
publishing,2e-05
caffeine,2e-05
executives,2e-05
glittered,2e-05
emilia,2e-05
dumbass,2e-05
categorised,2e-05
nominated,2e-05
hosting,2e-05
pajama,2e-05
protesting,2e-05
airport,2e-05
millionaire,2e-05
pivots,2e-05
tm,2e-05
abandoning,2e-05
wrap,2e-05
crashed,2e-05
follower,2e-05
leans,2e-05
flared,2e-05
pays,2e-05
offered,2e-05
distribution,2e-05
doubled,2e-05
backs,2e-05
lockdown,2e-05
parallels,2e-05
combine,2e-05
criteria,2e-05
cracking,2e-05
programs,2e-05
employment,2e-05
player,2e-05
shine,2e-05
mines,2e-05
honor,2e-05
pork,2e-05
observing,2e-05
fill,2e-05
input,2e-05
israeli,2e-05
stagnation,2e-05
deviations,2e-05
tai,2e-05
biz,2e-05
drug,2e-05
deployed,2e-05
ensure,2e-05
activities,2e-05
freaked,2e-05
nevadans,2e-05
sorted,2e-05
hays,2e-05
emission,2e-05
nieces,2e-05
beats,2e-05
attitudes,2e-05
curves,2e-05
alcohol,2e-05
tutorials,2e-05
educators,2e-05
mf,2e-05
witches,2e-05
mitigated,2e-05
educating,2e-05
places,2e-05
sits,2e-05
troops,2e-05
permission,2e-05
ticker,2e-05
horizon,2e-05
shark,2e-05
button,2e-05
pixie,2e-05
kisses,2e-05
chilling,2e-05
sage,2e-05
airports,2e-05
naira,2e-05
writer,2e-05
yay,2e-05
atm,2e-05
kickoff,2e-05
risking,2e-05
burgundy,2e-05
spying,2e-05
mussels,2e-05
cornish,2e-05
gentlemen,2e-05
row,2e-05
south,2e-05
piloting,2e-05
manors,2e-05
wars,2e-05
blowing,2e-05
healer,2e-05
porn,2e-05
betas,2e-05
evaluates,2e-05
lifts,2e-05
topped,2e-05
paragraph,2e-05
picker,2e-05
theories,2e-05
suspects,2e-05
henchman,2e-05
canadian,2e-05
flares,2e-05
twisting,2e-05
will,2e-05
expense,2e-05
ths,2e-05
autumn,2e-05
heating,2e-05
discord,2e-05
resume,2e-05
resets,2e-05
fruit,2e-05
spine,2e-05
isis,2e-05
ooh,2e-05
oath,2e-05
bed,2e-05
rhetoric,2e-05
pi,2e-05
handout,2e-05
zoomed,2e-05
leaf,2e-05
score,2e-05
deltas,2e-05
poem,2e-05
suppose,2e-05
aaa,2e-05
untouchable,2e-05
bucked,2e-05
staring,2e-05
sarcasm,2e-05
restaurants,2e-05
interacted,2e-05
seasonal,2e-05
blob,2e-05
sobbing,2e-05
gradient,2e-05
timers,2e-05
commit,2e-05
dearth,2e-05
spokesman,2e-05
managed,2e-05
scream,2e-05
checkup,2e-05
filtration,2e-05
grade,2e-05
carried,2e-05
defended,2e-05
class,2e-05
cobbling,2e-05
fat,2e-05
devil,2e-05
urges,2e-05
workshop,2e-05
chapters,2e-05
earphones,2e-05
abc,2e-05
reflects,2e-05
timed,2e-05
butterfly,2e-05
holes,2e-05
mirrors,2e-05
starring,2e-05
snooze,2e-05
depressed,2e-05
conspiracy,2e-05
warming,2e-05
outgoing,2e-05
cro,2e-05
seriousness,2e-05
dimensions,2e-05
dominates,2e-05
brakes,2e-05
footnote,2e-05
texture,2e-05
caring,2e-05
giraffe,2e-05
instruments,2e-05
transient,2e-05
dampening,2e-05
included,2e-05
standing,2e-05
hyped,2e-05
basil,2e-05
precedes,2e-05
tonights,2e-05
judgment,2e-05
mondays,2e-05
elective,2e-05
training,2e-05
muse,2e-05
busted,2e-05
threats,2e-05
pt,2e-05
remarks,2e-05
beaut,2e-05
valuable,2e-05
fiefdom,2e-05
queen,2e-05
saves,2e-05
creatures,2e-05
sb,2e-05
minorities,2e-05
legends,2e-05
widens,2e-05
cancelled,2e-05
hq,2e-05
necklace,2e-05
coup,2e-05
quarantine,2e-05
tanked,2e-05
adventurer,2e-05
prisons,2e-05
compare,2e-05
heat,2e-05
exploitation,2e-05
distance,2e-05
pall,2e-05
trusts,2e-05
upgraded,2e-05
certified,2e-05
scarf,2e-05
dresses,2e-05
scruff,2e-05
skunk,2e-05
shrinking,2e-05
disagree,2e-05
savings,2e-05
shaming,2e-05
patient,2e-05
photochemistry,2e-05
disappointment,2e-05
breakthrough,2e-05
exploding,2e-05
accuse,2e-05
coins,2e-05
trails,2e-05
encouraging,2e-05
adds,2e-05
concepts,2e-05
classify,2e-05
tendency,2e-05
consider,2e-05
conundrum,2e-05
wondered,2e-05
designer,2e-05
sustaining,2e-05
shines,2e-05
opinions,2e-05
overcoming,2e-05
reacts,2e-05
illness,2e-05
exaggerated,2e-05
ivs,2e-05
journal,2e-05
disconnect,2e-05
dialing,2e-05
tays,2e-05
unknowns,2e-05
ts,2e-05
aged,2e-05
letters,2e-05
vouchers,2e-05
blooms,2e-05
apartment,2e-05
lawlessness,2e-05
blessed,2e-05
disruptions,2e-05
tundra,2e-05
antiviral,2e-05
principal,2e-05
fussed,2e-05
improvement,2e-05
bellwethers,2e-05
towels,2e-05
float,2e-05
approves,2e-05
litigation,2e-05
posters,2e-05
cuteness,2e-05
somebody,2e-05
skinny,2e-05
anchor,2e-05
testing,2e-05
calender,2e-05
announcement,2e-05
hammering,2e-05
nuts,2e-05
forces,2e-05
tasting,2e-05
musicians,2e-05
motion,2e-05
exploded,2e-05
rigging,2e-05
slippers,2e-05
huddling,2e-05
affect,2e-05
brooding,2e-05
seemed,2e-05
seek,2e-05
towel,2e-05
uncles,2e-05
trauma,2e-05
pockets,2e-05
disgusting,2e-05
marshal,2e-05
editorial,2e-05
das,2e-05
forced,2e-05
immune,2e-05
understand,2e-05
undertaker,2e-05
cakes,2e-05
scenarios,2e-05
feds,2e-05
allocation,2e-05
mag,2e-05
blaring,2e-05
promoting,2e-05
fires,2e-05
takin,2e-05
category,2e-05
unwinding,2e-05
inversion,2e-05
offended,2e-05
voices,2e-05
nipples,2e-05
february,2e-05
televised,2e-05
microscope,2e-05
histogram,2e-05
toilet,2e-05
element,2e-05
hawaiian,2e-05
ag,2e-05
presentation,2e-05
strains,2e-05
excellence,2e-05
doi,2e-05
loitering,2e-05
hugging,2e-05
platforms,2e-05
streams,2e-05
vigilante,2e-05
endpoints,2e-05
culling,2e-05
flip,2e-05
accused,2e-05
jackass,2e-05
husband,2e-05
constituency,2e-05
poi,2e-05
someones,2e-05
seb,2e-05
moles,2e-05
dumps,2e-05
malpractice,2e-05
mornings,2e-05
unwind,2e-05
fart,2e-05
customs,2e-05
pups,2e-05
distributions,2e-05
highlights,2e-05
bike,2e-05
pundits,2e-05
politicising,2e-05
exorcisms,2e-05
paradigm,2e-05
shakes,2e-05
homes,2e-05
duo,2e-05
appetite,2e-05
walker,2e-05
teenagers,2e-05
verified,2e-05
budgets,2e-05
binged,2e-05
excluding,2e-05
bidens,2e-05
slit,2e-05
tussle,2e-05
avoid,2e-05
churning,2e-05
combo,2e-05
whacked,2e-05
healing,2e-05
item,2e-05
latency,2e-05
dangling,2e-05
goblin,2e-05
supposed,2e-05
widow,2e-05
liar,2e-05
sc,2e-05
uncle,2e-05
appeared,2e-05
hug,2e-05
coyotes,2e-05
artwork,2e-05
further,2e-05
merchant,2e-05
traction,2e-05
carriers,2e-05
spoiler,2e-05
freak,2e-05
elected,2e-05
fortified,2e-05
balm,2e-05
header,2e-05
daimon,2e-05
forums,2e-05
martin,2e-05
requirements,2e-05
heavyweights,2e-05
methodology,2e-05
core,2e-05
sums,2e-05
damaged,2e-05
tackling,2e-05
misses,2e-05
tile,2e-05
ticks,2e-05
glowing,2e-05
reflecting,2e-05
characters,2e-05
bullets,2e-05
ferrets,2e-05
mentoring,2e-05
produce,2e-05
relax,2e-05
paste,2e-05
cons,2e-05
lunchtime,2e-05
squirrels,2e-05
merger,2e-05
equation,2e-05
discovery,2e-05
evolve,2e-05
comic,2e-05
fallen,2e-05
karen,2e-05
yesterdays,2e-05
consolidation,2e-05
almond,2e-05
uup,2e-05
alternative,2e-05
hookers,2e-05
italian,2e-05
grass,2e-05
lem,2e-05
tipping,2e-05
minors,2e-05
reign,2e-05
cartoon,2e-05
insults,2e-05
soared,2e-05
divergences,2e-05
resting,2e-05
ceos,2e-05
recoup,2e-05
mixing,2e-05
inviting,2e-05
manipulators,2e-05
midterms,2e-05
oxford,2e-05
embarrassed,2e-05
capitalization,2e-05
plot,2e-05
assessments,2e-05
dodging,2e-05
incase,2e-05
vixen,2e-05
acquisition,2e-05
habit,2e-05
battered,2e-05
monte,2e-05
priming,2e-05
correlates,2e-05
stood,2e-05
nudes,2e-05
rallys,2e-05
remaining,2e-05
title,2e-05
michael,2e-05
reggae,2e-05
bedrock,2e-05
restaurant,2e-05
par,2e-05
participate,2e-05
hampshire,2e-05
excitement,2e-05
gb,2e-05
improved,2e-05
plodding,2e-05
ro,2e-05
frustrates,2e-05
investigators,2e-05
viewpoint,2e-05
bagger,2e-05
bollocks,2e-05
recovering,2e-05
sin,2e-05
noting,2e-05
begrudging,2e-05
skins,2e-05
aesthetic,2e-05
sinks,2e-05
nothings,2e-05
collide,2e-05
registered,2e-05
circulate,2e-05
candlestick,2e-05
exemplified,2e-05
mas,2e-05
pitching,2e-05
activated,2e-05
access,2e-05
rewarded,2e-05
friendship,2e-05
postdoc,2e-05
parcel,2e-05
ignored,2e-05
caveat,2e-05
detection,2e-05
swimming,2e-05
vanilla,2e-05
powerhouse,2e-05
boosted,2e-05
pst,2e-05
pc,2e-05
paring,2e-05
extremes,2e-05
shudders,2e-05
neighbors,2e-05
plummet,2e-05
hopefuls,2e-05
represents,2e-05
outstrip,2e-05
thwarted,2e-05
appealing,2e-05
compliment,2e-05
numerals,2e-05
disgrace,2e-05
lefty,2e-05
incline,2e-05
plus,2e-05
surges,2e-05
tone,2e-05
infrared,2e-05
halt,2e-05
manifestation,2e-05
ancient,2e-05
dawn,2e-05
explanation,2e-05
crossing,2e-05
conducted,2e-05
statistics,2e-05
beware,2e-05
behalf,2e-05
incapacitated,2e-05
sullying,2e-05
present,2e-05
stalk,2e-05
skew,2e-05
lap,2e-05
widen,2e-05
hammer,2e-05
teachers,2e-05
cdc,2e-05
virtue,2e-05
spell,2e-05
upsetting,2e-05
hoarding,2e-05
amber,2e-05
modern,2e-05
hunts,2e-05
middle,2e-05
teachings,2e-05
deactivated,2e-05
ban,2e-05
referencing,2e-05
bunker,2e-05
screeching,2e-05
bittersweet,2e-05
siding,2e-05
printing,2e-05
jeopardy,2e-05
sliding,2e-05
region,2e-05
sex,2e-05
convince,2e-05
compares,2e-05
cigarette,2e-05
includes,2e-05
edged,2e-05
split,2e-05
appreciation,2e-05
arrow,2e-05
buybacks,2e-05
whirlwind,2e-05
extremists,2e-05
clout,2e-05
politician,2e-05
interviews,2e-05
impacts,2e-05
independence,2e-05
cousin,2e-05
fifth,2e-05
chunks,2e-05
threatening,2e-05
delisting,2e-05
guesses,2e-05
spree,2e-05
prove,2e-05
watering,2e-05
anaesthetic,2e-05
backdoor,2e-05
doubling,2e-05
contest,2e-05
confirm,2e-05
unrest,2e-05
meadows,2e-05
realisation,2e-05
collecting,2e-05
fibs,2e-05
unity,2e-05
fang,2e-05
sentence,2e-05
fights,2e-05
lucifer,2e-05
villager,2e-05
collapses,2e-05
insult,2e-05
pants,2e-05
orphans,2e-05
theater,2e-05
capped,2e-05
anti,2e-05
completion,2e-05
gyrations,2e-05
grading,2e-05
require,2e-05
roll,2e-05
kangaroo,2e-05
accelerating,2e-05
ceiling,2e-05
shaking,2e-05
suppressed,2e-05
fin,2e-05
oats,2e-05
masse,2e-05
collections,2e-05
hurting,2e-05
lull,2e-05
chatrooms,2e-05
sports,2e-05
wages,2e-05
empower,2e-05
slaver,2e-05
testimony,2e-05
discharged,2e-05
tilt,2e-05
chipmunk,2e-05
founder,2e-05
calculated,2e-05
loans,2e-05
integral,2e-05
al,2e-05
collapsing,2e-05
seat,2e-05
borders,2e-05
accompanied,2e-05
suggesting,2e-05
scrutinised,2e-05
manages,2e-05
autos,2e-05
mergers,2e-05
exhibit,2e-05
pubs,2e-05
fails,2e-05
suggestions,2e-05
brace,2e-05
military,2e-05
smooth,2e-05
doom,2e-05
guests,2e-05
tree,2e-05
division,2e-05
needles,2e-05
challenged,2e-05
lesson,2e-05
gyms,2e-05
meow,2e-05
irrational,2e-05
imagined,2e-05
gangsta,2e-05
fo,2e-05
infinity,2e-05
cpus,2e-05
attempting,2e-05
deny,2e-05
doodled,2e-05
motivation,2e-05
declared,2e-05
universe,2e-05
barricades,2e-05
breast,2e-05
scums,2e-05
warns,2e-05
sustained,2e-05
stable,2e-05
pieces,2e-05
saddled,2e-05
disgust,2e-05
throat,2e-05
grain,2e-05
refusing,2e-05
disorder,2e-05
abomination,2e-05
queue,2e-05
regulations,2e-05
specs,2e-05
boat,2e-05
animators,2e-05
laser,2e-05
norms,2e-05
costing,2e-05
soybeans,2e-05
listing,2e-05
parallel,2e-05
trends,2e-05
wings,2e-05
anniversary,2e-05
clones,2e-05
spotlight,2e-05
crop,2e-05
html,2e-05
ropes,2e-05
allow,2e-05
blinking,2e-05
favor,2e-05
sitter,2e-05
diversion,2e-05
coney,2e-05
charlotte,2e-05
crackling,2e-05
upgrade,2e-05
cricket,2e-05
frozen,2e-05
shield,2e-05
guessed,2e-05
hedgers,2e-05
fins,2e-05
cubs,2e-05
multiply,2e-05
bud,2e-05
environments,2e-05
jab,2e-05
guaranteed,2e-05
irritated,2e-05
contractors,2e-05
whiskey,2e-05
alarmist,2e-05
pad,2e-05
aria,2e-05
press,2e-05
respecting,2e-05
avengers,2e-05
rejecting,2e-05
sociopath,2e-05
umbrage,2e-05
excusing,2e-05
fulfilled,2e-05
borough,2e-05
nationalism,2e-05
chartists,2e-05
pothole,2e-05
terrain,2e-05
oscillating,2e-05
hen,2e-05
meditation,2e-05
temperature,2e-05
ref,2e-05
centuries,2e-05
follows,2e-05
contain,2e-05
queer,2e-05
jeep,2e-05
appropriate,2e-05
authorities,2e-05
equilibrium,2e-05
meme,2e-05
competition,2e-05
confusing,2e-05
payers,2e-05
coordinator,2e-05
businesses,2e-05
sling,2e-05
throwback,2e-05
valley,2e-05
fellow,2e-05
inhalers,2e-05
fuelling,2e-05
exclusion,2e-05
accounted,2e-05
kits,2e-05
spelling,2e-05
coconut,2e-05
floating,2e-05
hypothetical,2e-05
elements,2e-05
pulses,2e-05
longing,2e-05
presents,2e-05
tumor,2e-05
boo,2e-05
phd,2e-05
streamed,2e-05
delivery,2e-05
nurses,2e-05
rejoice,2e-05
fm,2e-05
shape,2e-05
thrust,2e-05
damned,2e-05
blames,2e-05
sagged,2e-05
shirts,2e-05
toll,2e-05
socials,2e-05
cock,2e-05
differences,2e-05
tweeted,2e-05
bugging,2e-05
blank,2e-05
flurry,2e-05
ultimate,2e-05
medication,2e-05
finding,2e-05
crowns,2e-05
robin,2e-05
hundreds,2e-05
reception,2e-05
gaming,2e-05
touching,2e-05
pressing,2e-05
noon,2e-05
definition,2e-05
award,2e-05
sea,2e-05
cole,2e-05
candies,2e-05
exuberance,2e-05
fille,2e-05
milk,2e-05
cuddling,2e-05
glitch,2e-05
operators,2e-05
resumes,2e-05
hams,2e-05
underdressed,2e-05
diversification,2e-05
fig,2e-05
subtitles,2e-05
mountain,2e-05
invited,2e-05
jacket,2e-05
sierra,2e-05
snuggle,2e-05
launching,2e-05
monkeys,2e-05
dies,2e-05
turk,2e-05
vomit,2e-05
magpies,2e-05
delivering,2e-05
hod,2e-05
application,2e-05
slides,2e-05
mfs,2e-05
spite,2e-05
investigating,2e-05
dye,2e-05
champions,2e-05
ai,2e-05
cheek,2e-05
elevating,2e-05
attempts,2e-05
owl,2e-05
punjabi,2e-05
remind,2e-05
nigerian,2e-05
ahem,2e-05
finishing,2e-05
heath,2e-05
indiana,2e-05
coin,2e-05
moss,2e-05
swim,2e-05
redemptions,2e-05
burn,2e-05
showers,2e-05
adults,2e-05
depiction,2e-05
promised,2e-05
committed,2e-05
shocked,2e-05
stranger,2e-05
pout,2e-05
device,2e-05
grasp,2e-05
fda,2e-05
mins,2e-05
engaged,2e-05
antibody,2e-05
whack,2e-05
stressed,2e-05
behave,2e-05
diagonals,2e-05
awarded,2e-05
norm,2e-05
square,2e-05
freelancer,2e-05
fleeting,2e-05
debates,2e-05
taps,2e-05
roller,2e-05
physics,2e-05
turmoil,2e-05
booker,2e-05
assurances,2e-05
suffocate,2e-05
constraints,2e-05
slamming,2e-05
meal,2e-05
capitalism,2e-05
crushed,2e-05
checks,2e-05
shapes,2e-05
comparative,2e-05
teasing,2e-05
escaping,2e-05
comparing,2e-05
bosses,2e-05
pound,2e-05
abused,2e-05
races,2e-05
wen,2e-05
overheated,2e-05
resolve,2e-05
text,2e-05
snippet,2e-05
sanitizing,2e-05
dated,2e-05
inflates,2e-05
ascertain,2e-05
dividend,2e-05
musical,2e-05
jackpot,2e-05
deleted,2e-05
universal,2e-05
gun,2e-05
heater,2e-05
figured,2e-05
mv,2e-05
insiders,2e-05
probable,2e-05
crying,2e-05
patients,2e-05
gripped,2e-05
speaks,2e-05
generalize,2e-05
poetry,2e-05
argument,2e-05
sole,2e-05
septembers,2e-05
ranging,2e-05
christ,2e-05
chemical,2e-05
became,2e-05
landscapes,2e-05
boroughs,2e-05
star,2e-05
inducing,2e-05
hunting,2e-05
pursue,2e-05
abuse,2e-05
reverting,2e-05
beginner,2e-05
swarmed,2e-05
expanded,2e-05
cake,2e-05
coupons,2e-05
perspectives,2e-05
versions,2e-05
modernity,2e-05
reporter,2e-05
vacillated,2e-05
theatre,2e-05
equates,2e-05
arches,2e-05
cutting,2e-05
can,2e-05
wheat,2e-05
protected,2e-05
witch,2e-05
seniors,2e-05
wards,2e-05
pessimism,2e-05
sphere,2e-05
fr,2e-05
completed,2e-05
suffer,2e-05
swell,2e-05
wagon,2e-05
bug,2e-05
strangle,2e-05
victim,2e-05
omen,2e-05
overlooked,2e-05
occasions,2e-05
page,2e-05
coiling,2e-05
bastards,2e-05
discounts,2e-05
fired,2e-05
frail,2e-05
flirting,2e-05
skin,2e-05
tears,2e-05
burning,2e-05
tor,2e-05
outfits,2e-05
christmas,2e-05
dms,2e-05
hg,2e-05
reviews,2e-05
vignette,2e-05
cycles,2e-05
retirement,2e-05
counting,2e-05
crooks,2e-05
glow,2e-05
dissent,2e-05
uv,2e-05
comedy,2e-05
injury,2e-05
communities,2e-05
misplaced,2e-05
performances,2e-05
drinking,2e-05
molar,2e-05
lying,2e-05
leaning,2e-05
blessing,2e-05
whiff,2e-05
animals,2e-05
wore,2e-05
pretend,2e-05
shoal,2e-05
dam,2e-05
mod,2e-05
coordinated,2e-05
explaining,2e-05
manage,2e-05
females,2e-05
vibes,2e-05
livestock,2e-05
dane,2e-05
believed,2e-05
pronouns,2e-05
contraction,2e-05
secondary,2e-05
justified,2e-05
hustler,2e-05
bust,2e-05
granite,2e-05
tokens,2e-05
embark,2e-05
lev,2e-05
spanish,2e-05
closures,2e-05
dynamite,2e-05
seizing,2e-05
chapman,2e-05
picked,2e-05
inr,2e-05
provided,2e-05
weights,2e-05
tribute,2e-05
legislators,2e-05
sites,2e-05
plunged,2e-05
blew,2e-05
sensitivity,2e-05
ride,2e-05
companion,2e-05
manufacturers,2e-05
banker,2e-05
assembling,2e-05
pondering,2e-05
circus,2e-05
exec,2e-05
contributed,2e-05
agencies,2e-05
venus,2e-05
kit,2e-05
ton,2e-05
downturn,2e-05
newspaper,2e-05
epic,2e-05
pts,2e-05
occur,2e-05
lobbying,2e-05
filming,2e-05
pisses,2e-05
circle,2e-05
messaging,2e-05
generic,2e-05
jerk,2e-05
climbs,2e-05
gabriel,2e-05
predictions,2e-05
musk,2e-05
islanders,2e-05
harm,2e-05
interior,2e-05
compress,2e-05
pseudonym,2e-05
shocking,2e-05
scottish,2e-05
lifetime,2e-05
scaled,2e-05
declined,2e-05
gore,2e-05
backdrop,2e-05
crap,2e-05
fucker,2e-05
loyalty,2e-05
airlines,2e-05
cornerstone,2e-05
greenback,2e-05
webpage,2e-05
calfs,2e-05
broadcast,2e-05
skyline,2e-05
anticipate,2e-05
watchers,2e-05
lemmings,2e-05
bottles,2e-05
paused,2e-05
workflow,2e-05
hammered,2e-05
homo,2e-05
breadth,2e-05
celebration,2e-05
wrists,2e-05
french,2e-05
hallmark,2e-05
nail,2e-05
sacrifice,2e-05
hosted,2e-05
crosses,2e-05
lowering,2e-05
demonstrations,2e-05
qualities,2e-05
symbol,2e-05
craft,2e-05
suppressing,2e-05
punch,2e-05
exploiting,2e-05
macroeconomics,2e-05
yuan,2e-05
clip,2e-05
fawns,2e-05
bat,2e-05
boggling,2e-05
knocking,2e-05
funding,2e-05
incompetent,2e-05
longs,2e-05
blow,2e-05
tagging,2e-05
nerve,2e-05
routine,2e-05
elite,2e-05
suffering,2e-05
punctuation,2e-05
presence,2e-05
strengths,2e-05
frs,2e-05
affair,2e-05
shortcuts,2e-05
negated,2e-05
ignorance,2e-05
fucked,2e-05
lp,2e-05
impacted,2e-05
backed,2e-05
bandages,2e-05
twitters,2e-05
regular,2e-05
stopping,2e-05
welsh,2e-05
liberator,2e-05
overload,2e-05
np,2e-05
escalate,2e-05
camping,2e-05
polymers,2e-05
covers,2e-05
garage,2e-05
calendars,2e-05
hats,2e-05
touch,2e-05
roman,2e-05
ruled,2e-05
discriminated,2e-05
waned,2e-05
tube,2e-05
examined,2e-05
grounds,2e-05
agent,2e-05
healthcare,2e-05
smiling,2e-05
hockey,2e-05
brothers,2e-05
sizes,2e-05
constricting,2e-05
clause,2e-05
escapades,2e-05
poss,2e-05
cotton,2e-05
stalemate,2e-05
select,2e-05
conclusion,2e-05
instrument,2e-05
quantum,2e-05
payrolls,2e-05
highlighting,2e-05
clover,2e-05
receiving,2e-05
hr,2e-05
acquisitions,2e-05
qualified,2e-05
exceeds,2e-05
mandatory,2e-05
anarchy,2e-05
hunter,2e-05
rebuilding,2e-05
escalates,2e-05
aficionado,2e-05
hurts,2e-05
officers,2e-05
mms,2e-05
graphs,2e-05
instinct,2e-05
singles,2e-05
spectacular,2e-05
stereo,2e-05
elevator,2e-05
chains,2e-05
bode,2e-05
oblivion,2e-05
poured,2e-05
males,2e-05
boss,2e-05
interim,2e-05
steepens,2e-05
brake,2e-05
plowing,2e-05
politicians,2e-05
inspired,2e-05
compromise,2e-05
ko,2e-05
el,2e-05
outcomes,2e-05
fills,2e-05
contingent,2e-05
barbwires,2e-05
tutorial,2e-05
girders,2e-05
alarming,2e-05
salve,2e-05
preceded,2e-05
rugby,2e-05
respond,2e-05
length,2e-05
capturing,2e-05
jungle,2e-05
trough,2e-05
debunking,2e-05
cellphone,2e-05
shading,2e-05
betrayed,2e-05
republicans,2e-05
cats,2e-05
tubers,2e-05
clearing,2e-05
blasted,2e-05
easing,2e-05
donning,2e-05
runner,2e-05
reclaimed,2e-05
paint,2e-05
auction,2e-05
passive,2e-05
telegraph,2e-05
hiding,2e-05
familiarity,2e-05
strap,2e-05
acceleration,2e-05
tasted,2e-05
babies,2e-05
nights,2e-05
gaps,2e-05
summertime,2e-05
scanner,2e-05
sweet,2e-05
gauntlet,2e-05
jumping,2e-05
pond,2e-05
cds,2e-05
decaying,2e-05
roles,2e-05
parameter,2e-05
weakened,2e-05
stairs,2e-05
overturn,2e-05
perceived,2e-05
decreasing,2e-05
suggested,2e-05
remove,2e-05
exploring,2e-05
seeking,2e-05
nerves,2e-05
brent,2e-05
topping,2e-05
prey,2e-05
premiers,2e-05
decreased,2e-05
setups,2e-05
headwind,2e-05
vertical,2e-05
feature,2e-05
consolidate,2e-05
thumbnail,2e-05
expire,2e-05
laugh,2e-05
boiling,2e-05
denounced,2e-05
seeks,2e-05
